"SEQN","cycle","SDMVPSU","SDMVSTRA","w","RIDAGEYR","RIAGENDR","RIDRETH3","BMXBMI","BMXWAIST","LBXCOT","LBXNFOA","LBXBFOA","pfoa","LBXSATSI","LBXSASSI","LBXSGTSI","LBXSTR","FLI"
83736,"I",2,126,22066.024109,42,2,4,20.3,80.4,75.9,0.9,0.07,0.97,13,20,23,52,6.62805276318491
83750,"I",1,125,136093.7848625,45,1,7,24.1,90.1,144,1.2,0.07,1.27,87,62,24,63,19.9479613599484
83754,"I",1,128,15302.035147,67,2,2,43.7,123,0.011,2.8,0.07,2.87,23,22,18,180,97.9617286376784
83762,"I",1,132,61859.508703,27,2,4,38,114.8,255,0.5,0.07,0.57,18,19,27,135,93.4779554732
83767,"I",2,122,36856.3193145,54,2,6,26.3,88.9,0.011,1.7,0.07,1.77,32,39,19,190,43.4607004403455
83769,"I",1,132,50677.4599925,49,1,6,25,96.6,16.5,2.3,0.07,2.37,29,25,14,238,48.9930640269618
83776,"I",2,128,36543.2076495,58,2,1,22.8,83,0.011,2.9,0.07,2.97,20,18,12,104,12.2761818552641
83781,"I",2,119,54897.604627,27,2,4,34,103.6,0.282,2.5,0.07,2.57,23,25,30,62,69.9941391733983
83788,"I",2,120,73909.612939,69,2,3,31,103,0.028,3.4,0.07,3.47,16,18,14,245,76.1431228226696
83789,"I",1,132,281112.7632595,66,1,3,34,109.5,0.023,2.6,0.07,2.67,30,23,15,170,83.5249180827625
83791,"I",2,123,93393.199219,80,2,3,28,104.2,0.011,1.5,0.07,1.57,18,24,18,151,62.8632481274714
83801,"I",2,132,92654.8466995,80,2,3,23.7,90.1,0.176,1.4,0.07,1.47,25,34,35,71,25.7247128306066
83809,"I",1,129,57559.1898005,20,2,4,26.2,92.6,0.011,2.3,0.07,2.37,11,13,12,19,6.88053596001198
83812,"I",1,124,14991.618935,68,2,1,29.1,110,0.011,1.8,0.07,1.87,32,48,102,93,85.4482267315031
83817,"I",2,124,219805.8998135,42,1,3,25.5,96.8,0.011,1.7,0.07,1.77,18,22,11,188,41.1423937958309
83823,"I",1,129,42746.0492455,29,2,1,29.7,96.5,0.034,0.8,0.07,0.87,30,24,15,298,70.5059828915006
83829,"I",2,122,34933.9371725,50,1,6,22.6,90,0.011,2.3,0.07,2.37,24,24,18,147,26.846376115226
83837,"I",1,133,22652.1693865,45,2,1,35.2,107.6,0.011,0.6,0.07,0.67,35,24,21,89,78.8221390839831
83845,"I",2,124,26660.5366195,44,2,4,45.3,NA,241,1.6,0.07,1.67,40,38,69,382,NA
83853,"I",2,123,172330.9365035,49,2,3,27.4,88.7,0.021,1.2,0.07,1.27,16,20,11,97,23.9775333006674
83854,"I",1,127,36676.0489975,46,2,1,41.6,110.2,0.018,2.2,0.07,2.27,47,34,27,102,93.4134765344649
83860,"I",2,125,32302.3103565,41,1,4,40.7,134.6,247,2.6,0.07,2.67,31,22,37,124,98.5691185965666
83865,"I",2,126,101908.7759235,21,2,3,16.3,65.5,221,0.9,0.07,0.97,11,16,12,52,1.14516722770006
83874,"I",1,133,24135.29255,54,1,1,30.2,97.1,0.054,1.3,0.07,1.37,32,24,23,300,78.3484568740505
83875,"I",2,130,25849.0713535,42,2,4,34.4,99.4,0.017,0.3,0.07,0.37,14,18,11,67,50.8389430611543
83881,"I",2,125,100766.2048555,32,2,3,23.9,80.3,0.011,0.6,0.07,0.67,19,20,13,60,8.14014585048507
83883,"I",1,128,17478.0206385,80,2,1,20.1,78.4,0.011,0.8,0.07,0.87,16,22,22,NA,NA
83884,"I",1,127,14124.419929,61,1,1,22.3,86.5,55.5,1.3,0.07,1.37,34,37,52,44,16.5553491220551
83887,"I",1,119,32057.1654015,51,2,4,23.1,74,0.021,1.3,0.07,1.37,18,21,16,70,7.09250761130527
83894,"I",2,133,24734.125327,60,1,4,19.7,79.9,348,3,0.07,3.07,67,98,161,66,24.4011520716623
83908,"I",2,120,35669.1132725,51,1,4,24.7,88,0.021,2,0.07,2.07,26,25,22,89,24.0368358797822
83909,"I",2,131,65135.9604945,49,2,3,37.8,117.6,91.7,1.7,0.07,1.77,21,19,22,56,85.7847832058483
83910,"I",2,126,49511.755613,37,1,3,22.9,81.1,449,3.4,0.07,3.47,24,33,18,109,15.2198808677004
83911,"I",1,129,45442.384393,43,2,4,30.7,101.6,0.011,0.3,0.07,0.37,13,13,17,49,41.3443513603655
83915,"I",2,127,21165.1915595,71,1,1,29.9,109,0.037,1.6,0.07,1.67,67,73,234,253,96.7020729782649
83920,"I",1,121,13972.6278135,68,2,1,35.2,111.7,0.078,1.5,0.07,1.57,14,17,15,295,91.9232732616199
83925,"I",1,128,18585.8428775,74,2,2,24.4,90.1,0.016,2.7,0.07,2.77,11,15,7,136,18.254839192885
83928,"I",1,120,13848.1102095,62,2,1,23.4,94.9,0.011,1.1,0.07,1.17,16,22,16,119,28.5472331589933
83931,"I",2,125,47529.63863,37,1,2,26,89,103,1.4,0.07,1.47,21,21,16,219,42.8617012900226
83934,"I",2,126,33016.9948635,27,2,4,17.2,64,0.118,0.4,0.07,0.47,11,18,12,42,0.979501999729409
83935,"I",2,128,38482.1446845,44,2,6,23.4,86.6,0.011,1.5,0.07,1.57,25,23,24,98,22.247806513148
83946,"I",1,126,230294.490318,43,1,3,35.3,115.8,0.011,1.9,0.07,1.97,61,49,67,147,95.5805392808462
83947,"I",2,128,189804.8230865,33,2,3,25.9,96.6,0.019,1.4,0.07,1.47,20,26,7,142,28.8017246376637
83949,"I",1,125,77416.0489025,78,2,3,30.8,110,506,1.7,0.07,1.77,20,26,52,165,88.7869263591972
83950,"I",2,130,80589.9433805,55,1,3,23.9,89.2,519,2.2,0.07,2.27,17,20,10,66,11.4122834863688
83953,"I",1,128,47210.0543595,46,2,1,28.7,93,0.016,0.7,0.07,0.77,13,16,20,113,45.7462166667998
83958,"I",2,131,27390.0163805,47,2,4,22.7,77.9,447,0.2,0.07,0.27,15,18,28,61,10.4255147919462
83959,"I",1,125,93376.4986905,22,2,3,47.6,129.7,0.556,0.7,0.07,0.77,18,14,17,107,98.5698034232048
83961,"I",2,121,193175.248634,44,2,3,30.6,97.5,0.074,0.6,0.07,0.67,21,22,14,213,66.3750882687478
83963,"I",2,130,35340.7567055,44,2,4,52.1,NA,0.714,2.2,0.07,2.27,11,15,10,80,NA
83965,"I",1,127,53122.3634585,49,1,1,40.2,134.9,12.8,0.07,0.07,0.14,25,23,108,282,99.6766681328763
83971,"I",1,131,86071.22405,26,2,3,38.9,112.4,75,0.6,0.07,0.67,27,18,51,114,95.0543852328039
83993,"I",2,124,32932.095931,41,2,4,49.8,141,1.04,1.2,0.07,1.27,21,39,20,199,99.7115903310908
83994,"I",2,127,335331.5434915,60,2,3,31.2,108.1,0.015,0.07,0.07,0.14,26,20,14,64,54.4719864647899
83999,"I",1,119,21362.815914,71,1,6,25,89.9,0.023,3.2,0.07,3.27,24,29,14,60,15.3352340399922
84002,"I",1,122,175024.0478675,48,1,3,32,110.6,0.076,2.4,0.07,2.47,27,31,34,218,90.2749119776596
84006,"I",1,132,34877.770504,45,2,4,33.3,104,394,0.07,0.07,0.14,13,19,25,377,91.374807311147
84010,"I",1,129,228944.8544155,68,2,3,21.4,82.5,0.011,20.4,0.07,20.47,15,20,11,60,5.872881320797
84014,"I",2,128,27103.815346,53,1,6,25.1,87.3,0.011,4.5,0.07,4.57,19,24,15,127,25.5724672564182
84015,"I",2,133,19053.3983185,73,1,1,27.5,106.5,0.011,0.3,0.07,0.37,17,22,27,216,77.0484892564496
84019,"I",2,130,36442.4382835,54,1,4,28.5,93.6,0.011,2.6,0.07,2.67,24,27,25,163,58.4869734743886
84021,"I",1,130,29315.0673155,29,2,7,30.9,105.6,0.011,0.2,0.07,0.27,22,27,13,66,49.5318788736458
84051,"I",1,128,32907.6729135,55,2,1,32.5,105.9,161,1.7,0.07,1.77,44,59,776,52,94.923343468983
84055,"I",1,126,44987.02532,64,2,6,20.8,82.2,0.011,2.8,0.07,2.87,61,39,27,141,19.5506233437946
84058,"I",2,128,164513.2256335,21,2,3,23.1,78.3,0.025,1.5,0.07,1.57,12,16,11,47,4.77285431670251
84061,"I",1,127,264157.1776645,50,2,3,27.2,98.5,0.054,1.5,0.07,1.57,32,26,26,120,53.9441123245134
84062,"I",2,122,31046.65157,45,2,1,33.9,107.6,0.036,0.7,0.07,0.77,56,41,22,215,88.1580876648116
84070,"I",1,119,147538.4815685,40,1,3,29.4,105.3,332,3.5,0.07,3.57,24,29,32,65,59.6063482856119
84094,"I",2,129,142188.4414865,73,2,3,22.6,83.4,0.011,3.4,0.07,3.47,27,21,25,88,16.7235878373636
84099,"I",1,127,19846.5699505,74,1,1,32,116.9,0.011,1.9,0.1,2,17,16,61,147,93.1258876736845
84101,"I",2,127,71012.2941325,80,1,3,34.6,130.7,0.011,2.2,0.07,2.27,13,16,23,111,93.8829401766684
84111,"I",1,122,32583.6133365,58,1,2,36.1,118.5,70.8,1.3,0.07,1.37,22,25,27,117,92.1156322705616
84115,"I",2,132,29735.278435,80,1,6,25.5,101.7,0.02,0.7,0.07,0.77,33,39,19,84,38.3735106885597
84128,"I",1,128,32226.2986635,46,2,1,29.4,95.5,0.022,0.8,0.07,0.87,17,22,11,63,28.3573603876655
84151,"I",2,127,380243.862183,53,2,3,25.3,93.5,0.011,2.5,0.07,2.57,40,35,20,58,22.2308814756067
84157,"I",1,125,67979.917865,45,1,3,38,118.9,0.011,1.3,0.07,1.37,21,21,172,402,99.4775821648979
84168,"I",2,132,34772.754548,61,1,6,16.4,71,288,0.8,0.07,0.87,55,35,52,116,8.82465060785672
84169,"I",2,125,28140.349323,43,1,7,42.4,135.7,0.011,2.3,0.07,2.37,21,20,41,104,98.8262381271423
84172,"I",2,125,38355.623642,20,1,4,25.6,82.2,2.06,1.2,0.07,1.27,17,19,30,37,12.4909754169472
84177,"I",1,127,15725.5358355,77,1,1,25.2,101.4,61.6,1.3,0.07,1.37,27,32,29,196,64.1012566182816
84189,"I",2,121,30596.479433,62,2,4,27.2,98,0.011,2.6,0.07,2.67,23,25,10,152,41.8438751801612
84195,"I",2,126,29175.5459405,45,1,4,31.6,113.3,0.134,2.4,0.07,2.47,29,36,21,71,71.1072999451379
84196,"I",2,121,25316.7993185,32,1,6,23.5,83.3,88.9,0.9,0.07,0.97,21,26,22,71,14.4068977590162
84201,"I",1,130,24657.866431,78,1,3,23.7,NA,295,4.4,0.07,4.47,19,22,12,81,NA
84208,"I",1,128,16113.824906,67,2,1,32.4,109.8,0.048,0.8,0.07,0.87,26,36,43,246,92.5884350895901
84212,"I",1,124,12188.152714,67,2,2,37.7,119.2,0.022,2.3,0.1,2.4,25,16,57,163,97.2619310541173
84217,"I",2,131,29128.656758,59,2,4,37.5,113.8,0.016,2.4,0.07,2.47,19,17,26,58,84.6552730262848
84218,"I",1,123,193129.3733095,56,1,3,23.6,93.5,430,2.1,0.07,2.17,76,112,100,212,71.1409382604316
84220,"I",2,124,39320.51002,36,1,4,27.8,101.4,321,1.2,0.07,1.27,23,24,16,123,51.7525416001259
84224,"I",1,120,31316.257111,56,2,2,31.1,108.9,0.029,4.7,0.07,4.77,62,49,44,166,87.417323874458
84242,"I",2,128,39527.8551365,42,2,6,22,80.9,0.092,2.1,0.07,2.17,26,32,13,84,8.82575783464328
84256,"I",2,126,43491.6760655,63,1,3,19.9,88.6,48,0.07,0.07,0.14,12,15,30,64,13.266194352988
84264,"I",2,128,21837.906981,61,1,4,22.3,83.4,0.025,1.2,0.07,1.27,23,32,14,34,4.88166565215506
84273,"I",2,119,28773.963358,63,1,6,22.1,78.7,0.638,1.9,0.07,1.97,24,26,22,25,3.86035412552933
84276,"I",2,126,29378.114742,26,2,4,21.4,78.3,4.13,0.4,0.07,0.47,12,19,11,25,2.12229127729062
84279,"I",2,130,31381.259054,56,2,4,38.5,114.8,0.069,0.4,0.07,0.47,26,33,12,102,86.791659768066
84285,"I",1,125,61787.297371,44,2,7,32.6,102.1,226,1.3,0.07,1.37,28,21,41,110,79.3081752357125
84290,"I",1,125,39198.9657,30,1,1,31.7,104.3,0.024,2.4,0.1,2.5,79,39,58,212,90.1092674258318
84292,"I",2,120,28349.7329765,54,2,6,27,81,0.019,1,0.07,1.07,26,22,27,147,35.9690693174417
84293,"I",1,122,198890.963485,41,1,3,22.6,87.8,390,1.9,0.07,1.97,18,22,25,88,20.227348246157
84295,"I",2,119,16565.672803,58,2,7,29.5,95.6,0.025,1.6,0.07,1.67,16,24,26,102,54.2202451365045
84300,"I",1,121,50697.1444915,25,2,1,32.7,92.7,0.011,0.9,0.07,0.97,18,26,13,145,57.3919511775783
84332,"I",2,131,30018.950829,62,2,4,33.7,115.2,0.054,0.9,0.07,0.97,12,18,12,235,88.4121059593252
84336,"I",1,126,72992.9560195,80,2,3,24.1,86,0.011,4.8,0.07,4.87,16,22,10,48,7.62383589480551
84375,"I",1,122,17077.530583,60,1,1,26.7,96.8,0.011,0.9,0.07,0.97,38,43,161,60,65.6347342098189
84376,"I",1,121,28882.3846105,55,1,1,33,104.2,0.011,2.8,0.07,2.87,63,49,83,290,94.982324682337
84383,"I",1,121,189947.5764745,32,2,7,28.8,87.5,96.5,1.4,0.07,1.47,39,42,102,60,52.9550732905779
84389,"I",2,130,80359.0275085,66,2,3,42.5,146.4,0.011,2.9,0.07,2.97,50,45,37,124,99.398859594897
84392,"I",2,122,21625.530026,53,2,6,24.9,NA,0.022,1.5,0.07,1.57,21,29,35,78,NA
84402,"I",1,122,58430.9735565,27,2,2,19.6,75.8,0.026,1.5,0.07,1.57,10,18,19,78,6.08165254699608
84403,"I",2,121,226370.542649,61,1,3,25.6,96.5,0.063,1.2,0.07,1.27,19,22,18,62,25.6611788314696
84409,"I",2,120,175604.621983,47,2,3,19.1,69.9,293,1.8,0.07,1.87,19,25,14,102,4.38157305830704
84420,"I",2,131,40712.1430775,27,1,4,33.7,107.7,130,0.9,0.07,0.97,17,23,17,189,84.2511130353539
84423,"I",1,122,75607.961075,59,1,3,26.9,109.5,104,6,0.07,6.07,24,26,42,78,65.3212500162746
84426,"I",2,132,29845.9258255,51,1,6,28.8,99,0.075,3,0.07,3.07,35,30,54,404,88.9794028493172
84434,"I",2,128,199680.136549,31,1,3,25.4,92.6,426,3,0.07,3.07,35,31,17,116,32.2527323178812
84435,"I",2,130,96712.2905205,80,2,3,27.6,96,0.021,1.2,0.07,1.27,10,27,13,60,25.4063546737998
84437,"I",2,132,25398.7984665,48,2,4,30.4,99.2,21.1,1.6,0.07,1.67,16,18,14,47,33.2307681992454
84443,"I",1,130,50976.820146,64,1,7,33.8,129.5,110,1,0.07,1.07,30,30,53,425,98.8283952469728
84447,"I",2,126,95330.270585,77,1,3,29.6,120.6,0.011,4.4,0.07,4.47,23,23,31,79,80.0733748658447
84448,"I",2,122,85132.4032185,26,2,6,20.5,72.9,0.022,3.9,0.07,3.97,13,18,7,54,2.11832282818749
84463,"I",2,122,31291.1783115,59,1,6,28.8,106,0.027,2.2,0.07,2.27,35,28,42,207,83.7797082270305
84464,"I",2,132,19338.574552,69,1,4,29.4,102.3,0.011,1.5,0.07,1.57,17,26,13,251,70.4930914981333
84467,"I",2,120,37745.8922295,28,1,6,27.6,91.6,0.011,0.8,0.07,0.87,27,23,29,101,44.081089304321
84473,"I",2,126,100281.2834615,22,2,3,27.9,88.4,78.4,2.2,0.07,2.27,12,18,17,61,22.6218178132589
84485,"I",2,132,30283.388347,24,2,4,36.6,119.1,17.3,0.2,0.07,0.27,20,19,25,62,86.9779652611937
84496,"I",1,122,36330.749666,51,1,1,32.7,109.8,0.831,1.5,0.07,1.57,22,23,21,236,88.2123938574248
84498,"I",1,131,184172.374895,57,2,3,30.5,99,0.087,1.5,0.07,1.57,17,21,10,107,46.206354273842
84499,"I",2,122,36185.7992815,56,1,6,19.9,77.8,0.031,1.2,0.07,1.27,41,35,40,68,10.1042575325829
84500,"I",2,123,275699.05137,54,2,3,22.2,75.7,0.011,2.4,0.07,2.47,9,23,8,69,4.23320156954265
84502,"I",2,128,31943.782372,56,1,6,24.7,NA,0.015,3.9,0.07,3.97,17,23,13,392,NA
84503,"I",1,128,73138.090563,55,1,7,34.1,119.8,104,3.8,0.07,3.87,40,29,66,470,98.5457439226122
84514,"I",1,122,55538.2933125,41,1,1,34.1,109,0.026,2,0.07,2.07,54,32,22,73,74.6508427606454
84517,"I",1,125,72058.8391235,80,2,3,26.6,NA,4.3,1.2,0.07,1.27,13,22,14,79,NA
84530,"I",1,122,53502.974066,80,1,3,23.7,90.8,0.011,2.4,0.07,2.47,16,21,10,114,18.6722809839192
84536,"I",1,120,51809.084287,31,1,1,25.7,88.9,1.58,2.5,0.07,2.57,35,31,34,352,65.9028383641963
84545,"I",2,132,142137.5965495,47,1,3,30,107,465,2.3,0.07,2.37,35,29,33,78,68.1014063367443
84546,"I",1,128,15302.035147,61,2,1,29,101.8,0.011,2.1,0.07,2.17,80,74,59,152,80.1680378881697
84547,"I",2,128,58991.017988,37,2,2,46.1,105.4,0.018,1.4,0.07,1.47,25,25,18,89,93.0993871979855
84548,"I",1,131,26309.077224,54,2,4,49.2,146.2,0.085,1.3,0.07,1.37,15,16,28,247,99.8476727589851
84550,"I",1,130,100444.878703,29,1,3,30.8,114.3,193,0.2,0.07,0.27,17,19,11,40,45.7922487579917
84558,"I",1,122,36382.4375595,27,1,6,22.6,79.1,0.011,1,0.07,1.07,17,23,19,114,14.3859706634314
84581,"I",2,121,58987.4003145,32,2,2,40.9,123.5,0.016,2.1,0.07,2.17,25,29,13,72,91.7047905812469
84583,"I",1,124,23067.826241,56,2,4,36.7,120.3,0.028,3,0.1,3.1,12,14,18,101,90.075991794907
84584,"I",2,129,11483.595097,62,2,2,39.7,135.5,0.113,1.2,0.07,1.27,17,20,27,251,98.9918968697212
84587,"I",1,120,41839.4569845,22,2,1,39.7,117.8,0.066,1.1,0.07,1.17,18,18,10,53,81.055866029196
84588,"I",2,132,49751.131829,35,1,4,31.4,100.9,309,0.07,0.07,0.14,26,21,36,174,81.1049850316957
84593,"I",1,122,72476.10281,40,1,3,24.1,89.3,0.039,1.4,0.07,1.47,25,23,16,175,32.0943276665334
84600,"I",1,125,160434.797551,30,1,3,27.2,93.1,0.011,2.5,0.07,2.57,22,23,11,110,30.3929875758239
84602,"I",2,123,246261.510045,63,2,3,31.1,106.3,0.324,2.1,0.07,2.17,30,25,16,188,76.7250020679702
84607,"I",2,131,30678.025967,40,2,1,28.9,94.3,0.026,0.4,0.07,0.47,21,17,12,378,67.0427043607061
84608,"I",2,127,24421.374875,70,1,2,44.4,141.2,0.018,3.3,0.07,3.37,31,27,23,186,99.4185802992149
84614,"I",1,125,26717.8675215,80,1,3,32.1,118.5,0.551,0.8,0.07,0.87,47,25,51,200,94.6330512736974
84615,"I",2,133,32461.437378,54,1,4,27.3,98,307,2.9,0.07,2.97,42,30,51,139,68.337041582086
84617,"I",1,131,139256.6659365,42,2,3,30.3,109.7,1.54,5.4,0.07,5.47,20,22,24,70,64.827346023523
84618,"I",1,120,43282.1968815,23,2,1,33.3,106.7,0.011,0.2,0.07,0.27,15,17,12,64,57.110931249199
84626,"I",1,133,82140.1935905,43,1,2,37.2,117.8,0.028,0.2,0.07,0.27,19,19,21,188,94.508541340607
84641,"I",2,131,45251.43268,28,2,4,33.9,113,1.35,0.2,0.07,0.27,12,15,12,126,79.4005289513781
84644,"I",2,123,90563.102273,80,2,3,19.9,74,0.011,1.2,0.07,1.27,19,33,9,135,5.70779419496157
84661,"I",1,124,57633.12425,41,1,2,27.6,99.8,180,2.1,0.1,2.2,17,17,16,60,32.5947663893151
84665,"I",2,121,161629.009598,73,2,3,21.5,82.2,0.011,2.2,0.07,2.27,11,19,17,166,18.3332819584306
84675,"I",1,132,43950.727631,33,1,6,23.4,88.1,0.042,1.8,0.07,1.87,34,32,64,117,42.588259934071
84679,"I",2,128,33989.5454315,68,2,4,38.4,130.7,0.011,3.9,0.07,3.97,19,18,16,94,94.4808777649319
84680,"I",2,133,16949.6866705,60,1,1,32.8,100,0.011,2.3,0.07,2.37,35,24,23,252,83.6857638486525
84683,"I",2,119,17579.9075285,73,2,2,38.8,104,0.011,2.2,0.07,2.27,15,24,14,92,79.645891611692
84686,"I",2,121,53070.3155725,23,1,1,20.8,80.8,0.021,2.7,0.07,2.77,15,22,11,129,9.81182550622186
84694,"I",1,130,270081.155936,58,1,3,28.4,101.5,0.031,1.4,0.07,1.47,15,17,13,145,54.1544223014976
84696,"I",2,127,16523.7541285,61,1,2,25.1,94.8,0.011,2.1,0.07,2.17,35,34,126,125,69.891434454342
84700,"I",1,124,22244.6324125,48,2,4,34.8,117,0.027,4.2,0.2,4.4,22,22,28,105,89.2922512655107
84706,"I",2,130,28784.2156315,51,2,4,39,126.8,0.011,0.8,0.07,0.87,15,15,24,63,93.2557161353984
84716,"I",1,120,77134.1260555,44,2,3,42.1,120.6,0.253,0.4,0.07,0.47,17,19,16,178,96.8557836686822
84723,"I",2,120,38639.6422615,47,1,6,35,119.7,0.011,2.9,0.07,2.97,39,32,28,104,90.743638823799
84735,"I",2,124,83674.330579,59,1,3,24.2,109,529,2.4,0.07,2.47,34,40,169,166,87.5532936400575
84736,"I",2,131,27775.509907,54,2,4,37.2,122.5,140,1.1,0.07,1.17,27,45,181,94,98.1667564438306
84742,"I",2,128,53612.19453,80,2,3,25.8,90.2,0.011,2.3,0.07,2.37,15,26,10,93,19.6964314384379
84751,"I",1,126,301197.023092,54,1,3,32.3,129.3,0.011,0.9,0.07,0.97,22,21,40,79,91.7609308847309
84755,"I",1,120,40851.8914005,65,2,6,22.3,82.7,0.011,1.1,0.07,1.17,20,27,30,139,24.6459214797616
84757,"I",2,121,299854.0525785,56,1,3,38,125.4,0.019,0.6,0.07,0.67,29,27,42,253,98.4329287657764
84766,"I",1,123,30024.377711,40,2,4,36.7,122,0.022,0.6,0.07,0.67,28,25,10,96,86.1210423781108
84768,"I",1,121,56145.3915885,33,2,1,37.2,103.4,0.02,1.1,0.07,1.17,22,26,38,140,90.266317504274
84793,"I",1,130,127417.0175925,28,1,3,25.6,93,0.011,1.4,0.07,1.47,21,19,24,134,42.3574663387865
84804,"I",2,126,18960.1455035,71,1,4,23.2,85.4,0.035,4.7,0.07,4.77,27,24,55,72,26.0943211169648
84813,"I",2,123,221004.123692,31,1,3,28.7,108,109,2.1,0.07,2.17,47,32,41,226,85.8199396371293
84816,"I",2,131,108380.418766,28,2,3,18.4,71,124,2,0.07,2.07,16,21,13,84,3.35628018487294
84820,"I",2,133,40010.8995335,44,1,4,34.3,113,0.044,2.1,0.07,2.17,24,29,28,130,88.5236684667535
84825,"I",2,131,21645.4164455,41,2,4,56.4,141,0.069,0.4,0.07,0.47,14,18,8,75,99.437674345058
84828,"I",1,129,13762.9899235,61,2,2,33.9,110,0.011,4,0.07,4.07,58,39,156,130,95.5283130516248
84829,"I",1,131,69002.406996,24,1,3,30.7,100.5,7.82,1.4,0.07,1.47,15,20,20,112,62.1628280446288
84830,"I",2,133,75923.529443,25,1,3,22.7,86.1,0.011,1.9,0.07,1.97,18,18,17,100,16.7503379985959
84831,"I",2,132,37404.062141,54,1,1,30.1,98.7,63.1,1.8,0.07,1.87,74,37,60,228,85.6178480907951
84841,"I",2,126,36153.8752125,27,2,4,23.2,85.1,7.05,0.07,0.07,0.14,19,27,88,231,59.6632168378101
84849,"I",2,130,49650.480635,36,1,4,20.3,73.8,45.5,1.3,0.07,1.37,22,28,62,86,14.1410424743763
84852,"I",1,131,85470.6017335,28,2,3,26.1,96,0.355,2.4,0.07,2.47,20,22,15,129,38.8571997592523
84862,"I",1,125,215471.4565115,56,2,3,26.6,91.7,231,2.5,0.07,2.57,24,24,9,213,37.7404066273872
84867,"I",1,127,15077.2853285,62,2,2,32.5,103.5,171,2.3,0.07,2.37,86,74,68,126,86.9504321163386
84880,"I",1,125,24335.802782,44,2,4,33.4,101.1,0.011,1,0.07,1.07,24,22,14,55,49.2433499722576
84885,"I",1,123,27606.987007,61,2,4,36.7,115.7,0.397,6.4,0.07,6.47,13,19,25,62,84.9758974822165
84887,"I",1,126,28950.4165285,42,2,1,32.8,97,216,0.6,0.07,0.67,15,17,29,343,87.394239976165
84893,"I",1,119,22020.8130895,46,2,4,29.4,107.7,114,0.3,0.07,0.37,11,28,44,110,77.6659747722043
84895,"I",2,126,67198.127598,80,2,7,33.4,NA,0.011,3.8,0.07,3.87,19,25,25,189,NA
84899,"I",1,123,72887.604641,32,2,3,23.1,83.9,103,1.4,0.07,1.47,16,19,11,83,10.390624013102
84901,"I",1,124,12034.2618965,61,2,2,31.4,105.2,288,3.7,0.4,4.1,19,21,33,318,89.9973250583196
84904,"I",1,125,29938.3601675,48,2,6,33.1,97.4,0.011,3.2,0.07,3.27,21,25,29,254,84.7211785579176
84924,"I",1,130,138823.152495,28,2,3,29.1,110.2,0.011,0.4,0.07,0.47,18,33,12,185,71.0880054157824
84927,"I",2,130,240565.240556,43,2,3,43,135.6,0.011,1.1,0.07,1.17,30,24,17,114,98.1415067454924
84932,"I",2,125,19945.290832,60,1,4,34,106.3,0.073,1.3,0.07,1.37,29,30,18,603,94.2199195091777
84944,"I",2,132,52797.701488,60,2,3,29.1,112.5,218,0.7,0.07,0.77,46,21,67,278,93.3670709028679
84946,"I",1,129,54953.7497335,38,2,2,25.3,85.1,0.043,1,0.07,1.07,16,19,10,80,13.1395901919066
84947,"I",2,126,230938.6797535,24,1,3,27.9,95.5,557,1.2,0.07,1.27,31,45,17,134,47.41452088484
84948,"I",1,124,23318.5817125,41,2,4,39,117,0.011,1.3,0.07,1.37,14,15,16,93,89.9101967129914
84949,"I",2,130,33455.02421,78,2,4,42.1,142,0.011,0.5,0.07,0.57,18,22,25,205,99.3418447758702
84956,"I",1,129,186353.954447,43,2,3,21.9,87.5,239,0.4,0.07,0.47,27,50,31,94,21.9593425997045
84964,"I",1,126,68374.0599575,22,2,1,22.7,80.3,0.018,1.2,0.07,1.27,17,24,14,81,9.52592089317611
84966,"I",2,127,65723.2782715,48,1,4,38.4,132.8,0.026,2.4,0.07,2.47,53,32,118,180,99.3341891288832
84970,"I",1,125,35915.202116,51,1,2,34.3,120.2,114,1.1,0.07,1.17,22,24,16,113,86.8666489311813
84988,"I",1,128,31725.499723,52,1,1,31.8,110,0.011,2,0.07,2.07,31,26,27,153,84.0990739891072
84989,"I",1,130,40329.202,37,2,7,34.1,115.2,162,0.7,0.07,0.77,13,17,7,86,67.7576477637248
84992,"I",1,130,22594.503354,68,1,4,30.3,107.6,0.011,1.9,0.07,1.97,37,30,55,201,89.0982348254689
84998,"I",1,126,36963.846343,58,2,4,31.4,105.2,348,1,0.07,1.07,15,17,21,243,83.4250301059572
85002,"I",1,121,14203.958325,80,2,1,22.4,91.2,0.011,0.9,0.07,0.97,28,29,21,172,33.0423412529739
85007,"I",1,130,56022.2879505,47,1,3,26.8,100.3,243,3.5,0.07,3.57,16,25,25,325,75.3847390642521
85010,"I",2,124,46956.3469255,20,2,7,30.6,107.4,258,1.4,0.07,1.47,18,22,25,161,79.4836824706166
85019,"I",1,121,30078.23288,36,2,4,41.3,123.5,188,0.6,0.07,0.67,10,21,20,53,92.2429515460506
85022,"I",2,125,234996.747642,61,1,3,27.6,97.6,0.038,1.5,0.07,1.57,28,23,49,85,57.2577135208009
85033,"I",1,119,14464.451636,70,2,2,28.5,92.4,0.011,6.6,0.07,6.67,14,18,18,104,40.4943561896483
85034,"I",1,133,15649.4279825,67,2,1,27.2,99.3,0.011,1.6,0.07,1.67,28,26,24,104,50.1661788149056
85035,"I",1,128,20077.164979,80,2,2,22.6,87.3,0.011,0.7,0.07,0.77,16,21,36,207,42.0273100076764
85048,"I",2,129,43080.7458545,34,1,6,31,103.2,0.037,1.6,0.07,1.67,80,41,23,145,73.647209902605
85052,"I",2,124,39639.992912,34,1,4,34.4,99,531,2.1,0.07,2.17,11,18,22,65,61.8021648140488
85060,"I",2,133,31052.9940465,55,1,1,39,131.4,0.03,2.6,0.07,2.67,28,29,19,95,95.6650869618631
85062,"I",2,122,37495.153861,57,1,6,23.5,88.3,0.016,1.3,0.07,1.37,39,27,27,342,53.2052361488165
85092,"I",1,119,236483.7526245,26,1,3,19.9,77.5,0.626,1.3,0.07,1.37,21,28,15,85,6.33773873620772
85126,"I",2,131,152806.6770095,39,2,3,35.1,NA,0.011,2.4,0.07,2.47,18,18,15,226,NA
85131,"I",2,133,92320.611203,24,2,3,21.9,68.4,0.011,2.6,0.07,2.67,16,19,9,62,2.75200752603817
85149,"I",2,126,18330.0701825,66,1,4,41.3,NA,0.279,1.6,0.07,1.67,18,16,30,173,NA
85152,"I",2,120,150085.1524305,72,2,3,25.8,101.3,0.011,4.9,0.07,4.97,27,37,122,162,81.8744794774641
85156,"I",2,130,41454.6037225,73,2,4,31,119.9,0.095,0.7,0.07,0.77,15,16,12,100,74.8681041156949
85158,"I",2,120,39448.809313,44,2,6,27.5,84.7,0.201,1.3,0.07,1.37,17,19,14,49,13.8279723983536
85183,"I",1,128,43585.8634005,33,1,1,35.8,111.8,138,1.9,0.07,1.97,281,115,40,354,96.7662486992805
85193,"I",2,122,41881.857158,36,2,6,21.5,81.3,0.011,0.3,0.07,0.37,19,18,12,98,9.16241768975371
85197,"I",2,120,19132.683783,60,1,4,22.4,82.6,0.204,1.9,0.07,1.97,26,39,24,118,19.3832851673435
85200,"I",2,133,31915.7570865,46,2,1,51.5,142.9,0.011,1.4,0.07,1.47,13,18,14,100,99.4886631205583
85215,"I",1,132,27857.1270935,65,1,4,21.9,80.1,5.58,0.2,0.07,0.27,64,53,27,48,8.3177686237574
85217,"I",1,133,23456.5663655,31,1,6,30.6,100.2,142,2,0.07,2.07,40,23,48,172,81.818288411541
85222,"I",1,130,109825.405901,35,2,3,24.7,95,0.017,0.5,0.07,0.57,16,18,17,116,32.909493762418
85230,"I",1,130,93601.2835465,55,2,3,25.9,93.8,218,2.4,0.07,2.47,29,26,53,149,60.9671221156
85233,"I",2,125,108397.2733675,52,2,3,21.4,78.6,0.411,1.6,0.07,1.67,11,18,12,83,6.85434351103713
85239,"I",1,131,74988.025911,55,2,3,20.8,77.8,26.1,1.9,0.07,1.97,15,20,20,129,12.4764721282773
85243,"I",2,123,36265.524027,43,2,2,40,116.9,0.058,0.8,0.07,0.87,20,19,30,372,98.3592377756161
85245,"I",2,131,174677.4892075,71,2,3,36.8,119.3,125,0.6,0.07,0.67,16,18,15,167,92.5181734917202
85246,"I",1,122,53497.520362,23,1,1,29.3,98.7,0.185,1.3,0.07,1.37,26,26,24,688,88.7688378404004
85253,"I",1,124,38563.947933,57,1,2,24.2,90,0.011,3,0.07,3.07,24,24,22,225,44.2681131102239
85262,"I",2,133,81398.6888,80,2,3,25.9,NA,0.011,4,0.07,4.07,12,18,11,206,NA
85275,"I",2,131,27978.520524,80,2,4,30,105.6,0.037,2.2,0.07,2.27,24,32,15,427,85.0470395850262
85279,"I",2,132,64655.13328,50,1,7,30.9,110.9,153,0.5,0.07,0.57,20,18,16,1020,95.3490877756661
85291,"I",2,130,38152.2854975,48,1,4,33.2,110.7,155,0.8,0.07,0.87,19,20,22,106,80.2267333744078
85293,"I",1,133,27385.126882,29,2,6,35.2,115.8,46.1,1.2,0.07,1.27,108,49,43,260,96.391310176365
85302,"I",1,130,183303.6786185,46,2,3,29,96,0.073,1,0.07,1.07,15,17,9,61,24.402641436301
85303,"I",2,131,24011.828218,45,2,4,35.9,109.4,0.073,0.9,0.07,0.97,19,21,15,88,77.8092024352371
85305,"I",1,122,37781.83371,30,1,6,24,88,0.011,3.2,0.07,3.27,27,26,18,424,52.390249298823
85315,"I",2,121,50081.762623,32,1,2,28.1,95.6,3.04,0.7,0.07,0.77,21,26,13,67,28.4226098316333
85339,"I",2,120,38639.6422615,45,1,6,26.8,99.3,0.056,7.5,0.07,7.57,23,27,28,320,75.6361293631368
85358,"I",1,128,19570.2875365,78,1,1,26.9,109.2,0.011,1.6,0.07,1.67,19,17,15,85,48.9983013418999
85360,"I",1,133,27007.5768805,58,1,2,25.7,86.5,0.011,4.3,0.07,4.37,38,27,77,373,76.385221660297
85362,"I",1,119,129968.604808,20,2,3,20.8,81.2,0.051,2.4,0.07,2.47,19,24,23,104,13.3216844511467
85367,"I",1,123,29475.057442,49,2,4,27.8,79.2,0.011,1.6,0.07,1.67,16,17,21,50,14.5657403722831
85379,"I",1,133,20822.83765,80,2,1,28.2,NA,0.015,2.2,0.07,2.27,22,23,17,150,NA
85386,"I",2,126,29253.3502265,25,1,4,28.8,NA,14.9,1.2,0.07,1.27,17,19,25,114,NA
85394,"I",2,126,39580.8871185,34,1,7,35.2,112,332,2.6,0.07,2.67,27,20,34,116,89.5284866833076
85399,"I",1,131,67268.3747885,35,2,3,38.2,128.2,317,0.4,0.07,0.47,18,20,11,79,90.4233320119397
85400,"I",1,130,122129.328341,27,1,3,24.1,87,0.049,1,0.07,1.07,22,26,31,153,37.1802957804583
85407,"I",1,120,24333.6174715,31,2,6,19.4,76.3,0.029,0.7,0.07,0.77,13,20,7,42,1.72026861092744
85419,"I",1,126,49120.5236535,32,1,7,28,96.7,0.091,1.4,0.07,1.47,25,28,24,115,51.8956651407739
85425,"I",2,132,20560.394176,80,1,3,26,NA,0.553,1.3,0.07,1.37,46,48,28,202,NA
85427,"I",2,122,46197.554148,28,1,6,23.5,85,0.018,2.2,0.07,2.27,29,28,20,101,19.397986242466
85431,"I",1,128,35769.083935,47,2,1,41.2,129,0.11,1,0.07,1.07,35,23,117,165,99.3964284816875
85436,"I",2,132,34683.0139435,31,2,6,20.5,76.5,0.019,2.7,0.07,2.77,15,16,19,39,3.78507582020241
85437,"I",1,125,27583.462715,34,2,4,27,83.7,0.044,0.8,0.07,0.87,15,19,11,41,9.15231870536114
85438,"I",2,126,144041.647362,45,2,3,28.6,104.9,0.011,2.9,0.07,2.97,15,26,11,156,58.0372221143886
85442,"I",2,128,33012.378718,64,1,6,24,95.6,0.03,3.9,0.07,3.97,16,23,14,112,27.8758661662596
85443,"I",2,130,241854.9272205,48,2,3,27.1,95,326,2.3,0.07,2.37,18,24,11,118,33.7389620742303
85445,"I",1,127,16132.832836,75,2,1,45.1,137.2,0.011,3.1,0.1,3.2,16,21,14,89,98.1440026766798
85451,"I",1,129,312147.590175,53,2,3,22.5,83.7,0.011,1.9,0.07,1.97,16,22,14,185,21.2226295261231
85454,"I",1,123,23632.255119,55,2,7,34.5,114.8,0.011,2.6,0.07,2.67,61,34,126,305,98.302357577825
85470,"I",1,128,12104.31159,63,2,1,31.1,101.9,0.011,0.7,0.07,0.77,17,15,24,110,67.6995952189807
85471,"I",2,120,39499.8639715,63,1,6,21.7,85.2,343,0.1,0.07,0.17,16,21,98,93,35.3994639050081
85472,"I",2,122,41937.1459275,68,1,6,23,93.9,0.081,2.8,0.07,2.87,26,31,25,307,54.9224721662437
85477,"I",1,128,28501.5378495,44,2,1,30.8,101.1,0.011,0.6,0.07,0.67,12,15,13,156,63.3821491631174
85483,"I",2,126,111389.8290375,32,2,3,30.7,90.8,0.08,0.6,0.07,0.67,16,18,21,229,66.7966949015823
85484,"I",1,122,46982.99322,29,1,1,27.7,97.1,0.011,0.9,0.07,0.97,187,92,62,523,89.8463124266068
85487,"I",2,132,40819.5509925,34,1,4,34.8,123.5,205,0.7,0.07,0.77,25,28,19,68,85.4830109302149
85489,"I",2,126,152526.578464,22,1,3,26.8,87.2,0.011,2.1,0.07,2.17,25,34,14,122,28.3914836480858
85497,"I",1,127,43969.5567955,34,2,1,25.4,87.3,0.011,1.2,0.07,1.27,17,16,9,84,14.3401080084652
85501,"I",1,120,15976.606039,66,2,1,29.2,NA,0.019,2.1,0.1,2.2,20,17,25,399,NA
85511,"I",2,119,116572.266989,25,1,3,45.6,146.2,25.9,1.9,0.07,1.97,35,27,29,441,99.8589751594468
85515,"I",1,119,26034.5629895,21,2,4,43.5,133.2,2.43,0.5,0.07,0.57,20,27,15,57,95.92426510672
85522,"I",1,124,24041.3026205,50,2,2,38.8,121.7,0.026,1.4,0.07,1.47,19,24,15,102,92.0581861055587
85523,"I",2,131,158879.6562965,45,1,3,30.1,110.7,0.011,1.4,0.07,1.47,46,27,30,521,93.7601835103593
85527,"I",2,124,42511.288827,40,2,1,22.7,92.3,0.011,0.9,0.07,0.97,13,18,12,95,17.1676434429807
85530,"I",2,129,26411.421741,77,2,4,34.9,118.3,0.058,7.8,0.07,7.87,16,19,34,135,92.9736824569563
85542,"I",1,121,56181.6565905,20,1,1,30.3,108.7,0.047,1,0.07,1.07,25,17,15,58,51.0444039010267
85545,"I",1,121,135151.277203,74,1,7,24.1,91.9,117,4,0.07,4.07,20,17,14,124,26.195568822382
85594,"I",2,129,137632.340306,74,1,3,31,103.5,0.011,3.6,0.07,3.67,26,28,46,60,66.8270884971554
85603,"I",2,119,43149.400026,33,1,4,24.1,85.2,0.011,0.9,0.07,0.97,25,33,19,111,21.8025426993426
85604,"I",2,125,60653.1537995,30,1,3,31.1,103.7,188,2.3,0.07,2.37,24,27,17,224,77.9979320664686
85611,"I",1,133,23696.1425235,20,2,6,16.4,65.6,0.011,9.7,0.07,9.77,10,20,12,76,1.66714084999452
85624,"I",1,133,32194.1331645,72,2,4,33.3,94.7,0.114,1.5,0.07,1.57,23,40,17,86,54.5384775364559
85625,"I",2,129,49664.6086785,80,1,3,26.5,102.7,0.011,2.4,0.07,2.47,20,24,18,125,51.4563358006462
85634,"I",2,128,58624.173855,46,1,7,32.1,104.7,0.034,1.8,0.07,1.87,29,25,30,48,59.8042217161365
85635,"I",1,124,33244.7827005,57,1,2,27.3,99,193,1,0.07,1.07,28,22,26,161,61.7415264022024
85636,"I",1,132,36989.708576,52,1,6,23.3,89,0.066,2.4,0.07,2.47,28,25,21,151,30.5367872096905
85651,"I",2,131,34410.0563395,33,1,4,28.8,92.4,0.039,2,0.07,2.07,14,21,13,230,54.4760655150771
85664,"I",2,123,240318.819797,58,2,3,23.3,79.8,0.061,1.3,0.07,1.37,19,22,9,160,13.4394226602149
85669,"I",1,128,111601.468341,78,1,3,36.9,129.2,0.011,2.5,0.07,2.57,17,17,20,120,95.0032120367168
85670,"I",2,123,36602.045947,45,1,4,38,127.9,0.605,2.3,0.07,2.37,38,31,50,255,98.7935577714242
85679,"I",2,128,51874.85922,80,1,3,28.4,109.9,0.011,3,0.07,3.07,16,21,33,170,80.7245167478207
85682,"I",2,131,160988.628843,32,1,7,36.6,116.4,255,1.8,0.07,1.87,18,20,12,139,88.0620221895491
85683,"I",2,121,217235.247732,69,2,3,28.2,NA,0.011,4.9,0.07,4.97,17,23,12,88,NA
85701,"I",2,132,30222.223167,67,2,6,28.1,92.3,0.062,2.5,0.07,2.57,26,22,21,96,39.8574302392806
85702,"I",1,127,49805.7761405,40,2,1,36.7,93.7,0.055,0.5,0.07,0.57,17,20,12,93,60.4949240194133
85704,"I",1,129,172155.724367,46,1,3,32.5,106.4,0.011,2.7,0.1,2.8,35,17,24,186,84.2065741799161
85718,"I",1,131,10965.8366925,64,1,1,23.5,95.1,153,2,0.07,2.07,36,26,19,145,35.8641441164824
85726,"I",2,127,55582.6354935,60,1,3,45.7,148.4,0.011,1.4,0.07,1.47,17,18,44,153,99.7486482664161
85738,"I",2,132,69041.1808425,60,2,3,21.1,86.8,196,1.9,0.07,1.97,15,19,19,262,31.1962468471172
85743,"I",1,123,17456.278166,69,1,4,28.7,99.4,0.011,3.2,0.07,3.27,15,24,120,35,58.3744898799773
85746,"I",1,124,35901.76917,50,2,1,28.4,84.4,0.051,0.7,0.07,0.77,18,12,22,117,36.2049498312144
85748,"I",1,123,30163.5502195,51,2,4,29.9,102.2,0.022,1.1,0.07,1.17,31,20,17,49,39.4329781761495
85753,"I",2,122,46699.946672,42,1,6,26.7,89.3,0.263,1.1,0.07,1.17,64,45,67,191,67.3396162488532
85756,"I",2,127,47282.7816775,58,2,2,24.3,87,0.011,1.6,0.07,1.67,25,32,33,74,24.1580568654013
85757,"I",2,133,46548.348894,27,1,2,23,75.9,0.011,3,0.07,3.07,28,37,10,97,7.49973140703285
85770,"I",1,128,28595.6278955,55,2,1,29.8,90.5,0.06,1.7,0.07,1.77,21,17,14,225,56.219787652219
85772,"I",1,119,31472.437355,53,1,4,28.9,110.5,300,1.9,0.07,1.97,21,21,20,509,90.1947983518868
85789,"I",1,121,28852.031874,33,2,4,24.6,85.5,0.79,0.9,0.07,0.97,13,15,23,62,16.6636367261833
85790,"I",1,119,20622.329468,60,1,4,18.5,77.5,230,1.9,0.07,1.97,97,159,220,51,19.0564619922765
85792,"I",2,130,29974.1410565,77,1,3,23.3,94,40.7,1.4,0.07,1.47,17,18,19,45,14.4001678414933
85799,"I",1,128,48825.9741855,36,1,1,27.8,102.6,21.8,1.4,0.07,1.47,20,14,85,312,90.2022856718907
85803,"I",2,124,26303.1027665,66,1,4,29.2,101.1,0.022,2,0.07,2.07,59,52,131,226,91.1996657823495
85808,"I",2,125,22730.884319,80,1,3,25.4,94,8.16,2.7,0.07,2.77,14,31,13,87,24.3284480209947
85811,"I",2,126,33179.211478,57,1,4,36.7,118.4,0.062,2.3,0.07,2.37,27,29,80,328,98.6593746755827
85813,"I",2,132,71718.4092335,80,1,3,26.1,104.2,0.132,5.1,0.07,5.17,15,23,27,241,73.0846646519699
85814,"I",1,126,32076.9821785,41,1,4,26.3,84.1,0.036,2,0.07,2.07,21,25,25,133,34.0662242451214
85825,"I",2,132,33060.855219,42,1,4,34.8,111.6,0.091,1.6,0.07,1.67,19,22,47,120,91.1644817900043
85830,"I",2,123,235249.561252,66,2,3,42.8,126.2,0.011,1.3,0.07,1.37,72,67,31,201,98.801985846364
85833,"I",2,120,24069.0488405,59,1,6,24.8,90,0.018,1.8,0.07,1.87,29,30,33,94,33.4578834049383
85846,"I",1,132,39633.5798255,25,2,6,16.5,70.3,0.016,1.9,0.07,1.97,22,30,13,99,2.91754787653241
85859,"I",1,126,101505.619662,35,2,3,48.2,142.1,169,1.6,0.07,1.67,15,15,12,114,99.1705718407689
85862,"I",2,125,22655.751136,70,1,3,28.9,103.7,0.074,1.2,0.07,1.27,21,23,22,186,72.4661831633477
85866,"I",1,129,58200.302261,48,1,2,36.3,118.4,0.011,1.2,0.07,1.27,51,39,19,409,96.8356812009557
85880,"I",2,131,22151.020647,52,2,4,32.1,106.7,0.055,0.3,0.07,0.37,13,17,7,75,47.0965117150079
85902,"I",2,120,199656.3552625,56,1,3,33.2,106.7,0.011,2,0.07,2.07,43,44,27,751,96.0891078782854
85904,"I",2,133,25911.940819,66,1,4,30.1,99.9,0.855,3.2,0.07,3.27,22,23,22,72,50.7157334304116
85905,"I",2,133,48038.7982505,35,1,1,24.1,95,442,1.5,0.07,1.57,14,20,13,174,35.3912174137948
85914,"I",1,130,14527.2415815,62,2,1,39.9,130.1,0.011,6.9,0.07,6.97,19,20,38,171,98.5344739677018
85915,"I",2,121,40516.1830345,34,2,4,22.9,NA,102,0.1,0.07,0.17,13,22,38,36,NA
85917,"I",2,119,39442.4565675,31,2,6,26.6,NA,0.061,2.2,0.07,2.27,11,18,13,178,NA
85922,"I",1,120,47319.811328,47,1,1,23,86.7,0.011,1.7,0.07,1.77,22,20,27,288,45.2719734638957
85936,"I",1,127,42457.309733,27,2,2,22.1,79.8,0.011,1.5,0.07,1.57,16,16,12,96,9.03217065658414
85939,"I",1,133,43519.357985,20,1,1,19.9,77.3,0.011,0.9,0.07,0.97,20,25,12,47,3.1412091103845
85941,"I",2,124,84692.935075,75,2,7,27.1,91.3,336,1.6,0.07,1.67,14,24,9,211,38.6684124836569
85942,"I",1,130,48518.6089015,46,2,3,25.4,92.9,0.011,4.2,0.07,4.27,14,19,9,165,30.003594137393
85947,"I",1,130,59264.4627265,22,1,2,17.9,70,380,1.6,0.07,1.67,16,36,10,104,3.02500805390187
85949,"I",1,124,14991.618935,64,2,2,25,92.5,0.011,1.5,0.07,1.57,17,20,12,93,22.0325640528011
85952,"I",2,133,22797.9775925,50,2,6,20.3,NA,0.049,0.2,0.07,0.27,13,22,32,361,NA
85957,"I",1,128,16113.824906,62,2,1,42.4,116.4,0.011,1.2,0.07,1.27,24,20,47,253,98.732698267446
85960,"I",1,132,214323.9909485,59,2,3,37.5,116.4,0.048,1,0.07,1.07,30,26,17,153,92.1648190870252
85967,"I",2,121,220104.791403,32,1,3,22.9,88.4,0.017,6.6,0.07,6.67,16,15,12,91,14.2621169144872
85978,"I",2,122,256632.9696685,68,2,3,19.2,69.3,0.011,2.7,0.07,2.77,12,22,12,112,4.21923681383658
85990,"I",2,120,219616.0427125,50,2,3,33.6,86.5,243,1.2,0.07,1.27,38,44,69,161,80.1001706805064
85997,"I",2,121,95026.278922,80,2,3,33.5,114,0.027,2.8,0.07,2.87,19,24,15,72,72.5825100600732
85998,"I",1,121,18753.249513,80,1,1,29.1,NA,0.028,1.1,0.07,1.17,13,24,21,106,NA
86002,"I",2,133,40330.5632925,61,2,4,25.1,84.9,103,1.9,0.07,1.97,12,15,33,180,42.6286205394099
86005,"I",2,131,23717.9542535,55,2,2,38.3,111.7,0.017,1.8,0.07,1.87,17,15,19,205,93.6179674517208
86007,"I",2,122,40063.6396675,46,2,6,25.1,90.7,0.066,1.4,0.07,1.47,14,21,11,175,30.8899310498281
86014,"I",1,127,40886.0622055,39,1,1,28.7,103,319,2.6,0.07,2.67,35,24,27,107,62.7829546462318
86041,"I",2,133,34889.825904,35,1,2,29.8,94,0.021,0.9,0.07,0.97,124,75,86,154,79.8611254320733
86050,"I",2,132,34308.87621,39,2,4,34.9,110.2,0.011,0.3,0.07,0.37,34,29,54,316,96.4291775324052
86051,"I",2,128,42378.0983685,36,2,4,31.4,92.6,0.459,1.3,0.07,1.37,23,26,14,48,29.1419002186683
86052,"I",1,130,74148.9747355,59,1,3,25.3,92.3,0.125,1.1,0.07,1.17,24,30,28,90,34.1738027195916
86061,"I",2,125,191333.105176,37,1,3,37.3,128.9,262,2.1,0.07,2.17,19,14,28,772,99.3309841761573
86069,"I",2,132,48886.7798755,63,2,3,29.4,108.1,141,1.5,0.07,1.57,20,19,50,327,91.6641400460335
86082,"I",1,124,32382.5631915,49,2,2,34.3,115.5,0.011,3.3,0.07,3.37,43,31,33,272,95.2439400125467
86091,"I",1,128,16113.824906,64,2,1,39.3,118.7,0.011,1.1,0.07,1.17,18,16,22,102,93.312834530133
86098,"I",2,124,324230.24635,56,1,3,24,104.4,0.011,0.5,0.07,0.57,20,17,20,120,45.9492822055622
86102,"I",2,130,70177.7637485,52,2,3,36.5,125.3,460,1.8,0.07,1.87,12,21,23,147,95.1504209121887
86120,"I",2,123,15157.921298,67,2,2,31.9,NA,0.899,0.9,0.07,0.97,21,21,40,155,NA
86121,"I",2,131,45059.2565265,23,1,4,24.9,79.3,44.2,1.8,0.07,1.87,19,23,16,197,25.8191772354928
86123,"I",2,124,189993.7760755,36,2,3,26.6,95.6,0.011,0.2,0.07,0.27,14,15,10,140,35.0200347916421
86127,"I",2,126,26684.9559635,46,2,4,31.7,115.8,181,0.9,0.07,0.97,21,14,62,110,90.3918314596411
86146,"I",2,122,38972.9393795,40,1,6,26.5,93.5,0.031,0.3,0.07,0.37,22,29,16,203,48.705389436459
86149,"I",2,123,30847.5666545,54,2,4,31.8,105.9,0.011,1,0.07,1.07,28,29,44,164,86.5892710541554
86156,"I",1,119,10179.415245,61,2,2,30,93.8,0.016,2.2,0.07,2.27,30,27,18,117,50.2509649432107
86165,"I",1,120,14440.8899365,65,1,1,27.4,99.4,283,1.2,0.07,1.27,27,26,37,208,73.3237879533493
86177,"I",1,122,193512.1134235,38,2,3,23,82.8,0.035,1.1,0.07,1.17,27,28,34,106,23.4438602574578
86178,"I",2,126,22454.0462035,69,1,4,30.2,100,255,2.9,0.07,2.97,22,28,58,85,71.1369513752844
86183,"I",2,131,36453.6791305,46,1,3,31.1,111.3,0.046,1,0.07,1.07,21,31,17,73,64.5623138318788
86185,"I",2,123,307149.547351,53,1,3,26.6,97.3,0.141,1.3,0.07,1.37,58,32,35,229,69.8544605888217
86189,"I",2,132,108644.8276575,28,2,3,25.6,90.2,0.092,0.6,0.07,0.67,13,16,9,88,17.3432835397169
86191,"I",2,131,38529.3052515,29,2,4,27.9,NA,0.175,1.1,0.07,1.17,14,22,11,51,NA
86192,"I",2,119,19710.9731525,59,2,4,38.3,111.3,0.075,1.3,0.07,1.37,23,29,68,72,92.9750909122806
86195,"I",2,122,13434.80296,61,2,2,25.4,86.2,0.011,1.1,0.07,1.17,19,22,21,111,27.4551623331476
86197,"I",1,129,16883.5461565,62,1,2,19,76.6,334,1.8,0.07,1.87,33,33,18,118,8.14766664173553
86200,"I",2,119,19445.574627,48,2,7,33.9,113.7,0.12,0.5,0.07,0.57,16,22,16,45,64.8321214085765
86209,"I",1,124,37893.583073,31,1,2,35.2,105.2,22.3,3,0.3,3.3,20,25,24,105,80.8526937575115
86210,"I",1,132,32179.023988,47,2,4,37.3,102.4,0.022,0.8,0.07,0.87,22,39,10,49,55.7016130296305
86213,"I",2,122,29572.5087775,39,1,6,28.4,105,0.076,0.8,0.07,0.87,54,41,37,228,82.2649969370256
86220,"I",2,131,33108.362415,38,1,4,28.9,91.6,151,1.8,0.07,1.87,34,56,17,115,42.1423502314798
86225,"I",1,130,58526.571317,80,1,3,27.6,104.8,0.159,7.4,0.07,7.47,17,21,14,218,66.1965830953018
86226,"I",1,132,135074.0186245,23,2,3,20.3,74,0.011,0.8,0.07,0.87,18,24,10,51,2.65707521808686
86227,"I",1,123,25565.1008555,70,2,4,30.2,116.1,0.015,4.2,0.07,4.27,27,23,38,85,81.0265079516889
86231,"I",1,129,38542.123549,50,1,4,21.2,77.3,225,3.6,0.07,3.67,16,20,33,114,15.7465204775211
86239,"I",1,125,101868.501722,57,2,3,30.8,94,185,0.4,0.07,0.47,31,37,30,139,65.9892091405434
86242,"I",1,123,14391.9541775,62,2,2,26.6,92.6,0.011,1.6,0.07,1.67,29,26,18,366,63.6613679053202
86243,"I",2,125,20970.870286,62,1,4,23.8,88.9,0.011,1.2,0.07,1.27,22,25,10,72,11.960446633493
86245,"I",1,123,34694.640203,47,2,3,33.6,NA,0.073,2.4,0.07,2.47,24,18,8,83,NA
86247,"I",1,130,129813.9915515,78,2,3,28.8,97.1,0.082,14.5,0.07,14.57,18,21,14,224,61.2217227927903
86259,"I",2,121,157779.2264155,43,2,3,23.5,88.2,0.011,0.5,0.07,0.57,14,20,10,69,10.7595526451869
86260,"I",1,120,90148.7086195,26,2,3,37.7,111.6,1.35,1,0.07,1.07,36,26,22,399,96.5674845031123
86262,"I",2,127,54308.819337,31,2,4,39.5,128.3,161,0.6,0.07,0.67,13,17,31,83,96.1659656805771
86273,"I",2,131,26331.290976,73,2,4,30.5,121.6,0.011,1.9,0.07,1.97,17,18,21,101,82.1049910537565
86277,"I",2,122,10777.311946,65,2,1,45.6,130.5,0.011,1.5,0.07,1.57,19,25,19,120,98.5027978479805
86280,"I",1,130,53725.568649,80,1,3,33.4,114,0.023,7.1,0.07,7.17,15,23,20,147,86.3705989603607
86293,"I",2,130,33433.4642815,40,2,1,21.9,84.3,0.011,0.7,0.07,0.77,15,21,15,131,16.2117444075324
86296,"I",2,125,204316.9146725,40,1,3,25.8,97.1,0.011,3.5,0.07,3.57,26,22,11,43,15.3632863003582
86301,"I",2,130,39519.5462765,26,1,4,24.1,84.8,214,1.5,0.07,1.57,16,25,22,69,16.161939539196
86308,"I",1,126,50484.6325025,22,2,2,31.1,102.3,0.253,0.4,0.07,0.47,20,22,13,171,67.731044748851
86320,"I",1,127,16553.1956175,80,1,2,37.3,119.8,0.011,2.2,0.07,2.27,14,19,28,130,94.376740488293
86322,"I",2,120,40506.1929895,39,2,2,35.4,103.1,0.011,0.7,0.07,0.77,17,20,15,312,88.6689405132417
86323,"I",1,121,43617.6189005,24,2,1,27.7,97.2,0.011,1.4,0.07,1.47,9,15,7,136,33.9802064636301
86324,"I",1,130,125241.1607165,29,2,3,23.2,80,0.011,1.2,0.07,1.27,18,23,9,105,9.38617834649377
86326,"I",2,132,61700.2956775,69,2,3,45.1,NA,4.03,1.8,0.07,1.87,22,23,13,150,NA
86328,"I",1,133,27351.5434265,75,1,4,31.9,116,0.011,3.2,0.07,3.27,32,30,35,108,86.4351316389278
86335,"I",1,124,13992.6232685,60,1,2,26.6,97.5,0.212,3,0.1,3.1,28,33,73,884,93.4992597215533
86342,"I",2,126,47939.3443675,31,1,3,27.8,102.7,178,1.1,0.07,1.17,40,35,62,207,83.3086741158356
86352,"I",2,129,33214.092238,31,2,4,37.4,120.2,0.129,0.7,0.07,0.77,11,16,11,110,88.3443025192814
86356,"I",1,133,22652.1693865,49,2,1,36.1,114.3,0.011,0.7,0.07,0.77,24,20,18,148,89.737849505969
86357,"I",2,125,15727.9677445,75,2,2,26.6,89.2,0.011,3.6,0.07,3.67,31,28,18,100,29.8178689834546
86360,"I",1,125,37805.4759115,50,1,2,41.2,127.7,0.011,2.5,0.07,2.57,11,15,34,69,96.5005076558126
86365,"I",1,121,16132.138561,68,1,1,28.5,NA,0.011,0.6,0.07,0.67,23,21,29,120,NA
86379,"I",1,125,38955.0184815,42,1,3,25.6,92.6,0.011,3.1,0.07,3.17,18,22,16,209,45.0949080961241
86383,"I",1,133,16864.560398,78,2,2,25.6,98.1,0.056,1.2,0.07,1.27,18,22,12,96,29.8738300609088
86386,"I",1,124,14721.8475065,72,1,2,25.4,105.7,0.011,2.2,0.2,2.4,17,17,20,99,47.9457817005907
86395,"I",1,120,92194.92766,36,2,3,29.1,113.5,27.6,0.6,0.07,0.67,12,16,9,178,69.6618530487395
86400,"I",1,128,13848.1102095,62,2,1,23.7,83,0.011,1.2,0.07,1.27,16,17,17,92,15.3398848604724
86401,"I",1,126,41714.517399,53,1,1,20,83.2,0.227,0.7,0.07,0.77,17,22,14,155,13.5383718097643
86416,"I",2,125,80327.6426655,51,2,7,36.8,119.1,194,1.7,0.07,1.77,26,26,14,128,90.0368702720653
86418,"I",1,123,27529.6837065,57,1,4,36.1,119.7,0.04,1.9,0.07,1.97,28,29,31,168,95.1002177094676
86420,"I",1,130,27046.7087535,80,1,3,25.6,99.8,0.015,1.8,0.07,1.87,20,23,15,146,44.9313988485194
86424,"I",1,128,48609.0305095,23,1,1,33.5,101.3,0.011,0.9,0.07,0.97,66,42,36,527,94.4065211391757
86439,"I",1,126,21250.238669,67,1,1,23.4,NA,0.101,0.4,0.07,0.47,23,21,37,237,NA
86451,"I",1,124,11937.4881955,63,1,2,28.2,102.7,0.011,1.8,0.07,1.87,41,28,20,287,76.1754437091144
86452,"I",2,129,32738.8306635,45,1,4,31.3,101.2,0.029,2,0.07,2.07,66,43,25,89,63.6018197618781
86453,"I",2,130,42533.2923005,36,2,7,33.5,101.5,0.011,1,0.07,1.07,49,37,24,413,90.9963406692888
86454,"I",1,120,12941.0971,64,1,1,32.4,99.7,0.126,2.1,0.07,2.17,20,21,18,295,82.3126402417044
86458,"I",1,132,47557.5241635,44,2,4,24.9,78.7,0.018,0.6,0.07,0.67,11,17,13,102,13.4287799125592
86460,"I",1,130,102721.8021455,37,2,3,39.6,113.8,0.011,0.4,0.07,0.47,14,16,8,115,85.8848571322139
86468,"I",1,119,36049.6097015,79,2,4,42,NA,0.654,3.7,0.07,3.77,18,24,149,117,NA
86472,"I",2,120,171596.414319,30,2,3,27.8,102.8,0.056,1.6,0.07,1.67,16,21,17,112,52.4624214402901
86473,"I",1,128,15089.0168155,62,2,1,40.2,120.1,0.011,1.4,0.07,1.47,17,22,18,203,96.6002263227065
86480,"I",1,124,13957.53029,65,1,2,25.3,93.2,0.06,2.3,0.2,2.5,22,20,17,126,34.4009696830789
86483,"I",1,133,25271.124928,22,1,6,24.3,81.6,0.097,2,0.07,2.07,35,25,37,110,27.4820082084508
86493,"I",2,124,75531.71971,44,2,3,28,99,0.025,1,0.07,1.07,15,19,8,64,24.0572128373782
86516,"I",2,123,144002.847487,71,1,3,29.3,110.6,0.015,0.7,0.07,0.77,21,37,34,51,61.5018409362021
86518,"I",2,125,38355.623642,26,1,4,25.8,78.5,0.037,2.7,0.07,2.77,34,60,24,22,5.89285212583948
86525,"I",1,124,17688.768117,68,1,4,24.7,87.9,321,6,0.4,6.4,15,22,26,159,38.1539018767132
86528,"I",2,131,34627.802734,37,2,4,23.9,82.1,0.502,1,0.07,1.07,12,24,29,66,15.9608941035472
86540,"I",1,125,58563.4322555,43,1,2,32,101.9,0.401,0.7,0.07,0.77,38,36,34,61,63.4898477457525
86542,"I",2,123,246812.7317265,64,1,3,34.4,117.7,55.4,2.1,0.07,2.17,14,18,12,60,72.3276614425903
86546,"I",2,125,234996.747642,69,1,3,23.4,92.1,24,2.1,0.07,2.17,30,34,25,121,32.529156025594
86563,"I",2,131,45533.6081115,58,1,4,27.9,104.9,0.048,1.3,0.07,1.37,22,26,23,99,58.0112215550042
86565,"I",2,130,67692.808813,66,1,3,45.9,142.8,0.011,2.9,0.07,2.97,25,22,28,132,99.4776409881345
86572,"I",1,129,32989.0104885,40,2,6,21.6,79,0.028,0.4,0.07,0.47,25,25,21,357,31.6879284924666
86581,"I",2,124,222905.816993,65,1,3,37,123.5,0.028,2.5,0.07,2.57,12,25,18,145,94.0565933486383
86591,"I",1,127,36049.2069145,53,1,2,23.7,91.9,486,2.3,0.07,2.37,13,18,14,168,30.9593765670334
86598,"I",2,123,183302.704241,25,1,3,23.6,83,0.102,1.9,0.07,1.97,27,25,14,33,5.52743745082542
86600,"I",2,130,100281.941269,25,2,3,23.6,89,0.06,0.4,0.07,0.47,16,18,14,121,21.7147331143579
86606,"I",1,127,303065.2986325,50,2,3,28.5,93.7,0.011,0.9,0.07,0.97,39,24,19,99,41.9666255059311
86607,"I",1,132,49209.997837,30,2,4,35.9,115,163,0.5,0.07,0.57,16,17,14,90,82.1018291972518
86610,"I",1,128,32907.6729135,52,2,1,31.5,103.7,0.033,2.2,0.07,2.27,31,23,64,460,95.0674797971438
86620,"I",1,128,95245.911125,58,1,3,36,121.8,0.131,2.1,0.07,2.17,33,34,96,299,98.8157235347447
86626,"I",2,119,31108.7541755,41,2,6,31.3,104.1,0.011,1.7,0.07,1.77,17,36,23,308,86.2364593945491
86629,"I",2,122,176253.7854025,23,2,3,25.1,84.3,0.011,1.4,0.07,1.47,18,23,11,82,13.389992707201
86644,"I",1,131,20535.081287,80,1,3,32,124.8,0.089,3.2,0.07,3.27,20,23,13,97,82.0351862273803
86649,"I",1,128,44919.92792,32,2,1,54,132.2,0.122,0.7,0.07,0.77,26,23,13,127,99.4652391834207
86657,"I",2,126,16195.135108,67,1,4,29.2,102.6,25.2,7,0.07,7.07,21,19,14,94,49.4051053276318
86658,"I",2,133,37884.076615,26,1,1,47.4,145.2,1.66,1.2,0.07,1.27,49,29,83,406,99.9410697894539
86663,"I",1,128,84777.703592,40,1,1,30.2,107.2,95.9,1.5,0.07,1.57,34,26,38,119,78.5951347041303
86667,"I",2,122,35336.6257605,63,2,6,25,87,0.011,4.7,0.07,4.77,20,28,14,602,58.3045593175889
86668,"I",2,119,38721.1584005,37,1,2,23.8,87.8,295,2,0.07,2.07,18,26,13,131,21.488903053483
86669,"I",2,132,31801.940486,76,1,6,27.6,93,0.167,1,0.07,1.07,38,31,62,256,78.0440732283283
86670,"I",2,121,58963.6469745,25,2,1,25.4,85.5,0.011,0.9,0.07,0.97,37,38,72,73,37.2046825571619
86674,"I",2,121,236192.763355,62,1,3,45,149.5,0.011,1.9,0.07,1.97,27,24,38,200,99.7750024212175
86676,"I",1,133,73467.047997,43,1,1,25.8,93.6,0.011,1.4,0.07,1.47,103,74,99,212,76.9612199392403
86677,"I",2,132,177978.9811735,24,1,3,57.6,160.5,228,0.07,0.07,0.14,52,35,27,118,99.9538595208776
86692,"I",1,125,23886.1690205,80,1,4,32.2,111.1,1.99,1.5,0.07,1.57,15,25,7,38,37.3526645006555
86695,"I",2,132,37073.8239885,75,2,6,27.6,95.6,0.098,0.5,0.07,0.57,21,25,33,115,54.7509426363213
86696,"I",1,133,15477.456247,67,2,2,27.9,102.3,0.031,2,0.07,2.07,23,27,27,141,65.4205995652216
86703,"I",1,125,67805.238735,59,2,3,33.7,103,0.011,1.1,0.07,1.17,15,23,15,263,83.9288386705534
86705,"I",1,128,26395.9642105,59,2,1,41.4,126.5,0.011,0.7,0.07,0.77,19,24,11,297,97.9405375529685
86706,"I",2,127,88733.550132,79,2,3,31.7,112.1,0.011,1.8,0.07,1.87,27,36,22,159,83.9246750475222
86719,"I",2,122,20644.985712,62,1,4,35.2,107.7,1.02,2.7,0.07,2.77,12,27,24,75,77.7699273487083
86722,"I",2,129,23052.198603,40,2,1,22.8,NA,0.119,0.7,0.07,0.77,13,15,11,232,NA
86741,"I",2,131,26331.290976,77,2,4,31.6,114.3,0.084,3.7,0.07,3.77,13,20,22,107,79.864939629567
86745,"I",1,124,14167.417965,65,1,2,37.2,123.9,0.217,3.5,0.2,3.7,25,22,20,172,95.4739247980106
86747,"I",1,131,105850.9970485,47,1,3,46.1,141.4,104,2.6,0.07,2.67,29,24,25,100,99.2286042230525
86755,"I",2,132,136366.4469745,28,1,3,22.7,78.7,84.6,1.7,0.07,1.77,15,21,13,68,7.20394377775739
86756,"I",1,125,232769.159411,61,2,3,27.6,100.8,408,2.1,0.07,2.17,11,13,50,156,74.1761711931244
86776,"I",1,120,42812.4676125,28,2,1,28.5,97.4,0.011,0.8,0.07,0.87,24,21,22,351,76.5558178637813
86777,"I",1,129,34801.161687,52,1,2,28.1,100.6,231,1.3,0.07,1.37,21,17,27,49,39.3652578176779
86790,"I",1,131,134532.0050935,29,1,7,33.8,109,0.073,1.4,0.07,1.47,27,21,14,81,69.2738457539484
86794,"I",1,121,30205.0320765,71,1,3,30.7,108,110,1.6,0.07,1.67,43,39,32,157,82.5389934328808
86800,"I",2,132,37252.1260875,36,2,6,24,85.5,0.015,1.1,0.07,1.17,18,20,12,83,13.2138453963061
86802,"I",2,132,35455.935202,30,2,4,48.1,130.4,128,0.6,0.07,0.67,15,17,27,131,99.2343952528245
86805,"I",1,126,45768.2314885,31,2,2,32.8,98.1,202,0.7,0.07,0.77,12,13,15,117,62.1573383440237
86812,"I",2,127,19038.5000315,64,2,1,31.5,95.3,0.011,0.9,0.07,0.97,14,22,12,116,49.9683606710268
86820,"I",2,129,29669.661238,52,1,6,23.5,92.5,0.011,4.4,0.07,4.47,13,19,21,131,32.2136659574663
86829,"I",1,130,167602.244887,37,1,3,22.5,77.6,539,3,0.07,3.07,24,27,14,290,23.0327956097316
86841,"I",1,127,58167.5519545,23,2,2,40.4,105.6,0.211,0.6,0.07,0.67,50,29,22,139,91.6009430849419
86855,"I",1,119,39080.5438615,39,2,2,57.2,151.3,0.03,0.7,0.07,0.77,15,14,12,121,99.8613037659195
86863,"I",1,127,61229.002058,24,2,1,28.7,86.5,0.011,0.6,0.07,0.67,16,17,14,125,33.7384009759652
86872,"I",1,124,12121.70606,66,2,2,30.7,99.7,0.028,4.9,0.5,5.4,18,25,38,113,71.5731819707015
86879,"I",1,124,11511.033118,63,2,2,29.9,92.4,0.016,2.9,0.2,3.1,25,21,17,151,53.096404177562
86885,"I",2,133,32287.5278645,26,1,4,24.6,78.4,53.1,2.1,0.07,2.17,37,28,26,61,12.859668397908
86886,"I",1,132,41108.950237,52,1,1,27.6,97.3,0.052,1.4,0.07,1.47,31,28,22,121,50.9513069725527
86887,"I",1,128,40428.9096585,58,1,2,30.2,104.1,0.011,2.7,0.07,2.77,30,23,19,213,76.7369776056311
86888,"I",2,132,38857.0424685,24,1,4,36.3,110.9,401,0.7,0.07,0.77,25,24,12,57,69.3299595560616
86901,"I",2,121,36930.2873825,54,2,6,25.4,96.5,0.082,1.2,0.07,1.27,21,22,20,120,40.4563848137615
86909,"I",1,120,39953.855262,48,1,6,31.6,104.9,199,1,0.07,1.07,46,45,81,97,84.8388077561092
86910,"I",2,132,41892.4809635,38,1,2,39.4,123.3,0.02,2.3,0.07,2.37,19,17,21,139,95.9106098877767
86918,"I",2,123,27397.101872,51,2,4,37,117.3,0.487,1.5,0.07,1.57,14,14,19,108,89.9445468636358
86920,"I",2,125,104664.654785,27,1,7,29.9,96.6,142,2.8,0.07,2.87,26,25,16,81,42.7888500440859
86923,"I",1,133,28080.819332,31,2,6,27.6,96.8,0.031,0.3,0.07,0.37,16,23,12,119,39.1852409740004
86929,"I",2,133,174265.497848,52,1,3,32.3,109.5,207,3.8,0.07,3.87,28,22,20,338,90.4520941015286
86931,"I",2,125,91778.956578,80,2,3,22.9,90.5,0.011,4.1,0.07,4.17,15,24,8,258,27.2814309048336
86939,"I",1,123,36308.467175,35,1,2,24.4,88.6,350,2.1,0.07,2.17,21,22,13,75,15.4282480798139
86942,"I",2,130,33833.2844955,50,1,4,27.5,93.5,106,1.8,0.07,1.87,16,17,40,182,65.4987119816062
86949,"I",1,131,83818.7463925,77,1,3,26.4,106.5,124,1.8,0.07,1.87,39,54,72,96,72.9003000672402
86950,"I",2,132,60029.3984235,80,2,3,29.2,109,0.011,1.7,0.07,1.77,13,19,13,108,59.7366641693179
86952,"I",2,130,69843.924268,80,2,3,22.8,93.5,190,1.6,0.07,1.67,16,23,19,252,44.1112836060539
86959,"I",1,133,37970.3603465,36,2,6,21.3,76.6,0.011,2.2,0.07,2.27,12,17,9,56,3.52048279090729
86961,"I",1,119,148496.3511565,25,2,3,23.9,77,0.022,3.9,0.07,3.97,21,25,9,152,12.1688734745668
86965,"I",1,127,14973.9088065,80,1,1,32.5,113.6,166,2.4,0.07,2.47,20,23,15,127,79.4813852835247
86966,"I",1,131,59408.31153,80,2,3,31.2,113.4,0.152,8.9,0.07,8.97,20,21,17,190,83.7080103538682
86983,"I",1,119,55397.316203,34,1,3,43.6,138.2,0.011,3.2,0.07,3.27,28,24,44,236,99.6181530708118
86986,"I",1,122,44222.3643455,26,1,1,32.3,116.4,0.011,1.9,0.07,1.97,63,41,43,406,96.5726104041565
86998,"I",2,131,19832.310765,64,1,4,31.2,105.2,0.09,1.2,0.07,1.27,14,19,18,60,53.6086468602749
87005,"I",1,122,43417.2960625,31,2,1,30,92.4,0.041,0.4,0.07,0.47,26,23,22,226,66.981276280195
87007,"I",1,130,183303.6786185,45,2,3,39.4,122.2,214,1,0.07,1.07,31,21,27,277,98.081583579626
87008,"I",2,123,21544.8773585,63,1,4,26,92.2,454,0.5,0.07,0.57,15,19,14,114,30.2386396213938
87028,"I",1,132,48622.617455,27,2,4,34.8,109,0.03,0.8,0.07,0.87,23,19,21,45,66.4389310582965
87032,"I",1,125,117761.9622755,75,1,3,32.5,108.1,0.011,2.6,0.07,2.67,19,24,17,214,83.8867035470538
87035,"I",1,120,45648.9454135,29,1,2,39.9,NA,0.011,1.5,0.07,1.57,168,71,45,496,NA
87039,"I",2,133,27972.470269,37,2,6,18.6,69.2,0.011,2.3,0.07,2.37,10,17,9,72,2.10675243675451
87048,"I",1,130,50976.820146,69,1,3,28.2,NA,0.472,1.4,0.07,1.47,24,26,18,267,NA
87050,"I",1,129,27453.4367125,46,2,7,46,130.1,0.092,0.4,0.07,0.47,17,13,36,131,99.1535129382582
87055,"I",1,131,44462.9112275,80,1,3,26.8,113.6,0.019,5.7,0.07,5.77,18,17,22,189,77.1315361101237
87061,"I",1,127,18666.205022,80,1,1,21.1,NA,0.016,1.5,0.07,1.57,11,21,27,110,NA
87099,"I",2,129,13401.3871405,66,2,2,31.1,114.6,0.011,3.1,0.07,3.17,54,64,64,184,93.1349860398705
87100,"I",1,132,50170.446515,23,2,6,25.6,90.4,138,2.3,0.07,2.37,48,30,25,207,49.9458463271066
87109,"I",1,119,32535.724817,67,2,6,22.6,86.4,0.011,2.6,0.07,2.67,23,21,48,170,41.3270449078707
87111,"I",2,130,22802.191177,67,1,4,34.5,120.2,0.21,1.3,0.07,1.37,24,28,16,324,94.8868393100677
87112,"I",2,126,33173.282341,60,2,4,28.8,106,0.551,0.6,0.07,0.67,12,15,61,95,76.2720361794212
87114,"I",1,128,17577.7132285,60,1,1,28.6,98.2,0.017,3.5,0.07,3.57,32,25,40,119,65.4328391470062
87129,"I",2,121,38072.949722,28,2,6,22.1,85.9,0.011,1.4,0.07,1.47,16,18,8,50,5.21929732793928
87140,"I",1,129,35244.8319435,36,1,6,31.3,99,0.011,2,0.07,2.07,37,29,28,156,74.2257580297192
87141,"I",2,120,180556.3525385,37,1,3,30.3,NA,0.011,1.4,0.07,1.47,21,22,18,71,NA
87148,"I",1,130,242426.268008,55,2,3,25.2,85.4,0.011,2.6,0.07,2.67,12,16,8,132,17.2266187087276
87162,"I",1,121,41225.7551325,35,2,1,36.7,113.2,0.05,0.3,0.07,0.37,105,41,251,178,98.6093775805847
87168,"I",2,124,100415.229694,49,1,2,26.9,94,0.011,1.1,0.07,1.17,30,28,22,187,54.505619494128
87174,"I",2,121,127319.196367,27,2,3,21.3,85.4,4.21,1.1,0.07,1.17,22,20,11,73,7.9613988552071
87175,"I",2,127,330918.463812,69,1,3,29.6,108.1,0.011,2.4,0.07,2.47,19,20,33,51,58.812564241318
87176,"I",2,123,45346.0671935,27,1,7,34.8,123.2,46.5,0.9,0.07,0.97,21,27,39,50,87.8723282870201
87178,"I",2,127,73452.835518,54,1,1,33,111.2,0.011,3.1,0.07,3.17,19,22,17,81,72.2672539662248
87186,"I",1,128,17825.8655895,61,1,2,33.1,109.2,122,1.3,0.07,1.37,31,26,23,2412,98.6835122152536
87197,"I",2,132,44930.3125875,33,1,1,35.1,108.8,0.034,0.6,0.07,0.67,101,48,40,231,93.9091462573638
87201,"I",1,133,29516.753259,32,1,6,24.6,84,0.011,1.7,0.07,1.77,27,24,17,47,10.2462120162187
87202,"I",2,130,41671.9350595,39,1,4,44.4,136.6,0.015,0.8,0.07,0.87,20,26,22,136,98.9723120736288
87208,"I",1,127,42663.7170855,35,1,1,29.2,99,0.011,1.1,0.07,1.17,28,56,15,69,38.7053090361351
87210,"I",1,133,36011.407853,80,1,3,32,NA,0.011,0.7,0.07,0.77,14,17,21,143,NA
87211,"I",1,133,177890.66005,41,1,3,30.5,104.1,571,2.8,0.07,2.87,26,29,42,368,91.0995402589886
87215,"I",2,124,127566.163033,70,1,3,25.9,101.6,0.011,0.7,0.07,0.77,40,35,23,202,63.4127230032175
87219,"I",2,123,27201.8112965,42,2,4,25.3,90.9,0.017,2.1,0.07,2.17,24,28,18,309,53.2096094990394
87226,"I",2,129,37386.8572255,41,2,6,21.8,83.2,0.028,2.1,0.07,2.17,15,18,9,77,6.99182237692309
87228,"I",2,132,180121.210174,62,1,3,38.4,131.3,0.011,3.6,0.07,3.67,32,29,23,105,96.2239836576297
87233,"I",2,126,46153.805935,35,1,4,37,121,0.011,3.5,0.07,3.57,38,30,28,157,95.356371516372
87235,"I",2,132,25407.6487795,43,1,4,22.2,74.8,380,1.5,0.07,1.57,16,21,26,93,11.5482901081823
87237,"I",1,122,265687.2149315,65,2,3,24.3,85.6,0.027,3,0.07,3.07,19,27,18,67,14.8281824247175
87241,"I",2,130,70703.4462495,23,2,1,23.3,87.5,0.022,1.2,0.07,1.27,13,22,7,94,10.5092769050729
87243,"I",1,125,57841.438338,33,2,2,34.5,95,0.185,1.4,0.07,1.47,32,25,33,77,67.6041489627084
87246,"I",2,122,37495.153861,58,1,6,25.3,89.8,0.023,1.2,0.07,1.27,31,44,45,141,49.5113116414293
87248,"I",2,125,193439.312881,55,1,3,36,117.7,0.533,2.4,0.07,2.47,24,25,42,148,94.9935888517602
87251,"I",1,122,25162.9355685,50,2,1,29.8,97.8,4.94,0.6,0.07,0.67,17,19,13,242,65.7729252190152
87258,"I",1,124,40079.6988165,30,2,2,26.4,90.1,47.5,1,0.07,1.07,18,21,22,103,33.9878705397635
87262,"I",2,133,46528.748001,29,1,1,28.2,93,3.89,2.6,0.07,2.67,36,30,113,452,91.0878066507961
87276,"I",1,120,22092.4442335,44,2,1,29.2,99.2,0.011,0.6,0.07,0.67,18,18,18,116,54.4099704323489
87283,"I",2,131,21947.957582,42,2,4,30.3,96.7,0.011,1.4,0.07,1.47,26,23,22,82,50.269295499897
87298,"I",2,132,86722.331855,28,1,3,40.6,124.4,1.06,1.2,0.07,1.27,32,29,27,84,95.6084513173722
87303,"I",1,128,38349.808148,40,2,1,23.1,86.8,0.011,0.6,0.07,0.67,17,17,12,179,23.0416955030818
87311,"I",2,128,210292.42155,47,2,3,23.1,83.3,0.011,3.6,0.07,3.67,10,18,9,72,7.82814001416103
87315,"I",1,133,36980.592134,30,2,6,30.5,95.5,0.011,2.8,0.07,2.87,20,21,13,75,38.0411923625108
87319,"I",2,131,27124.6636165,52,2,4,34.9,118.2,0.019,3.3,0.07,3.37,30,39,23,59,81.8746518229729
87322,"I",2,124,295166.477264,58,2,3,25.2,88.9,0.011,0.9,0.07,0.97,16,23,11,116,21.7781858540966
87325,"I",2,124,75168.4574535,69,2,3,31.6,111,133,1.8,0.07,1.87,34,23,46,249,92.672905753352
87334,"I",1,129,44754.116901,36,1,2,26.5,87.7,0.074,2.7,0.07,2.77,19,27,21,589,70.0820332166234
87335,"I",2,120,93575.472724,80,2,3,30.5,96.7,0.011,2.7,0.07,2.77,12,26,13,90,43.7713296751652
87349,"I",1,132,145756.9686085,25,1,3,23.5,79.6,0.024,2.2,0.07,2.27,30,31,12,302,26.2406103967409
87354,"I",1,123,32035.3874845,36,1,4,40.5,119.1,144,1.1,0.07,1.17,35,23,50,108,96.9754735927906
87362,"I",2,125,23584.282732,25,1,6,22.7,81.2,207,0.9,0.07,0.97,14,16,14,68,8.54839800920404
87372,"I",1,127,25412.5008895,53,2,1,28.3,99.8,0.011,1.8,0.07,1.87,45,31,27,136,62.8612957156426
87376,"I",2,124,215653.4939895,40,2,3,23.5,86.8,0.027,1.1,0.07,1.17,15,17,10,137,17.710263213226
87379,"I",2,129,56195.983977,29,1,1,37.4,111.7,0.021,2.6,0.07,2.67,62,32,41,180,95.2071627896381
87389,"I",1,124,27531.6305735,63,2,4,25.3,96.2,0.011,5.2,0.2,5.4,42,47,54,140,60.9158353474031
87393,"I",1,133,42090.1195605,26,1,1,21.1,80.1,252,1.4,0.07,1.47,32,32,20,78,9.41554378395669
87415,"I",2,127,89161.677316,59,1,3,38.8,130.2,111,1.4,0.07,1.47,25,21,36,256,98.7947062413258
87416,"I",1,122,15599.233878,69,2,1,26.1,97,0.011,3.2,0.07,3.27,9,19,19,225,57.4332719664663
87417,"I",1,132,25934.7896725,60,1,4,36.4,113.5,149,0.7,0.07,0.77,13,12,16,69,79.5096149256062
87422,"I",1,131,72766.174651,20,1,3,27.2,95,271,1.5,0.07,1.57,18,21,14,53,22.2584414857648
87425,"I",1,128,131309.1723295,79,2,3,29.5,99.9,0.011,2.2,0.07,2.27,15,17,11,133,50.8097173308315
87426,"I",2,128,37445.414666,48,1,6,27.4,97,162,2.3,0.07,2.37,43,33,25,88,44.5876599989304
87427,"I",2,130,46970.968116,22,2,2,33.6,103.9,0.153,0.9,0.07,0.97,19,22,19,73,65.3625734695161
87429,"I",1,125,76766.966603,65,2,3,34.9,118.6,237,1.3,0.07,1.37,22,19,36,362,97.2869820322316
87461,"I",2,132,22750.69162,76,1,3,31.6,109.6,0.095,1.9,0.07,1.97,19,29,31,108,79.9612440548191
87462,"I",2,130,69264.7381135,80,2,3,24.1,97.5,0.011,2.5,0.07,2.57,13,26,24,122,40.9139132807593
87474,"I",2,128,41743.1977515,27,2,6,25.7,86.8,0.052,2.5,0.07,2.57,28,25,25,169,40.7972411578693
87476,"I",2,130,29344.8587495,58,2,4,14.5,70.4,352,1.1,0.07,1.17,27,73,118,141,13.5078779970192
87481,"I",1,129,27786.6439135,42,1,7,29.8,101,0.062,1.1,0.07,1.17,29,27,24,98,59.9051998739136
87487,"I",2,121,36363.0751445,43,2,1,30.8,106.3,0.029,0.9,0.07,0.97,31,29,40,103,77.4799326237712
87490,"I",2,131,35917.83421,58,1,4,24.9,88.4,0.039,1.3,0.07,1.37,32,27,35,49,20.7994722626495
87496,"I",2,126,33048.208042,58,1,4,32.6,124.1,164,2.1,0.07,2.17,45,44,97,400,98.7360497578431
87498,"I",1,126,124278.339858,77,2,3,24.7,91.7,0.015,2.8,0.07,2.87,18,26,17,123,30.336157034842
87506,"I",2,128,207111.603094,48,1,3,27.7,98.7,0.011,3.6,0.07,3.67,32,32,85,91,69.5312073808342
87514,"I",1,129,47786.988348,23,2,4,23.5,74.8,0.011,0.7,0.07,0.77,21,24,14,65,6.65418058084754
87516,"I",2,119,16187.555971,43,2,4,23.8,90.2,0.035,0.9,0.07,0.97,10,23,16,71,16.7542185416218
87524,"I",1,122,144873.6331205,33,1,3,36.2,119,0.011,2,0.07,2.07,22,24,135,120,97.5355948378367
87529,"I",1,122,37816.4539745,21,1,6,23.7,80.4,0.246,1,0.07,1.07,19,19,20,134,20.2470779259247
87531,"I",2,129,21387.040039,78,1,3,26.8,98.6,0.049,1.9,0.07,1.97,17,21,28,172,62.3418857580362
87538,"I",2,122,37277.463046,68,1,6,25,NA,0.055,0.3,0.07,0.37,126,117,87,259,NA
87545,"I",2,132,63664.919091,75,2,7,25.9,NA,0.267,0.4,0.07,0.47,12,24,27,137,NA
87551,"I",1,129,242608.678231,38,1,3,26.8,102.1,0.045,2.2,0.07,2.27,20,23,15,97,42.4477238585234
87555,"I",2,123,130107.9419505,31,2,3,41.3,112.2,0.053,0.7,0.07,0.77,22,22,19,92,91.4171863241007
87559,"I",1,127,68585.4257195,80,1,3,34.1,122.4,268,2.8,0.07,2.87,14,23,15,131,88.8205730644095
87560,"I",1,124,27542.622631,58,2,4,22.8,84.5,0.011,1.6,0.07,1.67,14,16,16,71,11.4634943871369
87568,"I",2,132,25378.7598305,73,1,3,36.4,125.7,0.036,1.8,0.07,1.87,40,88,36,417,98.6602482378022
87577,"I",2,126,30774.5891695,57,2,4,17.9,78.3,261,1.9,0.07,1.97,30,71,170,179,38.3216480633012
87581,"I",1,119,25554.9049965,80,1,6,21.9,87.7,0.028,1.2,0.07,1.27,14,19,13,158,19.996497290104
87591,"I",2,127,38244.5936365,47,1,6,29.1,102,0.033,1,0.07,1.07,13,25,20,230,73.8719811673361
87598,"I",1,129,44995.84131,27,2,2,39,102.7,0.011,0.7,0.07,0.77,29,24,37,128,91.1792777790035
87606,"I",1,133,18178.02804,52,2,2,29.4,107.2,0.011,1.5,0.07,1.57,31,28,21,163,74.336093990416
87607,"I",2,119,10356.01986,68,1,2,26.4,98.3,0.064,1.9,0.07,1.97,27,27,22,120,47.9099214685744
87626,"I",1,128,17577.7132285,63,1,1,34.2,119.2,0.017,1.6,0.07,1.67,32,38,34,396,97.2310302980109
87627,"I",2,132,23197.3451785,80,1,4,23.9,95.8,1.05,2.5,0.07,2.57,18,25,21,113,34.2013928915185
87648,"I",2,124,170820.330112,39,2,3,23.4,89.5,0.011,1.3,0.07,1.37,13,19,15,48,10.762193561744
87673,"I",2,132,15576.559731,68,1,2,31.6,112.5,0.018,1.5,0.07,1.57,18,16,129,104,92.589994017698
87688,"I",1,125,23398.823646,75,1,3,28.5,102.7,0.021,3.3,0.07,3.37,18,23,14,91,46.3388710428864
87693,"I",2,120,306451.0056665,52,1,3,24.5,91.2,0.527,3.1,0.07,3.17,19,26,15,82,20.3928995264802
87711,"I",1,128,36416.3856645,46,2,1,37,111.7,0.011,1,0.07,1.07,19,20,12,71,76.2166991352534
87712,"I",2,129,27057.161991,33,2,4,22.5,85.3,44.7,0.5,0.07,0.57,12,16,16,55,9.22143292548106
87717,"I",2,122,35202.575601,59,1,7,22.2,88.6,126,1.8,0.07,1.87,15,22,31,180,36.6117494805852
87749,"I",2,128,17033.5837675,78,2,1,28.4,104.2,0.011,2.1,0.07,2.17,14,24,14,224,68.5106939209909
87750,"I",2,130,19945.394761,66,1,2,26.7,91.2,225,2.8,0.07,2.87,23,30,17,104,32.3059187803974
87756,"I",1,127,33398.567501,57,2,2,32,105.9,0.69,1.7,0.07,1.77,26,27,18,184,79.5893050458313
87758,"I",2,121,49414.2324865,53,1,7,27,97.2,170,1.9,0.07,1.97,40,36,275,94,82.0862445044071
87761,"I",2,125,28137.9076545,80,2,7,24.5,92.1,0.08,1,0.07,1.07,14,21,12,52,12.9149265007599
87766,"I",1,131,98620.2993395,78,2,3,23.7,95.3,0.019,2.3,0.07,2.37,12,22,13,101,23.8675187825921
87773,"I",1,127,31397.033558,53,1,2,28.2,107,0.011,2,0.07,2.07,33,26,75,171,86.3628725499542
87774,"I",2,132,177978.9811735,24,1,3,29.6,108.7,266,0.07,0.07,0.14,19,21,12,113,60.3450601893442
87777,"I",1,119,28686.0570385,67,2,6,26.4,97.6,0.011,2.1,0.07,2.17,17,22,21,275,65.3882637475564
87778,"I",1,122,122301.9368535,56,2,3,18.8,76.1,0.136,2.4,0.07,2.47,11,20,12,112,5.63800774577706
87797,"I",2,119,35076.052438,30,2,4,21.2,77.7,0.034,0.3,0.07,0.37,24,30,27,82,10.773528626411
87799,"I",1,124,29704.2056325,48,2,2,38.5,116.2,0.042,1.7,0.07,1.77,18,20,24,169,94.958499178066
87802,"I",2,126,37668.088703,27,2,4,52.6,143.3,0.011,1.2,0.07,1.27,17,18,19,79,99.5677076135409
87805,"I",2,119,39284.924234,48,1,7,23,89.5,0.022,3.3,0.07,3.37,16,34,51,203,52.0497531304204
87819,"I",1,128,48825.9741855,37,1,2,28.7,101.1,0.137,1.6,0.07,1.67,25,18,28,160,69.6727680121293
87841,"I",1,127,49802.9006835,50,2,2,45.9,110.5,171,0.5,0.07,0.57,10,10,17,118,95.5735983478183
87842,"I",1,120,15047.00528,66,2,1,47.3,NA,167,1.3,0.07,1.37,20,20,13,199,NA
87845,"I",2,128,44576.8003415,28,2,6,23.8,82,0.011,2,0.07,2.07,14,19,15,152,20.4457877798755
87848,"I",1,125,71109.856461,73,2,3,30.9,105.3,0.011,2.6,0.07,2.67,13,16,15,106,62.7062998035658
87852,"I",2,127,287622.452301,48,2,3,24.6,87.3,0.011,4.1,0.07,4.17,14,27,8,103,14.3224297205621
87856,"I",2,125,24405.3830705,23,1,6,21.7,81.8,1.21,1.8,0.07,1.87,14,19,21,89,12.6787948792775
87870,"I",2,131,32911.0358135,55,2,1,36.2,106.8,0.011,0.6,0.07,0.67,32,27,17,90,78.0702653560139
87873,"I",2,127,203260.2765835,70,1,3,26.9,102,0.011,1.2,0.07,1.27,18,22,15,94,41.927262984069
87874,"I",1,119,18485.312949,46,2,4,32.2,110.6,0.339,0.7,0.07,0.77,24,15,25,539,94.7740140582087
87882,"I",2,126,204908.5942565,32,2,3,21.7,78.5,0.011,0.1,0.07,0.17,11,17,8,93,5.97715177592856
87886,"I",1,124,49102.336801,28,1,4,26.6,84,0.029,1.5,0.07,1.57,20,28,30,94,30.4961785747378
87901,"I",2,120,184133.0978975,38,2,3,30.8,96.4,141,1.2,0.07,1.27,20,24,19,83,49.2666097585405
87916,"I",2,124,86884.1094195,35,1,3,27.4,107,884,1.3,0.07,1.37,22,23,27,53,47.1206657744408
87922,"I",1,121,15720.938795,61,1,1,40.9,137.1,47.3,1,0.07,1.07,28,23,17,68,96.3096173267948
87934,"I",1,132,51993.7363895,25,1,4,40.4,125.5,0.026,1.4,0.07,1.47,39,23,52,95,97.5847953415551
87943,"I",1,131,33203.070676,30,1,7,21.1,78.8,5.53,1.3,0.07,1.37,21,26,15,91,8.37486369187447
87948,"I",2,131,190959.7213735,21,1,3,25.7,92.6,20.4,2.1,0.07,2.17,45,34,27,58,26.3299950736332
87953,"I",2,132,78250.662457,80,2,3,21.4,NA,0.016,1.2,0.07,1.27,41,36,27,101,NA
87954,"I",2,125,49867.70047,33,1,4,29,97.6,255,0.6,0.07,0.67,22,31,21,67,41.382848754356
87964,"I",1,125,50178.7017875,21,1,1,28,88,0.02,1.8,0.07,1.87,20,25,12,70,20.488774538644
87971,"I",1,128,45438.2469615,34,1,1,48.8,139.6,2.15,1.4,0.07,1.47,23,21,20,146,99.5214238544016
87975,"I",1,132,30300.3887475,70,1,3,22.1,88.6,4.46,1.9,0.07,1.97,13,16,14,237,29.49640057208
87986,"I",2,130,29974.1410565,72,1,3,28,101.5,0.026,1.9,0.07,1.97,16,24,47,160,75.538585309884
87987,"I",2,129,29428.7300435,70,1,6,26,98.5,0.011,0.9,0.07,0.97,18,22,13,91,31.6475374401046
87988,"I",1,131,48234.6591335,38,1,3,29,101,603,4,0.07,4.07,25,32,20,119,58.5268759221404
87994,"I",1,129,37466.8547375,37,2,4,27.9,96.5,0.034,1.5,0.07,1.57,15,18,12,67,27.664501127821
88002,"I",2,127,311732.590851,67,1,3,39.2,130.9,46.5,1.4,0.07,1.47,20,21,28,76,95.9348228528825
88010,"I",1,126,72713.96877,80,1,3,30,NA,0.011,1.6,0.07,1.67,13,12,10,64,NA
88011,"I",2,130,234696.7252865,64,2,3,39.3,122.8,0.011,0.8,0.07,0.87,19,27,15,151,95.0355462854362
88018,"I",2,121,234188.703874,48,1,3,27.6,96.5,0.011,0.8,0.07,0.87,31,27,52,3061,97.5687330235266
88020,"I",2,124,138225.0246555,70,1,3,37.1,132,0.011,6.8,0.07,6.87,31,31,111,165,99.0578629881383
88022,"I",1,123,24359.106182,60,2,4,23.2,81.4,243,8.8,0.07,8.87,15,21,21,33,6.36934510948625
88027,"I",1,122,55920.669998,20,2,1,32.3,99,0.011,0.7,0.07,0.77,17,19,14,100,56.8386307839727
88034,"I",2,132,60074.623825,63,2,3,22.7,83.1,0.028,1.2,0.07,1.27,6,17,10,35,4.13324200925227
88040,"I",2,121,160586.355551,41,1,3,29.8,108.1,0.011,1.1,0.07,1.17,36,30,28,277,86.7463059073822
88046,"I",2,129,28766.9894925,51,2,4,27.1,90.2,15.1,9.9,0.07,9.97,16,19,12,114,28.9103950088249
88058,"I",1,128,30876.6660035,41,2,1,27,91.1,0.011,0.5,0.07,0.57,25,30,28,314,66.9957833968078
88060,"I",2,131,119910.232848,23,2,3,19.6,73.8,16,1.3,0.07,1.37,16,23,9,68,2.90177095917256
88071,"I",1,125,29058.779903,20,2,4,25.6,86.9,0.118,1.2,0.07,1.27,16,20,21,48,15.3725097274765
88072,"I",1,125,153484.795494,31,2,3,21.9,78.2,0.011,1,0.07,1.07,15,17,8,125,7.85742630083238
88075,"I",1,129,66765.396984,41,1,2,26.5,95.2,0.011,2.6,0.07,2.67,26,24,11,57,19.1362169104483
88077,"I",2,131,37110.6209585,24,2,4,32,96.4,0.047,0.9,0.07,0.97,18,20,16,68,45.6140403485416
88082,"I",1,132,263065.8907975,44,2,3,37.7,112.1,0.011,1.2,0.07,1.27,34,26,27,254,95.6063983173718
88089,"I",1,121,38004.1570095,41,2,1,22.3,78,0.087,0.8,0.07,0.87,14,19,11,290,20.0012750159127
88096,"I",2,126,52081.5081355,68,1,3,26.7,99.3,48.7,0.9,0.07,0.97,15,18,23,311,72.1217227379194
88116,"I",2,121,233133.049742,41,2,3,24.4,89.3,5.79,0.9,0.07,0.97,12,18,13,56,12.5350853163277
88134,"I",1,131,44462.9112275,80,1,3,24.9,NA,0.032,2.2,0.07,2.27,25,33,23,227,NA
88138,"I",1,129,40611.2459955,44,2,2,35.3,107.1,0.011,0.6,0.07,0.67,17,25,8,58,54.9992703816636
88144,"I",2,132,21785.255272,68,1,4,41.7,122.7,0.328,2,0.07,2.07,27,29,29,134,97.4413222068075
88145,"I",1,119,25452.0621115,75,2,4,40,136.1,0.011,2,0.07,2.07,17,24,15,102,96.7082492343206
88146,"I",2,119,58982.7518965,45,1,3,26.8,96.1,0.016,3.3,0.07,3.37,27,29,25,151,54.1434888947243
88149,"I",2,127,327461.4292185,69,2,3,26.2,92.6,0.011,1.8,0.07,1.87,25,27,17,68,24.2327342328835
88156,"I",1,130,221804.721928,28,1,3,17.1,67.7,0.011,1.5,0.07,1.57,14,24,11,202,4.74470167847961
88157,"I",2,133,56455.767468,29,1,2,26.2,91.6,0.011,2.3,0.07,2.37,27,26,15,66,21.2272902108917
88158,"I",1,132,400544.7778145,51,1,3,30.5,104.7,0.011,3.1,0.07,3.17,46,25,58,178,86.9578580149498
88161,"I",1,124,10247.348887,63,2,2,27.4,93,99.8,2.9,0.07,2.97,16,25,16,119,38.6469599013018
88164,"I",1,127,23380.661474,45,2,2,39.3,113.8,286,0.8,0.07,0.87,27,21,44,257,97.7121595375117
88167,"I",1,122,102332.8620145,38,2,3,22.9,83.1,216,1.7,0.07,1.77,18,28,23,138,22.9587407002832
88172,"I",2,127,44462.9112275,80,1,3,27.8,105.6,0.011,2.5,0.07,2.57,13,20,20,145,64.7886743883005
88188,"I",1,121,24665.237973,51,1,2,28.8,101.5,0.011,1.4,0.07,1.47,46,35,71,165,82.6965243550454
88191,"I",1,125,13951.950315,68,1,2,31.4,108.5,0.011,2.9,0.07,2.97,29,24,35,148,84.3589653662465
88200,"I",2,133,31368.059815,28,1,4,42.6,129.8,110,0.9,0.07,0.97,50,33,33,139,98.6195310799876
88203,"I",1,128,16132.138561,64,1,1,36.3,116.4,0.011,2.6,0.07,2.67,27,28,15,104,86.2994183642428
88206,"I",1,122,284602.635102,65,2,3,26.5,90,0.031,2.4,0.07,2.47,19,24,16,92,27.061258863153
88217,"I",1,122,34346.7966325,51,1,1,27.3,96.2,0.011,1,0.07,1.07,29,23,19,164,53.0606658579276
88227,"I",2,127,219567.4519805,20,1,3,21.9,76.3,0.035,1,0.07,1.07,20,22,13,69,5.84000991818076
88228,"I",2,121,187463.4063365,25,1,3,17.7,67.5,0.18,1.9,0.07,1.97,17,17,14,53,1.74867798028389
88230,"I",2,120,43953.425397,42,2,3,24.9,88.1,0.011,2,0.07,2.07,14,22,19,123,28.6083736955549
88231,"I",1,132,37675.0512345,62,2,4,19.7,84,0.011,1.5,0.07,1.57,16,24,21,74,9.38966335937877
88241,"I",2,127,29370.947078,54,2,1,26,94.3,0.011,1.2,0.07,1.27,51,45,40,233,67.047961792082
88253,"I",2,126,17319.0142035,61,1,4,23.8,97.5,283,3.3,0.07,3.37,12,18,29,45,22.72627505178
88256,"I",1,127,12124.64938,62,2,2,21.5,77,0.011,15.5,0.07,15.57,14,16,24,179,18.9989457867962
88257,"I",1,133,60388.618277,31,2,2,27.6,94.3,0.028,0.5,0.07,0.57,17,23,13,133,39.9256582775759
88262,"I",2,121,191539.293425,41,2,3,19.8,82.1,18.6,2.1,0.07,2.17,17,25,15,21,2.19737044087102
88264,"I",2,119,28203.41501,63,2,4,31.4,101.1,0.057,1.4,0.07,1.47,37,44,74,92,79.858649513724
88282,"I",2,129,34727.3550445,26,1,6,17.8,67.2,0.016,10.9,0.07,10.97,24,24,14,44,1.46576881948063
88285,"I",2,127,22006.0941665,80,2,1,33.2,102.5,0.011,2.1,0.07,2.17,21,27,28,171,83.129431411414
88286,"I",2,124,28508.0684155,52,2,6,21.8,74.4,0.011,2.9,0.07,2.97,19,28,13,99,7.23716080662296
88297,"I",2,122,25087.9242115,40,2,6,23,NA,0.021,1,0.07,1.07,45,44,86,91,NA
88301,"I",2,121,41451.0742205,38,1,7,25.4,95,0.02,1.1,0.07,1.17,34,25,19,222,52.0852580585547
88304,"I",2,123,14867.8175405,65,2,2,19.9,71.1,0.011,1.4,0.07,1.47,38,30,15,94,5.03803638645574
88306,"I",1,129,59234.7318915,41,1,2,29.3,101,4.32,3.1,0.07,3.17,41,28,108,378,93.6933606727002
88319,"I",2,123,248213.4171415,67,1,3,31.2,108.8,0.011,2.6,0.07,2.67,28,22,17,82,64.3835515538303
88328,"I",2,131,23602.464728,46,2,4,29.7,92,0.011,0.9,0.07,0.97,15,18,12,45,20.9359969070184
88332,"I",2,122,85132.4032185,23,2,6,33.4,96.9,0.011,1.6,0.07,1.67,16,20,27,183,79.6465967393385
88339,"I",1,130,183303.6786185,43,2,3,34.7,107.6,0.011,1.6,0.07,1.67,19,23,13,55,60.8669311403656
88342,"I",1,119,54870.848513,45,1,2,27.8,99.3,214,1.9,0.07,1.97,24,26,13,55,27.7423548393586
88344,"I",1,130,76244.2352135,80,2,3,43.2,117.4,0.011,0.5,0.07,0.57,16,16,8,73,88.7339308661391
88355,"I",2,127,348393.4361665,69,1,3,27.6,96.4,0.684,2.2,0.07,2.27,23,20,14,73,30.6666775684565
88370,"I",1,130,77566.3826835,34,1,3,26.7,88.9,164,1.4,0.07,1.47,21,28,15,55,17.3843115611019
88384,"I",1,131,64988.090898,37,2,3,28.7,89.3,0.059,1.5,0.07,1.57,14,19,27,218,61.6574699631169
88402,"I",2,126,19443.5270715,47,2,4,27.7,96.6,0.018,1.3,0.07,1.37,59,44,21,161,56.3073571003164
88404,"I",2,132,25314.453269,70,1,3,28.3,102.1,1.01,1.7,0.07,1.77,20,36,35,103,63.8679326098134
88412,"I",2,126,29216.5287355,34,2,4,21.7,75.4,461,0.8,0.07,0.87,14,16,13,49,3.98502104328652
88421,"I",2,127,22865.2961005,80,2,2,30,108.3,0.011,1.3,0.07,1.37,32,32,19,155,74.7512884736043
88425,"I",2,127,216914.5026485,45,1,3,30.4,110.4,455,0.8,0.07,0.87,24,20,22,115,74.5183876226542
88432,"I",1,132,52277.0589795,33,1,6,26.6,92.7,0.019,1.8,0.07,1.87,22,20,21,98,35.9149173517393
88441,"I",1,128,19140.1256625,76,1,1,31.2,119.1,0.011,1.3,0.1,1.4,15,22,54,80,87.4819614400013
88462,"I",1,126,27406.8128945,51,2,1,27,93.7,0.011,0.5,0.07,0.57,24,21,13,338,59.0273560989096
88479,"I",2,132,58832.227146,80,2,3,30.9,115.3,0.117,1.8,0.07,1.87,20,25,16,58,62.7456583041422
88480,"I",2,130,50440.12,22,2,7,55.4,152.2,4.03,0.7,0.07,0.77,11,18,17,107,99.8513217588001
88483,"I",2,122,39480.8506165,78,2,6,24.4,83.8,0.011,0.6,0.07,0.67,28,31,24,66,16.2816922741441
88485,"I",1,128,29210.3794515,40,2,1,34.4,106.3,0.304,0.4,0.07,0.47,14,10,23,78,74.5305299763443
88501,"I",1,127,49405.585965,31,1,2,29.8,108.6,30,0.9,0.07,0.97,43,29,27,127,75.6929972770464
88504,"I",2,120,121707.320691,22,2,3,42.6,122,44.6,1,0.07,1.07,19,20,17,69,93.7716474220336
88514,"I",1,130,61021.280254,62,2,3,41,130.9,0.025,0.7,0.07,0.77,26,33,28,273,99.0339950146249
88516,"I",2,120,31699.243348,71,1,6,20.9,90.9,235,1.7,0.07,1.77,21,26,19,180,27.7037408558204
88531,"I",2,129,22348.4749495,40,2,4,44,129.5,0.17,0.3,0.07,0.37,11,19,13,60,95.1572313888428
88533,"I",2,122,35810.0261085,34,2,6,20.3,80,0.024,1.4,0.07,1.47,15,19,10,60,4.19615763171889
88536,"I",2,128,48958.5893235,35,2,4,49.8,131.2,0.085,0.07,0.07,0.14,21,23,39,257,99.7646526643425
88538,"I",1,123,14391.9541775,66,2,1,32.8,101.8,0.011,4.5,0.07,4.57,12,15,16,140,71.2939574121255
88545,"I",2,126,35975.6889765,46,1,4,24.3,91.2,273,2,0.07,2.07,14,27,68,699,85.0397700891126
88556,"I",1,124,54812.49903,80,1,3,22.5,95.9,0.155,2.9,0.2,3.1,14,25,12,156,28.1279390901729
88565,"I",2,120,50122.3880725,46,2,3,35.5,106.1,55.8,1.9,0.07,1.97,15,20,10,155,78.1160189407187
88568,"I",1,122,41474.5296775,23,2,1,33.5,97,0.011,0.6,0.07,0.67,19,19,14,29,30.0772095755512
88575,"I",2,128,207111.603094,48,1,3,30.3,103.2,0.015,3.2,0.07,3.27,19,25,19,105,61.907676337125
88580,"I",1,133,47398.604218,27,2,2,35.7,108.2,0.011,0.7,0.07,0.77,20,17,22,82,79.7520989506735
88583,"I",2,131,35867.6729085,31,2,4,39.9,114.6,1.32,0.4,0.07,0.47,16,18,19,146,93.9253976652652
88590,"I",1,119,56594.622994,45,1,2,23.2,86.4,26.5,2.1,0.07,2.17,21,26,49,87,29.0973111276608
88591,"I",2,130,52971.696103,38,2,1,29.3,99.4,0.168,0.5,0.07,0.57,14,15,12,115,47.5515422586882
88601,"I",1,121,43617.6189005,24,2,1,26.3,91.8,0.011,0.6,0.07,0.67,11,13,11,67,18.3151625086128
88602,"I",1,122,37816.4539745,23,1,6,31.8,96.8,149,0.9,0.07,0.97,33,27,24,178,73.6077978084584
88605,"I",2,127,221606.907204,37,2,3,24.2,84.8,0.02,0.3,0.07,0.37,19,23,17,129,22.7733854281903
88607,"I",1,126,94203.8442255,21,2,3,33.7,102.6,0.011,0.4,0.07,0.47,13,24,12,258,81.0495567717172
88608,"I",2,131,49164.42596,28,2,4,20.9,73.7,373,0.2,0.07,0.27,13,18,6,35,1.39384165984384
88612,"I",2,127,21572.214474,77,1,1,29.5,101.9,0.011,2.7,0.07,2.77,23,23,17,92,52.4907290592446
88613,"I",2,127,59740.403876,58,2,1,20.9,77.1,0.011,0.8,0.07,0.87,16,24,12,99,6.97661021539346
88625,"I",1,123,40280.0331285,33,2,4,39.2,113.1,0.091,0.8,0.07,0.87,11,17,14,87,86.4004196797449
88626,"I",1,126,229877.8571675,68,2,3,29.6,105.6,0.037,6.8,0.07,6.87,15,20,9,64,37.9239554761264
88629,"I",2,122,20524.1380445,70,2,1,27.4,95.4,0.011,1.3,0.07,1.37,21,22,10,232,49.0950191413678
88634,"I",1,122,96885.030656,59,1,3,31.4,110.5,140,2.2,0.07,2.27,33,27,34,178,87.5038979435346
88640,"I",1,125,52403.7939305,58,1,7,34.5,120.2,0.021,1.2,0.07,1.27,20,23,62,384,98.2965692852316
88643,"I",2,130,211037.6603,33,1,3,23.4,85.5,169,1.6,0.07,1.67,26,23,9,169,18.3247370556626
88647,"I",2,128,27064.0298975,59,2,1,32.4,99.6,0.108,5.1,0.07,5.17,24,22,17,41,40.388133515162
88651,"I",2,128,29009.4469455,52,2,4,26.3,85.9,0.022,1,0.07,1.07,18,19,13,58,13.8791458893477
88655,"I",2,125,32302.3103565,41,1,4,40.2,NA,0.011,1.5,0.07,1.57,25,24,36,191,NA
88658,"I",2,121,203741.8554125,48,1,3,27.1,106.4,0.011,1.9,0.07,1.97,44,31,35,210,78.7451801442586
88661,"I",1,130,180531.0835825,40,1,3,29.6,107.6,0.021,1.1,0.07,1.17,24,19,37,151,80.9429387715784
88665,"I",1,128,22155.4474075,79,2,1,33,NA,0.011,1.9,0.07,1.97,123,172,192,120,NA
88666,"I",2,125,117830.70979,28,2,3,28.4,92.3,0.011,0.7,0.07,0.77,39,31,33,63,39.0169407917299
88676,"I",2,127,37997.487882,80,2,4,31.3,100.1,173,1.1,0.07,1.17,8,19,30,43,48.4375945893111
88689,"I",1,126,35997.2619965,41,2,1,33,100.7,0.072,0.5,0.07,0.57,46,35,31,72,67.2687524936998
88692,"I",2,132,103342.9360875,71,1,3,33.9,116.4,0.1,2.6,0.07,2.67,32,26,18,121,85.5940605602273
88695,"I",2,129,42145.4610945,35,1,2,32,103.8,0.084,2,0.07,2.07,25,25,21,240,83.388511367752
88696,"I",2,129,38402.0859235,47,2,2,31.7,108.1,0.011,2.6,0.07,2.67,30,27,18,71,62.9068056800649
88702,"I",1,131,84291.2655855,20,2,3,32.9,102.6,0.02,0.5,0.07,0.57,18,17,12,63,49.9617592274291
88703,"I",2,130,26892.665526,47,2,4,27.7,95.5,0.011,6.1,0.07,6.17,17,20,15,102,38.1963877318473
88708,"I",1,119,18548.36299,49,2,6,23.6,85.3,0.051,2.1,0.07,2.17,9,15,9,188,20.1690252006332
88714,"I",2,127,20233.33548,60,1,2,32.1,104.7,0.011,2,0.07,2.07,22,25,22,162,79.1476391945412
88719,"I",1,121,14440.8899365,61,1,1,33,106.9,0.011,1.7,0.07,1.77,45,23,9,133,67.8265027066477
88720,"I",1,123,28377.902172,28,2,4,22.5,80.5,117,1.2,0.07,1.27,13,12,16,39,5.37121765508712
88722,"I",1,125,56763.139427,80,2,3,22.7,84,0.024,1.6,0.07,1.67,19,24,16,217,26.5039259484984
88742,"I",2,127,132017.9698225,24,1,3,16.9,68.8,2.81,2,0.07,2.07,17,21,13,89,2.58263093329068
88757,"I",1,122,39467.404898,54,2,6,22.3,80.3,0.011,2.4,0.07,2.47,24,26,7,185,11.7404950690412
88758,"I",1,132,37675.0512345,63,2,4,37.2,111.6,0.016,3.4,0.07,3.47,12,17,16,80,81.8674095509582
88766,"I",2,124,42586.8449855,48,2,6,35.8,118.1,0.011,1.2,0.07,1.27,25,24,19,210,93.7050282058848
88767,"I",1,127,13603.9482315,66,2,2,23.9,79.5,0.042,1.9,0.07,1.97,22,26,12,213,21.1496967575453
88769,"I",1,132,45024.0883555,59,1,1,27.4,83.7,0.051,2.6,0.07,2.67,25,22,10,936,66.2178083535702
88770,"I",1,131,205181.9231965,53,1,3,32.2,114.1,0.011,2.1,0.07,2.17,38,35,50,283,95.1062853928523
88781,"I",1,125,40135.473587,41,1,3,37.2,125,0.011,1.5,0.07,1.57,41,28,37,249,98.0190234987975
88797,"I",2,128,34125.4052315,69,2,6,23,90.2,0.033,3.8,0.07,3.87,17,21,24,92,23.5719408785745
88816,"I",1,133,21617.7766185,47,2,2,29.3,NA,0.015,0.8,0.07,0.87,16,23,25,115,NA
88823,"I",2,129,186716.026404,68,2,3,32.6,98.8,0.03,2.4,0.07,2.47,19,33,9,102,50.200157370486
88829,"I",2,133,29641.8739515,41,2,6,20.1,78.5,0.011,1.3,0.07,1.37,16,18,16,121,9.71331030358738
88834,"I",1,124,10247.348887,62,2,2,42.5,128,0.104,1.4,0.07,1.47,18,19,14,168,97.6442711882851
88835,"I",1,127,58167.5519545,28,2,2,23.5,87.2,0.011,1.6,0.07,1.67,15,19,16,84,16.1974055597773
88840,"I",2,133,43373.9826665,20,2,4,33.8,101,0.055,1,0.07,1.07,26,22,14,31,37.1364618112752
88843,"I",2,126,39278.926487,28,2,1,25.3,90.4,0.011,0.07,0.07,0.14,49,44,12,65,15.779244483962
88845,"I",1,123,175122.528017,62,2,3,29.4,98,0.03,2.6,0.07,2.67,17,17,17,239,68.7598730596806
88854,"I",1,132,29060.596735,51,2,4,32.1,97.9,53.5,1.2,0.07,1.27,20,30,15,71,47.809252692638
88855,"I",1,121,14440.8899365,64,1,1,23.2,90,0.055,1.7,0.07,1.77,18,30,9,382,37.5989280444221
88857,"I",1,132,36425.0081115,71,2,4,39,113,0.595,6.4,0.07,6.47,26,23,17,103,89.2462407366486
88862,"I",1,133,28066.2042815,51,2,2,33.8,105.1,0.011,0.5,0.07,0.57,17,22,23,254,88.6135870806595
88871,"I",2,122,37620.830484,61,1,6,23.7,86.3,0.011,13.2,0.07,13.27,24,28,22,251,40.3314175553283
88874,"I",2,120,227592.7435745,64,1,3,36,116,0.011,3.3,0.07,3.37,41,25,25,215,94.460988547805
88877,"I",2,129,33308.925211,53,1,2,28.7,98.2,0.022,1.4,0.07,1.47,27,23,47,248,81.2692867659521
88879,"I",2,126,37490.8768475,32,2,4,32.9,108.4,148,0.6,0.07,0.67,17,28,16,198,83.2540060067586
88884,"I",1,127,25884.791875,24,1,6,29.4,101.4,56.9,6.8,0.1,6.9,47,31,30,84,59.3976358371591
88888,"I",1,120,12396.3127755,69,2,1,27.8,99.1,0.036,2,0.07,2.07,20,22,23,102,50.7595400204116
88895,"I",1,123,11129.7005895,73,2,2,36,118.9,0.022,6.1,0.07,6.17,20,22,21,160,92.9779538268529
88896,"I",2,121,114366.862495,23,1,3,19.4,72.4,38.4,1.7,0.07,1.77,23,28,19,153,9.08677455818691
88897,"I",1,122,249097.771614,31,1,3,30.3,105.7,200,1.3,0.07,1.37,31,33,52,174,86.0850587536669
88898,"I",1,130,204591.044676,30,1,3,49.8,139.3,122,1.1,0.07,1.17,16,24,19,62,99.0120514734339
88903,"I",2,122,176253.7854025,22,2,3,16.7,66.4,0.011,1.5,0.07,1.57,21,24,16,106,3.0191920485882
88906,"I",1,128,76695.764646,29,1,1,28,91.2,0.082,1.7,0.07,1.77,32,42,28,125,49.362680267472
88911,"I",2,125,70921.0297155,34,1,3,26,91.9,0.028,3.4,0.07,3.47,20,27,26,184,51.220934525792
88912,"I",1,130,59882.766163,27,1,4,26.6,82.6,197,1,0.07,1.07,16,24,14,44,10.2603650263641
88920,"I",2,121,35530.6749125,33,2,6,27.4,97.9,0.022,0.9,0.07,0.97,17,23,7,131,33.082115060339
88925,"I",2,128,13469.837465,69,1,1,29.3,107.1,0.015,1.8,0.07,1.87,17,16,31,58,58.3997395468911
88926,"I",1,131,83818.7463925,70,1,3,28.7,104.5,0.011,2.1,0.07,2.17,15,19,10,308,71.0299933887942
88937,"I",1,125,27843.537891,48,2,4,34.9,NA,0.411,0.6,0.07,0.67,21,26,23,72,NA
88940,"I",1,123,37499.325093,31,1,2,35.1,123.4,0.011,2.7,0.07,2.77,28,21,42,246,97.3514820588569
88943,"I",1,130,80679.1756455,43,1,1,31.2,108.7,0.028,0.9,0.07,0.97,25,23,17,151,76.2894554907223
88949,"I",2,125,41781.0008735,38,2,2,26.5,93.5,0.011,2.9,0.07,2.97,13,20,14,206,46.6626980087053
88951,"I",1,130,165122.775481,20,2,3,23,85.9,0.074,1.3,0.07,1.37,16,20,11,71,9.87423476005527
88952,"I",2,131,219908.595077,60,1,3,23.9,96,106,2,0.07,2.07,17,27,22,251,53.7485812588726
88960,"I",1,132,42578.830123,53,1,4,22.6,88.5,0.05,0.1,0.07,0.17,16,18,35,40,13.6477761163571
88968,"I",2,128,44705.497407,36,1,1,30.5,102.1,0.011,4,0.07,4.07,15,17,12,131,58.3224874738305
88983,"I",1,122,53497.520362,29,1,1,23.8,90.5,0.029,1.7,0.07,1.77,30,38,27,52,18.1182878205715
88991,"I",1,123,176792.222064,65,2,3,34.4,121.5,0.011,2.9,0.07,2.97,18,19,20,114,89.4790206420603
88994,"I",1,127,50377.5596805,32,1,1,23.5,90.1,22.1,1.1,0.07,1.17,32,20,22,136,30.9582598132873
88996,"I",1,130,40963.5115315,33,1,7,22.6,90.2,217,1.7,0.07,1.77,18,21,20,167,31.1178358416116
89003,"I",1,127,294291.0290965,52,1,3,31.5,111.4,356,1.2,0.07,1.27,42,24,132,523,98.2170892010471
89019,"I",2,132,43219.6143125,36,1,1,22.2,83.8,107,1.3,0.07,1.37,15,22,11,140,14.347459895138
89025,"I",1,129,39350.558712,48,2,6,28.9,97.4,0.028,1.6,0.07,1.67,19,15,14,102,43.4563051305219
89028,"I",1,124,31213.3424755,54,2,2,23.7,91.2,162,2,0.07,2.07,25,25,19,127,29.1836244916351
89034,"I",1,126,244025.9042235,69,2,3,36.3,113.3,0.011,0.3,0.07,0.37,22,25,15,266,92.8975140314257
89035,"I",1,128,22786.500888,80,1,1,23.9,90.4,0.024,1,0.07,1.07,25,21,13,163,28.1765203058509
89038,"I",2,125,116445.947176,25,2,3,27,84.1,0.216,1.8,0.07,1.87,16,20,13,96,20.6977330596572
89041,"I",1,125,219501.4194035,48,2,3,25.3,101.1,0.041,1.2,0.07,1.27,31,23,19,193,56.4501315185838
89068,"I",2,133,21899.111759,59,2,1,33.1,102.1,0.011,3.3,0.07,3.37,31,29,17,181,77.8270305375606
89073,"I",2,132,31604.440243,61,2,4,30.3,106.7,0.141,0.6,0.07,0.67,18,17,21,103,67.3633197619907
89077,"I",2,131,34452.6306255,53,1,4,26.2,92.6,135,2.4,0.07,2.47,24,33,17,260,53.4489336406941
89081,"I",2,131,25845.0082845,43,1,4,25,85.8,1.7,3.1,0.07,3.17,15,27,17,54,13.1603930933766
89087,"I",1,132,36415.963386,41,1,4,29,107.4,0.073,2,0.07,2.07,33,25,32,141,76.5444872824048
89091,"I",1,131,19030.7750895,70,1,4,30.7,100.2,205,3,0.07,3.07,12,20,10,69,38.2549604482685
89103,"I",2,133,16810.5750725,64,1,1,31.8,108.2,29.2,2.7,0.07,2.77,14,19,12,105,65.2305136759609
89104,"I",1,128,44759.9966235,43,2,6,43.6,NA,0.043,0.6,0.07,0.67,32,21,28,134,NA
89122,"I",1,133,33426.3447605,58,2,2,31.9,99.2,0.011,1.4,0.07,1.47,19,20,21,189,75.5479226344543
89130,"I",1,124,36502.9117775,50,1,2,31.8,109.3,0.011,4.5,0.07,4.57,65,44,106,359,96.8423475146467
89131,"I",1,127,40947.188408,51,1,1,35.2,124,588,1.4,0.07,1.47,17,19,30,158,95.1961086887064
89141,"I",2,121,155392.706389,45,1,3,27.9,101.6,0.011,1.4,0.07,1.47,19,27,21,222,70.1116176490182
89177,"I",1,119,184459.0759925,62,1,3,22.8,85.1,0.011,1.8,0.07,1.87,29,20,23,123,22.6496016517979
89180,"I",1,127,40886.0622055,32,1,2,21.8,NA,20.3,1.3,0.07,1.37,28,20,10,64,NA
89188,"I",2,119,12737.8332145,70,2,2,28.2,90.9,0.065,1.2,0.07,1.27,21,27,15,115,36.790856021275
89189,"I",1,119,32334.810381,48,2,4,34.4,104.4,0.018,0.9,0.07,0.97,18,23,17,234,85.8509868651719
89200,"I",2,129,35167.86237,31,2,4,35.6,NA,0.02,1.8,0.07,1.87,22,19,22,79,NA
89216,"I",2,120,36083.862913,70,2,6,23.4,90.8,0.126,3.1,0.07,3.17,26,28,18,238,40.380417683256
89222,"I",1,120,19963.8408755,53,2,1,28,88.1,0.011,6.9,0.07,6.97,15,19,12,161,36.4251457423524
89227,"I",2,130,64807.6473365,33,2,2,33.9,110.8,0.017,1.2,0.07,1.27,18,20,14,116,77.980229449733
89230,"I",1,122,123129.5312475,31,2,3,35.5,119.4,0.011,1,0.07,1.07,23,32,19,278,95.2344559804035
89231,"I",2,125,15727.9677445,70,2,2,30.2,97.7,0.011,4.3,0.07,4.37,22,25,40,188,78.0716151447707
89234,"I",2,131,42806.054832,22,1,7,31.1,96.2,178,2.2,0.07,2.27,39,33,26,77,53.8786885718638
89237,"I",2,119,42994.059472,78,1,3,33.8,126.2,0.011,6.4,0.07,6.47,29,28,42,133,95.1935320808048
89239,"I",2,126,36802.7776595,24,1,4,32.8,107,0.317,1.6,0.07,1.67,36,26,29,115,80.6095855163282
89244,"I",1,129,213093.0166005,49,1,3,29.7,106.2,0.011,2.5,0.1,2.6,20,17,20,169,74.1087636715974
89249,"I",1,122,298015.3223825,57,2,3,31.9,98.7,0.011,1,0.07,1.07,31,25,19,150,69.1990717779495
89263,"I",2,121,21684.303761,80,1,4,20.4,88.9,268,2.6,0.07,2.67,10,18,20,39,7.20652152512565
89266,"I",1,130,181229.279883,39,1,3,29.7,108.2,0.011,2.8,0.07,2.87,50,32,84,466,95.9090980293596
89275,"I",1,127,12124.64938,67,2,2,57.2,151,0.011,1,0.07,1.07,14,16,17,115,99.8847844011963
89276,"I",1,121,28343.6881775,45,2,1,26.5,81.4,0.017,0.4,0.07,0.47,13,16,13,197,29.5093439004991
89290,"I",1,120,44634.113833,36,1,1,57.8,NA,0.02,1.1,0.07,1.17,35,25,23,86,NA
89293,"I",2,130,74238.2522745,80,1,3,29.9,108,0.019,2.3,0.07,2.37,24,30,29,135,77.3388650311329
89304,"I",2,129,170340.195708,30,2,3,26.3,94.4,0.011,8.6,0.07,8.67,14,21,17,68,26.2955786453013
89310,"I",1,128,21440.7555555,80,2,1,29.6,99.9,183,1.6,0.07,1.67,19,21,14,204,65.1834219241332
89313,"I",1,121,25676.7722625,51,1,7,35.8,123.2,0.035,2.7,0.07,2.77,81,53,63,705,99.3210283636652
89319,"I",1,123,181983.772628,60,1,3,22.5,91.2,0.011,4.1,0.07,4.17,22,25,21,51,13.5766902080982
89320,"I",2,133,31971.089879,65,1,6,20.9,84.6,0.011,4.5,0.07,4.57,20,22,25,76,12.8111755324055
89321,"I",2,126,25968.2857,67,2,4,28.2,97.5,0.011,2.7,0.07,2.77,11,21,19,77,40.0364582227222
89326,"I",2,121,50647.9137795,54,1,4,22.9,NA,0.018,1.6,0.07,1.67,26,32,18,178,NA
89331,"I",1,131,124498.6971115,35,1,3,26.9,92.6,399,1.9,0.07,1.97,29,22,18,200,50.6620456178383
89335,"I",2,127,60221.8370235,37,1,4,29.5,98.2,203,1.4,0.07,1.47,32,28,37,220,78.4631913439998
89345,"I",1,124,50800.0964505,30,2,2,23,86.1,0.011,1.1,0.07,1.17,16,19,10,47,6.52377921363009
89353,"I",1,120,40001.4028285,36,1,1,23.5,81.4,0.011,1.5,0.07,1.57,15,22,10,82,9.01798887572851
89370,"I",2,125,236961.771496,69,1,7,33.2,118.4,0.011,1.9,0.07,1.97,28,29,26,145,90.2660405532699
89373,"I",2,133,38497.35587,63,2,4,32.1,108.1,0.702,10.4,0.07,10.47,18,22,12,65,55.1950349590931
89390,"I",1,119,25539.712283,52,2,2,32.4,113,0.024,1,0.07,1.07,24,19,17,88,74.053463224374
89397,"I",1,132,41108.950237,52,1,1,27.5,96.5,1.12,2.4,0.07,2.47,46,47,29,186,64.3331872052552
89399,"I",1,132,51467.562051,30,2,6,24,73.2,0.016,1.5,0.07,1.57,15,20,8,44,3.13700737733012
89400,"I",2,126,20278.7318745,52,2,4,37.7,124.1,102,3.3,0.07,3.37,16,17,25,126,95.2244587019443
89404,"I",1,130,24657.866431,71,1,3,40.9,139.7,0.011,1.6,0.07,1.67,34,28,15,163,98.4371758297092
89412,"I",2,126,34137.4849335,62,2,4,35.3,120.8,3.51,1.4,0.07,1.47,26,29,30,285,96.7484481233474
89413,"I",2,122,71372.538697,80,1,3,28.7,108.6,0.019,1.3,0.07,1.37,21,34,44,103,75.6584595220833
89414,"I",2,125,40469.0719955,20,1,4,23.6,78.5,185,1,0.07,1.07,13,26,29,41,8.727684513067
89434,"I",2,126,34722.2592605,46,2,6,23.8,77.2,87.3,1.2,0.07,1.27,16,19,25,44,8.10835994011848
89436,"I",1,119,21145.2479135,33,1,6,25.4,92.5,0.033,6,0.07,6.07,49,23,35,351,69.5544314137135
89441,"I",2,125,14219.444457,67,2,2,29.9,106.9,0.011,0.5,0.07,0.57,20,17,21,127,70.6672459007515
89442,"I",1,129,32924.292221,51,1,6,22.5,86.1,137,2.5,0.07,2.57,14,21,43,87,25.0180870246804
89445,"I",2,123,82886.599575,32,1,3,24.4,89.7,0.023,2.7,0.07,2.77,26,43,13,116,22.6620175934417
89455,"I",1,125,13541.598835,65,1,1,25.2,86.2,0.011,1.2,0.07,1.27,17,16,31,68,23.3830605088021
89457,"I",2,122,264891.122179,48,2,3,22.4,83.2,0.029,0.9,0.07,0.97,20,41,11,73,8.23148109001113
89458,"I",2,125,122705.6322235,70,2,7,25.9,93.1,0.011,1,0.07,1.07,22,25,20,91,31.846932146411
89459,"I",1,131,56331.324511,54,1,3,21.5,81.8,136,1.4,0.07,1.47,138,190,43,65,14.9012499505228
89470,"I",1,129,28442.1264355,46,2,4,21.4,77.2,0.023,0.3,0.07,0.37,11,15,15,53,4.97019378375059
89473,"I",2,125,32979.342389,68,2,4,29.6,97.1,0.011,4,0.07,4.07,29,21,25,113,58.2258924797864
89474,"I",1,130,141227.5575765,29,2,3,41.1,127.5,0.011,1,0.07,1.07,14,16,12,178,96.9165544795917
89482,"I",2,125,125567.656427,70,2,3,18.6,76.1,0.132,2.1,0.07,2.17,23,33,15,65,3.90256390498486
89483,"I",1,121,19963.8408755,56,2,1,34.3,102.2,0.011,0.7,0.07,0.77,27,26,52,213,91.5722961361602
89485,"I",1,132,52472.6876385,35,1,4,28.4,96.7,177,2.6,0.07,2.67,25,23,42,61,48.2259844328547
89488,"I",1,123,23234.567234,75,1,6,28.4,119.5,0.03,2.2,0.07,2.27,27,32,23,150,82.6714699683177
89491,"I",1,129,42116.6539175,49,1,4,39.3,116,0.023,3.2,0.07,3.27,32,24,28,136,94.9787913420788
89495,"I",2,129,20560.596954,49,2,4,36.3,120.4,419,0.8,0.07,0.87,14,13,16,72,85.1735919536682
89496,"I",2,122,50079.5495845,48,2,6,21.1,81.2,0.029,0.7,0.07,0.77,16,22,9,291,17.8841577759793
89499,"I",2,130,105134.4704405,57,2,7,47.9,138.2,7.14,3.2,0.07,3.27,33,32,34,175,99.6637384454487
89504,"I",1,130,30862.0751905,80,1,3,28.1,102,0.019,3.2,0.07,3.27,20,30,23,327,79.1834157307596
89508,"I",2,125,53728.538877,20,2,2,16.7,64.5,0.011,2.5,0.07,2.57,13,21,11,29,0.621547493397428
89518,"I",2,133,19379.8004055,57,2,4,40,112,183,3.1,0.07,3.17,150,210,174,151,98.5750330426234
89529,"I",2,125,55876.130263,20,2,2,27.2,92,0.019,2.4,0.07,2.47,14,23,12,77,23.7870431543693
89533,"I",1,126,253754.9679715,38,1,3,34.2,114.6,0.025,1.8,0.07,1.87,27,24,15,125,83.594526770569
89540,"I",2,125,47444.9963485,48,1,3,22.8,94.8,131,2.6,0.07,2.67,33,30,57,347,71.6246265801462
89541,"I",1,126,37493.9102875,44,1,4,35.3,116.7,209,3.2,0.07,3.27,16,24,26,164,92.7323609597453
89542,"I",2,130,22802.191177,62,1,4,29.7,104.4,0.072,1.6,0.07,1.67,24,24,22,146,70.7908056116379
89550,"I",2,122,29996.123088,55,1,6,24.8,93.7,0.044,1.6,0.07,1.67,23,25,16,85,24.8405464204466
89562,"I",1,123,38875.534267,34,2,4,39,113.4,242,1.2,0.07,1.27,15,17,14,67,83.0350763722185
89568,"I",2,127,73809.007361,51,1,1,32.9,114.5,0.011,1.4,0.07,1.47,25,24,62,154,93.4630673719468
89573,"I",1,119,47925.8940925,20,1,2,28.5,99.8,4.03,1.2,0.07,1.27,31,29,20,61,39.520105740209
89574,"I",1,127,16091.5167575,63,1,2,30.7,104.2,0.126,2.7,0.4,3.1,36,27,17,126,66.5549435376205
89589,"I",2,121,157498.9307125,30,2,7,21.1,73.8,1.12,0.6,0.07,0.67,13,21,8,76,3.62472207319644
89594,"I",2,121,114366.862495,21,1,3,24.1,92.4,111,3.8,0.07,3.87,15,22,17,296,48.9816343754662
89596,"I",1,131,43287.8242815,80,2,3,36.4,NA,0.011,2.6,0.07,2.67,19,22,20,341,NA
89597,"I",2,129,29139.003672,65,2,4,29,103.9,93.6,1.2,0.07,1.27,13,21,23,80,55.4793123802128
89598,"I",2,132,178981.3748735,38,1,3,31,98.3,44.6,3.3,0.07,3.37,27,19,25,268,80.4280162741405
89604,"I",1,133,44000.5598695,20,1,1,25.1,88.7,0.015,1.8,0.07,1.87,20,17,22,229,46.0757264867327
89611,"I",1,121,11108.864344,61,2,1,34.7,114.4,96.1,1.6,0.07,1.67,17,17,23,150,89.7331525297886
89635,"I",1,132,40467.599843,65,2,4,26.5,93.3,0.05,2,0.07,2.07,17,17,15,92,29.6722239253736
89636,"I",1,128,185604.9254305,66,2,3,31.2,NA,0.011,2.5,0.07,2.57,20,28,16,110,NA
89637,"I",1,121,25761.138232,40,2,1,27.5,96.2,0.026,0.9,0.07,0.97,12,13,12,95,33.18360961521
89639,"I",1,131,84291.2655855,29,2,3,35.3,117.7,0.027,0.9,0.07,0.97,17,17,20,128,89.7956333299766
89640,"I",1,132,28218.203422,48,2,6,19.8,77.2,0.023,1,0.07,1.07,11,20,16,101,7.50023712090903
89642,"I",1,127,172687.7546725,37,2,3,36.3,112.5,0.011,0.9,0.07,0.97,16,15,8,78,71.2628110041094
89643,"I",2,120,48976.1279285,29,1,2,34.6,120,78.2,2.3,0.07,2.37,105,57,26,527,97.6714315734589
89645,"I",1,132,38392.5151835,54,2,4,39.8,112.8,0.015,2,0.07,2.07,15,20,16,77,86.943419189346
89646,"I",1,124,24954.5082085,71,2,4,26.3,97.9,0.026,5.8,0.1,5.9,18,22,12,114,35.369423754836
89647,"I",1,133,36331.3474195,47,2,3,35.9,114.3,13.6,1.3,0.07,1.37,20,20,51,122,93.7278893183663
89651,"I",1,128,45588.6225955,26,2,2,21.7,71.4,0.016,0.7,0.07,0.77,15,19,16,69,5.12379384583439
89656,"I",2,122,36373.2567145,39,1,6,23,85.8,0.035,1.3,0.07,1.37,29,26,31,97,23.5898748982239
89659,"I",1,122,226903.7196935,43,2,3,22.6,91,0.011,2.7,0.07,2.77,18,25,11,44,7.9250194796592
89672,"I",2,132,38857.0424685,20,1,4,22.7,76.4,101,1.6,0.07,1.67,24,29,17,140,14.2232799020028
89673,"I",2,126,32409.1985065,39,1,7,25.9,90.1,634,2.6,0.07,2.67,32,45,25,111,36.1175708367646
89679,"I",1,130,25538.504518,78,1,3,29.2,109.1,0.884,1.6,0.07,1.67,18,23,22,371,87.5839638724768
89684,"I",1,124,31128.104446,42,2,2,25.2,85.1,0.011,0.7,0.07,0.77,12,16,27,64,19.7487276255756
89692,"I",2,119,26333.9315005,64,2,4,39.2,NA,0.011,1.4,0.07,1.47,20,29,17,82,NA
89694,"I",1,131,100481.0597055,77,2,3,29.3,98.2,0.011,1.5,0.07,1.57,19,22,20,136,59.0249255129283
89710,"I",1,128,16105.771749,79,2,1,35.3,112.8,0.049,1.6,0.07,1.67,15,20,20,126,86.9892932431336
89722,"I",2,130,31891.5705475,48,2,4,37,106.7,0.032,2.2,0.07,2.27,17,21,31,163,91.4748757454994
89726,"I",1,129,26028.6831365,57,2,4,26.9,84,0.033,3.2,0.07,3.27,25,30,14,87,19.733313871389
89733,"I",2,122,31357.1799295,24,1,6,23.9,83.5,0.057,2.1,0.07,2.17,22,25,23,87,18.3906010658629
89735,"I",2,125,175036.8957245,41,1,3,23.1,84.9,608,2.4,0.07,2.47,19,20,16,122,18.7635292420816
89741,"I",1,120,14440.8899365,61,1,2,26.1,93.7,0.011,1.5,0.07,1.57,33,35,28,70,32.967370780697
89742,"I",1,126,30527.325124,45,1,4,26.1,95.7,117,1.4,0.07,1.47,19,28,341,318,93.2988372331563
89749,"I",2,132,53425.244628,20,2,2,21.6,78.6,0.053,0.4,0.07,0.47,37,36,15,107,10.1632662985485
89750,"I",1,128,44919.92792,33,2,1,28.4,90.1,0.017,0.3,0.07,0.37,13,14,10,212,43.437645319504
89755,"I",2,124,31056.080787,60,2,4,37,111.3,258,1,0.07,1.07,18,27,34,285,96.1418950098216
89770,"I",2,126,57206.4727825,67,2,3,37.1,133.4,0.453,11,0.07,11.07,39,30,48,231,98.843622096981
89791,"I",1,124,44677.17166,23,1,2,24.2,84.2,0.011,2,0.07,2.07,44,82,167,95,52.3972664285123
89793,"I",2,130,53593.682243,52,1,2,34.1,113,0.011,1.1,0.07,1.17,37,30,18,183,88.3276172893362
89794,"I",1,119,44277.4849405,29,2,6,21,80,0.011,6,0.07,6.07,12,14,7,167,9.01841594886435
89797,"I",1,128,35212.716065,59,2,1,28.9,101,0.011,1.7,0.07,1.77,20,22,29,294,81.1420986199066
89800,"I",2,119,22291.9792235,60,2,4,34.6,122,9.57,1,0.07,1.07,23,20,19,149,91.7833476726957
89806,"I",2,125,64133.3802035,36,1,3,22.5,84.7,657,3.3,0.07,3.37,11,14,12,118,14.2122179987071
89816,"I",1,126,43699.027113,26,2,1,23.5,82.1,0.061,0.5,0.07,0.57,14,17,17,48,8.28911203987782
89824,"I",2,122,12263.7396525,60,2,1,27.2,88.3,239,0.8,0.07,0.87,14,24,18,370,60.5050803376631
89825,"I",2,131,39508.8527605,23,2,4,20.3,68.5,197,0.3,0.07,0.37,12,19,5,59,1.40451919202718
89829,"I",1,122,42602.9786035,39,2,1,31.7,95.6,0.02,0.7,0.07,0.77,17,17,13,113,51.8724796431508
89849,"I",1,133,38866.7779215,67,2,6,29.2,93.7,0.031,2.7,0.07,2.77,25,27,30,81,47.748268225531
89856,"I",2,121,29428.339492,42,2,1,24.9,NA,0.011,0.5,0.07,0.57,18,23,12,68,NA
89860,"I",1,131,152541.203566,65,1,3,25.8,101.2,297,1.8,0.07,1.87,11,19,21,610,81.7990746718148
89868,"I",2,120,121707.320691,25,2,3,21.3,76.4,0.011,1.6,0.07,1.67,24,26,13,60,4.78088063024671
89883,"I",1,120,149442.6179195,72,1,3,34,NA,0.011,2.5,0.07,2.57,20,17,14,179,NA
89897,"I",1,131,125419.902265,80,2,3,30.3,111.5,0.111,3.3,0.07,3.37,21,26,13,288,83.4053897853907
89898,"I",2,128,24714.020947,26,1,6,24.6,89.3,17.3,1.3,0.07,1.37,18,19,28,51,18.9517660832339
89902,"I",2,125,23309.210271,73,1,3,29.8,109.4,3.16,1.6,0.07,1.67,27,31,31,382,91.1087698623932
89904,"I",1,133,38652.8907545,30,2,6,20.1,71.3,0.018,0.8,0.07,0.87,12,19,17,50,3.19907484426005
89907,"I",1,131,58067.918387,77,2,3,20.2,80.2,388,0.5,0.07,0.57,15,22,10,130,8.35866598092043
89950,"I",2,130,49333.543138,26,2,4,19.9,74.2,92.2,0.8,0.07,0.87,17,18,15,34,2.31735292405473
89953,"I",1,130,61021.280254,65,2,3,48.6,134.5,0.011,3.1,0.07,3.17,19,22,14,121,99.0088823034553
89959,"I",2,128,168840.1877945,32,2,3,24.2,85,0.011,0.3,0.07,0.37,13,14,9,56,7.85341183788608
89960,"I",1,130,189230.967809,69,2,3,28.6,95.7,0.011,1.9,0.07,1.97,15,24,13,292,63.5081665954643
89964,"I",2,120,12005.7769005,63,2,2,23.1,85.3,0.017,1.3,0.07,1.37,18,23,39,167,37.6292525143379
89966,"I",2,126,26343.4889175,69,2,4,48.7,141.3,0.308,2.1,0.07,2.17,11,15,19,105,99.3710294125353
89967,"I",1,124,33163.433297,51,1,2,32.5,112.4,0.011,2.3,0.07,2.37,39,27,36,298,93.8888501500051
89975,"I",1,121,102234.830714,26,1,3,34.4,110.5,6.36,1.2,0.07,1.27,39,26,21,182,88.477896024912
89977,"I",2,133,16004.8986035,67,2,1,31.2,100.8,0.011,1.4,0.07,1.47,22,23,14,91,53.1929558811467
89986,"I",1,130,88571.561801,28,2,3,33,94.5,57.2,0.8,0.07,0.87,15,19,14,207,69.5810009368043
89992,"I",2,129,27336.2228695,70,2,4,44.7,143.6,0.077,1.5,0.07,1.57,15,19,18,51,98.0187226601917
89997,"I",2,132,22091.9874595,71,1,3,30.8,111,389,4.6,0.07,4.67,15,19,13,297,84.3824000174519
89998,"I",1,123,24365.5071735,29,1,6,30.7,117.4,0.045,2.6,0.07,2.67,22,19,26,203,89.5416072466189
90004,"I",1,129,58408.5257195,42,1,1,24.8,91,0.011,1.1,0.07,1.17,26,22,23,102,30.6631253609089
90011,"I",2,128,36661.366926,48,2,6,34.5,99.9,0.011,1.6,0.07,1.67,28,23,17,59,56.5948615717566
90013,"I",1,126,55396.1694205,20,1,4,20.1,75.3,0.027,2.6,0.07,2.67,15,19,7,62,2.58343227005499
90020,"I",2,120,45259.1650845,33,2,2,43,133.7,323,1.9,0.07,1.97,17,20,37,230,99.3899277369219
90027,"I",1,122,275395.38608,51,1,3,39.5,132.9,0.011,5.5,0.07,5.57,27,31,85,226,99.4204109853118
90029,"I",1,125,53820.1126845,52,1,3,24.9,NA,421,1.6,0.07,1.67,18,17,22,250,NA
90045,"I",1,121,201559.4212065,33,1,3,24.3,88.5,0.011,1.8,0.07,1.87,23,24,11,174,26.1433442512499
90057,"I",2,129,228301.3913485,68,1,3,33.8,111.5,0.011,4.6,0.07,4.67,30,27,18,67,72.0120415899949
90059,"I",1,125,36079.7946515,23,1,4,23.9,81.6,17.3,1.3,0.07,1.37,19,23,22,111,19.9320088824073
90060,"I",1,133,27091.0525365,73,1,4,24.6,87.2,0.011,1,0.07,1.07,31,37,16,114,23.1531404579552
90061,"I",1,123,33684.4558035,45,2,2,33.5,105.7,0.084,1.6,0.07,1.67,21,23,17,115,74.4552698120745
90065,"I",1,128,22155.4474075,77,2,1,27.9,103.1,0.011,0.6,0.07,0.67,17,16,15,112,50.962617759489
90068,"I",1,127,13813.2397415,68,2,2,30.9,100.4,0.011,1.8,0.07,1.87,24,22,20,89,57.4419594472077
90071,"I",2,133,30120.7233745,36,1,1,28.1,99.3,0.018,2.6,0.07,2.67,104,59,27,254,74.4081288406791
90074,"I",1,132,23809.95809,42,2,4,42.5,114.8,0.096,1,0.07,1.07,15,19,28,68,93.4662153363191
90075,"I",1,125,24533.3917605,58,2,4,27.8,101.3,636,1.2,0.07,1.27,13,21,24,94,52.4905016931297
90077,"I",2,126,28881.7366455,54,1,4,23.6,84.7,178,5.2,0.07,5.27,13,21,25,83,18.9510791165377
90084,"I",2,123,97712.820874,80,2,3,25.4,95,0.066,2.6,0.07,2.67,22,38,27,283,63.8098772139111
90088,"I",1,127,16765.6810545,60,1,1,33.6,111.2,0.054,1.5,0.07,1.57,23,21,40,217,93.0516961119553
90090,"I",2,120,52562.8410455,34,1,6,28.7,107.9,0.049,2.2,0.07,2.27,36,27,26,196,79.1230174335188
90095,"I",1,129,47367.831089,22,1,1,18.5,72.6,0.148,2.1,0.07,2.17,38,26,19,57,3.36158106702761
90113,"I",1,129,44251.436307,27,2,4,39,115.4,0.067,0.07,0.07,0.14,12,12,26,115,93.4222305485708
90124,"I",1,122,46173.2242105,29,1,4,28.8,93.5,0.025,1.1,0.07,1.17,62,46,156,34,54.9863251907096
90140,"I",1,129,81351.8373675,80,2,3,23.4,85.4,0.011,1.4,0.07,1.47,15,20,15,78,13.3556019665288
90143,"I",1,127,55099.4622605,24,1,2,33.6,109.6,0.011,1.7,0.07,1.77,39,22,23,128,83.3337746636369
90146,"I",1,132,33753.014474,34,2,4,27.6,94.2,505,1,0.07,1.07,14,15,32,72,41.2912343708833
90152,"I",2,119,15261.502952,69,1,2,25.7,96.8,51.2,1.7,0.07,1.77,25,29,13,182,43.9978826528065
90153,"I",1,126,44906.598835,34,2,1,31.1,94.7,0.011,0.8,0.07,0.87,16,17,14,103,47.7200793340207
90158,"I",2,126,27548.2447065,71,1,3,30.6,117.1,0.011,0.6,0.07,0.67,14,20,27,80,77.8540666917925
90163,"I",2,121,81641.2325935,58,1,3,30.8,103.2,266,1.1,0.07,1.17,89,67,82,323,93.5591123129977
90175,"I",2,122,37638.142459,67,2,6,31.9,NA,0.035,0.3,0.07,0.37,19,24,22,461,NA
90181,"I",2,119,38701.0299985,55,2,6,24.3,91.2,0.027,2,0.07,2.07,17,22,14,239,39.6567702975374
90182,"I",1,125,154758.358785,20,1,3,53,145.4,0.011,1.4,0.07,1.47,136,75,44,229,99.9271347882008
90184,"I",2,131,38311.6058795,36,2,4,31.1,109.7,130,0.3,0.07,0.37,10,17,17,50,53.852476781809
90186,"I",2,131,27569.1361025,48,2,4,32.3,99.9,0.024,1.4,0.07,1.47,21,26,23,128,71.3954774233041
90188,"I",1,123,230276.856629,54,2,3,30.6,102.2,0.011,2.1,0.07,2.17,27,24,22,200,76.7395893485667
90204,"I",1,123,30381.972388,44,1,3,28.8,99.4,0.024,2.5,0.07,2.57,24,29,10,129,45.2904353187672
90210,"I",1,129,33908.4599395,53,2,4,49,120.6,219,1.5,0.07,1.57,17,19,15,71,96.9661042801674
90225,"I",1,132,64714.2689795,26,1,4,22.5,72.6,0.023,2.1,0.07,2.17,21,36,12,61,4.44520343919507
90239,"I",1,120,246116.8249255,66,2,3,39,109.8,0.011,1.7,0.07,1.77,22,21,11,230,91.6795147777421
90244,"I",2,127,249160.3310085,54,2,3,17.3,73.3,0.011,1.3,0.07,1.37,29,27,10,313,8.89914274749382
90260,"I",2,125,26001.506856,45,2,4,32.2,97.4,0.011,1.4,0.07,1.47,22,23,36,80,65.5214003510778
90272,"I",2,127,101906.5474865,45,1,3,32.4,100.8,0.011,2.5,0.07,2.57,29,22,24,398,88.972463020635
90282,"I",2,121,32560.8345055,49,2,1,31.6,105.4,0.021,0.5,0.07,0.57,50,29,51,192,88.7658513584347
90285,"I",1,125,33926.759718,62,2,4,34.7,113.9,0.051,2.2,0.07,2.27,17,21,15,115,82.9388602219096
90292,"I",2,125,38355.623642,24,1,4,29.1,97.8,0.024,1,0.07,1.07,40,26,29,143,65.2627615021914
90293,"I",2,129,28110.3736645,48,2,4,30,91.7,0.011,0.4,0.07,0.47,18,20,23,187,62.752915339228
90297,"I",2,131,49164.42596,21,2,4,22.6,71.5,432,0.8,0.07,0.87,15,22,12,64,4.45095308181318
90298,"I",2,129,37426.074525,48,2,6,21.2,83.4,0.011,2.1,0.07,2.17,13,19,10,80,7.25157172573661
90299,"I",1,132,378286.6081395,54,1,3,24.8,94.2,0.02,2.1,0.07,2.17,25,20,26,249,57.2545883341868
90301,"I",1,130,188215.9357985,65,2,3,38.3,131.8,0.047,0.1,0.07,0.17,19,16,28,186,98.0862066242051
90308,"I",2,119,8212.6630875,61,2,2,31.2,110.2,55,1.1,0.07,1.17,32,32,25,196,85.4904312946463
90315,"I",1,121,38163.154742,80,1,3,30,110.2,0.078,3.2,0.07,3.27,21,24,24,76,66.2539457784424
90320,"I",1,133,101600.493233,75,2,3,32.9,105,0.011,1.5,0.07,1.57,20,22,12,88,60.9251008331406
90321,"I",1,129,27453.4367125,44,2,4,31.2,NA,0.016,1.4,0.07,1.47,17,20,15,87,NA
90322,"I",2,132,49938.7663135,26,1,4,23.8,82.3,0.104,4.7,0.07,4.77,28,21,15,32,5.58469356864826
90341,"I",1,125,22618.862858,70,1,3,26,103.7,0.053,2.6,0.07,2.67,13,16,10,77,30.1114288732529
90357,"I",1,122,26410.517551,56,1,6,20.2,79.7,0.025,6.2,0.1,6.3,30,28,35,252,29.0941839606351
90361,"I",1,133,100885.103194,22,2,3,24.9,85.4,3.91,0.1,0.07,0.17,14,17,13,40,8.31296803715404
90363,"I",1,125,56763.139427,80,2,3,27.8,100.7,0.011,1.1,0.07,1.17,14,18,16,219,64.1712365209688
90366,"I",2,131,38529.3052515,28,2,4,33.9,114.6,0.973,0.7,0.07,0.77,15,21,37,139,91.1822436003098
90377,"I",1,126,55671.88544,23,2,1,24.6,94.7,0.211,0.4,0.07,0.47,13,23,9,52,12.3104149295938
90380,"I",2,126,36802.7776595,22,1,4,22.3,77,21.6,1.8,0.07,1.87,60,34,34,55,9.85549685122585
90398,"I",1,122,134851.3107685,23,2,3,22,71.5,0.011,1.7,0.07,1.77,12,16,11,42,2.62417338432169
90399,"I",1,129,33899.509217,62,2,6,20.1,77.7,0.024,2.5,0.07,2.57,18,22,8,134,6.46266044365398
90404,"I",1,124,34753.1534165,58,1,2,29.6,97.3,0.011,1.6,0.07,1.67,24,23,15,119,50.6295850562343
90417,"I",1,128,22155.4474075,76,2,1,31.5,110.1,0.011,0.8,0.07,0.87,22,21,17,158,79.0459974318296
90441,"I",2,123,98345.0285245,80,2,3,24.8,101.2,0.015,3.6,0.07,3.67,20,26,17,161,48.5660318647561
90444,"I",2,133,38497.35587,62,2,4,23.1,83.7,0.025,1.8,0.07,1.87,12,20,25,142,25.6556478251068
90452,"I",1,124,13194.0659,64,1,2,36.5,122.5,0.011,2.7,0.07,2.77,53,26,15,187,93.9948725618463
90484,"I",2,125,30291.7814325,75,1,6,26.1,102.6,0.058,0.9,0.07,0.97,31,39,16,68,33.9081407747609
90500,"I",1,121,17956.367687,72,2,1,33.6,105.6,0.15,2.9,0.07,2.97,56,32,233,138,95.8182300575034
90502,"I",2,123,134842.875134,27,2,3,28.3,91.1,0.011,4,0.07,4.07,41,26,26,44,26.1660870814693
90516,"I",2,133,39993.5662585,28,2,2,29.1,89.7,0.011,2.7,0.07,2.77,15,20,22,90,39.2143044117786
90527,"I",2,129,29688.0713745,38,2,6,19.5,72.5,0.011,1.4,0.07,1.47,16,23,8,316,9.85235206685329
90530,"I",2,127,57164.290618,36,1,2,31.5,99.6,0.065,0.1,0.07,0.17,48,29,41,96,71.6764488361005
90533,"I",2,124,40035.4833855,34,2,4,37.3,106.9,0.011,0.3,0.07,0.37,14,18,12,37,58.194616936514
90539,"I",1,132,48309.4961005,29,1,4,39.9,137.4,10.1,2.5,0.07,2.57,30,25,34,188,99.0102791768473
90542,"I",1,129,49216.3344095,47,2,4,25.6,79.6,0.184,1.6,0.07,1.67,11,16,17,64,12.2374146603049
90544,"I",1,129,60805.0726395,28,2,1,31.9,97.2,0.018,1.1,0.07,1.17,48,28,53,134,79.5598899809549
90545,"I",2,125,22665.907043,80,1,4,26.1,104.5,0.198,1.5,0.07,1.57,16,26,22,149,60.0975011106206
90555,"I",2,120,47269.2827845,36,1,3,29.6,104.5,0.095,2.5,0.07,2.57,40,32,38,909,95.3106685962744
90563,"I",1,128,20360.603208,80,2,1,35.3,119.7,0.022,1.2,0.07,1.27,18,28,19,194,93.3402906542653
90569,"I",1,121,39615.660401,36,2,1,42.1,NA,0.011,0.3,0.07,0.37,29,27,23,188,NA
90572,"I",2,132,47403.02708,39,1,3,31.4,110.3,177,1.3,0.07,1.37,28,30,77,415,96.5420466144651
90573,"I",1,120,42977.834939,34,2,1,26.9,94.9,1.48,0.9,0.07,0.97,21,30,12,207,47.2538658604738
90576,"I",2,125,192644.835851,34,2,3,23.2,81.8,0.011,0.8,0.07,0.87,10,19,18,82,12.8991004502641
90582,"I",1,133,27982.8521915,50,2,6,19.7,74.2,0.015,2,0.07,2.07,22,24,30,228,18.8792722747006
90590,"I",1,133,36083.2155765,61,2,6,20.1,81.4,0.041,0.5,0.07,0.57,15,22,22,53,6.69918275609178
90591,"I",2,131,86411.619315,20,1,3,50.1,145.7,118,0.9,0.07,0.97,32,22,23,81,99.5414202428412
90599,"I",2,132,39863.0321085,40,2,6,19.5,NA,0.027,2.6,0.07,2.67,23,24,13,84,NA
90609,"I",2,131,191580.0243505,49,2,3,28.6,104,0.025,1.7,0.07,1.77,15,22,15,117,55.6046427824549
90613,"I",1,133,24696.6292415,57,1,6,25.5,93.7,0.053,4.7,0.07,4.77,28,28,24,180,49.9082633301412
90618,"I",2,124,38527.8845505,34,2,6,23.2,89,0.064,0.6,0.07,0.67,13,18,10,57,9.1378695101262
90626,"I",1,119,16357.252463,51,2,6,23.6,92.1,0.011,3.5,0.07,3.57,19,19,16,122,26.6129560214806
90630,"I",2,121,287753.539809,52,1,3,30,90.1,1.96,2.4,0.07,2.47,26,34,20,167,55.6923112445405
90631,"I",2,127,65937.255678,28,1,1,30.9,104.7,0.03,1.4,0.07,1.47,76,33,61,131,84.512555994453
90634,"I",2,126,35293.91094,34,1,4,27.3,NA,0.172,4,0.07,4.07,19,21,18,52,NA
90638,"I",2,129,33911.7062315,51,1,1,30.3,101.1,0.015,1.7,0.07,1.77,118,58,27,315,84.2056879654004
90653,"I",1,127,28849.563146,56,2,2,20.5,77.8,502,2,0.2,2.2,11,19,14,111,8.40096192962355
90665,"I",1,125,21019.0832885,66,1,4,28.1,107.3,227,1.9,0.07,1.97,25,21,38,97,69.4084846992419
90670,"I",2,125,98575.6351845,34,2,3,25.3,78.8,286,1.4,0.07,1.47,17,20,9,119,12.7885201739425
90672,"I",1,129,40508.1544055,24,1,2,27.8,92.7,14.4,9.7,0.07,9.77,69,38,61,200,73.7536564078936
90674,"I",1,126,38961.712598,68,2,4,28.5,100.3,212,1.9,0.07,1.97,14,21,18,130,56.1301856586778
90675,"I",2,125,25371.4766895,80,1,3,27.7,106.5,0.059,5.1,0.07,5.17,14,17,16,65,43.0137487602409
90676,"I",2,130,38121.0208815,63,2,4,31.5,100.3,0.233,2.4,0.07,2.47,16,19,16,221,74.7357415304773
90677,"I",2,130,41977.2536825,55,2,4,46.5,NA,0.047,19.2,0.07,19.27,23,20,22,73,NA
90679,"I",2,122,42342.910266,62,2,6,21.3,72.3,0.043,0.6,0.07,0.67,17,24,12,113,6.51900477117991
90691,"I",1,121,232775.91976,61,2,3,25.8,97.9,0.49,1.4,0.07,1.47,21,24,20,106,40.7355906948005
90696,"I",2,124,23429.262862,44,1,6,31.7,109.1,0.019,1.9,0.07,1.97,44,26,39,123,84.0244574249751
90719,"I",1,130,153416.5354715,74,2,3,28.2,100.8,0.024,1.3,0.07,1.37,19,28,13,169,56.159236685386
90720,"I",1,124,26604.656927,44,2,2,31.3,107.1,0.011,0.9,0.07,0.97,27,23,43,362,93.0686230575885
90722,"I",2,122,76787.9863985,31,1,6,30.7,106.6,0.045,1.7,0.07,1.77,56,48,25,264,85.7799497791562
90739,"I",1,121,16360.6226115,70,1,2,29.4,104.8,0.011,4.1,0.07,4.17,18,20,14,63,43.5179487419151
90744,"I",1,121,124886.9951485,20,2,3,29,105.8,0.064,0.9,0.07,0.97,16,17,12,75,44.821860995739
90752,"I",1,127,14973.9088065,73,1,1,28.8,107.2,0.074,2,0.07,2.07,39,27,21,143,70.1689904995064
90754,"I",1,127,52692.3955705,27,2,1,26.6,90.3,0.136,0.4,0.07,0.47,20,21,20,104,33.5222100441098
90760,"I",1,124,12545.608899,61,2,2,27,88.1,195,4,0.07,4.07,24,23,22,74,26.8635311520675
90793,"I",1,124,25745.686291,53,2,2,37.1,118.1,0.018,1.5,0.07,1.57,21,19,22,200,94.9782285003763
90794,"I",1,121,37110.3616635,33,2,6,22.7,77.8,0.025,0.7,0.07,0.77,15,21,13,67,6.80146295550336
90797,"I",1,127,14391.9541775,62,2,1,43.1,126.8,0.011,0.5,0.07,0.57,26,28,20,289,98.9199893215724
90804,"I",2,132,45985.4980535,27,2,4,42.6,131.8,17.4,0.8,0.07,0.87,15,18,17,67,96.0951491412076
90808,"I",2,131,57921.3953495,48,2,3,22.6,78,0.048,5.1,0.07,5.17,15,22,11,50,4.6541422013947
90811,"I",1,124,11511.033118,64,2,2,28.2,97.1,0.011,2.8,0.2,3,26,19,19,191,60.8407651173337
90814,"I",2,126,69052.468164,80,2,3,33.3,113.2,0.011,1.4,0.07,1.47,13,19,20,230,90.1741430994868
90819,"I",2,119,23076.281269,51,1,6,26.5,97.5,0.037,3,0.07,3.07,31,29,31,195,64.4917304740746
90831,"I",2,126,25311.7624065,80,1,3,32.4,116,0.011,0.9,0.07,0.97,10,21,16,268,90.2518739548005
90837,"I",1,132,38475.2669075,23,2,4,28.1,88.8,3.57,0.2,0.07,0.27,12,17,11,51,15.9228269610455
90848,"I",1,125,27917.979193,45,1,6,29.4,102,0.011,1,0.07,1.07,48,31,63,370,91.3563204034923
90852,"I",1,119,39095.374217,34,2,6,26.3,96.1,106,1.2,0.07,1.27,34,31,41,258,72.3585112865232
90856,"I",2,129,28506.976239,42,2,2,20.6,69.8,0.244,1.4,0.07,1.47,23,24,11,79,3.56939543407236
90863,"I",1,121,24645.4204715,53,2,4,25,93.5,543,1,0.07,1.07,13,20,31,95,37.5415665678702
90875,"I",2,124,34083.978421,46,1,4,25.2,83.2,0.83,1.6,0.07,1.67,21,25,11,181,23.9259507412404
90886,"I",1,120,41701.4481015,35,1,1,32,103.9,0.163,2.2,0.07,2.27,37,31,23,305,87.129324201112
90889,"I",2,124,225563.926678,47,2,3,33.9,107.8,0.011,1.2,0.07,1.27,13,19,7,368,84.6585335713429
90891,"I",2,131,40610.1310935,27,1,4,20.6,73.3,460,1,0.07,1.07,14,17,18,70,5.35249296112335
90907,"I",2,120,99412.467428,24,1,3,24.4,96.3,365,2.3,0.07,2.37,19,19,16,326,56.3685192261566
90913,"I",1,133,24037.2336125,25,1,6,25.2,91.3,0.023,1.5,0.07,1.57,35,49,29,117,39.0019599292238
90915,"I",2,125,125055.140975,49,1,3,24.9,93.9,0.011,2.1,0.07,2.17,49,34,56,298,73.3476395906476
90925,"I",1,124,33167.997999,23,2,2,36.5,111,0.011,0.9,0.1,1,19,21,37,202,94.5982611146742
90926,"I",1,129,39818.738919,28,2,6,36.3,109.9,0.018,1.1,0.07,1.17,14,16,10,242,88.1802770564646
90937,"I",2,129,98684.691198,23,1,3,22.7,75.6,0.025,2.7,0.07,2.77,20,29,11,76,6.09953774160931
90941,"I",1,125,46761.4546865,65,1,3,29.6,114.2,216,1,0.07,1.07,22,22,101,162,92.9833584154631
90942,"I",2,133,24776.328681,79,1,3,24.2,96.4,0.011,3.3,0.07,3.37,17,24,8,153,27.1909980945486
90955,"I",1,120,14440.8899365,61,1,1,30.7,100.4,0.011,1.3,0.07,1.37,26,16,15,368,80.5069117107535
90971,"I",2,127,249160.3310085,58,2,7,24.5,88.9,190,1.5,0.07,1.57,22,25,31,87,28.7780779476069
90975,"I",1,126,122456.9127565,80,2,3,26.1,108.2,0.011,0.7,0.07,0.77,23,23,38,225,80.0724801984725
90981,"I",1,120,13848.1102095,61,2,1,30.8,93.5,0.011,0.9,0.07,0.97,16,19,39,321,83.5114927509282
90982,"I",1,127,14391.9541775,62,2,1,51.6,138.4,0.011,1,0.07,1.07,27,29,17,224,99.7411657492195
90994,"I",2,124,138389.495453,21,2,3,22.1,73.5,318,1,0.07,1.07,17,22,15,43,3.73701666700557
90999,"I",1,127,14391.9541775,66,2,1,29.4,95.2,0.025,1.4,0.07,1.47,17,21,23,326,76.0131037490951
91013,"I",2,119,19657.3065485,22,1,6,24.1,89.6,0.022,0.6,0.07,0.67,27,23,19,67,17.8708700751709
91025,"I",2,129,37860.9461655,26,2,4,33.9,100.1,203,0.7,0.07,0.77,11,14,19,74,61.9701448398719
91027,"I",1,131,213389.2001245,54,1,3,26.4,96.9,541,2.4,0.07,2.47,32,40,35,79,44.4510436254679
91037,"I",1,123,15298.5456425,61,1,4,40.2,133.8,0.011,3.1,0.07,3.17,27,25,13,70,94.3993398449231
91040,"I",1,120,35494.4647845,68,2,6,30.2,103.4,0.011,2.2,0.07,2.27,25,26,17,91,56.6134300182066
91050,"I",1,127,20568.1602135,75,2,2,36.6,107.9,0.108,2.1,0.07,2.17,15,16,9,103,74.1849562831467
91062,"I",1,124,14367.425677,65,1,2,35.9,122.7,0.011,2.4,0.1,2.5,27,28,29,275,97.12152184825
91063,"I",1,125,23886.1690205,71,1,4,25.5,95.6,38.1,2.4,0.07,2.47,19,24,20,82,31.3639064676352
91069,"I",2,126,25965.4924435,58,2,4,38.1,108.8,0.13,1.8,0.07,1.87,19,23,17,92,84.0346933357386
91080,"I",1,119,42767.2279275,29,2,4,32.6,99.9,0.068,2,0.07,2.07,13,17,13,39,35.7577948517523
91110,"I",2,123,36783.8211705,24,1,6,27.5,95.8,0.024,1.8,0.07,1.87,25,36,10,164,41.7834050706515
91123,"I",1,130,74148.9747355,56,1,3,40.1,NA,0.018,0.07,0.07,0.14,10,14,11,214,NA
91126,"I",1,132,34877.770504,44,2,4,39.1,104.8,0.022,0.7,0.07,0.77,17,21,17,98,83.8623428977959
91139,"I",2,123,117767.157444,32,2,3,30.9,100.5,0.011,0.4,0.07,0.47,21,20,12,280,73.7054968008662
91140,"I",2,128,30019.5539455,28,1,6,25.7,85.5,158,3.4,0.07,3.47,37,26,75,88,43.1841562819159
91144,"I",1,127,42044.6912735,30,2,1,32,102.5,0.011,0.5,0.07,0.57,19,21,10,52,39.0381558576798
91153,"I",2,130,41454.6037225,80,2,4,30.2,108.8,0.073,4.6,0.07,4.67,16,26,23,74,63.928423657086
91155,"I",2,129,29330.8430155,44,2,4,38.2,108.2,23.5,1.7,0.07,1.77,24,27,18,116,87.0440410234665
91172,"I",1,122,275395.38608,55,1,3,31.1,106.1,0.02,3,0.07,3.07,29,33,16,173,75.0822839328889
91174,"I",2,133,59599.3799695,26,2,2,18.7,72.1,0.011,0.4,0.07,0.47,44,40,9,35,1.26352867724383
91176,"I",2,129,59597.176064,34,1,3,23.2,88.6,235,1.5,0.07,1.57,20,25,21,103,22.7666227244076
91177,"I",2,121,41431.8003375,52,1,4,41.1,126.8,0.016,1.1,0.07,1.17,45,30,31,87,96.8012916497176
91180,"I",1,120,155940.1230475,71,1,7,35.3,115,152,1.7,0.07,1.77,25,16,25,394,96.3148641145515
91183,"I",2,122,60095.148252,46,1,1,31.3,106.2,0.011,1.5,0.07,1.57,38,26,53,241,90.9864457181607
91184,"I",2,131,34452.6306255,59,1,4,30.1,103.1,0.011,1.5,0.07,1.57,22,19,21,79,56.2976499135524
91187,"I",2,125,44372.573276,63,1,3,35.3,123.9,0.02,1.1,0.07,1.17,29,26,33,100,93.2618116335453
91192,"I",1,121,45727.086614,21,1,1,22.9,77,0.011,0.6,0.07,0.67,23,25,19,92,11.329389593667
91206,"I",1,127,52314.812438,38,1,2,29.4,94.5,3.51,8.4,0.07,8.47,46,31,22,167,60.9905874743043
91211,"I",1,120,30178.0988995,40,2,1,52.8,149.2,0.011,1.4,0.07,1.47,50,39,39,229,99.9332013464485
91213,"I",2,130,25842.4833335,63,1,4,27.4,98.5,0.086,4.5,0.07,4.57,14,22,16,66,32.4659442782632
91216,"I",2,123,37557.190006,29,2,7,34,104.3,0.03,1.4,0.07,1.47,16,21,16,305,87.5563902275042
91220,"I",2,128,34950.605498,65,1,6,23.9,96.9,0.055,1.8,0.07,1.87,29,28,21,73,26.6505534339499
91226,"I",2,131,25033.810314,53,2,4,35.5,108.7,0.268,1.4,0.07,1.47,23,21,21,51,70.7567040182254
91232,"I",1,127,52776.4954115,26,1,2,21.1,83.8,27.9,1.4,0.07,1.47,30,20,14,40,4.92493941713833
91249,"I",2,127,178699.3168275,29,2,3,22.1,79.5,0.024,0.5,0.07,0.57,16,17,7,31,2.20996347603919
91261,"I",2,127,67112.323824,44,2,3,31.7,102.8,0.011,1,0.07,1.07,24,25,65,95,80.9498482406348
91267,"I",1,127,17494.623709,66,1,1,23.4,83,0.011,1.5,0.07,1.57,27,29,13,75,10.5533388986137
91282,"I",1,126,345709.9042135,50,1,3,24.8,90.9,0.015,1.6,0.07,1.67,34,21,58,223,64.2982516589281
91284,"I",1,123,92964.563156,29,2,3,25.3,83.4,0.023,1.3,0.07,1.37,11,17,11,50,8.64119904438599
91288,"I",2,132,37172.887719,44,1,6,29.8,109.4,0.077,1.1,0.07,1.17,53,42,58,201,89.7048105911276
91291,"I",2,124,65354.4325675,32,2,7,38.4,127.9,130,0.6,0.07,0.67,16,26,12,174,95.5724688714989
91292,"I",2,128,33912.226575,48,1,7,30.7,114.5,0.019,3.8,0.07,3.87,21,21,65,70,83.7102591355259
91293,"I",1,125,21019.0832885,62,1,4,27.7,105.6,224,0.8,0.07,0.87,22,21,24,145,67.409605100871
91295,"I",2,127,22127.2457205,72,1,1,36.7,114,279,1.4,0.07,1.47,22,21,27,179,93.751402245672
91302,"I",2,125,13769.9574095,62,1,2,37.2,126.2,0.011,2.3,0.07,2.37,35,26,35,130,96.463066990353
91303,"I",1,128,19570.2875365,78,1,1,25.6,96.9,0.011,1.3,0.07,1.37,46,36,16,183,47.6132903861637
91304,"I",1,133,52055.638879,38,1,2,26.1,92.3,0.011,1.7,0.07,1.77,44,45,21,800,79.1039404513583
91305,"I",2,131,39385.5120355,22,2,4,20.3,70.4,5.55,1.4,0.07,1.47,11,19,11,69,3.12100489400876
91310,"I",2,131,185032.1495235,65,1,3,27,98.7,0.011,5.1,0.07,5.17,28,28,16,61,29.8904810663925
91319,"I",1,121,41701.4481015,31,1,1,27.1,93.3,0.011,0.4,0.07,0.47,14,14,13,119,34.5911054048606
91323,"I",2,124,45039.7613365,26,2,4,31.5,106.9,186,0.07,0.07,0.14,16,22,16,70,58.3883126017427
91326,"I",1,120,38687.6991205,34,1,1,33.9,108.7,1.31,0.9,0.07,0.97,37,22,54,137,90.7293917572085
91328,"I",2,129,29330.8430155,45,2,7,25.3,93.7,0.011,1.3,0.07,1.37,21,27,14,153,36.0464305389691
91336,"I",1,126,146942.77464,25,2,3,29.9,98.2,123,1.1,0.07,1.17,9,16,8,34,17.7900154203579
91343,"I",1,123,17073.225039,63,1,4,34.9,121.5,1.72,2.5,0.07,2.57,45,46,22,79,87.3144485044878
91345,"I",1,125,50196.6856635,21,1,1,28.9,97,6.18,4.1,0.07,4.17,22,21,12,183,54.0387635750725
91350,"I",1,128,47012.6399055,23,1,1,40.2,126.9,86.5,1.4,0.07,1.47,29,23,27,260,98.5716171960749
91356,"I",1,125,31071.164655,53,2,2,19.6,76.8,0.017,0.2,0.07,0.27,13,19,38,202,21.7612527621255
91364,"I",2,124,212391.5856,41,1,3,18.6,68.2,345,1.2,0.07,1.27,12,16,12,81,2.73069589031973
91365,"I",1,120,27845.247517,58,1,1,37.4,126.4,0.011,2.3,0.07,2.37,25,21,15,112,93.0468573320502
91383,"I",2,121,157779.2264155,48,2,3,25.2,90.4,0.011,3.4,0.07,3.47,13,23,15,74,19.7048262748819
91389,"I",2,127,48127.90773,54,2,1,41.8,127.6,0.011,1.2,0.07,1.27,20,26,11,106,95.2299888675374
91397,"I",1,124,31756.5282325,49,2,2,32.2,96.2,0.011,2.2,0.07,2.27,22,22,17,244,75.0718599519246
91413,"I",1,123,21669.755104,40,1,4,36.3,129.7,0.129,1.9,0.07,1.97,29,23,16,291,97.2673612638794
91414,"I",1,124,27542.622631,59,2,4,32.1,94.8,0.011,3.8,0.3,4.1,16,23,21,69,49.0593762178833
91416,"I",2,127,19830.0998045,73,2,2,26.9,100.7,0.078,0.7,0.07,0.77,65,78,52,472,88.4504288552797
91420,"I",2,121,157254.8560785,56,2,3,31.7,99.8,0.011,1.2,0.07,1.27,87,60,40,172,81.8300838928328
91421,"I",1,126,34992.6121815,41,2,4,49.5,153,264,0.8,0.07,0.87,16,17,10,217,99.7587793512195
91427,"I",2,130,52708.463419,36,1,4,19.6,71.1,0.662,0.6,0.07,0.67,23,32,21,30,2.13527278276635
91428,"I",1,121,198885.326384,22,1,3,34.7,114.5,227,1.5,0.07,1.57,18,22,12,52,66.7410929802264
91432,"I",1,131,44462.9112275,80,1,3,27.9,98.5,0.011,1,0.07,1.07,26,38,28,90,50.8609512489276
91433,"I",1,128,14093.5541335,64,2,1,39.2,104.4,0.095,2.9,0.07,2.97,15,15,17,281,93.3677332651882
91442,"I",1,131,142636.3249585,47,1,3,35.6,109.9,0.011,1.5,0.07,1.57,40,26,24,84,82.2373415160491
91445,"I",2,131,38529.3052515,25,2,4,24.6,83.2,289,0.3,0.07,0.37,15,18,16,58,11.3479795533021
91447,"I",1,133,14117.0441125,66,2,2,35.7,108.9,0.011,0.9,0.07,0.97,25,28,32,185,92.073659717429
91451,"I",2,125,40469.0719955,20,1,7,20,75,15.4,1.5,0.07,1.57,15,23,11,75,4.0943967250492
91453,"I",1,132,37388.5719295,43,2,2,23.9,82.5,0.019,1.7,0.07,1.77,22,19,26,70,15.9457415244843
91457,"I",1,127,40886.0622055,39,1,1,43.8,129.8,242,0.9,0.07,0.97,19,15,17,148,98.2349628969686
91474,"I",1,124,12124.64938,62,2,1,24.5,83.7,309,1.4,0.07,1.47,16,16,9,45,6.3088909275747
91481,"I",2,130,71739.900447,80,1,3,27.5,99.3,0.032,3.7,0.07,3.77,47,43,43,131,66.5300283588426
91484,"I",1,124,41674.8823555,21,1,4,26.9,83.5,0.022,0.7,0.07,0.77,21,24,18,62,17.1938010708392
91487,"I",1,133,157715.476824,37,2,3,22,83.5,0.041,3.4,0.07,3.47,19,24,19,44,7.30293768629381
91489,"I",1,129,29836.4744085,74,2,4,37.6,108.5,0.016,1.3,0.07,1.37,16,28,30,99,88.6261382791966
91493,"I",1,127,63405.5762505,62,2,3,43.8,135.9,51.2,0.7,0.07,0.77,24,23,22,395,99.5777710842617
91497,"I",1,130,65174.6326365,31,2,1,22.4,85.2,0.016,0.9,0.07,0.97,18,24,13,156,18.8214543757436
91503,"I",1,125,73628.53298,80,1,3,21.5,99.2,0.011,0.6,0.07,0.67,13,13,20,154,36.6386955580251
91512,"I",1,131,205181.9231965,53,1,3,48.2,141.8,67.3,2.2,0.07,2.27,39,26,48,41,99.1745896944312
91530,"I",1,125,36233.6737145,26,2,4,34.4,103,0.274,0.9,0.07,0.97,32,28,26,101,77.4364734004459
91532,"I",2,127,132017.9698225,22,1,3,30.6,103.8,23.6,1,0.07,1.07,31,23,31,119,73.6897962726413
91539,"I",2,123,79748.5244065,40,1,2,33.5,107,0.056,1.4,0.07,1.47,40,26,29,261,90.9142239937189
91542,"I",2,119,25499.50115,80,2,4,22.8,89.1,0.044,2.6,0.07,2.67,10,23,22,53,13.5820853993577
91547,"I",2,119,28196.514363,54,1,2,31.2,98.5,0.073,2.3,0.07,2.37,28,31,40,161,78.6422397967291
91555,"I",1,124,36457.1933085,35,2,2,26,89.5,50.7,1.5,0.07,1.57,15,22,30,151,45.9098453453484
91557,"I",1,123,21827.5095695,60,1,4,32.4,108,330,2,0.07,2.07,14,16,20,151,80.4553920860408
91568,"I",1,123,13362.7828515,75,2,2,44.7,NA,0.064,1.7,0.07,1.77,14,20,27,148,NA
91572,"I",2,127,99208.5479455,80,2,3,23.1,NA,0.011,1.9,0.07,1.97,13,23,12,63,NA
91578,"I",2,129,20012.6246245,69,1,4,26.5,104.5,0.011,4.8,0.07,4.87,23,22,352,94,88.2554599972668
91583,"I",2,123,35116.7403255,46,2,6,31.1,111.5,0.016,1.4,0.07,1.47,59,51,112,365,97.0627513127427
91585,"I",1,132,43480.088971,42,1,4,30.5,100.7,258,2.5,0.07,2.57,40,22,26,191,76.4287266883134
91597,"I",2,123,149960.0787225,23,2,3,24.8,82.1,0.017,1.6,0.07,1.67,12,18,17,141,23.2172468846295
91606,"I",2,125,21331.9763135,50,2,6,23.4,86.6,325,3.8,0.07,3.87,15,22,32,173,37.6808974840909
91619,"I",1,129,37679.741322,20,1,4,19.8,71.3,29.1,2.7,0.07,2.77,13,21,18,66,4.12542370806475
91624,"I",2,130,60053.158062,39,1,1,21.7,83.2,0.042,0.9,0.07,0.97,14,19,19,267,29.3106324371545
91628,"I",1,133,37562.233746,31,1,6,32.2,99.8,0.021,1.9,0.07,1.97,50,37,36,186,82.8253992659674
91633,"I",1,131,39634.7526855,42,2,6,28.9,84,0.148,2.4,0.07,2.47,21,24,9,137,26.7067743452266
91642,"I",1,123,171929.849011,34,2,3,24.6,99,0.011,0.6,0.07,0.67,21,21,15,208,48.8115697344389
91646,"I",2,119,20540.5934875,72,1,4,25.5,101.5,0.011,2.3,0.07,2.37,18,24,22,100,44.6974063793379
91647,"I",1,129,57362.537114,57,1,4,23.8,95.8,0.02,3.6,0.07,3.67,19,22,43,117,46.9909765695376
91652,"I",2,127,43953.629651,58,2,1,29.8,98.7,0.011,6.2,0.07,6.27,31,29,27,161,69.7893989463156
91667,"I",1,131,143376.296304,60,2,3,24.2,91.2,170,0.8,0.07,0.87,15,22,15,245,41.0833481199906
91669,"I",1,122,57319.9847345,33,1,1,22.8,80.7,0.011,2.3,0.07,2.37,18,26,19,103,14.5829077024534
91670,"I",1,121,66053.4485905,48,1,3,31.6,100.1,381,2.1,0.07,2.17,52,27,132,357,95.5213750671472
91672,"I",2,120,54061.2223355,26,1,4,22.2,80.8,284,1.8,0.07,1.87,14,25,23,175,23.0857766532216
91674,"I",1,128,203252.6063,63,2,3,35.4,114.2,0.07,3.3,0.07,3.37,14,16,20,132,88.4161832458403
91675,"I",1,123,26343.7098795,48,2,2,31.9,104,0.034,1.7,0.07,1.77,15,20,11,201,72.6480432226641
91683,"I",2,133,39788.303711,59,2,4,23.4,85.7,0.011,2,0.07,2.07,16,22,46,82,26.8601018998142
91699,"I",2,120,43002.087894,47,1,7,30.2,108,0.019,8,0.07,8.07,69,40,288,683,98.859863376975
91702,"I",1,127,42334.0549625,59,2,1,38.9,126.9,0.019,0.3,0.07,0.37,18,19,25,106,95.8640353503046
91704,"I",2,127,71128.410869,50,1,4,18.1,69.5,559,1.6,0.07,1.67,14,27,55,158,13.6616445204655
91712,"I",1,122,198737.530809,35,1,3,26,97.9,0.011,2.6,0.07,2.67,31,25,26,672,83.2198535180354
91722,"I",2,126,115778.0176185,25,2,3,30.1,96.8,181,0.7,0.07,0.77,88,55,18,48,33.935754661518
91724,"I",2,120,172734.688906,38,2,3,26.9,NA,0.053,4.4,0.07,4.47,15,19,8,104,NA
91725,"I",2,132,262077.039885,57,2,3,33.2,117.1,0.011,2.2,0.07,2.27,16,16,10,226,86.9338884270009
91727,"I",2,123,96136.8928425,80,2,3,28.6,99.5,0.399,3.5,0.07,3.57,25,23,34,188,73.6169987038931
91737,"I",2,125,79197.1455755,80,2,3,19.6,81.9,0.011,2.7,0.07,2.77,23,55,37,63,10.5377420460374
91743,"I",1,121,42165.0713645,51,1,1,35.4,112.4,0.011,1.5,0.07,1.57,46,27,41,162,93.3864399103403
91753,"I",2,123,57572.3350035,48,2,3,21,80.8,255,2.3,0.07,2.37,53,55,31,175,23.9402849380872
91756,"I",2,127,16632.5357415,63,2,1,25.2,91.2,0.011,14,0.07,14.07,17,22,19,126,33.5031267907533
91771,"I",1,122,40866.180585,39,2,1,29.6,92.9,0.028,0.3,0.07,0.37,28,23,27,140,59.1192210014867
91776,"I",2,133,15385.068767,80,1,1,21.5,85.7,0.011,2.5,0.07,2.57,18,25,14,90,11.5961925717397
91785,"I",1,123,33789.364318,34,2,7,24.3,84.5,0.065,1.9,0.07,1.97,21,23,34,76,22.6236690636577
91801,"I",2,123,91627.255705,79,2,3,21.5,79.5,0.023,1.8,0.07,1.87,19,29,11,104,8.35389431349068
91803,"I",1,122,189412.069723,37,2,3,41.3,118.5,0.011,0.9,0.07,0.97,25,27,38,197,98.0599780333247
91811,"I",2,131,29267.4166985,49,1,4,31.2,110.7,0.251,2.1,0.07,2.17,30,30,46,201,90.5673278092101
91816,"I",1,125,51944.312083,29,1,1,34.8,110.5,117,1.8,0.07,1.87,66,38,158,237,97.8005105846131
91826,"I",1,125,22563.6229985,42,2,4,27.1,92.2,442,0.6,0.07,0.67,15,16,44,65,40.221105955622
91832,"I",1,132,58965.5371975,30,1,4,27,94.3,0.044,3.4,0.07,3.47,36,25,35,241,68.6896836954367
91837,"I",1,131,124831.2284255,72,1,3,17,69.8,0.011,2.4,0.07,2.47,16,21,11,54,1.53766448446765
91838,"I",2,121,211212.5118295,47,2,3,22.6,82.5,0.011,1,0.07,1.07,22,27,13,39,5.22479573883611
91843,"I",2,120,52176.306266,38,1,7,21.7,81.1,0.04,1.2,0.07,1.27,24,33,25,52,8.67711832243311
91852,"I",1,123,22505.108386,24,2,4,34,106.1,0.555,1.4,0.07,1.47,13,16,11,131,72.552828702246
91858,"I",1,128,43585.8634005,33,1,1,45.5,133.4,53.1,1.3,0.07,1.37,57,53,7,265,98.7436867263197
91859,"I",2,130,38857.7637805,55,1,4,26.4,95.2,76.6,0.9,0.07,0.97,22,25,39,50,33.8227115323651
91867,"I",2,132,116501.8733145,20,1,3,21,77.8,183,2.4,0.07,2.47,23,27,16,71,6.60169122935495
91868,"I",2,127,65741.340205,57,1,3,36,120.1,0.05,1,0.07,1.07,55,30,30,228,96.2331185350604
91875,"I",2,119,199201.471795,69,2,3,22.1,88.2,0.011,1.9,0.07,1.97,23,28,23,169,29.766920787197
91880,"I",1,129,33544.6399745,55,2,4,25.8,85.2,0.011,2.3,0.07,2.37,19,29,13,89,17.8888544434052
91899,"I",1,131,26806.788883,48,2,6,21,82,0.011,1.3,0.07,1.37,12,21,9,46,3.71942498566724
91900,"I",2,127,61102.640205,46,2,1,36.6,119.5,0.011,0.4,0.07,0.47,30,24,49,127,95.6342343171897
91903,"I",1,119,24084.5335195,50,2,4,31.9,108.3,0.028,0.8,0.07,0.87,20,24,23,89,72.2712236890815
91928,"I",1,132,33753.014474,38,2,4,24.4,87.7,1.24,0.7,0.07,0.77,17,17,14,55,12.0101608794778
91930,"I",1,124,31426.4929975,34,1,2,20.2,80.1,22.4,2.3,0.2,2.5,21,21,19,93,9.46423082471798
91931,"I",2,125,37184.058754,55,1,4,33.3,107.5,239,3.7,0.07,3.77,22,27,34,87,79.7240734636242
91945,"I",1,123,55365.553215,39,2,2,44.7,120.5,0.011,4,0.07,4.07,208,169,57,213,99.236253111093
91950,"I",1,126,251978.4579625,61,1,3,27.7,113.3,0.023,1.7,0.07,1.77,19,27,13,81,53.4879178317889
91954,"I",2,127,85527.505641,80,2,3,35.6,113.5,0.035,3.5,0.07,3.57,10,17,20,145,89.2127879507848
91956,"I",1,126,28877.6280235,61,1,4,26.9,97.1,556,0.1,0.07,0.17,14,21,10,85,27.4383026089297
91957,"I",2,119,43462.5098135,23,2,4,20.1,72.7,0.06,1.6,0.07,1.67,17,23,21,36,2.93994413132876
91965,"I",2,123,60049.620216,38,1,3,21.4,78.5,231,2.8,0.07,2.87,50,41,26,54,7.80540625590528
91968,"I",1,120,54967.8017375,27,1,1,44.2,135,15.9,1.4,0.07,1.47,20,18,15,58,96.6682336109815
91974,"I",2,130,35172.202324,40,1,3,31.3,107.7,94.2,3.5,0.07,3.57,27,26,22,229,84.7031459146602
91985,"I",1,120,55838.9061625,25,1,1,28.9,93.4,0.036,1.5,0.07,1.57,45,36,30,205,67.6380693846083
91991,"I",1,121,19003.2928395,76,1,1,30.3,113.7,0.011,1.3,0.07,1.37,29,27,12,295,84.5096763061537
91993,"I",1,121,62422.458297,39,2,1,46,147.2,0.039,0.9,0.07,0.97,81,62,26,148,99.613629149101
91994,"I",1,122,47327.6077875,30,1,6,21.6,79.8,0.011,1.3,0.07,1.37,14,18,16,119,12.2606385101739
92005,"I",2,120,65764.7095355,33,1,4,23.2,NA,0.038,3.5,0.07,3.57,29,26,17,149,NA
92025,"I",1,133,43519.357985,22,1,1,45.3,131.1,0.026,0.9,0.07,0.97,36,35,26,85,98.3261439266977
92037,"I",2,129,36898.2534385,26,2,4,28.6,90.4,0.28,1.3,0.07,1.37,12,17,13,31,13.4216982710226
92038,"I",1,122,196040.656318,39,1,3,34.8,123.2,200,1.3,0.07,1.37,32,26,42,524,98.6246979829009
92041,"I",2,131,90526.45833,29,1,7,37.8,122.6,3.44,1.2,0.07,1.27,28,25,30,188,96.8913114801365
92044,"I",2,120,33331.692672,21,1,7,21.7,77.5,308,1.8,0.07,1.87,17,19,20,46,5.61696968563073
92049,"I",2,130,29476.509613,56,2,4,29,102.3,373,1,0.07,1.07,20,24,26,108,62.4638699992038
92051,"I",2,133,29892.922674,36,2,1,29.1,91.1,0.011,1.5,0.07,1.57,32,33,13,106,35.7574091119648
92060,"I",1,119,25553.426314,65,1,4,28.1,108.5,166,2.8,0.07,2.87,40,92,224,85,88.3994015514532
92089,"I",1,126,77461.5366785,61,2,7,42.6,134.9,0.127,3.5,0.07,3.57,25,26,10,448,99.1814924178506
92103,"I",1,125,24564.105695,72,1,3,35.2,123.4,0.026,1.2,0.07,1.27,119,118,156,181,98.6183300674412
92112,"I",1,132,204662.258582,41,1,3,35.1,118.2,0.011,2.7,0.07,2.77,41,31,17,58,78.6230112656392
92121,"I",2,128,27512.8065365,57,1,4,33.5,114.8,0.011,5,0.07,5.07,20,21,19,113,83.4133163066557
92131,"I",2,133,14690.486641,61,2,1,39.2,121.1,0.011,0.9,0.07,0.97,18,18,14,189,95.3127970645212
92139,"I",1,131,83818.7463925,73,1,3,23.4,90.3,0.011,2.8,0.07,2.87,25,27,27,72,22.0212867243348
92140,"I",2,131,57697.2413415,48,2,3,27.6,94.3,269,1.2,0.07,1.27,29,22,26,210,62.8177642733056
92146,"I",1,128,17577.7132285,69,1,1,34.2,116.7,0.011,1.3,0.07,1.37,15,19,9,88,73.8542949476523
92155,"I",1,124,73266.3461335,24,2,2,23.7,94.5,0.011,1,0.07,1.07,27,19,14,108,25.2507036179486
92157,"I",1,125,63325.6574755,51,1,3,18.9,75.2,115,1.1,0.07,1.17,13,18,14,154,8.03766105055775
92166,"I",1,120,41601.4589415,34,1,1,46.3,132.4,0.015,0.9,0.07,0.97,58,33,25,200,99.3746552546412
92167,"I",2,130,55585.2806015,55,1,4,25,94,0.017,3.5,0.07,3.57,24,17,14,84,23.674863960883
92168,"I",1,126,244572.1218155,69,1,3,38.5,129.3,0.011,1,0.07,1.07,20,25,17,159,96.5253532604115
92174,"I",2,127,76092.0783265,29,1,1,33.7,111.9,0.011,1.7,0.07,1.77,56,33,30,186,90.8228674455812
92179,"I",2,122,40969.169139,37,2,6,21.6,75.1,0.022,0.6,0.07,0.67,13,20,8,230,11.0389236243901
92190,"I",2,125,35671.713523,27,2,7,25.1,83.4,0.126,1.2,0.07,1.27,17,21,15,155,25.253534152005
92194,"I",2,123,25568.1078335,47,2,4,24.5,86.3,0.044,1.2,0.07,1.27,11,18,11,130,19.7000019356595
92199,"I",2,123,86016.59238,47,1,2,16,70.1,0.079,1.4,0.07,1.47,16,20,13,38,1.10147214882385
92216,"I",1,124,51707.2410285,31,2,2,26.3,89.9,28.5,0.9,0.07,0.97,12,20,19,61,21.5374185710622
92235,"I",2,130,41454.6037225,80,2,4,32.3,NA,0.28,2.5,0.07,2.57,17,21,34,58,NA
92238,"I",2,122,20855.4486105,80,2,1,33.4,107.7,0.011,0.9,0.07,0.97,22,27,11,169,77.1391004099732
92239,"I",2,120,151155.924653,22,2,3,37.4,119.1,0.025,2.9,0.07,2.97,13,19,11,65,81.2415100086981
92242,"I",1,120,103272.604682,80,2,3,21.8,75.2,0.011,11.5,0.07,11.57,19,24,16,79,7.08044411811083
92253,"I",2,122,40649.1938555,64,2,6,25.3,88.4,0.011,2,0.07,2.07,18,23,26,263,52.6593906536568
92254,"I",2,129,33706.781443,45,1,6,24.3,94.5,0.02,0.9,0.07,0.97,40,35,22,189,46.405048621325
92259,"I",2,132,31801.940486,80,1,6,23.7,79.5,34.3,1.1,0.07,1.17,14,21,13,145,16.0739095289484
92271,"I",2,125,49671.4181355,63,1,3,26.7,102.7,0.011,3.2,0.07,3.27,25,31,19,101,48.0439248263252
92275,"I",2,125,106286.8614505,42,1,2,25.9,100.1,0.011,0.2,0.07,0.27,33,22,29,169,61.4652580148295
92277,"I",2,120,69957.9806765,45,2,3,24.8,97,260,3.5,0.07,3.57,15,19,24,107,39.6097714667933
92287,"I",2,119,45588.265963,24,2,2,24,77.2,0.06,0.9,0.07,0.97,25,34,13,55,6.55724880968192
92295,"I",1,123,15993.93408,68,1,4,29.5,106.7,125,3.5,0.07,3.57,37,39,28,254,84.29313296587
92299,"I",1,124,29076.3567205,55,2,2,35.5,108.7,0.028,2.1,0.2,2.3,38,33,189,331,98.5847259715171
92300,"I",2,122,60198.229516,24,2,4,32.5,86.5,0.011,1.1,0.07,1.17,14,20,27,87,49.4855508266183
92309,"I",1,128,14100.727739,62,1,1,29.1,104.9,0.011,1.2,0.07,1.27,27,24,23,240,79.1490577237201
92319,"I",2,124,25124.8023785,40,2,6,25.1,91.8,0.016,0.7,0.07,0.77,16,20,12,69,17.2012127203627
92323,"I",1,131,46315.53253,80,1,3,25.9,99.5,0.011,2.1,0.07,2.17,18,25,20,200,58.147521154487
92335,"I",1,130,58274.7988085,80,2,3,22,79.3,0.087,2.1,0.07,2.17,22,27,10,130,10.0463642900199
92345,"I",2,126,93511.725124,23,1,3,20.4,75.1,0.075,17.6,0.07,17.67,25,42,13,74,4.80764475835766
92346,"I",2,125,49622.6948805,43,2,2,36.6,108.8,0.011,1.2,0.07,1.27,15,16,13,119,81.8309855453188
92349,"I",2,123,170062.9100665,41,2,3,34.7,113.3,234,1.9,0.07,1.97,21,31,46,114,91.2596750326278
92359,"I",1,131,146421.8712255,66,2,3,22.9,94.3,0.011,0.5,0.07,0.57,17,27,11,127,22.6917211230624
92370,"I",1,122,35905.259432,80,1,3,30.3,NA,0.011,0.5,0.07,0.57,115,53,58,111,NA
92374,"I",1,125,44779.006939,28,1,1,34.4,111.9,0.031,1.1,0.07,1.17,29,35,20,169,88.1533130664655
92376,"I",1,130,31270.0406335,58,2,7,24.8,89.2,202,0.9,0.07,0.97,19,26,37,149,44.798879868153
92386,"I",2,130,37974.576516,57,2,4,32.4,113,0.093,2.4,0.07,2.47,27,20,29,100,82.5497273331636
92389,"I",1,119,23610.599733,63,2,6,32.8,106.2,0.011,2.5,0.07,2.57,31,27,42,275,92.2672852516577
92405,"I",2,122,42124.8750335,25,1,6,23.4,78.7,0.011,1.1,0.07,1.17,24,26,12,105,10.8911044988038
92407,"I",2,122,24738.3996495,54,2,1,41.3,122.1,0.011,0.6,0.07,0.67,42,48,234,128,99.3359500207352
92408,"I",2,133,75923.529443,24,1,3,24.4,88.7,0.011,3.4,0.07,3.47,25,25,14,83,17.5621054072737
92413,"I",1,127,51312.1334725,45,2,1,33.8,93.7,0.447,0.5,0.07,0.57,25,25,70,476,94.5078484378032
92416,"I",2,129,25389.4544045,41,1,4,33.2,110.3,0.011,1.3,0.07,1.37,36,38,26,477,94.9437356988541
92417,"I",1,126,44654.365668,37,1,7,24.2,83.8,90,1.9,0.07,1.97,19,24,37,143,35.0334317145154
92423,"I",1,127,57314.349334,37,2,1,50.9,141.6,23.2,0.1,0.07,0.17,48,20,194,149,99.9380502985896
92432,"I",2,125,122713.8460535,76,2,3,26.9,98.3,0.02,1.6,0.07,1.67,19,23,13,201,52.4900188524362
92437,"I",1,130,270081.155936,50,1,3,31.4,111.1,0.04,2.7,0.07,2.77,102,67,50,211,91.8118494884982
92440,"I",1,125,76763.8684325,56,1,3,29.5,107.4,142,1.4,0.07,1.47,40,31,19,435,87.5622302709642
92443,"I",1,120,50183.527282,32,1,2,25.1,87.9,188,2.3,0.07,2.37,24,19,11,203,30.7416373668876
92448,"I",2,125,12605.4660075,65,2,2,24.5,82.4,0.011,2.1,0.07,2.17,30,34,23,142,26.9312793073787
92455,"I",1,121,28506.2206065,49,2,1,29.8,105,0.011,0.4,0.07,0.47,32,33,28,206,80.7242131310242
92463,"I",1,126,42360.6392755,31,1,6,41.8,132.4,234,1,0.07,1.07,49,31,42,216,99.252499277797
92465,"I",2,125,23309.210271,72,1,3,25.6,99.3,112,2.3,0.07,2.37,31,31,58,109,61.3619552006775
92472,"I",2,133,32887.055488,59,1,4,30.9,107.2,282,2.7,0.07,2.77,27,30,32,58,64.3296438970959
92480,"I",2,121,36132.921756,46,1,3,42.9,139.2,281,0.7,0.07,0.77,22,30,63,105,99.3344903240754
92485,"I",1,133,54759.0274215,30,2,1,25.4,82.1,0.011,0.8,0.07,0.87,35,28,9,64,8.93109691141562
92487,"I",2,122,257207.4064,69,1,3,25.7,90.6,0.011,3,0.07,3.07,55,40,88,103,56.4814396001457
92491,"I",1,132,156249.3761955,74,1,3,35.3,131.3,0.011,5,0.07,5.07,24,29,19,93,92.7860155301361
92494,"I",1,131,60240.0278905,80,2,7,44.2,132.4,0.024,2.5,0.07,2.57,22,27,24,190,99.0971115777406
92495,"I",2,120,13208.9445615,63,1,2,25.3,100.1,0.03,1.2,0.07,1.27,32,33,19,119,43.6743728568099
92506,"I",1,120,41225.7551325,34,2,1,28.1,97.4,0.011,0.5,0.07,0.57,18,16,8,90,28.9967405014688
92508,"I",1,129,211514.5592325,27,1,3,21.1,84.7,0.011,2.4,0.07,2.47,14,15,11,81,8.21564835725395
92510,"I",2,132,177941.0563665,33,2,3,39.8,127.7,0.011,0.3,0.07,0.37,23,20,16,238,97.7270340358982
92513,"I",1,119,19829.162951,65,1,4,28.5,96.9,0.048,1.9,0.07,1.97,29,25,41,55,45.9472423425623
92527,"I",1,127,20609.535057,55,2,2,37,119.8,0.047,0.9,0.07,0.97,46,33,22,131,93.1682843418671
92530,"I",2,130,159121.619822,70,2,3,27.7,102.5,0.011,0.8,0.07,0.87,22,27,33,78,54.9892395925353
92532,"I",1,122,31836.5810455,55,1,7,28.1,NA,0.016,1.2,0.07,1.27,20,24,62,533,NA
92536,"I",2,121,58963.6469745,25,2,2,22.1,77.8,0.117,0.5,0.07,0.57,14,24,9,85,6.07539084720128
92541,"I",2,128,33912.226575,40,1,4,23.7,87.5,3.23,1.3,0.07,1.37,17,18,24,211,39.3878840514538
92542,"I",1,126,206348.002212,36,2,3,29.8,110.7,0.011,1.6,0.07,1.67,27,32,31,179,84.2039441782271
92545,"I",2,130,201895.552756,31,2,3,25.6,91,0.031,2.5,0.07,2.57,15,20,9,80,16.659953051572
92548,"I",2,129,33064.4876675,58,1,1,36,116.8,29.2,1.8,0.07,1.87,40,32,23,204,94.0969318582606
92555,"I",1,122,91485.0265525,37,2,3,35.4,114,512,0.6,0.07,0.67,7,12,6,61,60.3900998626205
92559,"I",2,122,22426.6243795,41,1,6,23.9,88.8,0.208,1.7,0.07,1.77,65,48,134,163,65.8022215988445
92561,"I",2,132,26232.843221,79,1,4,22.2,NA,0.068,2.1,0.07,2.17,14,20,23,57,NA
92562,"I",2,129,38245.1525735,51,2,4,36.4,114,0.019,1.9,0.07,1.97,24,22,19,79,83.6824899825292
92568,"I",1,127,20405.355367,55,2,1,27.1,91.1,275,1.5,0.07,1.57,14,15,18,77,28.1938448805558
92573,"I",1,122,56412.280325,42,2,3,41.9,132.3,60.7,0.9,0.07,0.97,20,16,39,242,99.2983119476307
92574,"I",2,132,33848.2435975,80,2,6,16.5,73.3,0.017,1.7,0.07,1.77,18,29,17,55,2.38143534845137
92584,"I",2,126,116433.713276,39,1,3,27.6,101.6,312,3.5,0.07,3.57,15,20,19,143,57.9299422933221
92586,"I",1,124,39445.2415055,36,2,4,48.2,120.3,0.407,0.7,0.07,0.77,20,20,21,118,98.3095552333495
92603,"I",1,131,125875.057091,70,1,3,25.5,93.5,0.011,2.1,0.07,2.17,27,24,30,277,63.5699850280445
92610,"I",1,132,68720.4482415,26,1,2,31.7,102.2,0.011,2.3,0.07,2.37,41,32,17,140,69.456153131414
92617,"I",1,119,23435.2964165,80,1,4,22.6,89.8,34.6,2.5,0.07,2.57,19,24,15,44,9.16637836908011
92624,"I",2,126,36153.8752125,23,2,4,28.9,89.4,407,1.4,0.07,1.47,10,15,12,88,28.1176140327469
92651,"I",1,120,42977.834939,33,2,1,31,NA,0.011,0.5,0.07,0.57,44,33,22,461,NA
92654,"I",2,130,31063.3704155,49,1,4,47,144.7,337,2.1,0.07,2.17,29,30,63,77,99.6209717726524
92659,"I",2,130,224917.6950665,60,2,3,21.8,81.5,0.011,2.6,0.07,2.67,24,36,12,50,5.3001409298392
92664,"I",1,131,213731.1699965,54,1,3,24.9,102.5,0.017,1.1,0.07,1.17,32,29,17,132,45.913073831353
92676,"I",2,126,22776.379574,42,1,4,30.2,102.6,0.043,1.6,0.07,1.67,37,25,44,167,81.534110700548
92686,"I",1,131,83818.7463925,73,1,3,26.8,102,0.02,1.5,0.07,1.57,25,33,54,97,64.7938545566298
92687,"I",2,122,35810.0261085,38,2,6,25.2,86.1,0.017,0.1,0.07,0.17,13,15,9,297,33.7341048213013
92688,"I",1,133,164857.049933,33,1,3,24.4,94.6,0.144,1.7,0.07,1.77,28,28,18,157,39.0381038365418
92717,"I",2,126,28877.1704625,22,2,4,30.8,101.7,12.1,0.6,0.07,0.67,13,19,14,56,41.5154571290324
92720,"I",2,123,35231.0385155,61,2,6,21.7,82.4,0.034,2,0.07,2.07,12,20,10,69,6.45770071770065
92722,"I",1,132,66138.322309,24,1,1,27.4,94.2,0.118,1,0.1,1.1,57,29,26,183,58.9077620125558
92724,"I",1,127,167339.8008255,31,1,3,28,99,274,1.3,0.07,1.37,34,28,37,174,71.1610509696199
92742,"I",1,128,50935.3089825,22,2,1,33.7,87.6,0.174,1.3,0.07,1.37,18,19,16,158,59.8080074185075
92743,"I",2,127,437319.0057965,54,2,7,37.7,110.6,0.011,1.7,0.1,1.8,38,27,50,300,97.3445360449695
92745,"I",1,128,44091.426541,23,2,1,26.8,86.9,0.052,0.1,0.07,0.17,11,12,15,62,17.7035776932072
92746,"I",1,131,46888.160931,80,1,3,22.5,98.5,0.011,1.9,0.07,1.97,10,18,11,114,23.8355968721689
92748,"I",2,133,20468.125824,41,2,4,26.6,93.6,0.185,1.1,0.07,1.17,15,19,13,74,24.1698070142844
92752,"I",1,120,34247.1630615,54,2,2,22.8,85.8,0.03,5.1,0.07,5.17,19,21,107,572,79.8576411679939
92753,"I",2,121,21192.7311555,41,1,6,21.3,78.2,0.02,2.1,0.07,2.17,33,27,15,46,4.53634185014311
92767,"I",1,123,27244.97955,41,2,1,29.3,93.5,0.061,0.8,0.07,0.87,15,19,9,198,47.5151917902191
92769,"I",2,131,21645.4164455,47,2,4,29.1,NA,0.029,0.7,0.07,0.77,18,24,31,122,NA
92782,"I",2,127,19563.8240215,60,2,2,33.4,106.5,0.011,1.6,0.07,1.67,19,23,24,82,73.5662759574277
92797,"I",1,119,29499.691671,57,1,2,29,107.7,0.069,3.3,0.07,3.37,75,77,114,165,90.5565789441541
92802,"I",1,133,106640.38667,38,2,3,45.6,128,0.011,0.4,0.07,0.47,15,18,10,110,97.09769922045
92804,"I",2,130,51852.179796,37,2,4,39,116.5,0.011,0.6,0.07,0.67,15,22,10,191,92.47823619666
92814,"I",2,133,89626.972084,56,2,3,24.6,94.3,203,1.9,0.07,1.97,31,38,69,195,67.6461419430288
92815,"I",1,132,72126.7509935,22,2,2,35.6,117.5,0.05,1.7,0.07,1.77,21,18,22,100,88.4830960997208
92817,"I",2,133,19359.836585,70,2,1,30,103.5,0.011,2.3,0.07,2.37,20,26,19,240,77.6893853867073
92819,"I",1,128,62565.718392,44,1,1,26.3,96.3,0.016,0.9,0.07,0.97,23,18,14,340,61.4064173384434
92821,"I",2,121,28580.5470155,72,2,4,23.3,87.8,0.019,2.3,0.07,2.37,16,19,27,154,33.4862608309848
92823,"I",1,119,35653.6841655,34,2,6,18.7,70.6,0.011,1,0.07,1.07,9,14,9,55,1.78576507248053
92824,"I",2,128,35288.771319,60,2,6,27.8,93.5,0.015,0.9,0.07,0.97,16,24,11,59,21.1198207675955
92827,"I",2,126,37490.8768475,37,2,4,34.1,102.4,36.6,1,0.07,1.07,11,17,14,36,43.3407172780968
92829,"I",1,133,30272.3347715,45,1,6,29.1,94.9,0.266,1.1,0.07,1.17,37,33,94,376,90.4008933034259
92835,"I",1,121,63474.627253,31,1,3,21.5,82.9,0.037,15.1,0.07,15.17,13,17,12,96,9.71927286155359
92838,"I",1,127,27682.855696,47,2,1,30,103,0.03,6.8,0.07,6.87,32,27,16,118,60.3765854034714
92841,"I",1,120,213253.1714015,42,1,3,30.1,104.5,158,2,0.07,2.07,59,31,75,90,79.6680499128287
92846,"I",1,127,113546.703499,23,2,3,39.1,123.6,1.37,0.9,0.07,0.97,42,33,23,136,95.983421076375
92851,"I",1,128,17577.7132285,69,1,1,28.7,107,0.631,2.1,0.07,2.17,23,24,30,229,82.2838294053567
92861,"I",2,132,40476.6790495,36,2,4,27.1,89.2,0.036,0.2,0.07,0.27,19,24,10,77,18.8835081468299
92871,"I",2,123,158291.1942065,23,2,3,19.2,69.9,0.039,2.9,0.07,2.97,14,22,13,81,3.41595547004149
92890,"I",2,120,37353.049101,33,1,6,30.6,99.5,198,2.2,0.07,2.27,40,41,237,704,98.1230551024009
92897,"I",1,124,14019.124449,60,1,2,25.3,101.3,296,2.9,0.1,3,31,25,15,75,30.9928458570156
92899,"I",2,132,27862.447626,73,2,4,29.8,NA,0.011,1.3,0.07,1.37,14,11,20,235,NA
92921,"I",2,126,24957.5606655,55,2,4,35.1,102.8,0.059,1,0.07,1.07,12,15,17,76,67.7812287626119
92923,"I",2,133,30423.6016545,29,1,4,23.7,76.7,264,2.2,0.07,2.27,24,23,24,54,9.09363292552398
92924,"I",2,120,143597.4504635,35,1,3,24,86,0.032,1.7,0.07,1.77,18,20,14,133,21.489733028856
92926,"I",1,133,46130.9497635,40,1,1,33.6,111.5,0.011,3.2,0.07,3.27,22,20,26,401,94.7172960947321
92938,"I",2,133,35839.727533,30,2,6,24.6,86.7,0.011,1.4,0.07,1.47,20,17,18,61,14.9624361207704
92939,"I",2,123,68246.7006195,80,2,3,29.8,106.8,0.011,2.2,0.07,2.27,14,21,12,96,54.7750729985088
92946,"I",1,130,74936.132223,79,2,3,19.5,72.3,0.026,1.2,0.07,1.27,21,21,18,217,11.9174482203615
92951,"I",1,132,36415.963386,44,1,4,30.2,108.5,272,2.9,0.07,2.97,19,27,15,86,59.6926007946926
92953,"I",1,132,35764.9234315,80,2,4,30.1,100.2,0.041,3,0.07,3.07,30,36,16,175,65.976782389969
92961,"I",2,125,70837.518233,75,2,3,21.4,77.5,0.011,2.7,0.07,2.77,22,25,23,84,10.0738416373657
92978,"I",2,130,251786.9849645,64,1,3,54,159.6,0.084,2.7,0.07,2.77,31,28,29,42,99.7973704244146
92981,"I",1,127,15017.691316,68,2,1,30.8,97.3,0.011,0.8,0.07,0.87,19,18,20,117,59.4448817382032
92987,"I",2,129,62794.940112,40,1,2,25.1,91.8,503,2,0.07,2.07,13,18,30,54,24.1012138770934
92988,"I",2,133,22519.2523825,51,2,4,64.5,137.1,0.225,2.1,0.07,2.17,15,17,13,72,99.8347969013626
92989,"I",2,123,16182.0926745,65,1,2,41.5,142.2,0.011,1.7,0.07,1.77,20,22,17,169,98.8828341363756
92992,"I",2,131,39218.2475805,23,1,4,30.3,98.1,265,1.3,0.07,1.37,20,20,28,38,38.3467172614141
92998,"I",1,127,42137.4919305,39,2,2,33.9,100,0.016,0.9,0.07,0.97,14,15,21,83,66.0208210498658
93005,"I",2,124,125625.719989,79,1,3,28.1,103.2,0.011,2.7,0.07,2.77,29,25,25,62,46.8743787905354
93007,"I",2,120,43836.9341655,23,1,2,26.2,92.4,2.23,2.5,0.07,2.57,18,19,19,134,39.5499856370904
93008,"I",2,119,23601.338306,53,1,6,20.5,85.2,132,4.5,0.07,4.57,15,18,12,71,7.35494227199863
93012,"I",1,128,48609.0305095,27,1,1,32.3,109.4,0.263,1.9,0.07,1.97,53,37,40,573,96.245364265277
93015,"I",1,120,343807.8836615,53,2,3,30.5,106.1,0.015,8.3,0.07,8.37,32,41,49,119,81.2544875451326
93023,"I",2,133,24663.2475175,49,1,6,27,NA,195,0.6,0.07,0.67,24,22,27,96,NA
93024,"I",1,123,18113.790947,40,2,4,28.2,102.1,0.015,1.2,0.07,1.27,11,13,15,78,42.1266500356543
93028,"I",1,124,12456.509421,61,1,2,43.2,138.5,0.011,2.2,0.07,2.27,23,24,18,146,98.8167053311167
93030,"I",2,127,60522.098437,42,2,1,24.5,88.3,0.011,0.5,0.07,0.57,19,26,15,151,28.2164080491718
93042,"I",1,132,223295.272617,35,1,3,29.2,104.1,0.036,1,0.07,1.07,37,30,25,250,80.2850326108903
93063,"I",2,126,27498.9200405,42,1,4,27.9,104.9,351,1,0.07,1.07,13,17,23,207,73.6171892324257
93073,"I",1,129,65784.4168525,33,2,2,21.5,77.8,0.107,0.6,0.07,0.67,12,17,11,56,4.41397479107516
93074,"I",2,124,218032.4624825,44,2,3,29,99,0.011,1,0.07,1.07,17,19,13,258,66.0742349019444
93094,"I",2,126,54518.609571,56,1,3,27,101.7,221,1.2,0.07,1.27,22,23,24,279,74.0099828366131
93097,"I",2,129,37700.156317,28,1,4,54.1,155.4,0.346,1.3,0.07,1.37,22,20,24,349,99.9619188888338
93099,"I",1,128,24665.237973,59,1,1,26.8,93.4,0.011,1.3,0.07,1.37,12,15,17,71,27.4279181293895
93100,"I",1,121,30093.1833195,56,2,1,30,100.8,0.011,1.4,0.07,1.47,17,14,12,193,63.8049112057565
93101,"I",1,120,40001.4028285,36,1,1,46.8,139.9,0.011,1.6,0.07,1.67,47,30,69,237,99.8383783425298
93106,"I",2,121,29159.1778505,40,2,2,29.9,99.2,0.015,0.8,0.07,0.87,67,47,12,220,64.4050902080463
93111,"I",1,127,11545.132454,63,2,1,38.3,122.2,0.52,1.8,0.07,1.87,26,27,22,165,95.8538105567772
93115,"I",1,129,42746.0492455,28,2,1,29.3,94.1,0.029,0.8,0.07,0.87,20,22,15,107,42.8637061521794
93123,"I",2,129,32369.5553655,30,2,4,28.3,88.4,4.85,1.5,0.07,1.57,20,21,12,35,12.4151523257028
93130,"I",2,125,13278.0391655,63,2,2,22.2,79.6,98.7,0.9,0.07,0.97,16,17,36,91,17.2418305697531
93139,"I",2,128,27017.0141115,74,1,6,23.2,88.3,0.011,1.9,0.07,1.97,19,23,12,270,32.7207838227422
93145,"I",2,121,132379.504594,76,1,3,32.5,116,0.011,2.6,0.07,2.67,45,33,22,128,85.3691605149303
93146,"I",2,130,33392.8949525,74,1,4,26.5,104.3,0.063,1.6,0.07,1.67,16,13,24,83,48.9850831594856
93157,"I",2,131,208713.5575375,51,2,3,28.1,102,196,1.4,0.07,1.47,28,28,42,161,74.8969750007012
93173,"I",1,130,62073.371293,62,2,3,28.9,NA,480,1.8,0.07,1.87,15,15,12,88,NA
93189,"I",1,120,32590.4491655,47,2,1,32.5,106.2,0.011,1,0.07,1.07,16,18,11,75,55.9061722604117
93196,"I",1,132,35727.7309205,56,2,4,38.1,118.5,203,3.9,0.07,3.97,19,18,17,208,95.0373069441448
93200,"I",2,120,223426.120245,64,2,3,20.4,69,0.019,2.8,0.07,2.87,17,28,10,128,4.85608047493043
93202,"I",1,130,93601.2835465,52,2,3,40.9,120.7,0.019,0.8,0.07,0.87,28,20,28,150,97.0825686172786
93206,"I",1,124,45480.0823815,44,2,2,33.2,101.2,0.131,1.1,0.07,1.17,14,17,6,63,37.011830766228
93213,"I",1,121,42532.2410315,32,2,1,28.3,94.1,0.011,0.8,0.07,0.87,15,14,18,127,46.6997357079219
93222,"I",2,124,135000.1005945,22,2,3,24.9,89,0.964,1.4,0.07,1.47,16,21,10,81,15.1134079768582
93235,"I",1,133,27719.7079315,51,2,1,27.6,93.2,0.011,4.6,0.07,4.67,30,30,15,287,59.1185079707401
93238,"I",1,133,15649.4279825,69,2,1,37.2,NA,0.011,1.1,0.07,1.17,15,18,14,153,NA
93251,"I",1,121,138804.014425,70,1,3,41.4,139.5,0.011,0.8,0.07,0.87,40,48,52,74,98.7154931346248
93260,"I",1,125,23401.8320155,51,2,2,27.7,84.9,0.011,0.8,0.07,0.87,37,31,57,168,59.6535074655355
93268,"I",1,130,76763.842765,73,2,7,34,109,114,0.8,0.07,0.87,15,22,15,204,85.4525856515789
93276,"I",1,119,24283.8819785,75,2,4,35.7,106.6,0.04,1.7,0.07,1.77,14,22,13,88,72.6241370689484
93278,"I",1,126,33894.5627005,32,1,6,22.1,89,0.08,2.8,0.07,2.87,23,24,17,272,35.9042255232811
93279,"I",1,123,21725.3101845,46,2,4,29.8,107.1,0.309,0.5,0.07,0.57,12,13,9,54,36.646993845517
93282,"I",1,133,45896.2859525,47,1,2,27.1,102,0.011,2.4,0.07,2.47,24,21,29,335,80.0030468921492
93285,"I",1,132,74984.9350785,66,2,7,39.6,123.5,387,0.07,0.07,0.14,9,14,13,207,96.1897010683929
93286,"I",1,128,30557.655415,56,2,1,27.8,97.6,0.011,1.4,0.07,1.47,24,19,27,510,83.1991030380582
93290,"I",2,131,23787.100955,77,1,3,37.9,NA,0.025,0.7,0.07,0.77,14,21,11,112,NA
93297,"I",1,129,69609.1120345,39,2,1,25.1,95.6,0.011,0.1,0.07,0.17,13,15,12,238,45.2626755000355
93308,"I",2,120,90025.723156,80,2,3,37.1,106.6,0.011,1.7,0.07,1.77,16,24,25,155,89.8369428055965
93311,"I",1,128,20508.1222825,76,1,2,28,108.1,0.011,2.2,0.07,2.27,23,24,18,210,74.0271546682857
93322,"I",2,121,122856.0363185,23,2,3,30.4,96.2,219,1,0.07,1.07,15,22,15,117,51.547800416016
93326,"I",2,131,19832.310765,66,1,4,27.1,102,532,2.2,0.07,2.27,28,30,18,141,55.4619939110198
93328,"I",2,120,25232.997416,34,1,6,28.4,94.8,0.016,2.1,0.07,2.17,21,23,19,163,54.8707822858076
93340,"I",1,124,27531.6305735,66,2,4,31.1,103.9,0.011,3.8,0.07,3.87,25,30,26,42,49.6478173375458
93345,"I",2,119,29580.6692715,36,2,4,62.7,165,0.011,0.8,0.07,0.87,16,18,13,69,99.9495801976209
93348,"I",2,129,118086.7824855,75,2,3,19.9,80.4,0.011,4.1,0.07,4.17,12,20,10,82,5.3919245266998
93352,"I",1,129,35341.1729245,40,2,6,23.1,84.6,0.032,3.4,0.07,3.47,13,17,14,76,11.626676844899
93363,"I",1,121,52532.1301725,35,1,2,32.3,100,0.011,1.4,0.07,1.47,39,27,24,160,76.1910655061329
93367,"I",1,127,180507.293059,38,1,3,38,124.8,38.1,2.6,0.07,2.67,38,35,30,177,97.1427735726133
93368,"I",1,132,44482.700568,35,2,4,45.1,NA,0.057,1.5,0.07,1.57,16,19,15,52,NA
93374,"I",1,132,43568.3340845,50,2,6,20.5,73.6,0.011,1.8,0.07,1.87,12,19,15,66,4.48913925044368
93390,"I",2,133,36889.719091,60,1,6,26.6,96.4,0.02,0.9,0.07,0.97,28,23,37,315,75.7025563857853
93391,"I",2,126,10798.203602,69,2,1,39.7,124.9,0.06,3.2,0.07,3.27,15,21,25,145,96.9140953005863
93392,"I",1,121,91704.810132,26,2,3,43.3,139.5,0.052,1.3,0.07,1.37,17,16,27,197,99.3747514022436
93395,"I",1,124,20101.585745,72,1,4,32.5,NA,0.066,0.5,0.07,0.57,20,23,23,58,NA
93405,"I",1,120,16132.138561,61,1,1,29.3,101.1,0.011,0.7,0.07,0.77,53,45,77,506,93.9274367595557
93415,"I",2,129,46765.5021265,27,1,1,29.2,90.8,0.261,1.5,0.1,1.6,24,23,14,93,34.0876760661403
93417,"I",2,123,90201.361897,51,2,3,49.7,134.6,293,1,0.07,1.07,19,24,21,180,99.564451794149
93427,"I",2,126,231448.4054905,28,1,3,22.4,85.1,0.024,1.4,0.07,1.47,17,19,10,191,18.8096352693503
93434,"I",2,131,34659.743422,36,2,4,22.1,75.5,363,0.3,0.07,0.37,14,23,11,55,4.1849594058913
93443,"I",2,132,22750.69162,73,1,3,41.3,142,22,2.3,0.07,2.37,15,22,48,157,99.4058441806139
93445,"I",2,129,41066.051917,38,1,4,52.3,153.5,0.011,0.8,0.07,0.87,20,18,14,142,99.8126265612084
93451,"I",2,132,36296.4365145,48,1,3,24.5,92.5,2.53,0.9,0.07,0.97,29,23,27,191,48.3712626271495
93463,"I",2,132,45672.210714,69,1,3,28.9,104.8,0.042,2.9,0.07,2.97,19,23,13,71,43.3021884294533
93469,"I",1,129,38483.643292,50,1,2,27.7,98.5,4.01,4.1,0.07,4.17,24,21,18,76,38.4208228792138
93473,"I",1,124,34425.542646,22,1,4,27.5,82.5,0.168,3.9,0.07,3.97,32,40,13,176,31.4127000556887
93485,"I",1,124,30973.084395,60,2,4,41.6,129.5,0.011,2.9,0.1,3,21,17,39,54,96.5538361593351
93488,"I",1,129,25070.128965,47,2,4,23.2,79.4,0.011,0.6,0.07,0.67,13,22,21,64,10.3158055427288
93490,"I",1,130,56979.803279,80,2,3,32.3,116.4,0.038,1.2,0.07,1.27,20,31,16,98,78.1442547283671
93492,"I",1,119,46056.295128,46,1,2,28.4,97,0.011,2.9,0.07,2.97,21,21,13,130,45.6111732044685
93498,"I",1,130,255121.959149,54,1,3,24,92.5,96.1,3.6,0.07,3.67,48,45,40,76,32.5042084094647
93502,"I",1,124,12115.6480325,73,2,2,26.9,100.4,508,2.4,0.07,2.47,16,19,12,165,49.1358113474859
93503,"I",2,132,22367.5930785,54,2,4,48.7,150.5,0.09,1.6,0.07,1.67,22,21,21,70,99.4704472457103
93513,"I",2,126,50511.2727905,47,1,3,25,93,0.071,0.5,0.07,0.57,18,40,128,58,50.3089940299462
93518,"I",1,130,180531.0835825,41,1,3,23.7,94.1,0.011,1.6,0.07,1.67,14,20,14,183,35.3448164606683
93528,"I",1,123,32645.205446,27,1,4,25.1,82.9,63.8,2.8,0.07,2.87,16,19,19,47,11.1144635846805
93529,"I",2,121,286716.6600455,59,2,3,29.2,94.3,337,0.4,0.07,0.47,17,24,25,204,66.6194058458183
93532,"I",1,125,294170.737939,51,2,3,21.4,81.3,222,0.8,0.07,0.87,17,19,14,271,22.6560120203263
93536,"I",1,119,24690.4334035,63,2,7,37.5,112,0.042,2.1,0.07,2.17,20,22,20,292,95.0938843723709
93539,"I",1,120,12396.3127755,69,2,1,36.2,NA,0.011,1.7,0.07,1.77,18,22,16,467,NA
93547,"I",1,132,38496.1696505,48,1,4,42.8,145.4,0.011,2,0.07,2.07,19,17,15,84,98.3330235710728
93549,"I",1,119,36049.6097015,80,2,4,36.3,NA,0.046,3.9,0.07,3.97,21,21,18,178,NA
93555,"I",2,132,24887.4213105,57,2,4,27.7,94.5,0.011,0.9,0.07,0.97,21,19,19,200,56.8860525477885
93574,"I",2,126,38862.6876285,47,1,4,34.1,124,0.04,2.1,0.07,2.17,42,29,29,111,92.2212913449476
93576,"I",1,119,31892.1662655,52,1,4,29.1,101.5,0.208,2,0.07,2.07,22,27,20,161,66.2155374742798
93590,"I",2,130,41228.139236,28,2,4,31.5,112.5,190,1,0.07,1.07,13,23,18,60,63.9500605321824
93593,"I",1,120,175832.690748,74,2,3,34.2,122.1,0.011,4,0.07,4.07,16,19,10,137,86.08176703185
93598,"I",1,119,11919.1302765,71,1,2,26.5,94.9,0.011,0.7,0.07,0.77,19,23,30,93,43.2864633365146
93608,"I",1,132,35692.4624895,57,2,4,40.8,113.9,0.017,2.1,0.07,2.17,20,23,20,81,90.9021523604429
93618,"I",1,132,64048.796856,25,1,1,27.3,87.3,0.032,2.6,0.07,2.67,57,47,26,190,50.4081723092269
93639,"I",1,132,226725.698921,25,1,3,24.9,88.5,0.02,1.1,0.07,1.17,21,18,15,53,13.408280120958
93656,"I",1,127,16132.832836,75,2,1,37.9,122,0.011,1.7,0.07,1.77,51,41,30,137,95.770624031071
93663,"I",1,120,47319.811328,43,1,1,24.1,94.6,0.011,1.3,0.07,1.37,38,32,35,85,35.5554103599231
93664,"I",1,120,40931.6680105,39,1,1,26,92.5,0.011,0.6,0.07,0.67,20,21,11,139,30.9115528065477
93671,"I",1,124,30337.238779,45,1,4,29.3,97,103,1.9,0.07,1.97,48,41,44,143,71.4091462017779
93675,"I",2,122,47945.934859,38,1,6,24.2,94.2,0.011,1.7,0.07,1.77,23,23,20,110,31.9057519904563
93685,"I",1,126,33860.997306,53,1,1,32,107.5,0.065,0.4,0.07,0.47,32,25,30,112,79.2373017187584
93700,"I",1,126,69276.5506705,35,1,3,26,98.9,107,1.3,0.07,1.37,95,73,64,83,57.6380687242242
93715,"J",2,139,14200.2915825,71,1,7,22.5,89.7,395,2,0.07,2.07,12,15,14,123,20.060054908529
93717,"J",1,145,70510.942367,22,1,3,24.5,86.2,126,1.9,0.07,1.97,13,17,16,122,23.1128638736478
93721,"J",2,136,11943.2478045,60,2,1,35.9,113.2,0.011,2.1,0.07,2.17,53,36,38,92,89.7131536826594
93723,"J",1,140,351717.1660255,64,1,3,22.4,82.6,0.011,1.7,0.07,1.77,17,20,12,75,8.66793890059431
93738,"J",1,134,94351.479856,26,1,2,33.7,102.7,29.4,1.5,0.07,1.57,23,26,29,94,75.5816445262053
93756,"J",2,148,11519.858327,64,2,4,29.2,102.1,0.011,1,0.07,1.07,13,21,12,155,57.8263054991489
93758,"J",2,139,42313.336869,55,2,3,30.8,101.8,448,2.2,0.07,2.27,14,23,21,228,78.4440456609224
93760,"J",2,147,36542.669603,54,2,1,37.7,103.8,0.011,1.1,0.07,1.17,20,21,24,201,91.1540582435429
93762,"J",1,137,36500.5752535,74,2,1,27.1,99.8,0.011,1.1,0.07,1.17,21,22,22,168,60.2000171037555
93763,"J",1,141,121854.2237085,40,1,3,25.5,94.1,140,1.3,0.1,1.4,13,22,18,321,58.9589901386978
93766,"J",2,142,28035.3782205,36,2,2,27.1,87,0.011,0.8,0.07,0.87,10,12,16,228,44.9617835733096
93767,"J",1,137,38047.673041,61,1,2,31.9,106.5,0.011,0.9,0.07,0.97,24,17,21,247,85.4459436352364
93768,"J",2,139,31715.409308,80,1,3,25.7,96.2,0.011,1.1,0.07,1.17,14,19,16,117,36.7018361246006
93776,"J",1,144,32235.0718405,32,2,4,22.2,75.6,0.011,2,0.07,2.07,20,20,69,38,10.4734483718171
93782,"J",1,143,53428.5282465,25,2,4,24,76.4,201,1.3,0.07,1.37,17,16,30,46,9.37192921680336
93789,"J",2,145,413454.007157,34,2,3,23.6,79.9,0.02,2.4,0.07,2.47,15,21,22,63,11.2833026623545
93806,"J",1,143,19941.5949845,44,1,6,28.4,109.8,131,1.4,0.07,1.47,36,26,62,190,87.9287096036774
93812,"J",2,147,424425.8617425,67,1,3,31.1,113.1,0.011,4.1,0.07,4.17,31,23,29,249,90.4482287133093
93817,"J",1,137,18647.547577,55,1,6,24.3,89.3,0.011,2.3,0.2,2.5,24,22,19,96,23.6770223222615
93824,"J",2,146,69191.0725905,52,2,2,28.4,87.4,0.025,3.1,0.07,3.17,13,16,9,105,24.0056725544193
93829,"J",2,142,77937.0535135,38,2,4,31.7,96.8,0.181,1.1,0.07,1.17,10,14,23,100,60.6282412221901
93830,"J",1,147,7648.6517075,67,1,4,32.2,117.7,0.157,0.07,0.1,0.17,16,16,278,66,95.2676704589862
93831,"J",2,138,16055.266911,61,1,2,25.3,100.2,190,1.9,0.07,1.97,21,19,35,180,64.1970688428644
93832,"J",2,135,21006.596607,63,1,6,27,93.6,0.036,1.4,0.2,1.6,18,20,26,108,44.2797635067466
93834,"J",1,145,43055.5415365,48,2,3,36.5,125.7,10.8,1.8,0.07,1.87,18,13,92,479,99.4052829938953
93840,"J",1,137,20352.382053,47,1,6,24,86.2,41,1.2,0.07,1.27,23,18,32,64,19.9633582917315
93841,"J",2,139,241057.1451465,48,2,7,32.8,108.3,0.011,1.2,0.07,1.27,19,21,17,72,66.0160601520377
93843,"J",1,134,112466.658245,42,2,2,21,75,0.011,1.7,0.07,1.77,22,24,17,70,5.90816015038538
93851,"J",1,135,146480.267884,74,2,3,31.2,99,0.011,0.3,0.07,0.37,13,16,19,175,70.5774275514418
93852,"J",1,144,27105.4596445,45,2,7,27.2,94.6,0.043,0.8,0.07,0.87,9,13,13,58,22.4581507149938
93853,"J",2,137,36959.285988,50,1,1,26,NA,0.125,1.4,0.07,1.47,14,17,16,139,NA
93868,"J",1,136,16525.6409565,68,1,4,35.4,122.3,159,3.8,0.07,3.87,14,17,33,87,91.8639424681498
93871,"J",2,142,22088.262132,55,2,1,21.4,80.9,115,1.3,0.07,1.37,32,31,13,74,7.31491379522849
93888,"J",2,140,17749.697169,37,2,3,21.3,80.6,0.011,0.3,0.07,0.37,11,15,10,78,6.25439485774355
93892,"J",2,143,56028.186529,80,2,3,35.9,119.3,0.011,3.8,0.07,3.87,12,21,15,281,94.7136597218859
93899,"J",2,141,40453.708881,67,1,3,30,112.1,168,2.1,0.07,2.17,41,24,29,184,85.2438016369564
93902,"J",2,136,42263.699445,24,2,1,27.5,92.4,0.011,0.4,0.1,0.5,56,32,24,225,60.3025235714895
93908,"J",1,136,54842.8255275,20,2,6,27.1,91.3,0.015,6.7,0.07,6.77,27,12,23,53,24.894872764633
93913,"J",2,148,20716.1505215,40,2,6,24.8,96.9,0.011,0.6,0.07,0.67,14,19,24,94,36.5749010914071
93920,"J",1,148,23328.2005895,61,2,6,20.9,76.7,0.011,2,0.07,2.07,25,29,29,101,12.3589202892055
93929,"J",2,140,190816.234466,35,2,3,27,102.6,0.011,0.6,0.07,0.67,14,17,8,181,47.3277162190555
93931,"J",1,137,37373.4480125,24,1,7,35.2,113,0.11,1.3,0.07,1.37,22,19,14,81,77.1984912612176
93939,"J",2,144,25252.437146,40,2,4,28.8,91.7,0.011,0.5,0.07,0.57,8,15,12,142,40.7421798898966
93949,"J",1,147,8935.792656,49,2,6,24.6,90.5,1.04,0.9,0.07,0.97,41,25,159,329,83.6719082696643
93960,"J",2,145,12809.943077,60,1,4,41.3,132.6,0.06,3.3,0.07,3.37,23,21,38,123,98.5532802321685
93963,"J",2,139,13025.181854,80,1,3,32.9,115.2,0.011,2,0.07,2.07,16,24,38,37,72.8433962963316
93968,"J",1,145,19453.2939255,57,1,4,26.1,98.9,369,2.9,0.07,2.97,12,18,38,138,60.6365380380975
93969,"J",2,141,95527.471851,33,2,3,22.4,NA,0.024,0.6,0.07,0.67,20,23,12,74,NA
93970,"J",1,148,23881.695337,33,1,6,25.1,86.7,0.011,3.1,0.07,3.17,29,16,16,191,33.9647667712551
93971,"J",1,143,34764.2910545,40,1,4,38.2,114.7,0.027,1.3,0.07,1.37,19,21,25,71,88.2610524577853
93974,"J",1,148,99748.48838,59,1,3,29.3,110.7,0.051,3.6,0.07,3.67,23,21,31,187,83.8302176919882
93975,"J",2,148,136950.8457605,54,2,3,27.2,97.5,0.011,0.6,0.07,0.67,14,17,13,48,21.9975046152011
93980,"J",1,139,219362.517836,29,2,3,19.2,76.7,0.011,2.5,0.07,2.57,14,16,19,127,9.27523414325299
93982,"J",2,136,167976.3140935,57,2,3,20.5,77.9,0.011,0.7,0.07,0.77,13,20,16,92,7.82174354223133
93983,"J",1,136,36512.831704,75,2,6,32.6,97,0.039,3.2,0.07,3.27,27,29,127,287,94.2622458665885
93998,"J",1,142,122089.973703,24,2,3,20.3,78.6,0.301,1.2,0.07,1.27,9,17,10,81,5.13520034203707
94004,"J",1,137,52849.312518,25,2,6,30.1,101.6,0.011,0.3,0.07,0.37,18,21,11,77,42.1903394573691
94007,"J",1,134,17716.318615,79,1,4,23.9,84.7,0.011,4.6,0.07,4.67,12,15,14,84,13.9867797539643
94012,"J",1,135,172301.4406645,25,2,7,25.2,92.5,205,1.6,0.07,1.67,22,16,37,138,48.7155782208965
94013,"J",2,140,50327.5124805,56,1,3,22.4,88,0.243,7.3,0.07,7.37,13,16,16,110,18.2854934228936
94015,"J",1,135,79057.5957955,30,2,3,26.2,91.6,0.057,0.9,0.07,0.97,10,11,8,60,13.5468265235021
94026,"J",2,137,102416.375569,80,2,3,25.6,NA,0.011,2.5,0.07,2.57,11,21,11,99,NA
94027,"J",2,147,64770.191755,20,1,1,28.3,91.5,0.872,1.1,0.07,1.17,29,25,25,472,77.1527033314728
94029,"J",1,147,147286.1523165,46,2,3,24.9,85.8,16.3,1.2,0.07,1.27,14,18,13,70,13.6337293062982
94031,"J",2,145,14866.694263,67,1,4,25.9,100.1,436,2.8,0.07,2.87,51,38,71,100,64.7879514430339
94033,"J",1,139,147566.14898,55,2,2,29.2,103,1.37,1,0.07,1.07,32,27,42,264,85.4498242625214
94060,"J",1,140,43721.745383,59,1,3,41,138.3,0.063,0.7,0.07,0.77,42,26,35,234,99.3539460368094
94067,"J",2,140,31158.8834125,44,1,1,35.8,112.8,0.052,1.5,0.07,1.57,17,16,18,123,86.6562220222762
94068,"J",1,143,244162.014882,69,1,3,28.2,104.4,174,3.4,0.07,3.47,10,15,12,71,39.0430474104572
94074,"J",2,142,199331.6384875,29,1,3,20.6,78.5,0.204,2,0.07,2.07,13,16,13,96,7.38060787461356
94080,"J",1,142,136375.644461,79,2,3,22.3,91.1,0.011,1.3,0.07,1.37,17,31,10,68,10.502916476131
94081,"J",1,148,25568.3414245,80,1,6,24.7,95,0.252,2.7,0.07,2.77,22,26,28,187,52.5245850641086
94095,"J",2,147,24496.651563,78,2,4,29,103.9,0.458,0.7,0.07,0.77,7,20,25,111,64.3831961303333
94097,"J",1,135,69867.723701,62,2,3,35.7,125.6,260,1.4,0.07,1.47,16,18,19,129,93.2112931319833
94113,"J",1,141,112198.447641,60,2,3,23.4,81.3,0.011,1,0.07,1.07,16,12,52,193,41.7957611021596
94117,"J",1,135,46524.519537,57,2,3,74.8,NA,107,1.6,0.07,1.67,22,18,28,167,NA
94118,"J",1,148,30694.784783,50,2,2,26.8,84.8,0.011,0.5,0.07,0.57,15,19,19,189,39.7496365367979
94124,"J",1,148,40650.716108,55,1,2,27.8,93.8,0.011,0.5,0.07,0.57,36,24,37,312,76.0663596856824
94127,"J",1,138,60931.5813835,34,2,6,25.5,82.3,0.029,0.5,0.07,0.57,19,20,19,126,24.6843937510001
94128,"J",2,144,39475.4391385,35,1,4,38.3,118.5,0.067,3.2,0.07,3.27,31,23,43,786,99.2705775900705
94130,"J",1,144,28074.3467255,27,2,4,26.5,95.4,0.263,0.4,0.07,0.47,10,18,11,50,17.4300041584059
94133,"J",1,148,40842.7214975,28,1,1,23.9,86.5,0.011,1.2,0.07,1.27,42,34,171,66,46.1589677725231
94138,"J",1,145,20111.6047255,72,2,6,25.2,88.8,0.011,2.6,0.07,2.67,17,18,27,172,43.4423206721381
94141,"J",1,141,27753.05845,71,1,4,24.4,91.1,0.011,1.3,0.07,1.37,14,20,12,54,12.5709915635044
94151,"J",1,139,156617.8576955,23,1,2,27.9,92,0.011,1.1,0.07,1.17,9,16,11,44,15.937597451642
94156,"J",2,141,27625.8555085,63,2,1,28.8,94.7,0.011,1.3,0.07,1.37,18,21,18,168,55.865977535199
94157,"J",2,140,28086.590457,60,2,6,18.3,70.3,0.258,3.1,0.07,3.17,13,18,14,145,5.53190676004794
94158,"J",1,136,14823.018744,66,1,1,36.1,127.2,0.011,0.5,0.07,0.57,22,21,22,109,93.7304763573531
94163,"J",2,139,33433.3275035,35,1,3,24.6,86.4,395,0.7,0.07,0.77,17,17,11,99,16.1709663557828
94166,"J",2,136,148296.8166125,28,1,3,31.6,102.5,0.019,2.8,0.07,2.87,11,18,25,96,67.7187529797444
94174,"J",2,136,34203.803287,45,2,1,25.8,83.7,0.011,0.6,0.1,0.7,16,13,18,89,20.2661433632915
94175,"J",2,139,15262.1749335,77,1,3,26.1,106.2,0.011,0.5,0.07,0.57,16,17,30,155,68.1341544294179
94183,"J",1,142,137346.7822975,49,1,3,44.5,136.4,579,2,0.07,2.07,35,21,33,126,99.1749273636507
94190,"J",1,148,42331.2181625,43,1,6,25.7,92.7,176,2.4,0.07,2.47,33,19,12,81,21.627168907003
94201,"J",1,148,53814.544544,77,1,6,23.5,87.3,0.011,2.1,0.07,2.17,25,30,23,119,26.0030417892291
94202,"J",2,148,17055.7554375,70,1,3,36.8,139.5,0.011,1.3,0.07,1.37,12,15,17,189,97.7975563280079
94207,"J",2,137,21408.0325015,62,1,4,30.8,106.1,114,1.5,0.07,1.57,14,13,91,68,80.5258133506388
94208,"J",1,147,21293.322072,45,2,4,46,112.1,0.011,1,0.07,1.07,18,19,21,72,94.5418357195469
94210,"J",2,145,15325.7740305,80,1,4,24.2,89.7,0.085,1.4,0.07,1.47,13,15,20,103,25.7449460936685
94211,"J",2,137,143481.589908,23,2,3,18.6,67.4,0.011,0.7,0.07,0.77,10,14,10,72,2.06640130205149
94212,"J",2,135,21141.189323,67,2,6,22,92,0.058,1.7,0.07,1.77,20,18,25,173,35.6919356879597
94216,"J",2,138,28396.393284,67,2,4,30.2,109.6,0.011,2.1,0.07,2.17,18,19,19,74,61.7152925619024
94233,"J",1,148,15827.0414255,62,1,1,24.7,97,0.011,1.5,0.07,1.57,20,22,22,105,37.3762925615162
94250,"J",2,139,58472.8636535,23,2,3,42.4,118.3,0.113,1.5,0.07,1.57,16,15,25,66,93.8335190501438
94253,"J",2,148,27265.8986385,70,2,7,36.8,113.7,0.026,1.2,0.07,1.27,36,31,19,92,86.0526729095397
94258,"J",2,139,26757.308426,51,1,3,28.7,105.2,0.011,1.7,0.07,1.77,47,27,49,262,87.2234224605723
94261,"J",1,136,36943.1509085,63,2,6,23,90.2,0.29,1.3,0.07,1.37,14,16,17,155,28.3580738355352
94262,"J",1,135,128978.361989,22,1,1,19.4,76.2,0.629,1.1,0.07,1.17,16,17,16,36,2.64939470431643
94265,"J",2,146,22758.9199025,75,1,7,40.2,139.4,269,2.2,0.07,2.27,21,15,24,171,98.8024540472822
94266,"J",1,148,47063.7105165,43,1,2,26.7,93.5,0.011,2.9,0.07,2.97,20,18,24,236,60.1249566788475
94273,"J",2,136,11398.97267,63,1,1,30.1,NA,0.011,1.3,0.2,1.5,29,21,30,129,NA
94286,"J",1,143,38714.4662015,75,2,4,23.3,87.2,0.011,5.6,0.07,5.67,14,19,32,52,16.3725404908041
94295,"J",1,137,29700.3980415,48,2,6,32.8,99.8,0.042,0.4,0.07,0.47,25,19,12,157,66.9597510985035
94303,"J",2,138,8393.4684805,65,1,2,21,87.6,0.011,2.8,0.07,2.87,13,10,16,181,22.4729659825527
94319,"J",1,148,271800.8666145,44,1,3,26.4,96.3,9.61,3.5,0.07,3.57,24,22,24,219,60.9718239928327
94343,"J",2,141,36615.737784,71,1,1,34,116.8,0.011,1.2,0.07,1.27,25,18,22,70,80.8390292456177
94348,"J",1,137,66927.86381,80,1,3,40.2,136.7,0.021,4.2,0.1,4.3,21,37,52,486,99.7042207258262
94350,"J",1,136,45125.7103455,54,1,6,28.5,100.2,0.011,3,0.07,3.07,27,20,31,186,72.5685087110802
94356,"J",1,144,25393.9823545,58,1,4,27.5,105.1,245,0.6,0.07,0.67,15,23,36,80,59.7927714477149
94359,"J",1,144,66703.6345285,36,1,1,30.9,106,0.011,1.8,0.07,1.87,34,26,70,1058,97.927234156203
94360,"J",2,143,167331.2395145,44,1,2,31.7,115.8,397,1.4,0.07,1.47,31,19,36,128,88.0339750424663
94365,"J",1,145,35376.921306,22,1,4,20.2,70.5,268,0.3,0.07,0.37,19,22,25,93,7.10956354094403
94368,"J",2,147,382825.3408735,33,2,3,25.5,83.7,106,0.6,0.07,0.67,7,15,10,35,6.16356886862127
94375,"J",1,137,37670.5375055,30,2,7,21.7,77.5,0.011,1.5,0.07,1.57,12,18,15,81,7.66393026783577
94379,"J",2,139,16451.0272065,24,2,3,28.8,101.5,128,0.3,0.07,0.37,12,14,13,126,52.2063237129565
94382,"J",1,136,142020.5094645,32,2,3,19,70.5,0.011,1.5,0.07,1.57,9,15,13,62,2.67864520571868
94387,"J",2,145,58875.0608345,39,2,4,49.3,146.3,0.215,0.7,0.07,0.77,13,16,26,114,99.6713074910578
94390,"J",2,138,16801.8467385,72,2,6,35.2,116.3,0.025,2.5,0.07,2.57,20,24,22,130,89.7507220457203
94392,"J",1,143,60122.401365,25,1,4,25.1,85.4,346,2.6,0.07,2.67,19,20,18,63,15.3656503949393
94408,"J",1,146,58524.37649,72,1,3,19.6,78.8,277,3.2,0.07,3.27,15,19,14,64,4.80650564951298
94409,"J",1,139,28766.78302,23,1,2,19.5,70.5,0.133,0.9,0.07,0.97,8,13,13,36,1.72715395387234
94415,"J",1,139,88861.7952235,37,1,2,23.1,85,203,2,0.07,2.07,16,21,11,279,28.0725373901255
94418,"J",1,134,313125.2956415,76,2,3,35.7,117.4,0.011,1.4,0.07,1.47,36,25,35,314,96.9863299653401
94420,"J",2,139,39247.278897,80,2,3,30.2,107.2,0.011,2.4,0.07,2.47,13,17,19,164,75.1882920737866
94427,"J",2,134,21133.9561125,49,2,6,37.3,102.8,0.011,0.4,0.07,0.47,37,26,129,148,95.8504473492498
94429,"J",1,141,27690.9145245,61,1,4,39.5,132.9,0.011,1.6,0.07,1.67,19,13,37,58,96.2724867434997
94432,"J",1,136,26536.5073865,71,2,1,36.1,118.9,331,4.3,0.07,4.37,19,20,17,167,92.3175466431622
94433,"J",1,139,51008.2698255,46,1,4,36.2,121.6,0.011,0.7,0.07,0.77,18,14,35,230,96.9729087976708
94434,"J",2,144,28446.5758365,26,2,6,27.3,90.7,0.031,0.6,0.07,0.67,38,29,33,105,45.0788991299217
94446,"J",1,137,40199.23008,28,2,2,31.8,115,0.011,0.6,0.07,0.67,21,14,20,90,77.0202395094296
94448,"J",2,139,169636.447397,41,1,3,34,116.6,0.047,0.7,0.07,0.77,31,16,23,343,95.1452264380027
94457,"J",2,136,536529.6838775,46,2,3,25,85.9,0.011,1.2,0.07,1.27,47,38,12,72,13.4997724592663
94459,"J",2,145,56109.8598975,52,2,4,50.4,144.2,0.065,1,0.07,1.07,24,25,21,200,99.7846410883226
94463,"J",2,146,60871.105409,26,2,4,42.6,117.2,265,1.4,0.07,1.47,10,13,14,97,93.354987512002
94473,"J",2,143,204791.5161035,73,2,3,30.8,105.2,0.011,1.7,0.07,1.77,16,20,8,246,70.0864930964689
94487,"J",1,144,27330.5773755,29,1,4,30.2,97.7,5.19,2,0.07,2.07,39,23,17,133,58.0700555644825
94490,"J",2,147,51276.22279,64,2,3,24,86.8,0.011,1.1,0.07,1.17,14,17,17,116,22.3708997031063
94507,"J",2,148,35415.553342,34,1,4,45.4,138.6,14.4,0.9,0.07,0.97,39,28,26,149,99.34353783705
94508,"J",1,134,73087.6381865,34,2,4,30.8,91.3,0.118,1.5,0.07,1.57,9,17,18,49,30.1385621702152
94519,"J",1,136,595062.9695225,59,1,3,29.6,103.3,0.011,2,0.07,2.07,31,23,24,154,71.63359164481
94522,"J",2,142,20943.467475,60,1,4,31.8,113,392,3,0.3,3.3,24,24,119,70,89.5146817197641
94523,"J",1,144,38958.678513,65,2,4,26.5,99.3,0.011,1.5,0.07,1.57,17,22,19,77,36.7060943842597
94532,"J",2,135,38847.1161975,36,2,1,30.2,99.7,0.011,0.2,0.1,0.3,9,10,11,278,69.4599571429979
94558,"J",2,141,12816.3119695,62,2,1,23.6,79.7,0.018,0.8,0.07,0.87,24,18,24,93,16.2588919997623
94568,"J",2,142,11641.9449785,60,2,1,29.8,103,0.011,0.9,0.07,0.97,25,25,28,159,74.6378253341899
94570,"J",2,139,23225.971221,48,1,3,33.7,109.4,321,1.3,0.07,1.37,17,23,32,434,95.3180737167824
94573,"J",2,148,12624.2656775,62,2,1,26.9,NA,0.011,1.5,0.07,1.57,18,18,8,359,NA
94577,"J",1,138,173256.7980825,30,2,3,19.6,81.6,0.022,1.2,0.07,1.27,13,16,10,68,4.64704822907897
94589,"J",1,135,149569.728831,33,1,3,30.4,103.1,0.011,0.7,0.07,0.77,35,21,43,386,91.0630250976114
94608,"J",1,148,56907.1544485,24,1,1,24.4,89.4,0.019,1.5,0.07,1.57,12,18,14,99,20.7311536012071
94616,"J",2,135,13626.3099535,62,1,1,37.9,125.1,0.011,1.8,0.07,1.87,16,14,21,176,96.3273483836348
94624,"J",2,140,29623.117059,38,1,6,25.7,87.1,0.011,1.5,0.07,1.57,68,29,78,246,69.3874910270305
94625,"J",1,146,48740.336984,22,1,4,22.2,71.6,215,3.3,0.2,3.5,16,16,21,116,10.4493796995478
94632,"J",2,141,87015.221656,70,2,3,27.9,95.5,0.011,3.8,0.07,3.87,11,13,17,113,43.3901085812092
94633,"J",2,140,154704.3159045,68,2,3,25.7,87.8,0.018,2.1,0.07,2.17,49,35,34,77,29.990997737872
94648,"J",2,135,34547.3189775,45,2,6,21.2,NA,0.011,1.4,0.07,1.47,15,14,15,125,NA
94650,"J",1,139,24089.445771,65,2,4,28.8,96.4,0.044,1,0.07,1.07,15,18,32,90,53.5967018008981
94652,"J",2,138,97875.475286,74,2,3,28,86.4,0.032,3.4,0.07,3.47,24,22,15,90,26.0937545568574
94664,"J",1,148,14815.284461,41,1,6,21.7,76.5,0.227,3.4,0.07,3.47,21,23,35,126,18.0571039873608
94673,"J",2,142,45725.779972,23,2,4,22.3,74.6,1.06,0.8,0.07,0.87,19,28,21,77,8.58112986778194
94676,"J",1,147,7690.991112,67,1,4,25.9,93.8,0.017,0.6,0.07,0.67,14,16,23,89,34.4219929208626
94678,"J",1,134,401838.5582355,58,2,3,24.2,82.7,0.011,2.7,0.07,2.77,25,30,14,79,12.5738735526937
94688,"J",2,143,337923.928961,61,1,3,31.7,110.6,0.011,5.4,0.07,5.47,13,14,11,98,64.8912593039206
94695,"J",2,142,377690.4558865,56,2,3,17.9,74.4,329,1.4,0.07,1.47,16,19,17,207,9.99867499318987
94698,"J",2,146,45837.6391935,59,2,4,20.5,85.5,179,4.5,0.07,4.57,15,20,50,253,43.0000944320487
94704,"J",1,144,36304.80605,80,2,4,24.6,98,0.05,5.3,0.07,5.37,9,17,15,137,37.7898379719827
94708,"J",2,142,110932.810985,41,1,3,30.9,108.8,0.032,1.1,0.07,1.17,9,13,28,72,68.668909903861
94711,"J",1,142,53486.7990345,64,2,3,41.4,127.3,0.107,0.6,0.07,0.67,23,25,18,220,98.1510940359312
94713,"J",1,145,33137.0155555,56,2,4,26.8,91.6,819,1.7,0.07,1.77,10,18,14,59,20.0325111202163
94716,"J",2,147,82620.338662,76,2,3,30.5,107,0.011,4.4,0.07,4.47,14,20,14,107,62.5638083511139
94721,"J",2,148,110258.118604,30,1,2,44.6,127.8,0.011,1.3,0.07,1.37,49,29,28,405,99.5236639890061
94726,"J",2,141,213232.8502525,46,2,3,29.4,101.7,0.011,0.5,0.07,0.57,15,15,38,212,80.9738756991573
94730,"J",2,142,10739.590922,62,2,1,27.3,90.6,0.011,0.9,0.07,0.97,11,13,19,85,30.9908700894711
94731,"J",1,141,42384.7661595,44,2,4,26.6,98.9,0.011,0.2,0.07,0.27,11,17,22,110,47.3282041313515
94747,"J",1,140,237174.3027,59,2,3,24.9,93.3,0.011,3.3,0.07,3.37,28,27,34,120,43.9154664204355
94765,"J",1,135,59342.1071715,55,1,3,26.2,98.5,372,0.5,0.1,0.6,189,82,215,90,77.9324929578607
94771,"J",1,140,79911.797433,42,2,3,25.5,86.3,56.3,1.4,0.07,1.47,13,14,12,64,13.2501312592361
94775,"J",1,136,47518.748291,26,2,4,32,100.5,64.3,0.1,0.07,0.17,10,13,12,61,43.3232597831636
94786,"J",2,143,107237.9871885,24,2,3,32,102.3,0.017,0.5,0.07,0.57,17,15,18,119,68.0200117232657
94788,"J",2,146,27137.045416,53,2,6,21.5,76.4,0.081,2.4,0.07,2.47,11,16,13,74,5.93068419637742
94797,"J",1,137,22835.228038,66,2,6,25.5,92.3,0.028,2.3,0.1,2.4,14,15,14,98,26.0324464686894
94802,"J",2,144,60264.354459,22,1,2,31.2,98,3.22,1.2,0.07,1.27,31,23,37,109,70.04189365016
94805,"J",2,143,42894.423829,62,1,7,41.7,NA,0.097,1.6,0.07,1.67,19,36,42,108,NA
94806,"J",2,141,28145.458898,55,1,2,29.4,100.3,0.011,1.1,0.07,1.17,26,23,41,285,84.6922768458854
94813,"J",2,140,15522.642819,62,2,6,26.7,94.6,0.046,1.2,0.3,1.5,22,25,25,275,65.5665165096924
94819,"J",1,148,23741.785894,32,2,1,24,84.3,0.011,0.3,0.07,0.37,14,18,9,64,8.31668117013285
94834,"J",1,135,102533.0152655,62,2,3,36.1,106.1,0.011,2.8,0.07,2.87,16,16,13,148,81.7600864021049
94836,"J",2,139,17601.7117935,71,2,3,30.5,100,0.011,1.6,0.07,1.67,21,23,14,70,43.4911235133494
94837,"J",2,136,47504.818666,33,2,1,23,NA,3.96,0.3,0.07,0.37,11,10,9,68,NA
94844,"J",1,141,389904.3155685,36,1,3,27.8,97.2,0.011,1.8,0.07,1.87,32,25,24,125,53.8430463782489
94855,"J",1,147,24010.5344255,54,1,4,19.2,82.3,286,1.4,0.07,1.47,39,42,134,83,27.1604753521259
94856,"J",2,137,218976.7925825,77,2,3,23.3,93.8,0.011,1.9,0.07,1.97,11,15,14,73,17.4905948416842
94858,"J",1,142,100007.041157,44,2,3,38.8,119.8,0.824,0.9,0.07,0.97,26,24,29,186,96.756219005623
94861,"J",2,140,31184.633269,56,2,4,37.6,115.3,255,1.2,0.07,1.27,29,16,25,122,92.2847847585324
94872,"J",2,137,18357.496319,80,1,3,22.7,95.9,0.021,3.3,0.07,3.37,12,18,22,121,32.8000353460071
94883,"J",1,147,14966.5350115,59,1,4,24.6,96.8,0.018,1.1,0.07,1.17,24,24,13,191,41.3831165330736
94892,"J",1,142,68132.1288615,61,1,3,19.2,85.8,178,2,0.07,2.07,13,15,22,84,11.0380229588513
94894,"J",2,134,420374.3770425,50,1,3,38.5,132.9,0.011,1.5,0.07,1.57,32,25,40,66,96.4138007550796
94902,"J",2,137,22088.173486,67,2,6,21.7,85.4,0.148,2,0.07,2.07,37,35,38,184,34.9581481079589
94908,"J",1,145,26997.641918,56,2,4,38.4,131.2,0.461,2.1,0.07,2.17,15,14,20,216,97.8538008472086
94922,"J",1,139,15139.0486115,66,1,4,23.2,89.7,0.019,0.5,0.07,0.57,9,15,19,94,21.0447039402211
94924,"J",2,146,136569.771113,29,2,3,31.7,110,192,0.6,0.07,0.67,47,33,145,286,96.9372629624177
94926,"J",2,142,144641.1345725,37,1,3,21.8,75,381,1.6,0.07,1.67,11,15,18,84,8.0029619204224
94929,"J",1,144,109435.50094,78,1,3,23.3,97,353,2.1,0.07,2.17,15,19,15,146,33.8151458092447
94933,"J",1,136,50307.874912,54,2,1,40.8,125.3,0.011,0.8,0.07,0.87,30,26,53,93,97.6736627405867
94936,"J",1,144,28940.97829,25,2,4,35.5,105.5,0.173,0.4,0.07,0.47,13,14,12,143,78.4950750318594
94938,"J",1,142,17886.968634,61,1,4,31.8,109.7,0.032,1.1,0.07,1.17,28,23,26,103,77.6521660015658
94941,"J",1,144,26533.937103,28,1,4,33.5,101.1,0.344,1.7,0.07,1.77,13,17,25,71,65.5496059959862
94945,"J",2,143,57791.2149595,29,1,1,38.7,131.4,0.011,1.2,0.07,1.27,24,21,25,119,96.9650555231298
94959,"J",1,139,52432.0744115,48,1,4,31.2,107.1,0.023,1.6,0.07,1.67,21,18,59,99,82.8484019033644
94960,"J",2,136,96938.6254,26,1,3,21.2,79.8,173,2.1,0.2,2.3,41,31,17,67,7.39539916759815
94964,"J",2,143,75372.105513,48,1,1,29.4,101.6,103,0.6,0.07,0.67,27,18,18,72,46.9375813969664
94969,"J",1,142,15665.77577,80,1,3,29.6,111.2,0.011,0.9,0.07,0.97,19,18,38,166,85.1512224948452
94970,"J",2,144,32428.9960705,55,1,1,29,100.1,9.1,1.7,0.07,1.77,34,30,127,409,94.2702668210728
94987,"J",2,134,64898.738841,63,2,3,49.1,142.4,0.011,2.4,0.07,2.47,14,13,15,240,99.6965074732489
94990,"J",2,142,51722.001807,56,1,4,29.9,109.2,135,1,0.07,1.07,19,17,26,67,63.2994611875741
94995,"J",2,136,22610.2043835,58,1,7,29.1,99.3,0.011,2.4,0.07,2.47,20,20,24,138,63.1885787588729
95004,"J",2,136,59141.1474635,80,1,3,27.2,114.7,0.011,3.5,0.2,3.7,13,17,29,78,66.4756108451126
95014,"J",2,135,90914.554797,35,1,1,33.5,107.2,0.011,1.2,0.2,1.4,40,17,23,326,91.3670454157307
95016,"J",2,147,25910.2305725,73,1,3,34.1,121.8,0.019,1.4,0.07,1.47,21,19,25,144,92.3979364592688
95026,"J",1,146,39068.892466,20,1,4,24.2,77.5,0.011,0.9,0.1,1,22,24,20,70,11.1654817399865
95027,"J",1,134,20502.7913515,76,2,6,22.6,78.6,299,2.3,0.07,2.37,15,19,20,369,34.2116841171907
95028,"J",2,141,65277.157432,30,1,3,30.4,113.3,1.01,1.8,0.2,2,29,19,71,360,95.9127293872503
95035,"J",2,143,33494.716247,42,1,7,41.7,142.7,0.038,1.1,0.07,1.17,61,24,28,114,98.9233809079417
95042,"J",2,146,13047.0832405,65,2,2,32,105.2,0.031,3,0.07,3.07,59,55,42,128,83.0085258711825
95045,"J",1,145,186199.7004195,69,2,3,28.5,106,0.011,1.8,0.1,1.9,20,22,22,125,65.81928924749
95052,"J",1,137,32069.5637345,40,2,6,31.8,110.4,0.011,0.5,0.07,0.57,9,12,5,214,68.9064966656974
95056,"J",1,139,41080.5064175,34,2,7,41.1,127.1,110,0.4,0.07,0.47,14,16,21,81,95.5979336714166
95069,"J",1,142,145828.8630455,26,1,3,24.4,89.5,389,1.7,0.07,1.77,24,21,17,186,35.5370176311317
95070,"J",2,146,17254.9491375,61,1,2,37.6,132,158,1.3,0.07,1.37,15,11,28,143,97.3390415252492
95071,"J",1,143,73931.9368875,38,2,3,28.1,87.4,0.019,0.4,0.07,0.47,19,16,5,104,16.4486356238628
95088,"J",1,135,32430.9145905,50,2,1,33.1,100.6,0.011,0.7,0.07,0.77,28,23,32,253,87.5383227964221
95089,"J",2,146,48968.9279405,31,2,4,32.8,114,478,0.8,0.07,0.87,9,13,30,216,91.8407214993346
95093,"J",2,148,22839.934442,51,2,1,28.9,100.5,0.032,1,0.1,1.1,12,17,9,202,55.8477749615165
95098,"J",1,140,14911.539679,68,1,2,35.1,121.4,0.011,2.3,0.07,2.37,17,17,37,314,97.4416982595163
95102,"J",1,138,32200.753467,61,2,6,29,101.7,0.38,3.6,0.2,3.8,13,17,20,111,57.8158415319746
95105,"J",2,139,129401.8242245,67,1,3,28.6,101.8,0.016,1.4,0.07,1.47,30,26,20,156,64.3192708987178
95113,"J",1,135,114075.4153925,20,2,1,32.6,105.7,0.022,0.8,0.07,0.87,19,17,12,46,45.5457948835357
95115,"J",1,144,38875.8082285,33,2,4,20.9,76.5,0.011,0.4,0.07,0.47,12,17,10,60,3.80436995982801
95121,"J",2,142,13350.9261945,66,2,1,30.7,100.6,0.011,1.8,0.2,2,17,19,16,166,67.18453226465
95128,"J",2,145,38558.584792,33,2,4,33.9,92.3,256,0.07,0.07,0.14,9,13,20,70,51.4683711035404
95129,"J",2,137,10316.294237,60,1,1,56.3,NA,0.192,1,0.07,1.07,22,18,18,370,NA
95143,"J",2,142,49371.994829,51,2,1,21.5,86.2,0.011,1.3,0.07,1.37,13,17,10,60,6.70612270969161
95148,"J",2,142,67106.8480235,56,2,4,35.4,113.2,0.188,0.3,0.07,0.37,22,19,29,111,88.905264947074
95153,"J",2,139,105142.2408265,23,2,3,43.4,121.7,0.995,0.4,0.07,0.47,15,13,15,115,96.0984540717092
95160,"J",1,144,23352.0087035,66,2,4,29,100.5,0.011,2.6,0.1,2.7,25,32,29,421,85.6785918084158
95171,"J",2,141,72348.0261315,41,2,3,40.2,126.8,198,0.3,0.2,0.5,18,18,21,161,97.3188462841929
95174,"J",2,141,105334.0368765,25,2,7,29.4,91.4,317,0.3,0.07,0.37,28,19,23,170,58.2124489402698
95182,"J",2,134,62981.0343475,56,1,2,34.7,117.2,0.497,0.4,0.07,0.47,17,18,30,230,94.855611275232
95186,"J",2,138,32181.43116,28,2,6,27.2,95.8,0.031,0.7,0.07,0.77,28,30,26,96,45.0744550880052
95189,"J",2,143,9763.8483165,66,1,4,36,111.6,74,1.2,0.07,1.27,7,15,11,72,72.5348980024826
95197,"J",1,136,77404.6748045,34,1,3,36.5,126.3,335,1.3,0.07,1.37,24,21,41,205,97.7281013476558
95200,"J",1,147,37071.185771,23,2,1,25.1,88.1,113,0.7,0.07,0.77,13,16,16,79,19.2787642310041
95202,"J",1,135,107776.808624,23,2,3,25.1,95.6,0.032,1,0.07,1.07,15,25,11,92,23.8967831769231
95206,"J",2,134,28710.0719135,47,1,4,19.2,76,0.011,1,0.2,1.2,10,18,15,70,4.50019279311506
95208,"J",2,140,30842.4401395,78,1,1,26.1,101,0.011,1,0.07,1.07,14,22,9,89,28.7240892944446
95214,"J",1,143,13234.6354465,70,1,4,26.3,99.7,0.061,2.3,0.07,2.37,50,44,218,133,84.8305239269368
95228,"J",2,146,302583.1066565,46,1,3,25.9,97.5,0.011,3.1,0.07,3.17,48,28,52,123,60.9593700628727
95231,"J",1,142,50228.04294,32,1,7,28.7,97.3,251,1.3,0.1,1.4,16,17,15,74,36.5250753063734
95232,"J",1,144,34173.8322325,23,2,4,35.6,105,0.255,0.6,0.07,0.67,7,13,12,57,60.0030173545232
95237,"J",2,147,137078.808146,29,1,3,22.6,84.4,264,2,0.07,2.07,13,22,27,71,15.4249209104753
95238,"J",1,134,15038.155909,78,1,4,27.4,104.7,0.016,1.6,0.07,1.67,19,22,33,58,49.8198662339327
95247,"J",2,136,44544.982563,64,2,6,36.1,109.7,0.035,1.5,0.07,1.57,79,42,28,173,91.6108439875569
95252,"J",1,143,30235.119535,70,1,3,28.2,115,1.72,1.6,0.07,1.67,16,17,12,103,61.5587215735023
95255,"J",2,136,140501.304276,24,2,3,26.4,83.6,0.082,2.7,0.07,2.77,37,27,20,37,11.3804102648242
95256,"J",2,139,47609.85947,66,2,3,26.5,102.9,70,1,0.07,1.07,10,15,9,129,40.1602721878451
95260,"J",1,144,170508.748786,26,1,3,24.2,76.8,0.017,2,0.07,2.07,22,24,13,216,20.6438902288751
95261,"J",1,148,71701.7459705,24,2,2,47.7,129.3,0.011,0.9,0.07,0.97,16,15,16,65,97.6039812323689
95266,"J",2,139,251838.314086,58,2,3,34.5,103.3,0.029,0.8,0.07,0.87,87,40,60,161,90.9514206337999
95268,"J",2,138,72686.58289,70,1,3,30.2,112.9,0.011,1.7,0.07,1.77,14,19,19,237,85.3418505103325
95275,"J",2,147,35832.882407,41,2,7,21.4,80.7,0.018,1.2,0.07,1.27,9,16,10,120,9.29982020405369
95284,"J",2,144,12033.6395255,41,2,2,36.9,100.2,0.031,0.6,0.07,0.67,17,18,30,150,87.1231909018082
95288,"J",2,140,110215.246949,34,1,3,29.6,102.8,0.017,1.1,0.07,1.17,14,16,29,61,53.8220593305152
95308,"J",2,143,16128.325165,64,2,4,27.4,100.3,0.011,1,0.07,1.07,8,13,8,150,41.2818598050467
95313,"J",1,134,532008.916609,54,2,3,23.6,80.5,0.011,0.6,0.07,0.67,17,18,17,51,8.18988221421802
95319,"J",2,136,19944.9517535,55,2,1,29.4,98.8,0.011,2.1,0.07,2.17,8,13,11,294,67.1756524581752
95325,"J",1,134,18572.28568,68,1,2,26.5,103.4,0.022,1.5,0.07,1.57,16,14,19,103,48.7428628240501
95326,"J",1,135,148169.9442905,72,1,3,28.9,111,0.011,1,0.07,1.07,33,27,78,481,95.9643850750837
95329,"J",2,134,18946.064817,47,1,6,24.5,84.2,0.022,2.6,0.07,2.67,15,17,22,258,40.9614066111799
95346,"J",2,140,35005.6742515,61,2,4,30,99.6,0.019,2.1,0.07,2.17,14,23,11,69,36.8325378198769
95362,"J",2,141,42936.160549,42,2,1,25,81.8,0.011,1.3,0.07,1.37,11,15,13,91,14.2568677847638
95375,"J",2,144,29923.137153,56,1,7,26.3,86.5,0.021,5.4,0.07,5.47,25,30,54,151,53.5131571825128
95377,"J",2,141,56026.8641565,63,1,3,33.8,116.4,0.011,0.4,0.07,0.47,32,28,25,109,87.0389540675895
95385,"J",1,137,52849.312518,28,2,6,24.3,97,0.033,0.4,0.07,0.47,11,17,13,92,25.4377160184592
95389,"J",1,142,60689.2573595,20,1,3,25.3,84.1,0.024,1,0.1,1.1,16,18,10,103,15.4354651226726
95393,"J",2,134,40566.133402,28,2,6,34.2,89.3,0.023,1.4,0.2,1.6,13,12,17,157,64.4408314813331
95394,"J",1,137,64051.8684295,47,1,1,29,100.4,222,0.6,0.07,0.67,21,15,26,130,64.2279967232163
95397,"J",1,146,42636.7326995,68,1,3,28.4,106.3,591,3.7,0.07,3.77,10,16,20,174,71.1773983976266
95402,"J",2,146,62532.438109,28,1,4,31.1,102.2,0.086,2.2,0.07,2.27,28,31,17,151,69.2155288950959
95405,"J",2,145,22194.7778765,53,1,6,25.3,96.9,0.092,1.5,0.07,1.57,14,16,32,86,41.1151143322861
95421,"J",1,134,22638.403579,78,1,3,32.6,116.4,0.011,3.2,0.07,3.27,14,17,27,65,78.586896691586
95424,"J",2,147,450575.608933,40,1,3,33.8,109,0.011,1.1,0.07,1.17,14,17,20,85,75.3056821191165
95425,"J",1,144,25095.390843,22,1,1,22.3,79.2,101,2,0.07,2.07,51,38,23,99,13.9762262506434
95431,"J",2,143,49803.3863655,66,2,3,61.6,163.6,0.034,0.4,0.07,0.47,21,15,30,188,99.986640831158
95434,"J",1,140,38847.2014335,78,2,2,27.7,NA,0.217,1.5,0.07,1.57,18,28,58,182,NA
95445,"J",2,143,47272.399854,24,2,2,24.8,87.2,0.133,0.8,0.07,0.87,40,34,53,127,44.7934393570343
95447,"J",2,142,19617.884835,70,2,1,35.8,114.1,0.011,0.7,0.07,0.77,20,20,25,110,88.7874401079539
95453,"J",2,136,18125.6861205,39,1,1,28.3,100.8,0.011,1,0.07,1.07,38,25,117,306,91.7201518699873
95454,"J",1,148,24342.272973,60,1,1,29.2,104.8,0.011,2.4,0.07,2.47,24,23,41,171,80.7609286254084
95455,"J",2,141,41715.2064245,47,1,2,33.5,108.6,0.015,1,0.07,1.07,23,22,33,160,88.2304149141156
95459,"J",2,140,20185.347683,63,1,1,23.2,89.8,0.036,1.2,0.07,1.27,18,16,17,151,27.9874314475604
95465,"J",1,137,33191.1916465,56,2,1,32.3,108,0.02,1.5,0.07,1.57,21,25,26,152,83.1426557025778
95467,"J",2,143,23192.3665905,80,2,3,25.9,103.3,0.015,1.8,0.07,1.87,10,20,22,212,65.7955218005887
95468,"J",1,142,117674.689929,63,1,3,25.3,95.9,0.024,1.5,0.07,1.57,14,19,17,129,38.2263554815224
95479,"J",1,140,195512.575512,57,2,3,22.5,77.4,0.011,3,0.07,3.07,11,15,9,64,4.86015664790907
95480,"J",1,148,197044.153031,71,1,3,27.3,92.4,0.011,2.3,0.07,2.37,14,17,13,202,46.1902175629177
95488,"J",1,146,128042.6463695,21,2,3,38.1,126.8,1.82,1.1,0.07,1.17,10,11,15,106,93.4620847699245
95492,"J",2,145,153085.1476985,80,2,3,40.4,NA,0.022,2,0.07,2.07,13,18,33,175,NA
95500,"J",2,143,50064.576393,61,2,3,42,NA,0.232,2.4,0.07,2.47,7,11,11,183,NA
95503,"J",2,135,54108.085625,52,1,1,42.1,139.1,0.033,1.8,0.07,1.87,19,15,63,213,99.6178495145353
95508,"J",1,147,10201.0271045,63,1,4,25.3,103.6,44.1,1.8,0.07,1.87,19,16,66,86,62.6133559172263
95509,"J",2,135,137409.7895375,51,2,3,28,95.5,0.011,0.4,0.1,0.5,15,18,19,82,38.2774268939266
95522,"J",1,135,200268.185263,22,2,3,28.2,98.2,0.02,1.3,0.07,1.37,9,15,11,84,33.7078043304971
95525,"J",1,136,70819.5506425,51,2,4,27,98.5,101,0.6,0.07,0.67,15,24,37,132,61.6436302404453
95526,"J",2,139,34996.4620995,80,2,7,31.4,NA,0.126,0.8,0.07,0.87,22,18,27,316,NA
95535,"J",2,141,20798.7798085,46,1,7,40.5,137.6,201,0.9,0.07,0.97,42,26,35,141,98.8412899640308
95537,"J",1,136,18750.8082775,48,1,6,29,103.2,0.011,1.8,0.07,1.87,26,25,69,135,81.3120506568771
95543,"J",1,148,48325.7464245,28,2,6,24.2,78,0.023,1.4,0.07,1.47,10,13,11,143,14.2348414792429
95544,"J",1,139,215787.518872,29,1,3,34.9,120.8,0.592,1.6,0.07,1.67,45,28,41,170,95.5606818139157
95548,"J",2,142,197566.0914915,28,1,3,18.8,70.7,295,1.1,0.07,1.17,12,17,25,90,5.81276368413384
95551,"J",2,141,17793.53082,57,2,1,26.4,89,0.011,0.8,0.07,0.87,31,30,32,269,61.3431216242582
95569,"J",1,147,34849.766759,23,2,4,30.3,100.2,0.03,1.5,0.07,1.57,26,18,35,99,67.022196139728
95572,"J",1,142,68141.337895,75,1,3,26.6,97.8,0.078,1,0.07,1.07,15,17,11,134,38.3464261506086
95573,"J",2,139,136001.1539755,23,1,3,31.7,100.3,342,1,0.07,1.07,25,17,28,147,75.5026923000098
95575,"J",2,144,25110.284549,64,1,4,20.8,81.2,308,0.5,0.07,0.57,33,26,38,104,18.0596909189203
95578,"J",1,135,12730.704549,62,2,6,22.7,82.5,0.011,0.9,0.07,0.97,27,25,25,139,23.0854325450572
95590,"J",1,134,41555.42045,61,1,2,27.8,97.9,0.071,1.9,0.07,1.97,19,22,32,156,64.7669562361568
95593,"J",1,137,116602.8790525,70,1,3,23.2,96.2,0.011,1.7,0.2,1.9,18,21,21,94,28.7845098666855
95598,"J",2,146,87240.8382085,22,1,2,28.9,100.8,0.697,1.3,0.07,1.37,23,21,33,176,74.1247711966932
95609,"J",2,141,197693.938527,22,2,3,32.5,104.2,0.028,0.8,0.07,0.87,19,23,14,176,75.3508801142812
95611,"J",1,135,94016.4943695,53,1,7,18.6,76.1,768,2.6,0.07,2.67,27,30,40,119,12.7507389712157
95625,"J",2,148,17338.725809,43,1,6,22.2,82.6,0.015,2.5,0.07,2.57,36,26,16,50,7.15896459354345
95636,"J",2,138,86795.510305,51,2,2,28.2,87,0.011,1.2,0.07,1.27,12,16,17,106,32.3946165785777
95641,"J",2,146,73036.453104,50,2,7,48.4,152.8,246,0.6,0.07,0.67,11,13,17,175,99.7617663126332
95643,"J",1,145,234098.113625,20,1,3,18.4,74.5,0.022,1.4,0.07,1.47,77,122,19,93,5.7042452271617
95654,"J",1,145,89763.361634,72,1,3,28.4,108,0.017,1.3,0.07,1.37,21,18,65,188,87.1483457352281
95658,"J",2,142,96880.551395,29,1,3,27.8,94.4,0.052,1.3,0.07,1.37,51,52,14,100,35.5710800545015
95664,"J",1,140,36530.532619,47,1,3,29.8,115.2,292,1.5,0.07,1.57,63,60,69,117,88.9066412910016
95672,"J",1,136,19112.3300295,75,1,4,31,116.3,0.011,1.7,0.07,1.77,21,23,17,79,71.6310008732153
95680,"J",2,136,66952.64619,45,2,3,31.8,102.2,0.02,0.5,0.07,0.57,21,23,14,152,68.4472213156269
95684,"J",2,144,360645.944091,30,1,3,27.7,85.2,0.024,1.2,0.07,1.27,19,26,30,77,31.0583304806145
95685,"J",1,135,83818.2832825,30,1,3,44.9,134.9,0.026,1.7,0.07,1.77,35,19,18,148,98.8831539667653
95689,"J",1,147,16907.5320645,60,2,4,36,122.8,0.011,1,0.07,1.07,31,34,29,222,96.5572647089916
95690,"J",1,144,12948.128969,54,1,6,26.2,93.7,411,2.2,0.1,2.3,37,18,75,384,83.6692107208938
95694,"J",1,136,42057.832426,50,2,6,29.5,97.6,0.011,0.9,0.07,0.97,45,27,82,98,74.3034076952475
95700,"J",1,134,32262.7838655,59,2,2,31.8,104.7,0.011,8,0.2,8.2,88,88,32,286,89.118070674702
95708,"J",1,134,46960.492682,52,1,3,31.9,117.1,392,1.8,0.07,1.87,19,28,21,159,87.1247351839046
95714,"J",1,144,15115.38936,63,2,4,49.3,138.3,0.011,1.1,0.07,1.17,22,19,24,63,99.0694955912867
95717,"J",2,141,133252.983269,76,1,3,26.6,NA,0.051,1,0.07,1.07,17,19,24,151,NA
95745,"J",1,137,11886.4062195,60,2,4,33.6,111.7,0.011,2.1,0.07,2.17,15,20,24,110,83.2980608284073
95752,"J",1,140,25828.090895,80,1,2,23.3,94.4,0.011,2.9,0.07,2.97,13,19,60,168,57.9269920962853
95759,"J",2,145,17482.30354,63,2,4,45.1,NA,0.053,1,0.07,1.07,11,16,11,77,NA
95762,"J",1,143,87758.083281,32,1,4,27.9,101.1,0.03,1.4,0.07,1.47,32,26,33,202,74.2818857461271
95765,"J",2,138,53036.102366,51,1,1,25.1,90.1,0.011,4.9,0.1,5,43,34,136,502,87.7912842172548
95767,"J",2,139,35387.287359,60,1,3,54.6,146.9,834,1.7,0.07,1.77,16,14,27,123,99.8617561010222
95768,"J",2,138,125564.4634035,23,1,2,25,81.6,93.2,1.4,0.07,1.47,18,21,21,84,17.7020684436852
95770,"J",1,144,20492.4613905,50,1,4,39.8,129.5,0.082,2.7,0.07,2.77,27,18,39,195,98.6696112828554
95775,"J",1,136,48363.2864375,37,2,6,28.4,84.8,0.022,0.5,0.07,0.57,16,20,14,77,21.9512375897913
95778,"J",2,136,39751.4023855,35,2,4,22.4,NA,0.314,0.2,0.2,0.4,13,15,16,59,NA
95787,"J",2,136,34669.3829405,27,1,1,36.8,123.8,0.011,0.07,0.07,0.14,33,25,20,401,97.800675062123
95788,"J",2,145,225183.1353455,28,2,3,27.1,91.2,0.017,2.4,0.07,2.47,13,19,13,79,24.2543954939639
95792,"J",1,139,183682.4715495,23,1,3,28.7,92.5,0.011,2,0.07,2.07,18,17,17,121,43.8176873543143
95799,"J",1,142,91033.1618915,25,2,3,24.8,88.5,138,0.9,0.07,0.97,20,19,12,51,11.1440856329794
95807,"J",1,144,112919.345685,34,2,3,45.5,131.6,0.011,1.2,0.07,1.27,21,13,14,124,98.2755574328518
95811,"J",1,140,42596.6822055,24,2,1,17.2,64.7,0.052,0.6,0.07,0.67,18,20,19,60,1.96644505559209
95812,"J",1,144,24735.344677,63,2,4,24.3,87.1,0.037,2.2,0.07,2.27,19,28,19,52,13.3384720917019
95813,"J",1,140,12823.095675,80,1,3,23,85,0.011,1.1,0.07,1.17,37,35,81,104,38.6587124501729
95822,"J",1,148,30116.762951,66,1,6,23.4,96.5,0.011,2.7,0.07,2.77,11,18,25,82,29.5848982848295
95831,"J",1,138,33329.7848925,63,2,6,32.8,110,0.392,6.3,0.07,6.37,24,19,20,146,82.4119808212603
95836,"J",2,139,62279.2276365,55,2,3,39.4,110.2,0.208,0.9,0.07,0.97,14,19,11,118,86.2990244199571
95838,"J",1,136,31842.3640845,80,1,1,35.2,122,0.011,0.5,0.07,0.57,11,14,27,339,97.1595416927055
95841,"J",2,135,38711.3411795,27,1,1,32.9,110,0.011,1.6,0.07,1.67,27,20,27,423,94.2005151544438
95851,"J",2,147,66112.798842,28,1,1,31,97.3,0.019,1.5,0.07,1.57,25,23,31,166,74.2351610428389
95858,"J",2,138,28709.2555985,32,1,6,27.7,98.9,0.043,1,0.07,1.07,35,29,12,187,52.906955181464
95865,"J",1,144,50194.376321,47,2,4,38.2,112.5,0.159,0.2,0.07,0.27,12,13,17,118,89.1679238265145
95873,"J",2,147,14901.1036215,76,1,3,28.1,100.7,0.011,1.2,0.07,1.27,24,26,82,158,81.5579057615847
95875,"J",1,142,25875.0392405,67,2,1,35.7,113.4,0.03,1.7,0.07,1.77,18,17,13,99,80.9734023146479
95880,"J",2,135,27090.873867,69,2,3,40.1,113.8,0.011,3.2,0.07,3.27,18,22,23,312,97.3003143642096
95881,"J",2,137,33902.7390975,64,2,1,25.1,85.3,0.011,2.1,0.07,2.17,19,24,19,81,19.2603256378309
95883,"J",1,135,118072.4936935,31,2,1,46.7,143.6,34.2,0.3,0.07,0.37,17,18,22,195,99.6321764324749
95896,"J",1,144,35411.223425,32,2,4,21.1,71.7,10.7,8,0.07,8.07,13,24,15,72,4.77905479841857
95900,"J",1,147,202633.168365,31,1,3,29.4,101.5,0.021,3.4,0.07,3.47,15,17,8,55,27.550432846549
95903,"J",2,144,152431.8578355,21,1,1,26.5,94,0.023,1.8,0.07,1.87,32,22,18,131,41.1407465448168
95908,"J",2,145,46620.84078,69,1,2,31.2,106.1,0.011,2.1,0.07,2.17,27,18,26,115,74.5799530525586
95910,"J",2,135,21846.335487,50,1,6,27.7,95.7,297,2.1,0.07,2.17,68,37,93,170,79.0215080069842
95913,"J",1,144,63177.06459,80,2,3,20.4,74.6,0.011,2.5,0.07,2.57,19,22,15,64,4.53123594948652
95915,"J",1,145,119703.614074,57,1,3,35.2,123.4,0.045,3.5,0.07,3.57,62,46,55,349,98.4405947502565
95917,"J",2,147,26233.256542,74,2,7,35.4,110.9,0.011,1,0.07,1.07,16,17,16,45,66.189894324988
95919,"J",1,142,24250.6064995,47,1,3,47.7,149,557,0.2,0.07,0.27,29,18,29,187,99.79446771848
95939,"J",2,142,41404.7106625,76,1,3,32.9,104.8,0.011,1.4,0.07,1.47,24,22,18,241,84.353887337658
95944,"J",1,137,22395.629721,54,1,6,42.8,132.8,0.019,0.9,0.07,0.97,27,21,33,226,99.2745571386591
95966,"J",2,142,219743.862847,66,1,3,32.3,117.1,0.023,1.9,0.07,1.97,34,21,152,68,92.9519850287501
95971,"J",2,136,32866.761964,71,2,1,48,132.4,0.011,2.7,0.1,2.8,13,18,28,108,99.1827658516471
95977,"J",1,144,32631.175047,26,2,4,21.9,81.3,72.8,0.7,0.07,0.77,45,112,65,70,20.6529357154896
95978,"J",2,135,39875.4160025,57,1,7,21.7,91.9,0.414,0.5,0.07,0.57,14,19,12,452,43.8439444717931
95979,"J",1,144,16742.5069765,66,1,4,20.4,83.3,0.011,1.3,0.07,1.37,8,15,27,54,8.89448163487166
95986,"J",2,144,28582.7641715,48,1,4,32.2,103.8,0.05,0.07,0.1,0.17,83,30,291,226,96.9863432245651
95993,"J",1,144,33263.839829,80,2,3,24.9,90.7,0.011,3.6,0.07,3.67,15,21,14,156,31.6599378992592
96002,"J",2,148,10444.5730745,34,2,1,40.1,NA,0.011,1,0.07,1.07,14,12,17,201,NA
96003,"J",2,144,34719.866637,49,2,1,31.6,98.8,0.011,2,0.07,2.07,22,20,38,119,74.0792479218337
96004,"J",2,146,47877.1673685,55,1,3,17.1,78.9,290,2.5,0.07,2.57,23,23,48,120,13.6531973561267
96008,"J",1,147,27488.658238,52,1,4,29.5,99.3,46.1,1.4,0.07,1.47,25,23,30,51,45.2020473427657
96011,"J",2,137,49830.9633305,32,2,1,24.2,90.6,0.011,0.6,0.07,0.67,17,17,15,90,20.6410185632762
96014,"J",2,134,31282.3851705,36,2,6,17.9,74.5,0.023,0.9,0.07,0.97,10,17,54,125,13.6705552445783
96016,"J",1,136,47145.203573,80,1,3,28,105.6,0.105,0.07,0.07,0.14,18,17,49,142,77.9203393101422
96020,"J",2,139,39240.64711,80,2,3,28,88.3,0.011,1.9,0.07,1.97,15,16,35,139,52.0536831043941
96022,"J",2,141,87366.0108855,56,1,1,28.8,101.8,0.023,1.2,0.07,1.27,30,24,74,767,95.5816251925142
96031,"J",2,140,54226.0285635,24,2,2,23.4,79.8,0.068,0.4,0.07,0.47,8,16,5,56,3.65702883330634
96033,"J",2,137,19025.862293,60,2,4,34.7,111.2,924,3.2,0.07,3.27,11,12,20,167,88.0826879877897
96056,"J",2,135,51513.828776,20,1,1,24.4,91.3,0.108,1.2,0.2,1.4,26,20,24,147,38.3013928293491
96063,"J",2,136,43410.96195,27,2,6,20,74.3,254,1.4,0.1,1.5,16,22,20,50,4.11699073121387
96064,"J",2,136,17571.94445,49,1,6,24.8,87.8,0.018,3,0.4,3.4,13,13,20,136,30.7527476672491
96077,"J",1,134,15989.1933045,80,1,3,22,92.1,259,1.8,0.07,1.87,7,14,10,257,29.6467933513456
96084,"J",2,145,59277.625353,34,2,4,54.6,152.7,11,1.1,0.07,1.17,22,22,37,76,99.8717073758984
96085,"J",2,146,73437.304939,25,1,3,31.4,104,395,2.7,0.07,2.77,18,22,23,298,85.9629356740213
96087,"J",2,148,24270.6270405,68,1,2,24.9,90,0.011,2.2,0.07,2.27,20,25,28,135,39.0157482276613
96089,"J",2,139,59958.086554,76,1,3,30.9,119.8,0.017,1.1,0.07,1.17,20,19,70,250,96.1278599404096
96097,"J",2,143,39164.401661,58,1,3,26.2,100.5,263,1.4,0.07,1.47,62,60,35,92,52.1313182693602
96099,"J",2,135,19042.8838745,63,1,6,23.4,83.4,169,2.5,0.07,2.57,23,25,60,465,67.2805402055933
96121,"J",2,136,212340.7071065,65,2,3,31.3,100.2,0.015,1.5,0.2,1.7,15,17,8,93,43.2638623782979
96124,"J",2,138,39785.453886,52,2,6,27.5,101.2,0.183,1.1,0.07,1.17,13,22,15,151,54.1640262248356
96135,"J",1,134,34056.2502085,73,2,4,39.1,106.2,0.417,0.8,0.07,0.87,18,31,17,47,73.5349896354338
96144,"J",1,147,28581.49235,64,2,4,33.2,NA,0.011,3.2,0.07,3.27,27,23,200,215,NA
96145,"J",2,136,154703.7996925,78,2,3,36.6,111.1,0.011,2,0.2,2.2,14,15,30,140,91.5455594124274
96152,"J",2,136,13645.67097,61,1,1,35.2,117.7,0.011,1,0.2,1.2,30,21,54,118,94.2483849272753
96162,"J",1,142,12169.6528915,60,2,2,34.3,104,0.066,1.4,0.07,1.47,52,50,60,174,91.6139895986727
96175,"J",1,138,43141.9401815,39,1,4,33.4,107.2,193,2.1,0.07,2.17,26,18,84,250,95.357937117368
96189,"J",2,140,287054.4490815,50,1,7,43.7,151.8,0.011,0.9,0.07,0.97,31,29,21,342,99.7809082916805
96196,"J",2,146,77083.668136,34,2,3,59.1,154.9,0.222,1.4,0.07,1.47,17,18,30,120,99.9540144989018
96210,"J",2,139,14053.2896815,80,1,3,30,126.5,242,0.5,0.07,0.57,11,17,15,97,80.745844733109
96216,"J",1,141,69420.653257,56,2,4,26.8,90.3,0.292,0.4,0.1,0.5,8,17,12,51,15.4112020188194
96223,"J",2,145,17650.1695095,70,1,4,19.7,85,489,2.3,0.07,2.37,11,34,103,135,37.7719823532095
96226,"J",2,146,37186.400667,31,1,4,31.2,99.7,545,1,0.07,1.07,15,14,11,43,30.6191028121922
96229,"J",2,142,116856.628051,24,2,3,17.7,63.7,169,0.5,0.07,0.57,9,15,15,62,1.74457261026376
96236,"J",2,145,30169.621378,78,2,4,20.8,81.9,0.043,2.2,0.07,2.27,17,23,14,109,10.457421746083
96237,"J",1,140,75088.034446,58,2,3,21.8,89.3,628,2.7,0.07,2.77,21,24,31,113,26.6765300014208
96244,"J",2,137,30701.4005055,38,2,1,25.1,84,0.011,0.5,0.07,0.57,12,17,15,116,20.923405783752
96245,"J",2,136,15202.5333805,60,2,1,33,102.4,0.011,1.1,0.07,1.17,59,55,91,152,90.852488095755
96249,"J",2,135,19424.7320975,58,2,1,28.9,102.4,0.011,0.6,0.07,0.67,31,18,29,139,69.4145493666382
96269,"J",2,148,24587.2915305,33,2,1,28.8,96.5,0.025,0.5,0.07,0.57,20,17,17,119,49.0364160667006
96270,"J",1,138,94509.457388,25,1,2,26.8,88.8,0.011,2.3,0.07,2.37,19,22,17,66,21.6460761659496
96276,"J",1,139,40388.402982,49,1,4,38.3,118.7,0.205,1.7,0.07,1.77,20,21,25,108,93.3579718441773
96287,"J",1,136,45963.6035535,74,2,2,35.4,115.1,0.011,1.6,0.07,1.67,48,37,28,128,90.8246291299285
96296,"J",2,146,93430.8917605,72,2,3,21.2,86.3,240,3.9,0.07,3.97,10,17,20,191,25.5793580158302
96301,"J",1,143,40635.290796,54,1,4,27.7,106.4,1.81,2.7,0.07,2.77,22,29,27,77,56.2313700326787
96304,"J",2,143,22463.3348405,60,2,4,36.2,120,0.048,2.7,0.07,2.77,54,65,63,275,98.1555160622204
96309,"J",2,148,19372.5495315,76,2,6,20.7,75.7,0.011,1.9,0.07,1.97,9,13,8,69,3.4641154733561
96320,"J",1,145,29277.7527875,46,1,3,30.2,102.6,0.113,3.7,0.1,3.8,19,21,21,210,76.3571437852694
96329,"J",2,136,46855.7974355,42,2,1,23.4,77.2,0.011,1.1,0.07,1.17,13,16,14,51,5.95844616947141
96332,"J",2,135,59836.4305175,49,1,3,18.3,74,264,1.1,0.07,1.17,13,19,15,51,2.69123170991473
96333,"J",2,141,12406.613707,60,2,2,26.1,94,0.016,0.6,0.07,0.67,11,13,11,150,34.5636410393682
96337,"J",2,140,32576.6410705,20,1,1,29.4,98.4,0.621,1,0.07,1.07,24,14,37,259,80.9242587531373
96339,"J",2,137,26765.9971275,71,2,4,22.8,89.8,0.466,1.4,0.07,1.47,17,22,32,139,34.8543413433884
96342,"J",2,145,104143.860694,80,2,3,29.4,107.8,0.011,0.2,0.07,0.27,17,16,48,148,83.1579856676415
96355,"J",1,148,64004.979734,20,2,1,17.5,71.2,0.026,0.5,0.07,0.57,9,13,8,48,1.26595079194985
96360,"J",2,141,122911.665763,72,2,3,27.6,92.3,0.011,1.3,0.2,1.5,21,20,15,131,39.502050102109
96362,"J",1,135,183449.2490825,61,2,3,27.3,101.8,0.018,1.9,0.07,1.97,23,19,24,123,57.7606217937389
96365,"J",2,137,127307.529511,39,2,3,26.1,90.6,0.011,1.7,0.07,1.77,21,18,33,97,39.0524508446892
96366,"J",1,136,18582.4001865,61,2,2,49.6,133.8,0.011,0.6,0.07,0.67,36,19,241,134,99.8937985928243
96377,"J",2,135,13691.927167,52,2,6,21.5,77.9,0.381,0.9,0.07,0.97,22,21,10,49,3.67689645982613
96382,"J",2,144,32098.607276,29,1,4,22,80.8,0.04,1.9,0.07,1.97,13,31,26,52,9.11435502386237
96393,"J",1,140,84066.2789305,71,1,3,27.8,105.5,0.011,1.8,0.07,1.87,21,22,15,105,52.256073497182
96399,"J",1,143,138701.245962,42,1,7,39,132,0.022,1.1,0.07,1.17,25,21,22,243,98.4113257560764
96400,"J",2,147,126297.559993,32,1,3,28.7,98.8,0.011,1.7,0.07,1.77,92,33,29,101,57.3618060413985
96405,"J",1,144,26506.1927885,23,2,2,29.6,98.1,0.011,0.3,0.07,0.37,18,15,14,182,60.4191701649713
96408,"J",2,140,41744.2433485,44,2,4,44.6,127.8,0.641,1.2,0.3,1.5,14,25,46,156,99.17501590434
96426,"J",1,139,15332.9583355,80,1,4,37.9,NA,0.011,1.2,0.07,1.27,11,13,44,48,NA
96445,"J",1,148,20443.628878,66,1,1,36.4,123.2,0.011,3.3,0.07,3.37,19,14,35,117,94.9563709865571
96446,"J",2,136,15268.1433905,62,2,3,32.2,105.8,0.046,0.7,0.07,0.77,23,27,15,89,63.6510500264649
96448,"J",1,148,30823.166799,50,2,1,26.8,89.6,0.011,1.1,0.07,1.17,15,15,19,86,28.6611228669961
96452,"J",2,140,37888.8852585,38,1,1,28.8,92.8,0.223,2.2,0.07,2.27,16,20,19,47,26.1130284769093
96453,"J",1,139,30545.2357715,24,2,2,22.6,77.7,37.6,0.5,0.07,0.57,11,12,13,145,12.9990913406389
96466,"J",1,144,28394.1944545,31,2,4,20.8,92.3,276,0.5,0.07,0.57,13,22,15,137,20.9361548117025
96469,"J",1,141,80683.7926545,42,2,1,26.4,91,0.011,1.3,0.07,1.37,14,17,21,101,33.8894846620672
96470,"J",2,139,19632.7409955,47,1,3,28.2,101.3,227,0.4,0.07,0.47,24,25,34,462,87.2452592448493
96474,"J",2,148,27086.3314755,37,2,6,21.5,73.6,0.011,0.8,0.1,0.9,15,17,12,91,5.881803797032
96475,"J",2,145,20391.3110845,51,1,4,33.7,117.3,216,1.2,0.07,1.27,22,17,42,204,94.8241234639855
96477,"J",2,145,10636.997177,65,1,4,39.4,126.4,0.053,1.8,0.07,1.87,12,21,13,86,92.5354496235882
96480,"J",2,142,57905.950855,65,1,7,20.1,77,137,0.6,0.07,0.67,11,22,10,93,5.22883554585768
96481,"J",1,135,76575.4456725,29,1,1,25.7,95.2,0.011,0.7,0.07,0.77,20,14,10,108,26.6633045737732
96483,"J",1,134,41579.1669125,49,2,4,24.7,89.4,0.011,2.6,0.07,2.67,14,15,39,63,26.9993541341117
96489,"J",2,143,40126.272046,57,2,1,41.7,114.9,0.011,1.6,0.07,1.67,16,20,28,137,96.1663592470136
96491,"J",1,138,13464.556236,53,2,6,31.5,108.2,0.034,14.2,0.07,14.27,17,20,15,149,74.6728735380798
96500,"J",2,138,28876.2295815,24,1,6,20.3,71.4,0.253,1.3,0.07,1.37,11,17,13,39,2.17512636939514
96503,"J",1,139,24902.2182255,72,2,2,29.8,114,0.259,2.5,0.07,2.57,25,20,40,168,87.7713450856195
96513,"J",1,146,128731.175151,24,1,3,17.2,70.1,0.011,2.6,0.1,2.7,16,23,19,82,3.47170828326953
96517,"J",1,139,430852.295504,54,2,3,27,96.6,82.7,0.7,0.07,0.77,13,25,13,89,32.0190626184502
96521,"J",2,142,46415.867494,62,1,3,27.1,NA,0.049,0.2,0.07,0.27,23,16,28,102,NA
96523,"J",1,134,125134.180976,21,2,2,38.2,115.7,0.028,1.7,0.07,1.77,22,19,16,125,90.7962058660704
96525,"J",2,146,11590.398234,80,1,3,24.3,98.1,0.137,1.6,0.07,1.67,19,21,15,329,57.4448159112669
96551,"J",1,141,106891.4186315,36,2,7,37.3,115.3,0.034,0.9,0.07,0.97,61,67,62,198,97.2175000986505
96554,"J",1,147,44169.495735,31,1,4,39.6,132.2,241,0.4,0.07,0.47,24,22,18,86,95.6323243145333
96558,"J",2,140,62409.621779,29,1,4,34,114.2,0.011,1.9,0.07,1.97,17,19,32,135,89.9955050848378
96571,"J",2,136,18840.2091035,58,2,1,45.7,134.4,0.011,0.4,0.07,0.47,37,43,44,268,99.6907748436322
96574,"J",2,139,92043.2767745,39,2,3,24.1,86,0.019,0.6,0.07,0.67,10,13,14,110,18.8054859815871
96576,"J",1,142,43035.8113915,56,1,3,31.1,102.5,0.011,0.7,0.07,0.77,47,32,27,100,68.2554896457162
96582,"J",1,147,26860.4339875,47,1,4,26.7,92.4,0.313,1.7,0.07,1.77,28,45,79,128,65.1297726123649
96586,"J",2,143,25579.7748715,65,2,4,32.2,118.6,538,1.8,0.07,1.87,16,17,29,96,85.6207594460391
96588,"J",2,142,29768.544426,40,1,6,29.5,90.9,0.011,1.8,0.07,1.87,26,33,13,142,43.4807451151385
96592,"J",2,137,70019.572016,80,1,3,31.4,107.2,0.011,0.9,0.07,0.97,14,12,13,119,66.7597381184653
96593,"J",2,143,212549.483199,30,1,3,24.6,94,18.4,1.1,0.07,1.17,19,17,17,173,40.1729040186443
96596,"J",2,140,173411.376039,35,1,1,28.7,104.1,0.08,1.5,0.07,1.57,37,23,49,124,75.9447951562418
96598,"J",1,139,27199.441668,67,2,4,34.9,104.5,0.016,1.3,0.07,1.37,10,13,11,97,67.3924331054651
96599,"J",1,140,29595.8277565,72,1,3,32.3,114.1,136,3.2,0.07,3.27,39,31,40,117,87.8571022810147
96600,"J",2,146,33206.3603375,25,2,4,42.5,111.1,218,0.9,0.07,0.97,16,14,13,46,82.362877261407
96602,"J",2,141,33228.4489905,80,1,3,30.2,106.3,0.011,2.3,0.07,2.37,14,22,9,55,37.3623217804894
96609,"J",2,147,81122.7690205,36,2,4,25.2,87,0.219,0.3,0.07,0.37,10,16,17,67,16.9400674856623
96618,"J",1,145,56443.014808,36,2,3,20.6,83,412,1.4,0.07,1.47,65,61,22,42,6.29006757420565
96624,"J",2,148,70666.217128,36,1,6,28.6,96.7,0.015,1.9,0.07,1.97,26,19,23,177,63.1732284430566
96626,"J",2,148,53150.602501,23,1,6,21.5,83.1,0.027,16.9,0.07,16.97,32,19,18,112,14.4280458087226
96633,"J",2,148,10645.508703,65,1,4,27.6,92.3,293,2.9,0.07,2.97,11,15,21,110,41.309749115775
96641,"J",2,145,66531.4349095,35,1,7,26,89.4,171,1.4,0.07,1.47,17,24,34,150,47.8578693633812
96654,"J",1,142,16260.163164,80,1,3,23.6,97.1,7.01,0.7,0.07,0.77,20,28,57,328,75.1261711040234
96658,"J",1,145,24347.566004,60,1,4,25.7,95,291,1.3,0.07,1.37,38,37,26,105,41.0194236793512
96659,"J",1,146,306554.0106465,58,2,3,22.5,86.6,0.068,4.7,0.07,4.77,18,24,129,72,38.6347429166848
96661,"J",1,144,24139.977421,24,2,6,19.8,73.8,0.091,2.5,0.07,2.57,8,13,19,55,4.11581460172946
96674,"J",1,138,88937.308856,30,1,2,29.7,105.1,0.011,1.1,0.07,1.17,45,29,49,230,87.3295519095487
96677,"J",1,141,226231.294999,25,2,3,34.4,107.3,72.6,0.8,0.07,0.87,17,16,23,124,82.7571546875686
96679,"J",1,145,87704.626854,30,2,3,19.1,77,0.068,0.7,0.07,0.77,17,18,13,87,5.15901525928778
96681,"J",1,137,355141.9507865,33,2,7,32.5,106.2,0.052,0.6,0.07,0.67,16,15,15,138,73.9072379591741
96687,"J",2,142,73838.4294845,80,2,3,29.2,95.7,0.011,1,0.07,1.07,9,17,10,43,20.158454785656
96692,"J",2,134,166873.867296,29,1,2,26.2,89.4,0.011,2.3,0.2,2.5,63,26,50,111,48.3010243303168
96695,"J",2,142,200223.4927005,25,2,3,27.9,NA,0.038,0.8,0.07,0.87,13,14,9,53,NA
96697,"J",2,141,90778.7576065,25,1,3,22.8,85.4,665,0.9,0.07,0.97,15,19,8,87,9.10773761244297
96698,"J",1,138,192651.4498915,40,1,3,39.7,122.5,18.8,1.8,0.07,1.87,23,17,24,170,96.8993425388986
96704,"J",2,148,24179.9054745,80,2,4,31.8,95.5,0.011,1.4,0.07,1.47,8,16,10,81,39.6006249381348
96705,"J",2,134,317540.525331,40,1,3,27.5,91.7,0.011,1.4,0.07,1.47,16,21,16,164,44.7319099684795
96712,"J",1,135,114325.2454135,80,2,3,32.9,117.5,0.023,2.2,0.07,2.27,11,16,14,182,87.1003591283311
96720,"J",1,142,34609.7014635,80,1,3,35,115,0.011,1.8,0.07,1.87,30,24,20,134,88.4277628743025
96725,"J",2,144,68930.961774,33,2,2,32.4,102.8,0.011,0.4,0.07,0.47,31,23,12,110,61.5554337168351
96726,"J",1,139,17076.475859,61,2,4,63.4,NA,0.052,0.6,0.07,0.67,32,27,27,105,NA
96727,"J",2,134,39585.0188325,76,2,2,36.6,114.8,0.011,0.7,0.07,0.77,11,19,20,174,92.374235141733
96730,"J",2,141,49922.166483,53,2,2,28.2,79.9,0.011,1.3,0.07,1.37,15,16,18,120,27.8335436107237
96740,"J",1,147,20983.7006835,27,1,6,34.1,121.1,0.025,0.6,0.07,0.67,78,59,44,182,95.6464481405687
96744,"J",2,148,7416.3365625,33,1,1,47.9,134.7,0.011,1,0.07,1.07,33,29,39,179,99.6410748675826
96745,"J",1,145,44409.9117355,52,2,4,52.8,158.1,0.235,2.1,0.6,2.7,14,14,25,77,99.8380956546293
96748,"J",2,137,30701.4005055,37,2,1,43.2,112.8,0.011,0.2,0.07,0.27,15,14,12,61,87.4354974243678
96756,"J",2,143,124709.393455,23,2,3,33.1,99.4,0.028,1,0.07,1.07,29,21,9,63,41.3410221448853
96768,"J",1,136,51881.491785,56,2,2,26,97.5,0.1,1.2,0.07,1.27,12,17,129,53,57.67713896786
96787,"J",2,141,110599.251294,79,2,3,24.1,82.4,0.011,1.4,0.07,1.47,16,19,14,101,14.9968646700604
96789,"J",1,139,18907.4878035,80,2,2,28.2,100,0.023,0.8,0.07,0.87,10,19,18,99,48.2316413469764
96792,"J",1,138,17314.441515,61,2,4,26.5,97.1,0.011,2.2,0.07,2.27,11,14,16,167,48.8243868536227
96793,"J",2,147,42482.3758125,54,1,4,34.9,108.7,0.011,1.6,0.07,1.67,17,19,19,76,75.1848624293168
96795,"J",2,143,281877.3054255,22,1,3,39.6,129.4,0.679,1.3,0.07,1.37,118,49,128,295,99.6014286441915
96805,"J",2,144,10497.3724015,64,2,2,37.8,115.8,0.019,2.8,0.07,2.87,16,18,19,140,92.2018409867632
96815,"J",2,140,109354.9701955,77,1,3,28.2,109.2,0.244,2.5,0.07,2.57,15,13,16,289,79.4656104645794
96820,"J",1,142,22441.969738,47,1,3,28.3,109,261,1.1,0.2,1.3,10,13,13,135,61.8234314239787
96821,"J",1,138,33081.360496,21,1,6,24.4,88.1,0.011,1.3,0.07,1.37,16,16,16,74,16.9157886355197
96829,"J",2,143,16307.8747765,38,2,3,32.5,108.6,235,2.7,0.07,2.77,17,14,24,153,83.2597604449933
96836,"J",1,144,38727.264331,59,2,4,40.4,129,0.034,4.2,0.07,4.27,14,13,54,184,98.9455227974807
96838,"J",1,136,14719.23804,32,2,6,28.1,93.8,0.024,0.6,0.07,0.67,10,14,20,90,39.4497566145292
96844,"J",1,144,12417.5075555,55,1,6,23.6,89.7,0.011,3.1,0.07,3.17,32,23,32,317,56.6143014483074
96851,"J",1,148,16291.821434,61,2,2,28.9,100.2,0.011,1.2,0.07,1.27,23,20,30,112,62.7495912091163
96852,"J",1,138,58393.933953,35,1,1,37.5,110.5,0.011,4.7,0.07,4.77,51,40,30,72,86.3152300845856
96862,"J",1,145,256141.5780165,51,2,3,34.7,109.6,0.04,1.3,0.07,1.37,14,18,49,150,92.1040024586753
96863,"J",1,142,190166.138221,56,1,3,30.9,101,0.011,3,0.07,3.07,32,24,22,147,70.6480336678903
96873,"J",2,145,22087.366552,80,2,4,44,NA,0.029,2.2,0.07,2.27,19,21,11,89,NA
96874,"J",2,140,69481.2824905,55,2,1,25.7,96.3,0.015,1.2,0.07,1.27,11,14,17,238,54.5008122986681
96875,"J",1,136,38120.0668735,56,2,4,49.8,146.5,0.011,0.9,0.2,1.1,23,26,37,145,99.8124806213254
96878,"J",2,141,35083.9691465,80,1,3,31.2,120.5,0.011,1.3,0.2,1.5,15,19,28,159,90.038310291617
96882,"J",2,146,15720.2403405,44,2,6,35.6,102.9,0.151,1,0.2,1.2,14,16,14,174,81.2832764627101
96885,"J",2,136,48550.743043,24,1,1,30,105,0.011,0.8,0.07,0.87,29,19,20,68,54.0443105260869
96890,"J",1,146,41173.3964735,20,1,4,21.6,75,183,1.4,0.2,1.6,15,17,22,80,8.53204095639176
96907,"J",1,143,157209.5871165,35,2,3,35.9,117,0.054,2.4,0.07,2.47,13,16,17,107,87.3642168626638
96916,"J",1,142,28830.386744,69,2,1,38.1,108.1,0.018,0.2,0.07,0.27,14,22,15,104,83.8983550722846
96925,"J",2,148,42718.436088,27,1,2,37.2,124.4,55.8,1.2,0.07,1.27,181,69,67,166,98.0347328896672
96927,"J",2,137,126156.466309,70,1,3,32.4,116.4,0.011,0.6,0.07,0.67,26,17,59,170,93.9907012609332
96928,"J",1,139,15099.8919715,71,1,4,23.7,78,0.062,1.4,0.07,1.47,9,15,30,58,11.8674968783167
96930,"J",1,146,187293.458333,70,1,3,22.8,87.1,0.011,2.7,0.07,2.77,13,18,27,123,26.7552189913269
96935,"J",2,137,41019.2535265,41,1,3,38.7,121,238,1.4,0.07,1.47,19,17,36,183,97.3009447684746
96938,"J",1,140,32757.3655935,65,2,1,26.8,99.1,0.011,5.3,0.07,5.37,19,15,22,87,42.7484670701634
96941,"J",1,143,90735.561143,39,2,4,37.1,108.6,0.011,1,0.07,1.07,14,18,30,58,81.4476181497814
96959,"J",2,145,57926.284895,33,1,6,24.9,95.8,0.015,1,0.07,1.07,19,15,19,376,63.6106703917663
96960,"J",1,140,32888.3212735,47,2,4,43.9,129.7,297,0.9,0.07,0.97,18,12,31,158,98.924377232327
96964,"J",2,136,20832.3580055,65,2,4,27.3,105,0.043,2.4,0.07,2.47,17,18,37,143,71.8479113579788
96965,"J",2,137,92677.968821,52,1,2,30.6,99,0.011,0.9,0.07,0.97,21,17,20,204,72.6016354851127
96967,"J",1,138,25885.5563565,21,2,6,19.3,72.8,0.132,5.4,0.1,5.5,12,14,13,45,2.33275331566881
96969,"J",2,136,38448.7799115,38,1,1,26.9,95.8,0.585,0.7,0.07,0.77,26,21,31,166,60.0806624131585
96970,"J",2,140,13502.639123,49,2,6,21.8,77.4,0.011,1.7,0.07,1.77,9,9,13,92,7.85870161185683
96979,"J",1,140,47076.351382,34,2,2,33.5,109,1.47,1.6,0.07,1.67,12,14,21,103,78.4377943121791
96984,"J",1,147,20796.1005175,38,2,4,35,110,0.115,0.3,0.07,0.37,12,17,17,55,69.066620432873
96990,"J",2,141,72364.2786845,30,1,2,30.1,109,0.017,1.4,0.07,1.47,49,24,27,109,74.1382279742724
96993,"J",1,142,198942.574138,52,1,3,44.9,136.4,0.011,0.8,0.07,0.87,64,40,38,204,99.5527188340179
97011,"J",2,147,117240.6336275,26,2,3,28.6,90.2,163,0.6,0.07,0.67,19,25,21,75,33.4374246324541
97022,"J",1,148,90326.225729,46,1,2,26.3,90.4,0.017,1.3,0.07,1.37,35,21,38,234,62.5417624471833
97023,"J",2,135,17856.7216905,80,2,1,19.3,75,1.73,0.5,0.2,0.7,13,18,11,122,5.80100060563324
97027,"J",2,138,32181.43116,26,2,6,25,82.5,0.011,0.9,0.07,0.97,8,14,11,88,12.9103446331545
97029,"J",2,136,19381.424795,55,1,6,25.8,89.4,0.011,2.2,0.2,2.4,24,32,45,270,65.6532520302403
97034,"J",2,145,158207.013716,31,2,3,21.8,80.6,47.1,1,0.07,1.07,14,17,8,71,5.27686023404782
97042,"J",2,141,146353.7562725,33,2,3,22.6,81.8,0.011,2,0.07,2.07,15,29,10,80,8.02560977676423
97055,"J",2,143,68443.1691975,53,1,1,33.6,114,0.091,2.5,0.07,2.57,38,36,28,61,78.2038517127397
97056,"J",2,135,28203.541119,72,2,7,32,108.7,0.011,0.07,0.1,0.17,8,6,14,340,87.1459833111793
97057,"J",2,138,32181.43116,26,2,6,22.3,80.1,0.011,1.8,0.07,1.87,16,21,12,107,10.3156775474748
97059,"J",1,139,42016.073998,44,1,4,36.3,126.6,286,0.7,0.07,0.77,17,17,21,78,91.2807812403755
97060,"J",1,134,81382.5280815,20,1,4,29.4,88,0.022,1.6,0.07,1.67,17,23,18,75,30.9053732768112
97065,"J",1,147,29074.406579,42,1,4,33,113.8,0.046,0.6,0.07,0.67,16,21,35,91,84.877033783705
97077,"J",1,146,35630.8135465,52,2,4,49,142.3,0.162,1.9,0.07,1.97,13,14,22,61,99.1379303043702
97103,"J",2,143,85919.6102075,31,2,2,40.5,NA,0.011,0.6,0.07,0.67,14,15,12,129,NA
97106,"J",1,142,88148.281127,20,2,3,18.8,72.2,0.011,0.9,0.07,0.97,10,13,9,198,6.36926704811153
97108,"J",1,143,12745.206814,51,1,6,30.7,102.7,0.091,3.1,0.2,3.3,23,21,37,158,79.9423019760008
97109,"J",1,147,98867.848135,74,2,3,36.8,NA,0.127,1,0.07,1.07,14,20,12,238,NA
97118,"J",1,146,169798.001606,72,1,3,36.4,120.4,0.011,3.5,0.2,3.7,15,18,27,170,95.0575755688721
97121,"J",1,137,69595.6380475,44,2,7,35,107.6,0.016,0.7,0.07,0.77,57,40,21,98,79.8708367445368
97123,"J",1,138,19609.604104,45,2,6,21.4,75.5,0.084,52.8,0.07,52.87,12,18,10,61,3.9241767897969
97124,"J",2,138,100617.750661,62,2,3,27.5,104.7,0.036,1.4,0.07,1.47,26,16,24,123,62.1155198399917
97129,"J",1,141,13437.3739375,40,2,6,22.4,78.3,0.011,2.6,0.07,2.67,14,16,12,126,11.0233289845894
97131,"J",1,137,72176.635045,53,2,4,28.6,99.5,0.011,0.5,0.07,0.57,13,18,25,84,50.9404203721066
97137,"J",1,147,31841.1544795,39,2,4,22.3,78,192,0.7,0.07,0.77,19,29,39,100,18.3601409267315
97145,"J",1,140,195628.35635,46,2,3,65.8,124.2,0.011,0.5,0.07,0.57,22,21,13,66,99.7035785554817
97155,"J",2,147,35239.2302035,52,1,3,34.4,119.8,260,3.1,0.07,3.17,12,18,19,138,89.986990829837
97156,"J",2,138,24692.216635,45,2,6,33.7,111,0.025,1.9,0.07,1.97,31,22,32,98,84.292735643134
97163,"J",2,137,23873.088431,55,1,6,24.3,90,0.011,1.4,0.07,1.47,33,23,47,686,80.0757001963065
97169,"J",1,139,30841.3472675,67,2,4,33,111.8,0.011,1.9,0.07,1.97,13,14,31,159,88.7321477410192
97176,"J",2,141,42623.619158,58,2,2,37.1,108,0.024,0.9,0.07,0.97,21,20,58,201,95.7112792579443
97177,"J",2,147,133052.0882465,41,1,1,40.1,122.7,28.1,1.7,0.07,1.77,71,43,70,272,99.1205095514119
97178,"J",2,136,62927.451171,55,2,4,38.9,NA,131,0.8,0.07,0.87,15,14,49,101,NA
97180,"J",2,137,76796.1565925,80,2,3,27.9,99.8,0.025,1.9,0.07,1.97,15,16,4,120,26.5093435407182
97186,"J",1,136,31310.5497145,46,1,6,35.3,120.1,305,1.7,0.07,1.77,50,42,46,285,97.4981104013245
97198,"J",2,139,38877.709547,73,2,3,26.4,105.2,158,2.6,0.07,2.67,17,22,14,129,50.6610710767427
97208,"J",1,144,30848.7312155,30,1,7,23.9,82.7,7.48,0.5,0.07,0.57,27,26,25,49,11.7145628481244
97209,"J",1,146,288151.8628395,71,2,3,28.3,98.5,0.011,2,0.2,2.2,13,18,11,120,42.3937148279416
97210,"J",1,135,86549.8166185,47,1,1,29.8,108.4,0.011,1.3,0.07,1.37,76,76,80,1090,98.1181430202315
97215,"J",2,141,14019.7170935,71,2,2,24.8,90.2,0.535,0.8,0.07,0.87,10,15,35,140,43.6574799030404
97222,"J",1,147,35279.1568465,53,2,4,52.4,NA,0.02,1.1,0.07,1.17,20,14,27,139,NA
97223,"J",1,141,68457.276152,26,1,4,25.1,80.8,3.04,1.4,0.07,1.47,15,20,29,73,18.7372570682317
97228,"J",2,146,27102.83935,49,1,3,29.7,120.4,357,4.1,0.07,4.17,8,14,12,101,72.0485843640639
97229,"J",1,135,37050.6781845,80,2,3,25.9,92.5,0.024,1,0.07,1.07,12,22,26,85,33.8667029823444
97234,"J",1,139,67272.8724195,32,2,7,35,110.9,0.57,0.6,0.07,0.67,17,19,16,196,88.2721880156169
97237,"J",1,140,29682.4595235,80,2,3,29.6,NA,0.011,4.1,0.07,4.17,13,17,14,245,NA
97242,"J",2,139,16215.790624,75,1,3,28.5,109.7,0.011,2.7,0.07,2.77,14,16,16,74,53.0734387064764
97245,"J",2,139,52753.513107,39,1,3,25.7,93.1,308,0.6,0.07,0.67,14,9,22,184,48.7703044842171
97252,"J",2,134,119380.791358,69,2,3,34.7,114,0.011,1.4,0.2,1.6,11,16,39,98,89.285214271245
97256,"J",2,143,40602.1601615,57,1,3,21.7,89.5,157,1.9,0.1,2,19,21,73,92,35.5400102250824
97257,"J",2,135,73446.71417,26,2,1,41,106.4,0.015,0.4,0.07,0.47,16,21,10,146,88.0358896839115
97278,"J",2,142,50786.1380255,27,2,4,31.9,98.1,0.325,0.3,0.07,0.37,11,15,12,66,41.7098440956724
97299,"J",2,140,320275.045575,59,1,3,27.8,110.1,1.66,2.4,0.07,2.47,27,20,27,178,77.8879852478051
97325,"J",1,134,111800.9571195,27,2,1,24.4,79.8,0.011,0.5,0.07,0.57,41,29,14,69,10.0285773762555
97327,"J",1,148,15549.430227,76,1,4,28.3,104.8,379,1.9,0.07,1.97,13,16,29,89,60.7898898984895
97334,"J",2,135,180702.793078,72,2,3,23,92,17.7,0.9,0.07,0.97,31,32,295,102,69.3991619703593
97337,"J",1,144,11836.0560435,71,1,4,30.7,105.7,39.4,1.2,0.07,1.27,21,22,49,162,85.4109900749867
97343,"J",1,136,697702.732701,57,2,3,28.3,96.3,0.016,1.9,0.07,1.97,11,16,12,192,52.1775233718672
97352,"J",2,142,101393.3651665,45,1,3,22.7,79.2,0.043,1.2,0.07,1.27,25,26,24,71,11.4262375651792
97353,"J",1,143,31024.295022,80,1,3,21.2,85.4,0.07,2.3,0.07,2.37,16,23,12,58,6.7974037744228
97361,"J",2,135,18878.062585,54,1,7,31.5,106.3,0.011,1.3,0.07,1.37,15,17,21,212,82.6094026563478
97365,"J",1,143,95449.3821805,49,2,3,22.1,77.2,345,0.9,0.07,0.97,8,15,16,184,16.5074236993471
97379,"J",2,136,79657.4337695,38,1,2,26.7,89.6,0.021,1.3,0.07,1.37,39,29,29,151,47.8584632333074
97397,"J",2,136,51848.464648,80,2,3,22.9,102.8,0.015,5.5,0.2,5.7,22,21,19,122,39.6239024492982
97398,"J",1,148,26831.9460845,69,1,6,26.9,102.8,0.026,2.8,0.07,2.87,24,22,32,137,65.0136713378222
97403,"J",2,138,43032.2887965,80,1,6,25.4,107.8,0.026,3.5,0.07,3.57,13,21,17,105,49.2118501557869
97412,"J",1,141,136542.1454375,73,1,3,30,113.4,0.057,2.4,0.07,2.47,19,21,18,300,87.5030782691729
97418,"J",1,146,387405.355432,47,2,3,30.5,102.2,193,1.4,0.1,1.5,13,14,18,142,67.024428067066
97419,"J",1,148,17842.5025635,55,2,6,22.5,82.8,0.011,2.3,0.07,2.37,17,21,15,57,8.0787721095139
97424,"J",1,140,50649.120723,38,2,3,38.1,106.3,0.173,0.7,0.07,0.77,16,13,19,231,92.3121262746249
97428,"J",2,139,15870.5929715,77,1,3,32.2,114.3,0.088,1.2,0.07,1.27,21,18,24,176,88.0588392190464
97441,"J",2,145,16014.246833,61,1,4,23.8,99.2,0.02,1.1,0.07,1.17,30,22,52,58,38.3999903002298
97446,"J",2,148,16791.902791,52,1,1,26.1,97.2,0.011,1,0.07,1.07,17,18,18,99,37.4944164892786
97450,"J",1,147,53616.171528,27,2,4,43.7,95.7,1.41,0.5,0.07,0.57,18,17,13,36,65.8839561595814
97452,"J",1,141,20645.034387,47,2,6,29.6,94.5,0.03,2.1,0.07,2.17,15,16,9,66,25.8888852056198
97468,"J",2,146,138796.837536,46,1,3,22.7,86.8,366,1.5,0.07,1.57,42,37,28,71,17.7344516782336
97471,"J",2,142,129180.9061655,80,2,3,28.1,94,0.017,0.9,0.07,0.97,9,13,10,145,38.6744674731617
97472,"J",1,144,20507.7518465,57,1,6,21.7,86.4,0.016,0.8,0.07,0.87,21,22,13,107,13.5326631041
97473,"J",1,136,23501.8005145,53,1,6,21.1,81.7,0.011,1.6,0.07,1.67,14,16,19,83,10.3703285642272
97474,"J",2,142,170354.9098525,20,1,3,33.5,110.1,0.038,2.6,0.07,2.67,72,33,37,107,85.7251247914553
97481,"J",2,137,41926.2283725,80,1,1,30.7,107.5,0.011,1.3,0.07,1.37,8,11,10,96,55.5490461250552
97484,"J",1,144,24523.331531,56,1,4,28.9,103.1,1.83,1.6,0.07,1.67,15,15,24,161,70.283215832182
97520,"J",1,147,43774.3934505,57,2,4,46.3,125.3,0.011,0.7,0.07,0.77,11,16,18,128,98.2551031774067
97521,"J",2,136,81217.682491,53,1,1,47.5,144.4,0.015,2.3,0.07,2.37,32,24,26,518,99.8894376616598
97522,"J",2,141,55162.596271,20,2,1,21.9,75.7,0.029,0.5,0.2,0.7,11,15,12,128,9.27380652731625
97523,"J",1,145,13060.863524,80,1,3,28.3,94,0.011,2.2,0.07,2.27,26,31,38,56,40.5800617184995
97527,"J",1,139,12897.714108,63,1,4,31.9,110,4.51,1.1,0.07,1.17,17,15,28,104,79.2115959043211
97535,"J",1,136,37668.193215,63,2,2,29.6,100.8,0.011,2.3,0.07,2.37,15,17,26,143,68.5831875425829
97538,"J",1,146,33970.1820895,54,2,2,33.6,103.1,0.011,1.6,0.07,1.67,47,32,25,127,78.8742666481449
97539,"J",1,146,84317.410591,41,1,3,36.5,121.7,13.4,5.3,0.07,5.37,46,23,31,92,92.7806107673056
97555,"J",2,135,99802.4468485,48,2,1,29.8,99.6,0.076,0.8,0.07,0.87,9,14,10,43,25.2311843182956
97557,"J",2,148,12835.6422715,64,2,3,31.4,105.2,0.011,1.5,0.07,1.57,14,14,17,355,86.1233790999525
97558,"J",1,142,69106.296124,56,2,3,24.8,85.2,342,1.2,0.07,1.27,23,26,12,66,11.864799052263
97561,"J",1,143,31251.23614,46,1,4,32.4,105.1,0.011,1,0.07,1.07,25,43,18,80,64.1126840149063
97570,"J",2,138,18844.851221,50,2,6,30.6,102.5,0.027,1.7,0.07,1.77,17,17,63,97,78.1660667911138
97578,"J",1,148,47063.7105165,41,1,1,25.3,84.7,0.011,0.8,0.07,0.87,19,20,30,104,29.5038829043245
97585,"J",2,134,359756.211478,21,1,3,26.6,94,308,1.5,0.2,1.7,21,21,26,50,26.9309488215699
97592,"J",2,135,17228.0498145,63,1,6,24.9,95,0.11,1.6,0.07,1.67,16,15,32,178,54.4317916800298
97594,"J",2,134,21958.2911305,56,2,6,19.7,71.4,0.047,2.4,0.2,2.6,43,37,37,73,7.30298507726637
97609,"J",1,137,19257.6468775,66,1,7,25.1,94.4,303,3.8,0.1,3.9,12,15,14,189,41.0312920781498
97619,"J",1,142,117604.687139,65,1,3,30.4,103.6,52.8,1.4,0.07,1.47,16,15,33,290,86.8217445737474
97635,"J",2,134,88634.0748755,56,2,2,29.5,84.6,0.017,1,0.07,1.07,12,16,15,104,31.2122414563913
97638,"J",2,144,58431.3303705,51,1,4,26,93.3,201,1.5,0.07,1.57,9,14,22,111,38.2594760342943
97640,"J",1,146,94501.1635955,41,1,1,33.7,116.5,0.017,1.2,0.07,1.27,20,23,24,150,89.7594509216257
97642,"J",1,140,14144.0769095,74,1,3,34.9,117.5,0.011,3.7,0.07,3.77,15,13,16,77,81.2138403374526
97644,"J",2,146,82621.920253,24,1,2,42.3,117.1,0.039,1.4,0.07,1.47,16,20,14,303,97.5422289179117
97650,"J",2,147,29868.5367015,69,2,4,30.4,98,0.031,0.6,0.07,0.67,11,19,13,83,43.2266146649427
97670,"J",1,134,53122.748049,27,2,7,31.9,99.5,0.015,0.7,0.07,0.77,23,19,19,345,83.8296170779401
97675,"J",1,143,84917.636055,41,2,4,26.1,86.3,0.091,0.7,0.07,0.77,7,17,20,55,17.1749915789125
97676,"J",1,138,22769.176946,63,1,6,26.6,91.5,167,9.5,0.07,9.57,28,27,45,110,50.366029867518
97695,"J",1,136,20587.6491775,52,2,6,28.7,88.3,0.011,0.2,0.07,0.27,12,17,14,156,40.8917044373604
97701,"J",2,137,372170.4375515,42,1,3,41.8,137.6,0.011,1.4,0.07,1.47,31,19,106,202,99.6874804613922
97712,"J",2,145,20713.4905335,69,2,4,32.9,106.9,354,1.2,0.07,1.27,7,10,17,141,77.6296905679734
97714,"J",2,141,30340.1291365,47,1,7,32.1,106.9,0.011,3.3,0.07,3.37,40,22,46,184,89.1039011860607
97740,"J",2,135,17469.0651225,52,2,7,28.8,NA,4.56,0.8,0.1,0.9,18,16,65,245,NA
97746,"J",2,139,93154.0912625,71,1,3,25.8,102,0.011,2,0.07,2.07,52,57,22,154,56.6303288474979
97748,"J",2,134,21958.2911305,50,2,6,22.2,83.2,0.038,2.6,0.07,2.67,20,20,26,60,11.8326263755775
97758,"J",1,139,33232.838407,54,2,4,43.4,118.6,0.011,0.5,0.07,0.57,18,20,17,126,96.1455091395753
97761,"J",1,145,50701.946602,56,2,4,25.3,94.6,9.22,3.3,0.07,3.37,19,21,24,174,49.5980674164847
97764,"J",1,144,22241.378882,45,1,4,25.3,NA,63.9,1.9,0.07,1.97,13,23,27,105,NA
97771,"J",1,144,181239.8046705,31,2,3,42.7,142.5,0.011,1.2,0.07,1.27,11,12,8,195,98.6088189082635
97775,"J",1,134,71444.545465,67,1,7,26.7,94.3,0.017,2.2,0.07,2.27,13,18,21,236,58.8362178760051
97776,"J",2,134,21266.444907,58,2,2,33.2,104.5,0.011,1.9,0.07,1.97,27,21,27,209,86.598959089467
97782,"J",1,145,23186.658476,39,2,4,24.8,90.2,0.208,0.4,0.07,0.47,7,18,17,59,16.8392972732465
97783,"J",2,146,26498.6105635,46,2,4,46.4,127.6,0.445,1,0.07,1.07,11,15,14,54,95.9446908284201
97784,"J",2,139,53723.3046225,31,1,3,26.9,94.4,144,5.1,0.07,5.17,45,30,37,438,79.9999891479564
97801,"J",1,144,53312.0328565,80,1,3,25.3,97.7,0.011,3.6,0.07,3.67,15,20,14,209,48.3977414072216
97823,"J",1,146,52842.6332975,29,1,2,30.5,99.7,0.011,1.6,0.1,1.7,18,18,18,42,35.7986528431913
97827,"J",2,138,27104.5342835,50,1,6,27.4,101.4,463,4.9,0.07,4.97,25,26,45,400,86.7708657655504
97828,"J",1,148,21503.474162,74,1,1,25.7,97.7,0.031,0.8,0.07,0.87,13,20,14,208,49.6729284807617
97848,"J",2,148,32334.675708,30,2,4,21.2,74.6,0.011,0.4,0.07,0.47,16,16,17,30,2.74164785831887
97850,"J",2,146,28711.9069305,64,2,2,37.5,113.9,0.168,1.4,0.07,1.47,22,26,67,93,94.4942012631724
97869,"J",2,141,60136.8603835,80,2,3,29.4,106.2,0.011,1.3,0.2,1.5,15,19,49,195,85.688994641624
97876,"J",2,144,20136.057954,58,1,3,30.2,104.3,0.016,1.5,0.07,1.57,17,14,19,93,60.2136337538942
97877,"J",1,139,48770.835271,29,2,4,25,80.5,0.15,0.7,0.07,0.77,12,19,21,62,13.1887294750721
97883,"J",2,139,79449.938652,71,2,3,25.8,96.2,0.026,1.2,0.07,1.27,18,20,28,351,71.4563465337594
97894,"J",1,134,25949.2885525,67,2,2,31.9,101.6,0.011,4.3,0.07,4.37,10,15,12,86,52.5741208897627
97895,"J",1,143,367756.896749,63,1,3,23.1,91.3,0.011,0.3,0.07,0.37,16,14,21,282,46.6924509879655
97896,"J",1,145,164763.090571,57,2,7,22.1,83.7,203,1.5,0.07,1.57,9,13,17,214,25.1810837424384
97901,"J",2,144,25470.9858165,45,1,3,24.5,91.6,0.011,2.9,0.07,2.97,22,20,31,259,56.8702650242226
97916,"J",1,143,132355.5308165,73,2,3,48.5,NA,0.011,1.5,0.07,1.57,10,14,15,148,NA
97926,"J",1,142,13085.8552155,80,1,3,25.8,99.9,0.016,0.8,0.07,0.87,16,22,24,135,52.3100920273766
97929,"J",1,146,82495.578912,76,2,3,29.7,113,0.023,3.7,0.07,3.77,15,15,23,185,83.1820379323527
97934,"J",2,134,333106.8940505,25,1,3,24.5,85.6,308,0.9,0.1,1,15,20,13,62,11.6303832159896
97938,"J",2,144,28358.231874,35,1,4,86.2,NA,20.7,1.1,0.07,1.17,11,16,15,84,NA
97944,"J",1,134,254253.663626,63,2,3,26.3,95.2,298,1.7,0.07,1.77,11,13,9,91,23.7353569939144
97950,"J",2,146,23210.8028785,69,2,4,27.9,99.7,356,2.5,0.07,2.57,14,17,12,76,33.8172651180108
97954,"J",2,141,7928.3829425,67,2,1,35.6,100.9,0.011,0.7,0.07,0.77,53,46,25,269,89.9710567281097
97955,"J",1,135,365262.9476495,65,1,3,27.5,107.4,193,2.4,0.07,2.47,82,83,142,125,87.3179319756855
97958,"J",2,145,83827.15065,24,2,4,34,107.5,5.03,0.2,0.07,0.27,11,10,8,37,40.4377988261095
97966,"J",2,136,37036.360244,54,2,3,25.8,93.3,0.011,0.4,0.1,0.5,25,24,18,107,33.5055542373772
97970,"J",2,145,20193.268892,61,2,4,32.9,NA,0.031,0.5,0.07,0.57,17,17,37,110,NA
97973,"J",1,148,16123.517477,64,1,1,27.9,103.8,0.011,0.7,0.07,0.77,27,22,22,299,78.3535737176759
97976,"J",1,144,10722.181848,62,1,2,28.4,100.5,0.015,1.9,0.07,1.97,23,31,34,127,66.3188793339043
97980,"J",2,144,13965.258147,78,1,1,27.4,99.1,0.011,0.9,0.07,0.97,17,21,12,64,28.1603529302395
97983,"J",2,136,17634.3762715,61,1,2,33.5,112.5,0.011,0.9,0.07,0.97,18,15,31,114,86.4502374327492
97996,"J",1,144,21799.3899935,75,2,6,26.2,90.1,0.056,3.2,0.07,3.27,48,34,33,105,40.5600405983601
97997,"J",2,142,113154.8830205,70,2,3,31.8,107.6,0.011,3.2,0.07,3.27,18,18,20,160,79.666451715821
98015,"J",1,145,21134.2150955,49,1,4,23.8,97.4,548,0.9,0.07,0.97,26,21,23,160,45.3466425883447
98019,"J",1,146,21258.0696715,80,1,7,28.9,117.7,248,3.3,0.07,3.37,11,12,10,101,63.6837921113281
98028,"J",1,141,49290.253279,34,2,3,33,100.3,245,0.7,0.07,0.77,19,18,50,341,92.5842746808964
98031,"J",2,140,71194.683543,31,1,7,31.4,113.1,136,1.6,0.2,1.8,63,38,301,317,98.5223618249455
98033,"J",2,134,34369.203471,42,2,4,26.8,85.6,0.018,0.4,0.1,0.5,11,25,12,78,17.5535394266327
98035,"J",2,136,90417.4505015,35,2,1,31.8,99.4,0.011,0.5,0.07,0.57,10,13,9,107,49.355363865436
98036,"J",2,138,41896.563165,38,2,6,32.8,97.6,0.021,0.6,0.07,0.67,12,13,14,390,82.7438487930861
98041,"J",2,143,71363.096226,55,2,1,36,115.8,251,1,0.07,1.07,17,21,23,145,91.6100936775782
98045,"J",2,138,37103.210388,40,2,6,25,82.2,0.704,1.4,0.07,1.47,15,16,7,62,7.02355001977458
98083,"J",2,142,78901.5997315,54,2,4,22.8,82.3,0.344,2.3,0.07,2.37,156,150,570,270,84.2581566924687
98092,"J",2,136,55958.639949,41,1,1,32.5,105.2,33.7,1,0.07,1.07,50,24,25,148,80.5588518728078
98094,"J",1,148,68014.2916275,45,2,1,38.9,106.5,0.011,1,0.07,1.07,26,28,20,269,94.2094636413067
98095,"J",2,141,51493.513351,80,2,3,28.6,93.2,0.011,1.8,0.07,1.87,16,19,11,165,43.9708504716912
98100,"J",2,147,346095.2752265,33,1,3,39.5,123.5,0.174,2.3,0.07,2.37,16,19,28,159,97.1088791299341
98103,"J",2,144,57549.6593925,37,1,4,23.3,85.6,359,2.1,0.07,2.17,14,14,16,56,10.5022765926243
98119,"J",2,142,168264.6243515,30,2,3,32.5,117.6,0.81,0.6,0.07,0.67,22,16,19,230,90.9034006743835
98120,"J",2,144,400674.9530605,41,2,3,40.4,NA,100,0.7,0.07,0.77,16,12,14,198,NA
98130,"J",2,139,34581.9697105,68,1,3,36.8,126.3,0.011,0.5,0.07,0.57,31,33,26,78,92.7932567736433
98131,"J",2,145,8396.986695,40,2,4,38.5,117.5,0.045,1.1,0.07,1.17,16,16,29,84,92.2319455797139
98141,"J",2,148,22701.940525,56,2,1,34.7,120.5,0.011,0.8,0.1,0.9,20,18,14,96,84.6767137496512
98143,"J",1,136,28511.4107665,80,2,3,19.9,76.8,99.2,1.3,0.07,1.37,17,26,34,101,12.1493420205735
98144,"J",2,145,284259.9227185,45,2,3,23.5,85.1,0.047,0.9,0.07,0.97,11,12,13,129,18.3147733517965
98145,"J",1,134,156233.2050985,24,2,3,21.9,77.5,0.024,1.8,0.07,1.87,13,25,8,43,2.88621532036148
98148,"J",1,142,78512.2027455,37,2,3,21.7,82,211,0.7,0.1,0.8,12,19,16,210,21.4807299586257
98162,"J",2,138,29287.6741115,70,2,2,25.5,93.3,223,1.7,0.07,1.77,14,19,12,114,27.7310890431343
98173,"J",2,142,12135.9486145,71,2,1,34.5,102.4,0.011,0.9,0.07,0.97,23,26,22,158,82.0791847407252
98175,"J",1,139,23417.615925,69,2,4,34.8,112,0.487,1.6,0.07,1.67,16,16,27,57,77.6890846069553
98202,"J",2,142,47952.7659685,50,1,4,34.7,103.6,0.061,0.7,0.07,0.77,14,19,20,88,72.8482647801733
98203,"J",1,143,395555.1027605,35,1,3,27.4,97.3,0.017,2.2,0.07,2.27,27,23,40,175,68.807959556609
98211,"J",1,134,33160.3329115,74,1,2,28.9,101.6,0.011,0.5,0.07,0.57,15,18,23,93,55.6693191329752
98220,"J",1,147,12319.1488445,50,1,4,45.2,145.3,0.043,1,0.07,1.07,27,27,22,78,99.0146361491073
98223,"J",1,144,25393.9823545,52,1,4,35.1,116.6,0.029,1.5,0.07,1.57,24,18,24,68,83.434414580476
98228,"J",1,144,29125.0620705,52,2,4,64.7,149,0.016,0.4,0.07,0.47,17,14,24,114,99.9644183586037
98230,"J",1,145,25407.834995,61,2,2,18.8,NA,99.2,1.5,0.07,1.57,13,17,89,159,NA
98238,"J",1,138,46893.1640435,44,2,7,30.9,107,0.098,2.6,0.07,2.67,20,23,53,105,81.8615261903754
98244,"J",1,142,20114.9825845,80,1,3,17.3,80.2,87.8,3.5,0.07,3.57,14,21,15,97,5.81061871682244
98250,"J",2,136,43000.610242,80,1,3,26.4,104.8,0.011,3.4,0.1,3.5,14,16,17,69,38.8968697055899
98257,"J",1,141,134569.7367305,71,1,3,20.3,79.6,183,1.5,0.07,1.57,14,20,14,113,9.07545684838854
98259,"J",1,146,50140.9601945,52,2,4,67.7,156.3,0.011,2.8,0.07,2.87,13,18,55,194,99.9947083056159
98262,"J",1,143,73148.526473,59,1,3,26.6,96.5,0.023,2.9,0.07,2.97,24,25,34,108,51.5219775705534
98264,"J",1,141,245332.902754,72,1,3,33.5,114.9,0.011,1.9,0.07,1.97,14,22,26,157,89.651752503675
98266,"J",2,146,84383.4609085,41,2,2,35.9,110.7,145,1.5,0.07,1.57,12,16,9,134,79.5344711519159
98271,"J",2,138,20523.3374665,50,1,6,28.8,100,0.055,1.8,0.07,1.87,21,17,20,173,65.0269187868219
98274,"J",1,137,497171.9181675,52,2,3,43.1,124.8,0.011,10.4,0.07,10.47,17,14,45,216,99.1129587502911
98280,"J",2,145,52174.125671,31,2,6,27.4,93.9,0.011,0.4,0.07,0.47,14,14,18,291,62.7677011672293
98284,"J",1,136,59083.685074,38,2,3,53.7,133.6,0.011,0.9,0.07,0.97,21,17,40,118,99.751545449685
98287,"J",2,146,28672.4616825,61,2,4,35.6,115.7,0.017,1.9,0.07,1.97,18,15,43,171,94.9599874807934
98288,"J",1,145,66229.460178,64,1,3,32,110.4,0.048,2.9,0.07,2.97,16,16,62,324,95.375842182914
98289,"J",2,134,20694.3124185,71,1,4,29.9,107.6,0.035,2.6,0.2,2.8,19,26,24,76,62.7832998647838
98302,"J",1,147,56283.2777945,29,1,1,31.3,105.3,314,1.3,0.07,1.37,36,21,33,119,77.7576207510515
98303,"J",2,148,18785.2987815,34,2,4,28.4,92.4,28.1,0.4,0.07,0.47,10,14,29,57,34.7634411866372
98314,"J",1,143,79603.6093215,25,1,4,36.8,106.1,195,1.3,0.07,1.37,39,19,93,105,93.6023853025182
98322,"J",2,142,185805.3655615,29,2,3,42.4,124.4,143,0.3,0.07,0.37,18,19,23,95,96.5541371649822
98326,"J",1,141,44022.9877375,55,2,4,20.2,76.4,0.011,0.6,0.07,0.67,17,22,55,97,16.0969087002024
98332,"J",2,139,45663.682668,34,2,3,35.9,92.8,0.011,0.7,0.07,0.77,12,14,18,118,68.6810368946114
98336,"J",1,144,40065.892595,41,2,4,34.7,120.6,1.66,0.7,0.07,0.77,61,31,66,80,93.4278194890442
98341,"J",1,134,24308.335201,71,1,3,19.1,83.3,260,1.9,0.07,1.97,18,26,9,85,5.39750976977506
98345,"J",1,138,33473.569489,22,1,6,30.8,107.5,39.6,3,0.07,3.07,16,20,15,98,63.3567926317439
98350,"J",2,148,59177.2040955,36,2,1,41.8,122.4,0.011,1.8,0.07,1.87,61,52,64,264,99.2250579037388
98355,"J",1,141,19164.7124105,53,2,6,24.8,88.9,0.011,0.8,0.07,0.87,13,19,13,128,24.5921977491299
98357,"J",1,147,24616.8332085,21,1,4,19.5,70,0.378,1.6,0.07,1.67,17,49,15,51,2.57535924296518
98372,"J",2,142,17190.489963,70,1,7,19.1,82.5,157,0.9,0.1,1,12,15,13,65,5.22636479138322
98373,"J",2,141,251522.1233215,62,2,3,30.2,89.6,0.011,2.6,0.07,2.67,12,20,7,91,24.9292834260345
98374,"J",2,146,48869.7201265,42,2,3,34.6,116.4,229,1.1,0.07,1.17,10,12,14,191,89.4150869870954
98392,"J",1,138,45155.3777285,47,1,4,24,83.7,0.032,1.5,0.07,1.57,19,17,42,95,27.9003785644337
98399,"J",2,148,12608.657553,54,1,6,27.5,94.5,0.011,2.3,0.07,2.37,45,31,27,106,47.4190042878594
98420,"J",1,141,194567.9371055,27,2,3,20,73.9,0.022,1.3,0.07,1.37,17,20,9,56,2.5717425243484
98424,"J",2,145,37583.7163915,80,1,4,24.8,101.5,197,2.3,0.07,2.37,14,17,25,60,33.065218845789
98437,"J",2,144,26548.403993,32,2,4,25.2,87.8,265,0.8,0.07,0.87,21,17,24,64,20.6928218908664
98443,"J",2,142,196762.9843725,21,2,3,24,83.6,200,0.6,0.07,0.67,11,14,8,48,5.75457870819907
98445,"J",2,134,123477.6405985,25,2,2,26.1,84.4,284,0.5,0.07,0.57,3,13,8,61,9.68086417301636
98456,"J",2,136,48613.0588705,36,1,4,22,75.3,0.117,0.5,0.07,0.57,27,25,17,89,8.43868505990807
98460,"J",1,137,36822.737555,27,2,1,32.8,100.5,0.025,1.8,0.07,1.87,20,19,20,172,76.8025949846357
98490,"J",2,141,250512.196221,24,1,3,32.2,107.7,0.427,1.5,0.07,1.57,38,20,35,305,92.0055182312368
98494,"J",1,135,91610.2600605,25,2,7,23.6,77,0.011,1,0.07,1.07,12,15,11,65,6.39408563293296
98526,"J",2,136,170070.455222,67,1,3,24.3,89.4,0.011,1.7,0.07,1.77,19,20,19,138,30.5908013250651
98527,"J",1,139,29010.2245515,30,2,4,19.9,74,0.946,0.5,0.07,0.57,12,12,11,116,5.70524445421595
98529,"J",1,145,62871.5053595,70,2,3,23.3,93,320,3.7,0.07,3.77,13,17,33,167,45.2801083206952
98530,"J",2,147,28050.294688,60,1,6,33,113.8,0.011,1,0.07,1.07,17,19,22,222,90.3916555815169
98541,"J",1,136,20710.7944185,68,2,1,33.7,113.3,0.034,1,0.07,1.07,14,21,12,127,79.3290206303918
98545,"J",2,136,53294.709771,36,2,2,24.3,85.5,0.011,0.3,0.1,0.4,15,18,15,71,13.8347188676588
98549,"J",1,148,16291.821434,63,2,1,30.6,108.3,0.011,1.1,0.07,1.17,16,17,33,410,92.3592507351225
98550,"J",1,144,40414.6987945,40,1,4,40.8,126,0.019,1.7,0.1,1.8,26,17,54,72,97.1912833437681
98554,"J",1,140,23563.15854,63,2,2,22.3,91.3,0.011,2,0.07,2.07,18,19,13,293,36.550212035699
98556,"J",2,140,16619.59475,48,1,6,23.6,82,0.031,2.3,0.07,2.37,31,22,57,216,47.6754552555292
98562,"J",2,140,13203.8527715,67,2,4,29.2,97.5,0.121,4.2,0.07,4.27,9,13,24,84,49.6427825650376
98568,"J",2,139,61907.0574115,78,1,3,30.3,117.7,0.015,0.7,0.07,0.77,18,23,17,112,77.4828015832846
98589,"J",2,141,72193.90526,21,2,1,52.8,134.9,155,0.5,0.2,0.7,20,16,21,97,99.4981368239934
98594,"J",2,136,21516.8193355,38,2,1,43,120.6,0.011,0.2,0.07,0.27,13,14,13,153,96.3010882968323
98595,"J",2,148,22839.934442,50,2,1,28.6,87.1,0.063,1.4,0.07,1.47,22,21,24,114,41.1477642794188
98599,"J",1,142,33566.560324,80,1,3,25.9,103.1,0.011,3.4,0.07,3.47,20,23,13,156,49.3386989031527
98601,"J",1,147,16870.806518,41,2,4,29.5,90.6,447,1.2,0.07,1.27,40,58,82,690,92.7626671128955
98624,"J",2,148,32756.7329205,53,1,4,31.3,106.4,0.011,2.2,0.07,2.27,16,21,13,144,69.4823108658583
98628,"J",1,148,65236.186346,48,1,1,28.8,101.4,0.011,1.3,0.07,1.37,36,28,153,141,87.6578680504729
98630,"J",1,137,15023.352757,64,1,4,36,116.9,0.011,1.3,0.07,1.37,20,21,16,155,90.4805930880138
98631,"J",1,142,74951.3705945,43,2,3,25.9,81.9,169,0.5,0.07,0.57,11,15,12,73,12.6614591117647
98634,"J",2,137,42325.371798,75,2,2,26.1,97.8,0.011,1.8,0.07,1.87,14,15,16,122,40.9810396539167
98646,"J",2,147,38613.0586625,43,2,1,30.7,102.3,31.3,1,0.07,1.07,9,14,18,255,78.5887332760637
98650,"J",2,146,14121.54426,72,1,4,28.2,96.4,0.226,4.6,0.07,4.67,20,20,26,89,47.5266148357825
98653,"J",2,144,45416.2559255,57,1,4,35.6,113.2,0.109,1.8,0.07,1.87,19,21,37,364,96.8189354892774
98656,"J",2,139,201942.695197,54,1,3,31.5,117,0.016,1.1,0.07,1.17,49,32,75,331,96.9642247860783
98675,"J",1,148,15936.6143155,61,1,6,22.9,85.7,16.3,1.9,0.07,1.97,19,17,12,108,14.5099426553598
98680,"J",2,148,38528.8835435,37,2,4,42,124.6,0.027,3.8,0.07,3.87,13,12,25,73,95.6758928750445
98682,"J",2,144,10197.8988985,64,1,2,28.2,98,0.011,5.7,0.07,5.77,45,32,22,93,47.6950298535426
98694,"J",1,145,72650.276091,54,2,3,36.1,113.7,0.011,0.9,0.07,0.97,16,15,13,229,91.043604533142
98701,"J",1,146,89281.5055645,74,2,3,28.6,97.3,0.011,1.6,0.07,1.67,15,20,13,145,49.2940692908442
98708,"J",2,141,152565.5736525,43,1,3,19,80,140,1.2,0.07,1.27,12,25,41,84,12.1843558055189
98711,"J",1,145,164641.8479135,53,1,7,31.6,108.1,281,1.1,0.07,1.17,14,13,19,86,67.6076785101925
98724,"J",1,135,74489.139699,22,1,2,33,100.7,55.8,0.2,0.07,0.27,34,20,33,373,91.1561902698164
98726,"J",1,138,269219.0670225,38,1,3,25.5,95.8,0.011,2.1,0.07,2.17,25,27,20,60,25.5354810057653
98728,"J",1,136,22110.125195,41,1,6,29.7,114.2,0.019,1.2,0.07,1.27,18,22,11,61,51.8804026818919
98729,"J",2,140,52873.567489,30,2,6,20,69.8,0.08,2.3,0.07,2.37,7,22,23,92,6.26759864063566
98732,"J",1,138,36386.6302855,66,1,3,28.1,108.3,0.091,0.3,0.2,0.5,17,16,321,83,90.5153935982297
98733,"J",1,147,118724.782135,36,2,3,30,97.1,0.011,0.6,0.07,0.67,17,14,14,183,60.6060737428446
98742,"J",2,144,30632.2790005,80,2,1,29,98.4,0.011,1.7,0.07,1.77,10,19,21,96,50.9246679837287
98747,"J",2,143,66125.920854,21,1,4,21.7,77.4,314,1.8,0.07,1.87,10,14,26,49,7.0549304503282
98755,"J",2,139,52518.7061325,68,2,3,25.3,92.5,0.021,1.8,0.07,1.87,25,26,12,98,23.6464231115645
98756,"J",2,139,30899.354841,80,1,3,24.8,NA,0.011,1.2,0.07,1.27,9,17,10,118,NA
98759,"J",1,148,23717.0670905,80,1,1,21.7,84.4,0.011,0.9,0.07,0.97,13,14,12,62,7.32247264063358
98772,"J",2,143,52370.853929,59,1,3,27.4,108.5,0.011,1.8,0.07,1.87,13,12,60,105,76.6573549681611
98780,"J",2,136,56373.638293,45,1,4,38.1,121.2,562,1.5,0.07,1.57,41,23,67,167,97.9586166186816
98783,"J",2,139,61457.8318635,40,2,3,44.2,131.3,293,0.9,0.07,0.97,27,16,78,148,99.4770311930427
98791,"J",1,146,402294.211288,54,1,3,21.6,86.2,0.011,7.7,0.6,8.3,30,29,14,61,8.61564902926874
98797,"J",1,146,176490.019087,55,2,3,22.2,82.6,0.011,2.3,0.2,2.5,32,23,36,216,35.7600698279573
98799,"J",2,141,171044.49859,32,2,3,43.5,116.5,0.011,1.6,0.2,1.8,14,14,19,153,96.7204369474967
98806,"J",2,141,21640.9082975,72,2,2,31.8,105.7,0.011,1.2,0.07,1.27,10,10,18,254,83.612394457116
98815,"J",2,142,159171.223043,75,2,3,20.8,74.6,0.011,0.8,0.07,0.87,23,23,174,148,39.3301612381617
98823,"J",1,134,22244.3038485,51,2,2,34,110.4,0.011,1,0.07,1.07,56,49,85,403,97.6774616648888
98827,"J",1,136,81701.451291,80,2,7,26.8,103.8,0.011,1.6,0.07,1.67,11,18,12,101,41.6774845886512
98833,"J",1,140,50525.3306405,75,2,3,25.9,94.1,71.6,4.5,0.07,4.57,9,18,14,189,43.3552395311902
98843,"J",2,145,158505.9422335,56,1,3,22.6,86.7,375,2.1,0.07,2.17,12,19,14,197,25.3740049306537
98844,"J",1,147,16090.020551,76,1,4,27.1,104.2,0.882,1.6,0.07,1.67,23,32,42,97,64.2870845593663
98853,"J",1,142,100328.243605,73,1,3,25.1,91.4,0.011,1.8,0.07,1.87,17,18,43,166,54.0005811386233
98865,"J",2,145,183399.3280235,36,1,3,22.3,86.8,0.049,3.2,0.07,3.27,14,20,17,146,22.0754364281673
98877,"J",1,136,56072.6872835,39,1,6,23,86.6,0.294,1,0.07,1.07,43,30,75,145,47.1177918124296
98878,"J",2,136,34767.4083835,42,2,1,30.3,95.7,0.011,0.5,0.07,0.57,21,21,16,105,49.1186642010657
98895,"J",2,146,49930.2958085,38,1,4,32.9,108,313,1.4,0.07,1.47,30,23,34,205,89.6307649572495
98899,"J",1,135,102533.0152655,66,2,3,34.7,107.4,0.015,1.4,0.07,1.47,14,16,14,132,78.8957579279095
98900,"J",2,141,196784.868133,36,1,3,26.7,94.4,0.025,0.9,0.07,0.97,24,23,28,52,29.4746448008504
98901,"J",1,147,11323.624396,65,1,4,34.9,130.4,0.042,1.2,0.07,1.27,15,38,41,159,97.1092213644931
98905,"J",2,147,32925.7229305,63,1,3,25.4,98.3,91.6,1,0.07,1.07,21,20,23,197,56.995756002449
98906,"J",2,141,43499.510559,33,1,2,23.8,83.5,72,0.8,0.1,0.9,17,19,18,42,8.51758489445853
98922,"J",2,136,63872.575242,80,1,3,20.9,85.1,0.011,2,0.1,2.1,13,16,11,163,14.7597827867624
98924,"J",1,140,13864.0348255,60,1,2,22.5,87.5,0.011,9.5,0.07,9.57,37,35,61,124,39.3013107425942
98925,"J",2,136,71848.614198,21,2,1,37.8,114.4,0.19,1,0.07,1.07,39,28,21,125,91.3706103763367
98926,"J",1,138,24424.365059,48,2,6,21.9,75.3,0.06,6.2,0.07,6.27,16,19,18,128,11.808111966371
98928,"J",2,148,11054.115206,64,1,1,31.4,99.9,0.011,0.1,0.07,0.17,15,14,20,263,79.8267076978986
98934,"J",2,138,72917.888016,80,2,3,28,102.5,0.23,0.5,0.2,0.7,22,19,20,218,70.3049024763257
98944,"J",1,140,58266.7422275,27,1,3,37.6,116.9,0.036,2.4,0.07,2.47,25,19,25,102,91.6510445282735
98951,"J",2,143,44051.157928,52,2,4,34.1,121.8,137,0.2,0.07,0.27,22,16,56,349,98.0552278691828
98952,"J",2,142,37423.0241955,24,1,6,29.1,97.2,0.011,0.9,0.07,0.97,115,52,106,497,93.8001163137808
98959,"J",2,141,20991.733093,75,1,1,26.7,100.2,0.011,0.9,0.07,0.97,28,28,42,354,82.54887958763
98966,"J",1,148,36939.0529955,68,2,6,29.9,99.5,0.021,3.3,0.1,3.4,64,43,121,277,92.3272645587307
98968,"J",1,142,136934.647662,33,1,3,36,115.3,0.027,2,0.07,2.07,90,43,79,148,96.336777246195
98972,"J",2,142,51173.992898,67,2,3,24.3,92.1,0.011,0.8,0.07,0.87,12,17,10,121,22.0568670246444
98982,"J",2,140,30772.895675,25,2,4,21.4,72.9,15.1,1.4,0.07,1.47,13,18,19,45,4.05103722058107
98989,"J",2,139,43171.9352905,76,2,3,42.1,118.7,8.24,0.7,0.07,0.77,13,17,16,165,96.2841087763506
98994,"J",1,137,48750.2146145,30,1,7,34.1,119.3,0.024,1.1,0.07,1.17,32,24,31,84,88.1422593825799
98998,"J",2,144,30796.3872965,51,2,4,38,103.3,0.011,0.8,0.07,0.87,8,15,20,61,74.6588320534084
99002,"J",1,136,35485.143116,73,1,6,31.2,113,0.011,4.5,0.07,4.57,39,35,96,165,93.842621598702
99028,"J",2,143,50118.0350145,42,2,1,35.1,98.3,352,0.9,0.07,0.97,8,11,18,85,65.7671231055046
99029,"J",1,144,45799.82131,46,1,4,23.9,94.5,0.056,1.2,0.07,1.27,58,44,105,498,86.3638567580452
99036,"J",1,142,25587.123688,44,1,3,33.1,105.9,18.1,0.6,0.07,0.67,24,19,28,127,81.4214813025571
99038,"J",1,144,34173.8322325,27,2,4,33.8,104,165,1,0.07,1.07,9,13,23,137,80.3011972275638
99062,"J",2,144,70770.411525,29,2,2,27.2,90.2,0.011,1.5,0.07,1.57,105,74,69,98,55.6251477259041
99063,"J",2,140,30977.4614935,41,1,4,25.5,93.8,404,1.2,0.07,1.27,10,16,15,119,32.5147490405675
99067,"J",1,142,75780.8305515,39,1,3,21.8,78.2,0.011,1.1,0.07,1.17,20,20,9,62,4.48119372719871
99068,"J",2,142,14563.6694805,76,1,4,21.5,86.6,158,1.9,0.07,1.97,15,18,20,143,21.6501224613592
99069,"J",1,147,25218.028023,80,2,4,37.8,119,0.068,2.2,0.07,2.27,14,16,22,154,94.457918685231
99070,"J",1,147,12353.5917575,70,1,4,25.8,87.9,0.121,2.9,0.07,2.97,18,33,25,52,19.4127263426207
99074,"J",2,148,21529.376238,67,1,7,26.7,89.6,440,1.1,0.1,1.2,21,18,19,68,24.056179237893
99081,"J",1,147,24010.5344255,59,1,4,22.1,88.2,406,1,0.07,1.07,14,19,18,74,13.9261288673946
99084,"J",1,140,53930.36099,80,2,3,33.3,114.5,0.011,1.3,0.07,1.37,10,16,6,60,53.509063389337
99089,"J",1,144,42706.6336355,25,2,4,24.5,76.1,0.011,0.8,0.07,0.87,14,14,21,37,6.42222595480215
99095,"J",2,148,16181.160491,47,2,6,19.6,71.3,0.011,1.7,0.07,1.77,17,15,16,77,4.2642122214231
99104,"J",2,147,237757.22652,63,2,3,24.6,92.3,0.011,2.9,0.07,2.97,27,29,26,124,37.7385965717635
99111,"J",2,145,24237.462933,48,2,4,24.2,89.7,299,0.4,0.07,0.47,42,72,216,163,74.7758638659227
99133,"J",1,145,60928.756213,74,1,3,33.5,120,0.068,2.3,0.07,2.37,22,28,51,65,88.8225467152742
99136,"J",1,145,26959.058094,40,1,4,26.6,98.6,5.08,0.1,0.07,0.17,19,21,15,61,27.6926817512637
99138,"J",2,145,37470.8597285,31,1,4,23.8,83.4,3.49,1.8,0.07,1.87,12,18,9,41,5.21556109562134
99140,"J",1,144,11972.61012,62,2,4,29.5,93.9,0.043,1.9,0.07,1.97,20,20,27,187,66.4599080535887
99148,"J",1,135,68239.558303,78,2,3,23,NA,315,0.3,0.07,0.37,9,16,21,296,NA
99151,"J",2,143,16894.211814,22,2,3,26.3,83.1,0.048,0.9,0.07,0.97,10,14,11,35,7.07605711940209
99153,"J",1,135,54214.822028,53,2,7,22.6,93.3,76.5,0.7,0.07,0.77,15,20,8,84,12.5308499144304
99155,"J",2,145,24538.5067625,28,1,4,23.8,83.6,334,1.7,0.07,1.77,8,14,29,48,13.0218634920848
99157,"J",2,148,23584.31733,62,2,6,21,76.2,0.028,2.8,0.07,2.87,11,14,13,101,7.25908128775372
99159,"J",2,136,349847.439175,57,2,3,25.5,84.6,0.021,2.3,0.1,2.4,31,32,33,86,27.6635078128621
99160,"J",1,143,39252.1510505,43,2,7,30.2,92.4,0.032,0.8,0.07,0.87,8,13,19,88,43.3154861857336
99169,"J",2,147,22046.565401,60,1,4,23.9,93.8,455,1.4,0.07,1.47,15,18,19,106,29.0463223983442
99179,"J",1,137,39475.385389,80,2,4,19.3,71.6,0.011,2.2,0.07,2.27,7,9,42,109,10.7839822897689
99181,"J",2,146,71588.6980365,29,1,3,23.9,92.2,7.74,3,0.07,3.07,14,18,19,97,25.6833279672647
99182,"J",1,134,58042.6681645,34,2,2,28.3,99,0.011,1.6,0.07,1.67,21,21,45,132,69.4701845604109
99193,"J",1,135,21705.2988585,44,2,6,37.3,106.7,0.259,0.9,0.07,0.97,11,13,19,135,86.802798368297
99198,"J",1,148,22799.7218075,22,2,1,28.9,100.4,0.031,1.4,0.07,1.47,17,13,50,105,69.7908221252606
99208,"J",1,141,96600.9474315,41,1,1,29.1,99.1,0.011,0.8,0.07,0.87,25,19,48,194,79.4454966444029
99209,"J",1,138,29723.6753235,80,2,6,21.8,93.4,0.031,0.7,0.07,0.77,8,16,11,84,13.939274658412
99212,"J",2,144,72153.6162595,33,1,4,25.1,88.2,0.032,1.2,0.07,1.27,16,25,13,62,14.1036550310563
99234,"J",2,139,74732.06827,33,1,3,33,107.6,379,1.1,0.07,1.17,18,22,18,123,76.9607915693355
99237,"J",2,138,35217.075574,44,2,6,25.6,88.6,0.011,1.1,0.07,1.17,17,18,18,76,21.6136591652929
99241,"J",1,145,15238.9229445,71,1,4,33.7,115,57.1,1.7,0.07,1.77,16,22,28,99,85.8874355726185
99243,"J",2,141,19093.5782215,80,1,1,29.1,NA,0.011,0.8,0.07,0.87,17,18,31,95,NA
99251,"J",2,137,401944.928276,45,1,3,29.3,103.9,0.011,1.8,0.07,1.87,26,21,11,204,65.1186152903666
99255,"J",2,144,45642.1337825,56,2,4,57.2,157.4,0.085,2.7,0.07,2.77,11,13,22,99,99.9213017849844
99256,"J",2,142,7686.482436,69,1,1,29,106.4,0.011,1,0.07,1.07,26,16,14,231,73.2367416587722
99263,"J",2,148,14556.890634,50,2,6,22.8,81.7,0.033,1.7,0.07,1.77,14,14,35,160,29.8108892020181
99265,"J",2,140,12382.7846805,67,2,1,37.9,110,0.035,0.8,0.07,0.87,29,19,56,112,93.9347916343239
99269,"J",2,142,48358.81875,79,1,3,20.4,NA,0.266,2.2,0.07,2.27,10,16,12,171,NA
99270,"J",2,139,163698.554566,62,2,7,30.6,99,0.011,0.9,0.07,0.97,19,26,38,144,75.0900163170786
99271,"J",2,144,15307.7840195,56,2,6,18.1,65,0.069,4.6,0.07,4.67,13,15,16,87,2.82674166510071
99274,"J",1,137,38397.7764445,53,2,2,28.6,100,0.011,0.8,0.07,0.87,18,20,16,164,59.4184537111593
99283,"J",2,138,31155.039191,68,1,6,25.4,94.8,0.015,4.2,0.07,4.27,15,15,12,63,18.8860771256303
99284,"J",1,138,63650.6765805,37,1,2,18.4,69.6,295,1.8,0.07,1.87,10,18,19,119,5.57250228362347
99285,"J",2,135,20577.224953,61,2,1,33.6,109.2,0.011,1.6,0.07,1.67,25,22,50,204,93.0215273731172
99287,"J",1,148,58547.5105565,57,1,1,38.8,122.1,0.011,1.1,0.07,1.17,29,28,51,385,99.0204532114811
99293,"J",2,134,24917.263103,75,1,4,22.2,78.7,0.096,1.7,0.07,1.77,11,13,20,79,10.2194056656787
99299,"J",2,141,20815.565224,62,2,1,34.6,116.6,0.011,1.1,0.07,1.17,21,15,19,103,85.510363542774
99300,"J",1,138,52085.2729005,44,2,2,27.6,87.5,0.011,1.5,0.07,1.57,13,19,10,141,28.8706256585231
99308,"J",1,147,34145.6744915,26,1,4,22.5,79.4,370,1.3,0.07,1.37,17,19,28,184,25.9812486687539
99309,"J",2,141,55006.417159,80,2,3,24.2,98.5,0.011,1.1,0.07,1.17,9,17,7,59,13.2659800223331
99310,"J",2,148,17452.9995005,74,2,2,39.4,NA,0.011,0.7,0.07,0.77,14,17,17,194,NA
99311,"J",1,144,93577.099696,80,1,3,32.7,116.5,0.011,2.3,0.07,2.37,20,20,59,201,95.0570807448338
99316,"J",2,136,100245.4671015,47,1,1,27.6,96.7,0.011,0.9,0.2,1.1,24,22,28,87,46.6309445634379
99318,"J",1,141,30117.827166,28,2,4,21.4,76,0.232,1,0.1,1.1,11,19,15,88,7.37052831620901
99321,"J",1,134,17241.954103,45,1,6,25.4,90.4,0.011,4.4,0.07,4.47,37,27,23,74,25.53762481407
99322,"J",1,139,60805.8460785,35,2,4,31.1,98.6,395,1.2,0.07,1.27,13,18,34,175,77.8624386774367
99329,"J",1,137,31282.6605355,60,1,6,26.5,92.4,0.011,2.4,0.07,2.47,17,20,27,107,41.4672309859355
99330,"J",1,145,143379.625877,35,1,3,26.6,92.1,0.011,2.8,0.07,2.87,40,27,80,92,57.1814870310106
99339,"J",2,136,92529.9020625,21,2,1,36.8,108.6,0.011,0.5,0.07,0.57,8,13,5,313,85.2922378679873
99340,"J",1,142,106608.0075675,52,2,3,19.7,70.5,725,0.7,0.07,0.77,9,11,10,142,5.24489391270963
99346,"J",2,137,44661.0330825,26,1,6,23.2,84,0.03,0.6,0.1,0.7,9,16,12,66,9.18463878583301
99366,"J",2,143,71715.52343,47,2,1,40.6,123.8,26.4,2.5,0.07,2.57,13,14,29,136,97.2328171865223
99372,"J",2,147,388037.655115,67,2,3,19.2,79.8,0.011,2.1,0.07,2.17,26,24,9,155,7.85069110849829
99374,"J",2,137,51082.3721765,60,2,3,24.5,100.5,290,1.8,0.07,1.87,17,15,14,150,41.5075729584232
99376,"J",1,147,27640.822759,53,1,7,33.2,117.7,135,1,0.07,1.07,17,16,63,228,96.2918019175217
99388,"J",2,145,29725.192632,55,2,4,48.9,145.7,0.042,1.9,0.07,1.97,20,18,15,99,99.3926506317114
99389,"J",2,137,257218.2089865,59,2,3,36,116.8,248,0.9,0.07,0.97,18,14,29,86,89.2074779615384
99396,"J",2,144,48328.941202,22,2,1,32.9,95.7,0.011,0.6,0.07,0.67,36,23,42,114,74.9780864500086
99400,"J",1,135,61416.862816,26,2,1,32.2,100.5,0.022,0.6,0.07,0.67,13,19,13,98,56.6701942652206
99416,"J",2,144,147234.0050495,45,1,2,24.5,87.8,0.011,4.2,0.07,4.27,48,49,31,105,31.3184553769558
99419,"J",2,136,27367.4678925,46,1,1,25.7,92.4,0.011,0.7,0.07,0.77,61,39,312,168,84.9554852649698
99438,"J",1,144,24378.0924825,41,2,6,29.2,90.1,0.019,2.1,0.07,2.17,20,26,13,247,54.5171679578045
99439,"J",2,136,30779.0810995,34,2,7,20.2,73.3,134,2.9,0.07,2.97,14,16,23,163,12.491678253898
99443,"J",2,135,195695.068734,57,1,3,42.7,142.4,0.011,1.8,0.07,1.87,26,20,75,131,99.5862508485452
99446,"J",1,135,89635.286101,29,2,3,25.3,86.9,0.011,0.6,0.07,0.67,24,22,9,43,7.8669082881392
99457,"J",2,147,46472.7945795,40,1,1,25,86.2,0.06,2.9,0.07,2.97,18,20,17,145,28.4077351571031
99463,"J",2,137,82045.380551,23,2,2,30.7,93.6,0.019,0.7,0.07,0.77,19,17,18,40,28.3714382458049
99466,"J",1,147,34384.399575,29,2,2,42,113.9,0.011,0.4,0.07,0.47,12,11,12,137,93.1029031924875
99473,"J",2,143,258578.1606515,41,1,3,25.6,79.7,0.11,3,0.07,3.07,23,22,17,90,16.2474015768802
99486,"J",2,134,20451.602168,62,1,6,23.6,88.1,0.025,1.9,0.2,2.1,29,25,105,116,51.9094455347423
99489,"J",1,143,18516.1355145,51,1,6,29.1,99.6,0.032,2.2,0.07,2.27,17,18,24,234,74.2588039200316
99494,"J",2,137,22589.207638,46,2,1,28.7,92.5,118,0.7,0.07,0.77,14,17,20,122,46.9031648209505
99503,"J",1,139,16022.1446875,61,2,4,43.4,120.4,0.025,1.4,0.07,1.47,22,20,56,118,98.378490944907
99510,"J",1,138,27900.2605565,35,2,6,17,68.8,0.051,6.9,0.07,6.97,17,19,15,56,1.87974111671393
99517,"J",1,142,57845.4753055,39,2,1,31.5,109.9,0.011,1.1,0.07,1.17,11,14,20,74,67.0602162552942
99518,"J",1,136,25312.695695,80,1,4,30.1,116.8,0.011,4.6,0.07,4.67,23,18,58,97,87.0388443022667
99522,"J",2,140,22665.274054,68,1,2,42.4,NA,0.095,1.8,0.07,1.87,14,18,16,197,NA
99532,"J",1,138,14421.2495415,63,2,6,23.9,81.5,0.048,15.9,0.07,15.97,12,19,9,116,11.9663424396858
99538,"J",1,142,280054.1586685,66,1,3,30.2,107.5,0.03,2.7,0.07,2.77,23,27,68,174,89.0561189821693
99541,"J",1,141,51413.8496015,43,1,4,34.9,116.8,0.11,0.9,0.07,0.97,24,21,47,103,92.257098239246
99543,"J",1,134,16004.828443,69,1,6,22.5,96.3,0.02,1.6,0.07,1.67,23,26,25,133,36.7735372344737
99545,"J",1,147,33062.09875,29,1,1,31.5,96.2,11,1,0.07,1.07,211,115,309,651,98.2409663856373
99585,"J",1,139,91614.961926,35,1,4,28,99,15.5,0.8,0.07,0.87,22,25,52,171,75.6023095702373
99596,"J",2,136,34012.3277565,48,1,6,28.4,102.7,0.011,1.5,0.07,1.57,18,18,11,106,45.3050287060369
99597,"J",1,142,47095.873646,80,1,3,31,NA,0.011,3.3,0.07,3.37,18,18,39,202,NA
99609,"J",2,146,38021.639755,46,1,4,42.2,147.7,0.093,1.2,0.07,1.27,16,16,24,236,99.5669681063551
99618,"J",1,136,36892.667177,46,1,4,20.4,74.9,375,1.5,0.07,1.57,20,34,20,99,8.24424362463581
99622,"J",2,145,419452.0907605,61,2,3,35.4,120.2,0.011,3.1,0.07,3.17,19,12,24,168,93.7683154587647
99628,"J",1,148,47047.9275885,52,2,1,21.4,87.1,0.011,10.3,0.07,10.37,14,12,17,96,14.5538723473843
99630,"J",2,139,12043.2439825,73,1,3,31.3,107.9,0.011,1.3,0.07,1.37,17,17,14,108,66.4031955015288
99631,"J",2,143,20143.7628985,40,1,6,22.4,86.1,0.122,0.6,0.07,0.67,15,22,15,109,16.0722055325316
99633,"J",1,148,22349.2108705,60,1,1,36.7,131,0.011,2.5,0.07,2.57,20,15,28,273,98.2666852739594
99641,"J",2,143,29554.7887335,23,1,4,22.7,85,0.031,1.6,0.07,1.67,11,14,17,67,11.4722929979432
99645,"J",1,139,28169.238689,80,2,4,30.3,100.7,0.02,1.1,0.07,1.17,8,13,14,76,45.6567744760287
99647,"J",2,146,24005.5539755,76,1,3,28.5,106.7,549,2.9,0.07,2.97,14,19,27,214,79.4421465935484
99662,"J",2,146,26320.87569,65,2,4,36.1,120.6,0.011,2.4,0.07,2.47,26,31,41,288,97.6519996446175
99668,"J",1,140,11854.4861495,63,1,4,27.7,94.5,62,1.9,0.07,1.97,22,20,27,150,56.3491968365118
99672,"J",1,148,28174.745581,32,2,6,24,77.5,0.011,1.3,0.07,1.37,9,12,19,93,13.3793531321839
99674,"J",1,134,108766.729354,71,1,3,30.3,108.7,0.011,2.2,0.1,2.3,14,16,28,148,79.9418851929871
99680,"J",2,146,15100.425225,62,1,4,23.8,93.2,356,2.5,0.07,2.57,13,16,15,66,17.3635313268807
99682,"J",2,147,109106.9106055,80,1,3,25.8,108.5,0.011,1.9,0.07,1.97,17,21,14,62,35.8864080041401
99684,"J",2,134,31603.7351135,64,2,6,23.9,80.9,0.011,3.5,0.2,3.7,9,16,15,192,23.4975453262116
99686,"J",1,138,48888.383676,40,1,4,22.2,89.5,3.68,2.9,0.07,2.97,10,12,16,80,14.8184742416608
99691,"J",2,144,122973.927803,44,2,1,23.6,80.4,0.011,0.5,0.07,0.57,13,18,22,74,13.2129789321606
99709,"J",2,137,24870.3700765,26,1,6,23.1,80,0.024,14.8,0.07,14.87,9,13,7,64,5.05211624767215
99711,"J",1,136,12845.571459,58,2,6,28,100.4,0.086,2.1,0.2,2.3,24,15,29,324,80.1384008889895
99715,"J",1,147,44650.729772,24,2,4,47.4,114,0.077,0.3,0.07,0.37,8,13,14,112,96.3637339665304
99719,"J",1,145,24963.561066,60,2,7,19.6,71.2,305,1.1,0.07,1.17,10,22,18,121,6.9053214329052
99720,"J",2,138,20523.3374665,53,1,6,25.7,97.1,0.057,1.5,0.07,1.57,62,46,57,363,81.6659432883641
99721,"J",2,146,54230.263984,20,2,4,24.7,87.5,0.269,1.8,0.07,1.87,9,12,18,48,12.9019221131833
99727,"J",1,135,94246.5427975,78,2,3,25.5,93.2,101,0.4,0.07,0.47,15,18,16,336,56.7958238370757
99741,"J",1,138,22019.344135,80,1,3,28.4,102.6,0.011,2.8,0.07,2.87,12,20,22,111,58.6120556323276
99743,"J",2,143,55884.2886385,80,2,3,31.3,101.5,0.011,1.2,0.07,1.27,20,18,14,126,61.9875499812717
99745,"J",1,148,36730.6750365,33,1,6,32.3,96.3,62.9,2.3,0.07,2.37,41,26,24,386,85.8920846119444
99762,"J",1,138,32430.9145905,55,2,1,28.1,99.7,0.011,0.8,0.07,0.87,13,16,15,404,75.1891974202703
99765,"J",2,148,43764.323915,46,2,1,26,86.8,0.015,0.8,0.07,0.87,12,15,24,66,22.1660412288054
99776,"J",1,148,32874.819926,71,1,1,36.6,128.5,0.011,0.6,0.07,0.67,16,12,17,133,94.5197075929534
99782,"J",2,147,45128.905325,53,2,1,23.6,97.6,115,1.2,0.07,1.27,60,83,74,114,57.7401633932281
99783,"J",2,136,120960.415571,35,1,1,34.1,104.9,0.011,0.4,0.1,0.5,35,19,44,1058,98.0323727744678
99785,"J",2,147,148263.3058,80,2,3,34.6,110.9,0.011,3.7,0.07,3.77,19,19,30,166,90.515687688902
99797,"J",2,146,56403.506594,65,1,3,17.5,74.5,381,2.1,0.07,2.17,6,24,28,119,8.18875830997367
99804,"J",1,142,76259.5930235,61,1,3,29,106.5,0.061,1.4,0.3,1.7,35,23,24,204,78.2536748109524
99819,"J",2,134,461519.4624575,50,1,3,29.1,97.4,3.57,1.1,0.07,1.17,33,25,21,107,52.5296630429547
99820,"J",1,135,40330.8242035,80,1,3,26.1,97.2,0.011,3.8,0.07,3.87,23,22,11,121,33.7730841866985
99838,"J",2,146,113410.432655,48,2,3,36,113.9,0.054,0.4,0.07,0.47,15,14,57,160,95.4141501819122
99841,"J",1,138,43853.4003385,21,1,6,29.7,95.4,0.075,5.7,0.07,5.77,16,19,31,147,65.9481635590327
99844,"J",1,144,19850.2589205,45,1,4,39,124,144,0.7,0.07,0.77,47,24,31,122,96.4147634011823
99856,"J",1,143,35888.997471,54,1,4,30.8,99.2,0.011,1.4,0.07,1.47,13,18,22,85,56.1441686559195
99858,"J",1,142,147169.272708,58,1,3,41.1,141.7,733,1.2,0.07,1.27,25,20,38,199,99.4143365818503
99861,"J",2,145,36929.906182,30,2,6,20.7,68.9,0.011,2.9,0.07,2.97,17,20,19,50,3.31264748523614
99864,"J",2,142,74476.863029,36,2,3,43.9,136,0.011,0.5,0.07,0.57,21,15,14,68,97.0146181429956
99866,"J",1,136,35581.154255,61,1,3,47,153.2,0.011,1,0.07,1.07,18,18,23,158,99.7486438580366
99871,"J",2,143,77873.611375,25,2,1,38.1,119.6,150,1,0.07,1.07,25,17,17,120,92.3184794184585
99874,"J",2,145,21690.6698465,60,1,6,23.9,87.5,331,1.7,0.07,1.77,34,30,12,147,22.3505286011007
99879,"J",2,145,58508.5193585,27,2,4,19.7,71.6,332,0.8,0.07,0.87,9,14,12,62,2.94668986317831
99881,"J",2,140,29817.0579965,55,2,6,20.4,75.3,0.016,1,0.07,1.07,18,21,33,61,7.65378249364056
99891,"J",1,144,185251.8710535,36,2,3,20.6,77.7,0.016,1.7,0.07,1.77,15,21,10,64,4.12164330963049
99894,"J",2,136,70350.253488,32,1,1,29.1,96.4,0.181,0.4,0.1,0.5,39,22,61,966,94.8379338949162
99895,"J",2,134,65553.2684705,73,1,2,34,129,238,0.5,0.07,0.57,11,16,12,95,87.4572539392293
99905,"J",1,139,27858.047913,45,1,4,29.8,94.6,0.034,1,0.07,1.07,33,43,17,62,34.9419064702368
99910,"J",1,143,87779.8610215,30,2,3,23.1,74.3,176,2,0.2,2.2,9,12,11,94,7.27798922498988
99925,"J",1,134,116025.146531,38,1,2,27.7,94.6,0.011,1.6,0.07,1.67,34,24,36,201,67.833184493279
99939,"J",2,143,46396.986161,39,2,4,24.1,81.7,0.032,0.7,0.07,0.77,8,16,12,82,11.0934242702404
99947,"J",2,142,44984.34181,56,2,4,33.8,113.6,0.011,1.4,0.07,1.47,21,18,29,114,87.0491956427446
99949,"J",1,135,52877.9428795,21,2,6,33.8,99,0.091,0.4,0.07,0.47,14,12,17,96,64.2049571857075
99950,"J",2,147,19234.080768,80,1,4,29,106.3,0.033,2.4,0.07,2.47,11,14,20,113,64.0154864617704
99953,"J",1,138,15236.228044,73,1,4,27.1,101.4,43.3,10.7,0.07,10.77,7,16,13,85,37.088554003163
99984,"J",2,135,38153.1751175,54,2,2,32.3,104.7,0.137,1.4,0.2,1.6,26,18,27,260,87.6483211510081
99994,"J",2,136,34203.803287,48,2,1,29,94.4,0.011,0.4,0.1,0.5,25,18,13,241,58.8518697569322
1e+05,"J",1,144,32211.7348725,21,2,4,30.4,92.7,8.93,0.9,0.07,0.97,16,25,15,58,31.167121678108
100013,"J",1,137,29657.687824,43,2,6,25,86.2,0.011,1.1,0.07,1.17,16,18,24,221,43.1653448383564
100018,"J",1,138,96787.627066,22,1,3,21.1,91.3,0.064,0.6,0.07,0.67,13,17,21,124,23.2632734435242
100039,"J",1,136,179402.89242,28,1,3,23.2,88.3,0.011,1.3,0.07,1.37,16,20,18,205,33.3547281607993
100041,"J",1,135,202089.3199755,47,1,3,27.1,NA,0.02,1.3,0.07,1.37,21,24,14,115,NA
100043,"J",1,139,17921.6814015,67,2,4,42.8,120,0.011,0.9,0.07,0.97,8,12,18,137,96.5384628172962
100047,"J",2,147,48237.7926495,42,1,4,26.3,90.7,32.2,1.1,0.07,1.17,25,19,26,136,43.508679017313
100051,"J",1,142,48513.6303825,66,1,3,42.9,143.6,30.3,0.8,0.07,0.87,10,12,13,123,98.6026841387262
100055,"J",1,148,22905.5933365,47,2,6,32.4,99.2,0.018,1.5,0.07,1.57,21,18,26,98,67.3704312380376
100056,"J",1,148,81472.4086835,57,1,1,36.9,135.2,0.011,2.3,0.07,2.37,22,21,29,87,96.1706489004824
100062,"J",2,136,22298.842024,48,2,6,28.2,86.8,0.011,0.7,0.07,0.77,14,15,27,78,33.0384703746393
100064,"J",1,140,23388.3959205,71,2,2,23.2,96.3,0.017,0.8,0.07,0.87,18,25,22,105,31.8275706687707
100070,"J",1,142,117391.4950435,28,2,3,22.5,82.4,376,0.7,0.07,0.77,13,14,16,108,14.2154412328258
100072,"J",2,142,54534.1773805,33,2,1,20.7,78.4,0.024,0.5,0.07,0.57,10,13,20,141,13.6414359990067
100079,"J",1,146,123985.541236,80,2,3,24.6,87,0.011,4.9,0.3,5.2,11,19,41,112,36.5510476865492
100088,"J",1,137,20841.870152,75,1,1,27.6,102.1,0.011,6.6,0.07,6.67,18,17,27,128,62.0835431180942
100090,"J",1,147,69580.971308,24,2,1,26.8,86.1,0.011,0.6,0.07,0.67,16,12,28,65,25.2412614688706
100099,"J",1,135,149077.2590845,45,1,3,31.4,105.3,546,1.6,0.07,1.67,47,42,96,559,97.0872783998842
100103,"J",1,144,18985.312788,61,1,2,33.5,114.6,0.011,1.3,0.07,1.37,25,20,44,312,95.9899130729394
100105,"J",2,142,40621.2621185,50,2,4,54.5,144.7,0.026,0.6,0.07,0.67,21,21,64,74,99.862434965994
100108,"J",2,134,244376.0757825,27,2,3,23.7,81.4,0.011,0.6,0.07,0.67,18,26,8,89,8.58188150496712
100110,"J",1,144,45777.584958,26,1,4,24.5,82.7,0.011,3.4,0.07,3.47,13,15,20,56,12.246365659944
100114,"J",2,136,26289.399445,79,1,3,27.5,105.4,0.064,3.2,0.07,3.27,10,20,30,68,53.1695084521078
100115,"J",1,141,229261.564145,47,2,3,28.4,94,0.011,2.9,0.07,2.97,88,45,13,86,32.5463956668969
100118,"J",2,142,17044.954524,78,1,4,27,95.1,0.015,1.8,0.07,1.87,10,15,14,80,29.301503988319
100143,"J",2,140,72015.3416625,80,2,3,36.4,NA,0.011,1,0.07,1.07,15,17,23,202,NA
100144,"J",1,143,107072.128032,33,2,2,32,89,0.048,1,0.07,1.07,9,13,15,149,53.3236136312179
100158,"J",2,147,10604.588938,61,1,4,35,120.7,0.805,1.2,0.07,1.27,7,10,17,204,93.2107054213083
100160,"J",2,142,99986.9231895,26,2,3,33.4,103.5,1.81,0.3,0.07,0.37,10,14,8,68,47.4354990868969
100165,"J",2,142,415670.3834125,56,1,3,24.6,93.5,2.5,0.9,0.07,0.97,34,27,49,115,48.6540075879179
100172,"J",2,137,561777.2125705,42,2,3,31.6,99.3,0.011,1,0.07,1.07,23,19,11,113,53.4243657989163
100175,"J",1,147,31750.452223,33,1,4,27,87.6,0.071,0.5,0.07,0.57,26,24,33,63,29.1047885402284
100178,"J",2,139,83415.792488,40,2,3,32,104.8,346,0.4,0.07,0.47,17,17,39,307,91.2577726463959
100186,"J",2,144,35563.183233,32,1,6,39.8,NA,115,2.7,0.07,2.77,29,20,35,129,NA
100190,"J",1,140,44356.738967,32,2,2,34.4,112.7,0.113,1.6,0.07,1.67,22,18,15,258,90.4309316959258
100191,"J",1,142,43678.822297,42,2,3,27.2,89.5,477,1.3,0.07,1.37,6,10,10,155,31.8416223601263
100192,"J",2,137,45831.16457,56,1,1,34.7,117.2,0.05,1.2,0.07,1.27,23,15,37,171,94.1725236838262
100194,"J",2,134,16905.524341,60,1,4,23.9,102.8,1.01,4.6,0.07,4.67,28,38,39,38,29.3707905685105
100195,"J",2,146,21169.229645,32,2,6,22.3,81.6,0.028,1.5,0.07,1.57,8,15,8,64,5.39598175272803
100196,"J",1,147,28051.2342095,32,2,4,23,80.6,0.07,0.2,0.07,0.27,8,13,10,64,6.54041593497936
100200,"J",1,135,66298.345949,43,2,7,39.5,114.6,0.638,0.6,0.07,0.67,22,15,48,114,95.7402138052486
100201,"J",2,139,34411.326464,43,1,3,27.9,96.9,462,1.1,0.07,1.17,23,19,17,167,54.5001713147957
100206,"J",1,140,25161.6405635,62,2,2,37.9,NA,0.087,1.7,0.07,1.77,28,29,230,189,NA
100214,"J",2,144,58431.3303705,57,1,4,52.8,145.8,27.9,1.6,0.07,1.67,62,37,63,98,99.8727939955677
100233,"J",2,143,16059.609363,65,2,4,35.6,104.5,0.011,2,0.07,2.07,13,15,22,75,74.5704921207762
100235,"J",2,134,196162.708606,77,1,3,25.9,94.3,0.094,1.8,0.2,2,12,15,18,87,30.6676630638156
100236,"J",2,142,75702.64092,61,1,3,36.1,126.3,0.011,2.6,0.07,2.67,27,24,25,196,96.470210802162
100241,"J",2,137,221031.044981,36,2,3,21.3,75.3,0.011,0.5,0.07,0.57,7,13,8,79,4.16354141054051
100244,"J",2,141,60960.927913,62,1,3,32.7,122.8,0.689,1.9,0.07,1.97,45,24,16,116,86.1712895350675
100246,"J",2,138,39482.9200315,22,2,6,18.2,66.5,0.011,2.7,0.07,2.77,14,19,36,152,8.86706619581985
100266,"J",1,135,99414.863947,40,2,3,18.4,72.6,213,0.8,0.07,0.87,9,19,11,60,2.37531382876936
100270,"J",2,135,81214.450964,36,1,2,28.7,101.3,35.5,1.2,0.07,1.27,21,19,13,80,40.8759724756424
100271,"J",1,138,105168.175369,36,2,3,31.8,109.8,0.011,1.8,0.07,1.87,16,17,18,187,82.5653922982402
100288,"J",2,148,18066.623004,43,2,6,40.4,140.4,0.081,0.5,0.07,0.57,21,18,32,107,98.598349784882
100291,"J",2,145,20713.4905335,61,2,4,31.9,124.2,0.378,2.9,0.07,2.97,17,18,48,73,89.4733452393673
100294,"J",1,141,32553.6873125,40,2,4,25.8,95.5,0.039,0.5,0.07,0.57,11,14,15,47,18.486479258293
100297,"J",1,143,204239.0508135,70,1,3,27.9,106.7,0.011,2.9,0.07,2.97,25,29,49,110,74.3088744538451
100301,"J",2,143,14072.478412,53,2,7,36.8,104.2,0.087,1.1,0.07,1.17,7,10,10,128,76.3152415434614
100303,"J",2,143,19558.8566035,60,1,1,27.2,96.5,0.011,2,0.07,2.07,100,78,91,76,62.6278899352508
100311,"J",2,144,35224.59918,55,1,1,32.9,105,0.011,1.7,0.07,1.77,21,16,122,126,92.066112330933
100326,"J",1,147,63525.8425095,21,2,4,39.1,103.7,0.024,0.2,0.07,0.27,7,12,9,85,73.0557689397404
100329,"J",1,134,47661.1677935,27,2,2,33.6,109.5,0.017,0.5,0.07,0.57,9,12,16,125,78.9348314061056
100346,"J",1,136,35143.600515,79,2,7,23.7,85.6,0.011,1.8,0.07,1.87,13,17,11,79,11.6281212968418
100347,"J",2,140,121136.237941,57,1,1,27.3,99.2,0.024,2.1,0.07,2.17,22,18,28,397,80.2582537376009
100348,"J",1,144,41746.734774,49,2,4,34.8,102.5,0.056,0.5,0.07,0.57,21,21,17,73,65.6504385292971
100353,"J",2,148,18139.9696765,59,1,6,17,79.8,0.011,15.1,0.07,15.17,20,22,22,101,7.3439210066717
100356,"J",1,145,36883.268933,39,2,4,30.7,97.3,70.9,1.2,0.07,1.27,13,16,29,57,48.7489177961688
100363,"J",1,137,13484.6322635,63,1,2,29.7,104.4,0.018,0.7,0.07,0.77,15,24,27,271,83.503359439726
100365,"J",1,147,37071.185771,22,2,1,25.9,85.3,0.091,0.6,0.07,0.67,8,13,7,226,25.7105667612581
100376,"J",2,134,48550.7927545,49,1,4,26.8,83,0.475,1.6,0.07,1.67,15,20,12,110,20.4715412906869
100377,"J",2,148,15734.5012975,47,1,6,26.9,92.1,0.011,1.1,0.07,1.17,63,40,147,128,74.6969711560313
100390,"J",1,144,15856.3710085,67,2,4,25.5,93.8,1.72,2.3,0.07,2.37,17,19,22,100,34.9553066440572
100399,"J",2,141,90719.724016,74,2,3,33.4,111.5,0.017,0.8,0.2,1,10,13,10,122,73.8577497287408
100410,"J",2,137,25442.266066,58,2,1,32.2,106.5,0.011,0.6,0.07,0.67,16,14,15,184,78.4064887036049
100412,"J",1,137,14008.3726845,65,2,1,29.6,104,0.011,2,0.07,2.07,53,37,22,181,74.1721648776621
100415,"J",2,142,39448.15858,49,2,4,28.1,93.5,0.025,0.5,0.07,0.57,19,22,31,135,56.3832204639532
100422,"J",1,146,10560.887592,66,1,4,19.9,77.7,430,3,0.07,3.07,25,33,36,67,9.27288818837182
100434,"J",2,141,73044.109307,32,2,1,44.9,122.2,0.161,1.3,0.07,1.37,14,14,14,81,95.5017374017661
100438,"J",2,135,31158.233092,22,2,1,23.7,80.2,0.011,1.4,0.07,1.47,15,17,9,47,4.95806774516634
100442,"J",2,143,293751.852158,68,2,3,42.8,132.4,0.017,1.5,0.07,1.57,14,18,35,341,99.5188503008821
100446,"J",2,140,16674.423187,60,1,2,35.2,123,0.016,2.2,0.07,2.27,46,27,43,129,95.2517303122213
100468,"J",1,147,18127.83452,52,2,4,33.4,98.7,54.3,1.5,0.07,1.57,12,14,19,90,62.9745649313937
100480,"J",2,134,34155.972153,80,1,2,25.3,94.8,0.011,1.2,0.07,1.27,13,28,24,207,53.9920761897607
100490,"J",2,139,54908.437596,80,2,3,18.4,78,25.3,2,0.07,2.07,7,15,14,184,10.0767742697062
100492,"J",1,137,28873.7069485,55,1,4,31.6,109.8,303,0.9,0.07,0.97,34,46,46,201,90.6346009224289
100499,"J",2,137,21911.737206,52,2,2,51.3,149.3,0.093,0.3,0.07,0.37,11,14,19,64,99.5395576568154
100500,"J",1,148,19481.8925675,34,2,4,30.8,108.5,0.036,0.1,0.07,0.17,10,14,12,87,58.0998435829564
100508,"J",1,142,45307.114558,80,2,3,24.5,81.6,0.011,1.3,0.07,1.37,15,25,11,111,14.1264260594922
100510,"J",2,143,33242.966864,37,2,4,32.7,99.1,0.389,0.8,0.07,0.87,19,17,9,83,46.0423549748271
100515,"J",2,143,14308.2702725,70,2,6,24,81.8,0.011,2.4,0.07,2.47,25,27,31,149,30.1695640281226
100516,"J",1,145,18296.222855,61,1,2,38.5,118.5,0.011,2,0.07,2.07,20,20,24,85,91.7032146147468
100521,"J",1,148,17700.951248,58,1,6,29,103.1,0.047,2.7,0.07,2.77,27,34,14,118,54.7755389285162
100530,"J",2,138,15405.396565,52,1,6,28.3,94.6,0.017,1.5,0.07,1.57,34,32,53,173,72.3973214151025
100531,"J",1,140,24202.496091,80,1,7,22.9,NA,0.024,2.9,0.07,2.97,11,17,13,62,NA
100532,"J",1,147,45395.3473275,46,2,4,34.2,114.6,245,0.5,0.07,0.57,19,16,24,71,80.6398571590393
100534,"J",2,134,34685.882728,77,2,6,26.8,95.3,0.011,2.8,0.6,3.4,23,19,21,249,61.6613719822227
100537,"J",2,141,32958.8116045,32,2,1,41.6,121.9,0.015,0.3,0.07,0.37,68,27,47,79,96.8525276361552
100544,"J",2,142,20407.4242075,61,2,4,34.6,118.3,75.1,3.8,0.07,3.87,18,28,78,136,95.86786669992
100556,"J",2,139,51216.8375165,65,2,3,17.5,NA,0.989,0.4,0.07,0.47,27,24,33,54,NA
100558,"J",2,148,22968.263953,60,1,1,26.6,98.7,0.019,2.8,0.07,2.87,35,19,84,299,85.7825946931851
100568,"J",2,136,21131.5598305,46,1,1,33.8,114.1,0.011,0.7,0.07,0.77,25,12,56,141,93.1302458670029
100570,"J",1,137,22076.5314305,69,2,1,48.2,133.2,0.011,0.9,0.07,0.97,19,20,14,162,99.1487937190369
100572,"J",2,143,26977.514361,41,1,3,38.1,127.8,227,1.3,0.07,1.37,37,27,43,557,99.3633043238468
100583,"J",2,136,27573.324871,29,2,1,27.7,85.7,0.011,0.3,0.07,0.37,15,15,17,118,31.6070322808513
100594,"J",1,145,21439.4973775,59,1,4,15.7,72.3,523,1.4,0.07,1.47,13,40,184,55,10.2708343517052
100599,"J",2,140,66729.406621,54,1,1,29.3,104.2,0.193,1.4,0.07,1.47,24,21,14,67,43.8368817344733
100608,"J",2,140,28203.0666865,64,2,1,36.1,113.2,193,1.3,0.07,1.37,73,74,127,253,98.2431904141391
100619,"J",2,147,116379.273331,28,2,3,29.9,103.2,119,1.5,0.07,1.57,25,24,46,91,71.6773636456028
100624,"J",2,148,54314.343396,23,1,1,29.5,106.3,0.637,0.5,0.07,0.57,15,18,14,52,41.3328691110703
100628,"J",1,141,33585.157253,33,1,6,33.1,102.5,0.031,0.7,0.07,0.77,30,27,42,177,87.0447075790566
100629,"J",1,137,8588.011449,67,1,1,20.9,88.4,0.011,0.7,0.07,0.77,7,15,8,71,6.91817428040963
100639,"J",1,142,32597.8929285,80,2,3,26.1,107.4,0.073,2,0.07,2.07,13,17,23,113,58.2145088317059
100649,"J",2,142,39188.973844,43,1,3,26.9,104.6,0.011,1.4,0.07,1.47,36,24,27,114,60.2982542297216
100654,"J",1,146,99882.2213555,74,2,3,38.5,113.2,2.84,2.4,0.07,2.47,13,18,16,130,90.3399332555848
100657,"J",2,144,39401.193797,57,2,4,55.1,139,0.231,2.8,0.07,2.87,11,19,13,124,99.6718808162288
100663,"J",2,147,264264.491912,71,2,3,31.3,105.5,0.011,0.3,0.07,0.37,14,15,33,150,81.4999333007279
100667,"J",1,141,44485.0922145,20,1,4,21.6,68.5,0.034,0.9,0.07,0.97,13,23,23,50,4.17800965544339
100672,"J",1,135,49720.7829075,25,2,1,30.5,97,0.011,0.2,0.07,0.27,14,15,19,384,80.5427686731863
100677,"J",1,135,101535.3818285,56,2,3,25.8,91.7,0.011,1.1,0.07,1.17,10,16,9,97,20.4013965548593
100684,"J",1,139,40413.3351105,35,2,4,28,87.9,0.116,0.8,0.07,0.87,14,20,27,99,38.9660404752513
100689,"J",1,144,48706.485064,21,1,4,43.6,112,0.058,1.8,0.07,1.87,16,16,24,53,91.0269570885829
100692,"J",1,136,217974.497649,62,1,3,28.2,102,0.011,1.8,0.07,1.87,20,17,24,223,73.4129744555227
100696,"J",2,142,38488.201465,70,1,3,27.9,107.7,293,1.6,0.07,1.67,9,12,24,376,85.4947101443029
100701,"J",1,147,45785.540642,33,2,4,43.6,117.4,0.087,0.8,0.07,0.87,9,16,31,95,96.587642774577
100709,"J",2,139,50484.410497,38,1,3,21.7,86.5,309,1,0.07,1.07,15,22,22,107,18.6695650550624
100715,"J",1,146,159833.610289,51,2,3,33.4,98.3,131,1.6,0.07,1.67,17,19,15,76,54.4647987469588
100717,"J",2,137,28021.441446,49,2,3,42.3,131.4,94.7,0.8,0.07,0.87,70,36,140,112,99.419797108606
100720,"J",1,137,78968.316767,59,1,3,22.7,93.3,195,0.5,0.07,0.57,14,13,16,177,32.7126455780384
100721,"J",1,138,24141.2292895,73,2,2,25.3,91,0.02,0.8,0.07,0.87,30,23,16,189,39.6709062434773
100727,"J",2,139,11991.7395015,26,1,3,26.4,97,0.056,0.9,0.07,0.97,11,13,16,136,43.4891495599206
100728,"J",1,145,73018.691835,68,2,3,22.2,84.2,0.011,0.7,0.07,0.77,24,26,17,223,26.7113316826533
100732,"J",2,141,32616.9170455,35,1,6,40.1,115.8,0.02,1.1,0.07,1.17,123,72,94,228,98.790210380197
100738,"J",2,137,102448.876674,39,2,2,39.6,116.5,0.097,0.7,0.07,0.77,24,25,14,139,92.6306926467506
100745,"J",1,135,8791.9149775,64,1,1,29.4,98.5,0.011,0.9,0.07,0.97,22,19,37,154,72.211055413278
100752,"J",1,143,15874.0641725,42,1,6,19.3,78.7,0.011,2,0.07,2.07,18,20,21,283,20.9967388985548
100754,"J",1,143,63913.1807635,54,1,4,30,110.2,253,2.5,0.07,2.57,24,20,76,296,94.2566520636809
100760,"J",2,135,158998.284936,63,2,3,22.4,94,0.015,2.7,0.07,2.77,13,18,15,79,17.6399227004524
100765,"J",1,137,20943.8960245,48,2,6,23.6,83,0.011,1.5,0.07,1.57,28,22,17,178,25.1032515610308
100780,"J",1,146,46963.2306875,54,1,3,28.5,106.7,55.5,3.7,0.2,3.9,21,18,52,74,69.2187709326335
100792,"J",1,144,16292.51663,68,2,4,62.1,NA,0.011,2.3,0.2,2.5,9,14,11,84,NA
100800,"J",1,135,68142.942832,76,2,3,31,107.2,0.011,1.7,0.07,1.77,11,18,11,105,59.9291290047922
100819,"J",1,144,26819.0746225,30,1,4,22,70.5,276,0.7,0.2,0.9,23,23,25,45,4.69046646837948
100821,"J",1,140,23718.0019955,68,2,2,27.2,84.7,0.027,2.3,0.07,2.37,18,20,20,217,45.0878444777621
100829,"J",2,147,26955.5680915,43,1,4,30.9,114.3,0.011,1.2,0.07,1.27,17,15,28,122,82.9028108310139
100836,"J",1,137,27522.78958,63,1,2,27.7,97.5,0.011,1.6,0.07,1.67,11,15,18,99,43.2228697504629
100838,"J",1,136,59083.685074,37,2,3,48.8,134,0.011,0.3,0.07,0.37,29,17,26,196,99.5968417562568
100840,"J",1,140,54017.232075,76,1,3,27.6,101,0.011,0.9,0.07,0.97,26,49,19,194,64.0785718254361
100856,"J",1,136,32889.634417,75,2,7,20.5,81.6,0.011,2.1,0.07,2.17,43,42,82,77,21.9766260174817
100860,"J",2,140,60388.235878,36,2,4,42.9,127.1,0.204,1.1,0.07,1.17,6,10,17,114,97.0751559024963
100861,"J",2,139,42581.47329,36,1,3,51.9,143.4,0.032,1.2,0.07,1.27,50,33,19,157,99.7532328192874
100862,"J",1,140,16643.1525615,62,2,2,32.8,99.8,0.026,1.5,0.07,1.57,18,19,17,158,72.362211696516
100866,"J",1,145,26597.227388,46,1,3,39.1,126.6,0.011,2,0.07,2.07,31,30,43,77,96.2308056390806
100872,"J",2,142,28763.3867465,71,2,4,29.8,110.7,0.036,0.5,0.07,0.57,13,13,16,100,65.5599732553017
100874,"J",2,144,18119.7957885,55,1,6,22.5,78,0.011,3.3,0.07,3.37,27,23,21,84,11.1554060471399
100879,"J",1,141,11688.331433,71,1,7,26.7,102.4,241,0.9,0.07,0.97,12,14,28,106,55.7317008621577
100886,"J",1,139,63916.236922,72,2,3,39.4,117.9,0.011,1.4,0.07,1.47,15,21,23,181,96.0294584902579
100895,"J",2,135,28463.309246,58,2,6,25.7,89,0.051,0.9,0.07,0.97,27,20,14,80,20.0241534350465
100898,"J",2,139,50393.8122605,42,2,3,28.3,95,0.011,0.8,0.07,0.87,8,18,15,164,50.7062717734242
100902,"J",1,136,21511.238466,52,2,6,23.6,87.9,2.14,1.4,0.07,1.47,12,13,14,266,35.6638329263963
100911,"J",1,135,203902.9726415,26,1,3,31.7,103,0.011,1.2,0.07,1.27,20,16,33,86,70.5948092275869
100933,"J",1,138,32200.753467,65,2,6,22.1,86.7,0.011,2.7,0.07,2.77,18,19,14,189,23.3657660768151
100934,"J",1,135,115271.328026,37,2,3,39.4,109,0.032,0.9,0.07,0.97,12,15,7,67,71.358005403588
100937,"J",1,135,62486.278335,55,1,2,27.2,98,0.038,1.4,0.07,1.47,30,30,49,140,67.5575527617896
100942,"J",2,142,88218.4379105,20,1,3,22.3,75,286,1.6,0.07,1.67,16,13,16,74,7.05804364818585
100950,"J",2,143,18726.7775525,61,2,4,23.3,88.8,321,3.5,0.07,3.57,53,113,369,302,86.8308950277794
100951,"J",2,135,36009.9124915,62,1,3,30.4,116.8,0.265,0.2,0.1,0.3,5,7,11,97,67.9698889829166
100954,"J",1,137,17546.0906455,47,1,6,32.6,116.1,0.081,0.5,0.07,0.57,86,34,31,124,88.0695316865599
100961,"J",2,139,77030.042273,20,2,3,17.2,69.9,0.115,0.9,0.07,0.97,11,18,8,86,1.96185150650691
100966,"J",1,142,71060.039193,37,2,3,21.8,81.4,0.011,0.6,0.07,0.67,12,15,6,91,5.65046984767243
100969,"J",2,146,35152.1917125,61,2,3,36.7,118.6,0.238,0.6,0.07,0.67,12,15,10,119,86.4110756809682
100973,"J",1,145,31921.561759,28,1,7,38.4,116.6,13.3,1,0.07,1.07,29,23,32,78,91.7793790071024
100985,"J",1,141,354716.9509705,23,1,3,22.5,81,0.553,1.1,0.07,1.17,27,64,17,93,12.2315276215988
100989,"J",1,136,25670.1834835,68,2,4,25.3,95,148,1.1,0.07,1.17,10,19,17,114,34.4014314894453
100992,"J",2,137,129186.216387,27,1,2,33.9,97.8,0.011,0.7,0.07,0.77,125,81,43,242,88.9141259389572
100997,"J",1,140,10371.9946065,60,2,2,42.8,117.5,0.035,1.1,0.07,1.17,14,17,17,130,95.7086508217217
101002,"J",2,138,99168.467531,37,2,2,18.9,69.7,33.3,2.6,0.07,2.67,8,16,12,74,2.82539017449794
101004,"J",2,141,87113.826663,29,1,3,18.6,74,147,1.2,0.07,1.27,11,19,10,73,2.94395106813756
101005,"J",2,148,89227.4774355,29,2,7,21.6,NA,0.011,0.5,0.07,0.57,12,16,8,55,NA
101009,"J",2,143,98618.8091635,21,2,1,49.4,143,4.72,1.2,0.07,1.27,20,13,30,152,99.7349671549789
101019,"J",1,141,134024.2865705,49,1,3,32.6,111.8,0.011,1.2,0.07,1.27,43,24,18,143,82.0048756783943
101024,"J",1,142,147169.272708,53,1,3,25.1,97.2,0.015,2.2,0.07,2.27,32,23,30,111,45.6545406166262
101030,"J",1,141,34547.873661,30,2,6,22.2,NA,0.011,0.3,0.07,0.37,5,12,8,63,NA
101037,"J",2,139,240004.810152,41,2,3,44.4,122.2,0.011,3.5,0.07,3.57,30,22,114,89,98.9863867854734
101040,"J",2,147,14331.6904505,61,1,4,32.3,113.2,65.8,1.6,0.07,1.67,18,17,45,223,93.2800050008745
101052,"J",1,141,54698.093098,49,2,4,39,119.1,0.011,1.9,0.07,1.97,12,18,23,132,94.7494095695384
101069,"J",1,147,29298.3816255,32,1,4,30.6,95.4,20.7,1.5,0.07,1.57,30,24,53,95,68.0292050692366
101078,"J",1,144,9942.9937365,62,1,4,31.1,115,105,2.2,0.07,2.27,25,18,29,137,85.5617849080965
101079,"J",1,138,29962.412031,51,2,6,19.3,78,0.199,1.3,0.07,1.37,10,15,11,58,3.43231564875738
101085,"J",2,143,168830.903908,31,1,7,40,129.6,0.022,0.5,0.07,0.57,49,24,24,116,97.0568432853446
101086,"J",2,136,213265.5138855,32,1,7,32.4,102.9,0.018,1.4,0.07,1.47,54,45,28,98,72.5975121273022
101091,"J",1,144,63183.8156515,58,2,4,37.8,116.9,0.011,1.6,0.07,1.67,9,18,14,437,96.7513963219934
101096,"J",1,134,36397.7740465,56,2,2,33.3,99.9,0.011,1.5,0.07,1.57,23,18,13,60,48.0495903387747
101103,"J",2,137,70293.714971,53,2,4,31.8,107.2,0.116,1.5,0.07,1.57,16,17,18,123,73.4602066864534
101108,"J",1,139,17009.636543,59,2,7,22.7,83.5,176,0.4,0.07,0.47,15,24,21,107,17.8722459007277
101111,"J",1,144,35976.431943,22,1,4,34.7,114.2,0.092,2,0.07,2.07,27,17,23,99,85.3376663600189
101115,"J",1,144,43709.0809775,36,2,4,38.1,107.2,0.033,0.6,0.07,0.67,18,16,21,53,76.8907978157626
101118,"J",2,138,51351.593204,26,1,1,35.5,117.9,5.29,1.9,0.07,1.97,50,30,35,130,93.2748748314252
101124,"J",1,135,100242.9083605,76,1,3,30.4,117.5,0.015,2,0.07,2.07,29,23,20,192,86.6392178204149
101132,"J",1,139,29205.007583,31,1,6,27.4,97.6,7.59,1,0.07,1.07,22,25,37,120,59.6648239993048
101136,"J",1,138,20738.116763,76,1,3,32,123.4,0.011,2.1,0.07,2.17,22,28,24,132,89.8288680042746
101147,"J",1,136,24778.495374,58,2,6,23.6,NA,0.059,2,0.07,2.07,28,31,41,167,NA
101153,"J",1,143,61485.7789595,42,1,4,38.5,112.5,0.011,1.2,0.07,1.27,24,39,23,68,86.3123141227306
101155,"J",1,140,34327.26583,52,2,4,29.9,98.2,183,1.6,0.07,1.67,11,12,20,93,52.1537436989481
101162,"J",1,147,17831.6371575,62,1,4,26.4,95.2,491,1.6,0.1,1.7,12,14,25,189,56.8746258518442
101164,"J",1,148,34506.4415055,26,2,6,20.4,71.8,0.019,1.3,0.07,1.37,15,16,23,74,6.003352129911
101166,"J",2,145,113761.285746,28,2,3,18.4,69.4,0.04,1.7,0.07,1.77,14,17,16,72,3.09837506637403
101173,"J",2,145,121787.221541,66,2,3,21.7,86.9,385,1.3,0.07,1.37,10,14,12,69,9.08142236236053
101176,"J",1,134,40121.3674865,80,2,4,25.1,81.2,46.6,3.6,0.07,3.67,8,17,14,68,11.5427076872126
101177,"J",1,137,10217.193374,64,1,1,24.4,87.2,0.011,1.1,0.07,1.17,16,24,14,147,25.3302715838793
101179,"J",2,148,31241.2299765,62,2,1,23.3,84.5,0.099,0.6,0.07,0.67,15,20,11,117,14.5821186500342
101185,"J",2,136,18579.2856675,57,2,6,28.5,98.2,0.011,1.4,0.07,1.47,25,18,48,121,68.3739491291769
101194,"J",1,142,155499.280813,48,2,3,32.4,108.8,0.011,1.6,0.07,1.67,11,18,6,86,51.4115316443235
101195,"J",1,140,105899.895538,71,2,3,25.9,NA,0.011,3.2,0.07,3.27,17,23,24,61,NA
101199,"J",1,143,364011.078386,61,2,3,20.1,70,0.011,1.8,0.07,1.87,12,16,15,173,8.42748282203592
101212,"J",2,148,12986.7075065,62,2,6,38.9,121.3,0.011,2.3,0.07,2.37,29,20,16,140,94.2193199893442
101214,"J",2,135,28180.6789405,23,1,6,26.2,89.2,0.104,1.4,0.2,1.6,13,16,10,55,12.9729182948776
101220,"J",2,144,41153.569099,35,2,6,30,NA,0.021,1.7,0.07,1.77,11,14,14,73,NA
101222,"J",1,141,21091.0385225,48,1,7,34.1,113.3,0.011,1.5,0.07,1.57,25,21,60,447,97.7140814344039
101228,"J",2,139,71774.1131595,30,2,3,25.8,86,419,0.5,0.07,0.57,22,21,57,176,55.7144736256706
101243,"J",2,142,72330.262965,63,1,3,25.3,95,326,0.4,0.07,0.47,17,17,56,100,52.1394354150874
101247,"J",1,141,28484.606753,38,1,6,23,86.9,0.032,0.5,0.07,0.57,22,21,13,85,13.3910137184151
101255,"J",1,147,14207.8239085,62,2,4,30.6,96.1,0.011,1,0.07,1.07,28,42,46,156,76.1909566911301
101260,"J",2,141,42573.8452365,80,2,3,24.9,NA,0.011,1,0.2,1.2,9,14,8,106,NA
101262,"J",2,141,82882.272151,25,1,1,41.2,119,0.039,0.7,0.07,0.77,29,19,44,95,96.5963508687566
101277,"J",2,139,15165.407038,75,1,7,32.6,115.3,0.011,2.2,0.07,2.27,24,26,13,84,72.342243933826
101282,"J",1,139,328343.8674005,60,1,3,33.8,115.3,0.042,1.7,0.07,1.77,18,16,41,198,94.1042043175523
101283,"J",1,144,30127.107719,56,2,4,42.1,122.8,0.011,3.6,0.07,3.67,21,15,59,141,98.6062546307206
101284,"J",2,146,26568.4303135,65,2,4,30.8,114.5,0.011,2.2,0.07,2.27,21,19,50,93,84.9808493797658
101285,"J",1,145,235863.8433085,30,1,3,34.2,108.9,101,1.3,0.07,1.37,28,19,27,206,90.2417302694433
101289,"J",2,136,42263.699445,26,2,1,34.9,109.8,0.011,0.5,0.07,0.57,18,17,10,206,83.9730210896983
101308,"J",2,140,151788.476579,25,2,3,26.2,85.6,0.02,1.1,0.07,1.17,11,15,17,67,17.8714570821205
101316,"J",1,136,80431.6921475,22,1,6,21.6,71.5,17.1,1.3,0.07,1.37,12,17,14,49,3.39163871051864
101323,"J",2,145,29219.972279,74,2,4,39.8,117.1,387,1,0.07,1.07,6,10,20,79,90.9580172973566
101324,"J",2,140,25391.2081115,35,1,4,24.8,84.5,288,1.2,0.07,1.27,17,22,40,53,19.9887704100253
101330,"J",1,138,102052.5265825,22,2,3,21.7,76.7,0.049,1.2,0.07,1.27,7,15,9,95,6.03045613726633
101340,"J",2,143,83997.4232105,80,1,3,30.7,NA,1.95,2.2,0.07,2.27,19,22,13,246,NA
101342,"J",2,141,56357.2341905,41,2,3,56.9,148.6,106,0.4,0.1,0.5,13,14,16,119,99.8621146877669
101343,"J",1,138,74792.817888,80,1,3,28.7,118.6,0.011,2.5,0.07,2.57,37,36,16,124,75.2975847050949
101356,"J",1,146,309251.197366,54,2,3,19.5,72.5,0.011,5,0.07,5.07,22,27,43,50,5.93398743479354
101357,"J",1,139,27170.5630505,72,2,4,30.9,109.9,471,1.1,0.07,1.17,13,13,19,119,73.9507793169307
101365,"J",2,135,60912.1238165,30,1,6,29.8,105,0.727,0.7,0.07,0.77,10,16,23,109,66.4706512617583
101378,"J",2,140,52488.3525995,34,2,6,25.3,82.1,0.011,0.6,0.07,0.67,15,17,15,112,19.2182530119149
101384,"J",1,144,76249.476381,22,1,4,28.4,95.4,255,1.5,0.07,1.57,21,22,26,53,35.0191287074445
101394,"J",1,138,33376.4456315,39,1,6,22.2,82.8,0.037,9.8,0.07,9.87,13,17,9,88,8.11897387849897
101399,"J",1,147,223373.6923415,41,1,3,24.8,95.1,0.011,0.8,0.1,0.9,21,23,20,75,27.0517604993626
101402,"J",1,135,14115.795681,75,2,6,27,91.4,0.011,2.4,0.07,2.47,32,26,64,205,71.3226546586154
101415,"J",2,141,116687.5505305,38,2,3,20.7,76.3,0.011,1.3,0.07,1.37,9,17,8,77,3.95014760441227
101444,"J",2,144,34088.740378,63,1,1,37.1,117.2,0.011,1.8,0.07,1.87,26,18,33,88,91.6895481571348
101446,"J",1,143,32861.68207,30,2,7,19.1,74.3,0.015,2.8,0.2,3,11,12,21,117,8.10711801142319
101458,"J",1,137,8840.208681,67,2,2,21.3,NA,0.011,1.6,0.07,1.67,17,18,9,108,NA
101462,"J",1,142,107149.153972,23,2,3,60.3,143.2,0.031,0.8,0.1,0.9,31,25,29,178,99.9490849755566
101467,"J",1,135,57127.5873855,39,1,3,31.8,104.8,0.033,1.2,0.07,1.27,21,14,17,260,82.6808727072845
101472,"J",2,141,23426.923696,51,2,6,28.9,90.5,0.035,0.9,0.07,0.97,16,24,29,97,46.1580374398355
101483,"J",1,138,30147.934147,70,1,6,24.2,88.8,0.167,6.8,0.07,6.87,19,19,33,240,51.4681109528862
101484,"J",2,140,188788.1700665,49,1,3,27.6,99.7,0.011,1.8,0.07,1.87,19,20,45,233,78.64273538216
101493,"J",2,136,44009.997657,34,2,1,27,94.7,0.011,0.4,0.07,0.47,26,22,11,94,28.4662281028299
101510,"J",1,139,19318.607615,64,1,2,26.5,94.2,0.011,2.7,0.07,2.77,18,19,24,44,23.4921931085187
101513,"J",1,146,101951.7354805,35,1,3,22.4,86.3,61.7,2.5,0.07,2.57,16,19,22,64,13.2996991393217
101520,"J",1,137,62350.7555705,52,1,1,31.7,105,0.059,2.8,0.07,2.87,31,21,38,284,90.2168907145917
101537,"J",1,142,167156.5963445,33,1,3,32.7,102.1,0.011,1.9,0.07,1.97,32,21,33,570,94.1004340621278
101541,"J",1,142,129943.969969,63,1,3,27.8,98.5,121,2.4,0.07,2.47,10,18,22,73,41.2867531285337
101542,"J",2,148,21404.7580515,48,1,6,25.5,92.5,0.011,2.3,0.07,2.37,24,20,41,436,76.1394089772931
101546,"J",2,143,16485.28638,61,1,4,19.9,81.3,14.4,2.8,0.07,2.87,20,18,32,117,16.2023338263377
101547,"J",1,145,98552.4797755,42,2,3,48.9,128.5,0.096,0.6,0.07,0.67,10,19,27,230,99.5554911271087
101548,"J",2,148,15717.443922,75,2,3,30.9,108,0.011,1,0.07,1.07,20,19,26,107,74.3953448429847
101549,"J",2,143,27882.8970375,43,2,6,25.4,83.5,0.011,0.6,0.07,0.67,17,21,9,120,16.1269423974189
101552,"J",1,136,54340.6667295,35,1,4,38.7,119.3,20.2,1.3,0.07,1.37,19,25,43,109,95.805701982463
101559,"J",1,144,49600.032967,27,1,1,35.3,110.5,0.037,1.6,0.07,1.67,106,48,96,118,94.4896619020921
101562,"J",2,137,13773.355662,63,2,1,32.6,108.5,74.9,1.5,0.07,1.57,33,38,37,584,96.0836335530608
101570,"J",2,144,43250.648965,30,2,4,22.8,77.7,0.011,0.9,0.07,0.97,16,13,10,33,3.01115514207775
101571,"J",2,142,16363.1563435,71,1,4,27.9,102.4,0.032,1.8,0.07,1.87,18,17,21,64,42.7926185790519
101579,"J",2,143,50148.30919,70,1,1,31.5,102.7,0.016,2.1,0.07,2.17,21,19,15,123,64.7254271159657
101581,"J",1,139,14968.55772,62,1,4,18.9,85.2,187,0.2,0.07,0.27,18,23,36,52,9.41658930072402
101584,"J",2,138,21775.3351925,55,2,6,28.9,104.3,0.011,2.8,0.07,2.87,17,23,49,91,70.9545169648901
101587,"J",1,144,37401.0039635,76,2,4,41.9,124,0.051,0.7,0.07,0.77,13,17,25,65,94.9809892718334
101594,"J",1,140,222129.947013,43,2,3,28,92.5,0.011,1,0.07,1.07,22,19,20,99,39.6417446055406
101601,"J",2,139,106944.0534215,62,1,3,26.5,98.9,0.03,2.7,0.07,2.77,18,23,18,120,45.4616887670861
101604,"J",1,138,36593.9498935,22,1,4,17.1,62.3,11.7,5.1,0.07,5.17,11,18,21,99,2.92814127132187
101606,"J",2,141,54610.5520525,58,1,2,25.5,96.3,0.011,0.8,0.1,0.9,25,29,18,56,23.4126953364156
101612,"J",2,134,26611.611807,75,1,4,23.4,88.2,0.011,1,0.07,1.07,15,19,27,64,18.4226081044969
101625,"J",1,144,35141.802222,21,1,4,35.1,113.4,0.011,1.1,0.07,1.17,37,23,26,67,81.6151114371549
101627,"J",1,141,19380.001923,76,2,4,31.7,98.6,0.011,3.2,0.07,3.27,14,20,16,45,37.8850071914985
101638,"J",1,141,348786.9483205,58,1,3,28.3,94,0.011,1.7,0.07,1.77,21,21,14,87,33.6608138120861
101640,"J",1,147,22879.8675675,55,2,7,32.1,115.4,0.034,2.1,0.07,2.17,11,16,26,223,91.0962817053671
101645,"J",2,139,32824.606778,68,1,3,35,122.5,0.486,1.4,0.07,1.47,12,16,17,92,87.6100677768681
101652,"J",1,142,23948.5888695,20,1,3,36.8,122.9,0.045,1,0.07,1.07,35,23,40,178,96.9844112482577
101656,"J",2,134,32409.274924,60,2,2,37.9,114.1,0.011,1.5,0.07,1.57,20,19,28,92,90.6547263624123
101657,"J",2,143,81584.9347205,28,1,3,22.6,83,0.04,1,0.07,1.07,28,24,15,31,4.79878405758375
101662,"J",2,139,28329.935858,58,1,3,29.9,103.8,0.019,1.3,0.07,1.37,37,28,33,112,71.4985428040052
101668,"J",1,137,38819.746194,38,1,6,23.3,90.2,0.028,0.8,0.07,0.87,13,12,17,235,38.0254575533941
101670,"J",2,140,52488.3525995,36,2,6,28.6,96.2,0.052,0.4,0.07,0.47,21,17,19,242,66.2412746514976
101676,"J",2,135,34332.570442,55,1,6,24.7,94.2,0.023,1.1,0.2,1.3,11,15,61,137,57.9628675394883
101681,"J",1,147,17052.886325,31,2,4,30.2,86.2,31.4,0.7,0.07,0.77,16,13,28,68,36.241761543774
101694,"J",2,136,7857.5828575,64,1,2,31.6,109.6,0.011,0.9,0.07,0.97,17,17,28,142,82.8015287339095
101695,"J",2,136,18352.769403,45,2,7,42.4,132.8,48.4,0.9,0.07,0.97,62,31,71,110,99.1226105948667
101697,"J",1,142,151157.021068,60,2,3,27.6,102.6,0.011,0.3,0.07,0.37,35,22,26,357,81.3056704232081
101701,"J",2,134,179169.549541,26,2,2,28.4,88.8,0.021,5.1,0.07,5.17,9,12,11,122,31.1937004435421
101704,"J",2,136,24850.301653,80,1,4,22.4,NA,0.016,1.8,0.2,2,12,14,17,63,NA
101705,"J",1,135,35710.5214195,60,2,3,23.7,90.4,258,2.2,0.07,2.27,13,17,13,82,16.5444574274439
101708,"J",1,141,58696.6815675,80,1,3,26.4,101.9,196,1.5,0.1,1.6,10,15,12,139,45.3142064822935
101709,"J",1,135,80937.8222925,23,2,2,29.1,102,0.011,0.4,0.07,0.47,9,13,8,188,54.7176307444339
101716,"J",2,148,35523.5212075,33,2,1,37.5,111.4,0.011,1.3,0.07,1.37,49,28,21,130,89.9928234902193
101718,"J",2,146,55057.777624,39,2,3,35.7,121.5,364,3,0.07,3.07,13,14,11,60,78.2517716951495
101725,"J",2,140,15101.66289,59,2,6,20.6,75.8,0.011,1.2,0.07,1.27,15,21,14,64,4.71581875028456
101732,"J",1,142,201098.1254055,39,1,3,24.6,95,0.011,0.9,0.07,0.97,18,27,15,91,25.9730290081372
101737,"J",2,143,47421.476269,57,1,3,22.8,98.1,520,3.4,0.07,3.47,15,15,21,106,32.1633406352634
101753,"J",1,136,31146.8325835,46,1,6,30.9,NA,0.049,1.3,0.1,1.4,48,47,43,224,NA
101754,"J",1,138,40904.5368805,56,1,2,30.8,NA,0.011,6.7,0.07,6.77,23,20,34,144,NA
101762,"J",2,138,84687.9236455,80,2,3,33.7,106.2,0.011,3.2,0.07,3.27,15,18,28,115,81.492623983085
101763,"J",1,143,70915.251874,54,2,3,28,98.2,173,1.9,0.07,1.97,21,19,29,153,63.7221703745604
101768,"J",1,141,268783.069575,24,1,3,22.5,77.3,0.018,1.5,0.07,1.57,19,20,13,62,6.0323875752451
101772,"J",1,136,19205.349676,77,1,4,31,103.6,0.021,3,0.07,3.07,22,20,35,131,77.7922927127521
101775,"J",1,141,33302.5898245,36,1,6,23.5,83,0.046,1.2,0.07,1.27,11,13,8,142,13.428890158361
101777,"J",2,134,20074.419413,64,1,4,25.1,NA,130,0.9,0.07,0.97,7,18,11,82,NA
101780,"J",2,136,172378.3049345,65,2,3,23.5,86.5,0.011,5.5,0.07,5.57,22,24,14,151,22.8343372397077
101785,"J",1,147,126414.197017,77,2,3,38.6,113.7,0.027,2.3,0.07,2.37,20,23,14,110,88.2974137274987
101786,"J",1,145,66619.2041085,53,1,3,35,127.8,283,3.7,0.07,3.77,15,16,21,194,95.6877725272427
101787,"J",2,148,32135.077556,30,1,4,34.2,110.4,1.83,2.1,0.07,2.17,22,32,18,134,83.2427250865413
101790,"J",2,145,83827.15065,22,2,4,31.6,110.4,0.965,0.7,0.07,0.77,21,21,13,67,58.5964067266276
101811,"J",1,139,21271.3533575,69,1,2,27.9,104.1,0.011,1.1,0.07,1.17,21,23,22,127,61.9229415842854
101814,"J",1,139,82918.0832705,26,2,3,65.3,169.5,0.024,1.2,0.07,1.27,32,24,23,113,99.9885140429795
101822,"J",1,145,101503.1035605,40,1,3,29.6,100.4,332,1.3,0.07,1.37,21,17,26,268,79.545461420997
101823,"J",2,147,19810.3314295,67,1,4,28.2,101.2,0.23,3.3,0.07,3.37,8,16,15,82,42.1256731476756
101832,"J",1,141,240538.370333,59,2,3,30.1,97.4,0.06,2.8,0.07,2.87,15,20,13,112,48.4870385952414
101837,"J",2,136,50944.030425,72,2,1,24.5,87.4,0.011,0.5,0.07,0.57,14,15,25,435,59.7162883462868
101845,"J",1,135,59894.2993295,38,2,7,33.5,108.6,1.38,1.1,0.07,1.17,58,42,14,158,80.0080286793273
101848,"J",2,141,43594.0366645,56,2,1,19,72.1,27.6,0.8,0.07,0.87,26,37,57,92,11.1994847877975
101851,"J",2,141,41715.2064245,40,1,2,27.3,91.1,0.025,0.7,0.07,0.77,33,22,52,455,82.4572096726601
101853,"J",2,136,75490.5343165,30,1,1,30,107.3,0.553,0.9,0.07,0.97,25,21,30,227,84.8635263195863
101859,"J",2,147,21965.7568755,64,2,7,30.2,NA,0.011,0.5,0.5,1,8,19,17,217,NA
101864,"J",2,140,19414.5417415,72,2,6,25.8,89.4,0.068,1.7,0.07,1.77,16,22,20,118,32.6688319077861
101880,"J",1,137,37048.9354705,21,1,7,34.1,103.6,0.037,0.7,0.07,0.77,40,23,15,93,67.9101856127976
101885,"J",1,141,61623.8201045,43,2,3,21.2,80.4,0.016,0.7,0.1,0.8,19,18,16,81,8.64026767296997
101899,"J",2,145,38930.763354,36,1,4,21.3,78.9,118,0.07,0.07,0.14,17,19,27,64,9.34030857826193
101905,"J",2,136,8871.049027,70,1,4,26.5,102.6,178,0.8,0.07,0.87,19,16,21,185,63.1176240027322
101912,"J",1,136,54286.6800185,31,2,6,20.6,81,0.015,0.3,0.07,0.37,23,22,20,47,5.90517723437712
101915,"J",1,147,70155.0243525,69,2,3,38.9,118.2,0.011,1.3,0.07,1.37,30,32,12,189,93.7394311933965
101917,"J",1,146,19679.666535,66,1,2,30.9,116,0.027,2,0.2,2.2,29,41,18,154,82.8296602724159
101920,"J",2,134,22252.661624,48,1,6,31.2,105.2,0.068,1,0.07,1.07,26,20,40,177,85.1812256990119
101922,"J",2,136,16261.894831,55,1,6,23.7,80.9,0.126,5.6,0.07,5.67,14,15,17,88,13.4487467913105
101934,"J",2,140,25796.098098,64,2,7,33.7,111.5,0.057,3.1,0.07,3.17,23,21,25,249,91.8196054028018
101949,"J",1,140,87647.99958,79,1,3,25.2,92.5,0.02,7.4,0.07,7.47,19,21,18,135,35.6706854627946
101959,"J",1,142,77046.033415,70,2,3,29.8,107,0.015,0.5,0.07,0.57,19,26,17,143,69.6785705699122
101962,"J",1,137,19140.947031,79,1,3,32.1,120.6,0.015,1.3,0.07,1.37,30,22,31,210,93.5238863622149
101976,"J",1,144,56101.0034155,38,1,6,27.9,97.4,330,1,0.07,1.07,34,26,43,774,91.1717612302145
101977,"J",1,145,17662.860273,45,1,4,34.3,111.9,0.043,1.9,0.07,1.97,56,38,36,83,85.0372001277542
101989,"J",2,136,33375.5389265,80,1,1,27,105.9,0.011,0.7,0.07,0.77,18,23,13,44,28.2654226165995
102008,"J",1,143,191510.0720875,47,2,3,20.2,69.3,0.011,2.7,0.07,2.77,10,16,11,60,2.55633250333829
102012,"J",1,144,30061.8789145,48,2,4,54.7,128.1,214,0.6,0.07,0.67,14,13,32,117,99.6578845317015
102015,"J",2,141,144461.7994285,20,2,3,26.3,89.3,106,0.5,0.1,0.6,25,21,13,78,20.3781898296135
102026,"J",2,145,212817.8042065,24,2,3,19.1,72.6,0.011,1.7,0.07,1.77,9,15,7,70,2.19601590443814
102031,"J",2,143,250225.805077,61,2,3,31.8,109.3,0.071,1.1,0.07,1.17,21,18,19,51,58.1573719272318
102032,"J",1,143,33950.779668,67,2,4,53.3,142.4,0.069,1.3,0.07,1.37,16,19,21,63,99.5252009497498
102035,"J",2,136,77878.6064105,32,2,3,26.6,94.7,5.87,0.9,0.07,0.97,12,15,14,98,31.7738818198366
102037,"J",2,136,131100.236587,21,2,1,21.6,72.3,0.348,0.7,0.07,0.77,9,13,9,55,2.8913575970004
102044,"J",2,148,32334.675708,33,2,4,26.5,78.9,51.1,1.4,0.07,1.47,13,18,20,65,14.7962313075131
102045,"J",2,143,39913.223238,55,1,3,49.4,149.5,193,0.6,0.07,0.67,23,28,17,114,99.6289770083735
102050,"J",2,145,34674.6924365,47,1,4,33.5,103.8,0.27,3.6,0.07,3.67,35,24,55,73,79.8826020859157
102055,"J",1,135,36018.370742,69,2,3,41.4,127.1,0.026,1.3,0.07,1.37,17,14,16,131,96.7158891320493
102058,"J",2,139,52518.7061325,68,2,3,34.3,108.3,267,1.1,0.07,1.17,13,16,12,92,70.1830015206558
102067,"J",2,146,145845.698893,55,1,3,26.9,100.9,386,1.6,0.07,1.67,10,18,79,156,78.4413880379606
102072,"J",2,136,19179.117,50,2,1,35.1,107.5,0.011,0.4,0.07,0.47,30,25,29,243,92.3012944498879
102078,"J",1,147,10579.1625055,61,1,4,23.6,90.3,172,1.6,0.07,1.67,69,50,398,125,77.223166149579
102079,"J",1,147,20600.8687195,60,2,4,33.6,98.8,1.94,0.7,0.2,0.9,14,22,27,53,57.7348733156889
102093,"J",2,146,47218.9946565,21,2,2,29,95.5,0.037,1.2,0.07,1.27,19,15,20,75,40.4440166145179
102100,"J",1,139,52799.216917,75,2,4,29.4,102,0.03,1.5,0.07,1.57,22,24,21,74,50.8834366538672
102129,"J",2,135,34695.606833,34,1,1,32.9,116.1,0.011,1,0.07,1.07,44,32,150,103,95.2390048761368
102134,"J",2,139,84997.649059,42,2,3,29.3,102.9,59.8,0.8,0.07,0.87,13,15,13,66,40.510818943448
102135,"J",2,146,53813.3086025,24,1,4,21,70.3,144,2,0.07,2.07,19,18,17,74,4.9075311256979
102154,"J",1,146,57300.3611055,41,1,1,32.8,113.4,0.011,4,0.2,4.2,34,27,28,304,93.4944732359027
102160,"J",2,138,32476.8748975,31,2,6,21.2,73.4,0.025,3.4,0.07,3.47,8,16,9,74,3.81028401091568
102177,"J",1,137,21665.18764,80,1,3,24.3,93,0.011,1.9,0.07,1.97,15,20,24,70,24.8310868906491
102187,"J",2,142,37358.481631,20,1,4,27.4,90.3,18.3,0.6,0.1,0.7,10,13,16,81,27.4507678951664
102191,"J",2,139,36129.4732665,58,1,3,33.7,118.6,0.024,1,0.07,1.07,31,22,24,139,90.1099047124536
102201,"J",2,144,24489.2281175,47,2,4,20.7,79.5,392,0.9,0.07,0.97,19,30,25,131,15.4859568417847
102204,"J",1,142,195452.801096,49,2,3,27,103.3,254,3.7,0.07,3.77,26,23,40,536,89.2860181788049
102212,"J",1,141,88815.811025,31,2,3,24.7,90.2,430,0.6,0.07,0.67,18,14,23,129,34.3347043168757
102217,"J",1,144,86458.212085,27,1,4,27.7,91.7,0.819,1.2,0.07,1.27,20,26,31,94,44.047432464771
102225,"J",2,140,188788.1700665,41,1,3,27.8,102.3,0.15,1.4,0.07,1.47,22,24,31,109,61.7170911605088
102226,"J",2,134,88348.285326,26,1,6,27.3,91.5,0.017,5.9,0.07,5.97,29,22,29,125,47.9586702453111
102229,"J",2,135,33691.8411655,57,1,1,29.1,103.7,0.193,0.8,0.2,1,114,67,374,200,95.684784846989
102239,"J",2,137,60885.9377565,23,1,6,32.1,97.1,0.011,0.8,0.07,0.87,22,28,17,274,77.6738197167841
102242,"J",2,142,103891.9460095,23,1,3,19.4,72.4,222,0.7,0.07,0.77,25,18,14,94,4.80350662006324
102243,"J",1,139,21219.389268,60,1,6,28.2,93.5,0.011,3.6,0.07,3.67,19,22,49,103,58.4560600294808
102249,"J",2,147,92051.8201385,22,1,3,21.6,80.5,244,1.2,0.07,1.27,14,18,19,37,5.11354510952099
102250,"J",2,141,194800.9323465,34,1,3,27.4,91.3,0.011,2.1,0.3,2.4,18,26,30,71,35.5922429579052
102255,"J",2,145,268444.673427,24,2,3,26.9,92.3,0.027,1.9,0.07,1.97,13,17,14,108,31.9279309491622
102269,"J",1,145,35740.1822305,54,2,4,37.2,106.9,0.242,0.7,0.07,0.77,12,12,22,109,85.5909492774735
102271,"J",2,134,39093.144506,79,1,6,23.7,99.3,0.037,0.5,0.07,0.57,20,19,17,97,31.1341899944564
102272,"J",2,140,33279.6708005,26,2,3,25.9,84.2,2.59,1,0.07,1.07,19,20,9,84,13.2145057490198
102279,"J",1,135,83123.052177,38,1,1,31.8,109.8,0.011,1.2,0.07,1.27,40,26,28,341,92.0188199119831
102281,"J",1,148,26260.1952185,54,2,6,27.8,93.2,0.035,2.1,0.07,2.17,85,83,61,135,66.4883654533068
102283,"J",2,146,17424.606507,22,2,3,31.3,103.3,9.14,2.8,0.07,2.87,13,14,15,65,50.0792777486138
102288,"J",2,138,31502.4863105,32,1,6,32.6,108.5,0.06,1.3,0.07,1.37,23,21,20,160,82.1196710373337
102311,"J",2,138,184916.8784395,33,1,2,29.2,100.6,301,2,0.07,2.07,27,29,28,180,72.8497078851568
102315,"J",2,136,22124.2966865,39,2,6,21.1,74.8,0.011,0.9,0.07,0.97,14,15,13,51,3.70035264119146
102317,"J",1,142,57596.751078,59,1,3,36.1,131.7,0.011,1.3,0.07,1.37,19,15,24,141,96.2709418271127
102324,"J",2,136,89597.1585775,28,2,1,28.9,97.3,0.011,0.7,0.07,0.77,12,15,18,95,46.111160077385
102328,"J",1,135,41598.1451745,80,2,3,18.2,76.3,0.011,1.9,0.07,1.97,17,27,13,42,2.2584076124249
102331,"J",1,137,35863.527362,53,1,3,24.6,90.7,0.011,1.1,0.07,1.17,14,14,13,120,24.7053971240549
102340,"J",1,146,102036.8541025,33,1,3,21.6,79.7,382,3.4,0.07,3.47,14,23,14,102,9.83177374522316
102341,"J",2,145,289950.291392,39,2,3,33.2,104.4,0.048,0.4,0.07,0.47,27,29,30,249,89.1213069438527
102342,"J",1,137,62293.044057,52,1,2,27.9,98.2,124,0.7,0.07,0.77,14,12,21,228,66.7707255145745
102346,"J",2,147,58701.8329115,37,2,3,50.7,144,0.046,0.7,0.07,0.77,31,37,215,685,99.9878193406591
102353,"J",1,146,38885.148759,64,1,3,25.5,103.6,0.019,1.8,0.2,2,25,26,44,184,72.654869275182
102359,"J",1,141,63657.749115,39,2,6,23.9,76,0.039,1.2,0.07,1.27,17,21,14,74,8.33037350722928
102360,"J",2,144,18242.2154975,28,2,4,39.2,NA,3.01,0.7,0.07,0.77,8,15,12,58,NA
102365,"J",1,140,11461.650062,75,1,3,25.7,90.8,0.048,3.6,0.07,3.67,21,22,20,128,35.7695738578062
102369,"J",1,138,42557.053658,42,2,1,27.8,99,0.011,1.6,0.07,1.67,28,23,26,70,43.8889367714327
102377,"J",2,137,27309.209114,59,2,1,27.3,77.2,0.019,1.3,0.07,1.37,15,16,17,191,30.5968277245036
102381,"J",2,147,32954.361847,42,1,3,33.4,117.4,0.019,2,0.07,2.07,56,39,29,286,94.9197850900358
102389,"J",2,145,19879.7515995,71,2,4,32,109.8,0.282,1.7,0.07,1.77,8,26,37,138,85.9447882536137
102392,"J",2,139,36980.5901035,80,2,3,31,102,0.011,2.9,0.07,2.97,23,24,22,153,72.7777539146977
102393,"J",1,139,111735.9293195,20,2,3,18,71.7,0.022,0.8,0.07,0.87,20,22,15,61,2.7097110772261
102395,"J",1,140,98961.7089725,25,1,1,32.7,102,0.011,1.3,0.07,1.37,32,25,20,88,65.1159030799317
102399,"J",1,134,24047.679788,80,1,3,34.3,124.9,0.011,4.4,0.07,4.47,29,30,44,96,93.7571550564715
102401,"J",1,139,47938.6565525,44,2,2,19.8,80,0.04,0.4,0.07,0.47,10,22,9,70,4.20322558363624
102407,"J",1,135,118316.6123005,75,2,3,48.7,145.6,0.011,1.2,0.07,1.27,43,32,20,126,99.5933964180738
102418,"J",2,139,115894.52997,63,1,3,29,107,0.489,2,0.07,2.07,14,18,14,86,52.419013389996
102423,"J",2,145,20713.4905335,62,2,4,33.2,104,0.038,1.7,0.07,1.77,29,19,25,65,66.1759252553466
102429,"J",1,146,57311.7003845,38,2,1,36.1,119.2,0.011,1.2,0.07,1.27,131,108,143,260,98.8492158518184
102444,"J",2,146,145845.698893,58,1,3,40.9,NA,341,2.3,0.07,2.37,14,21,109,294,NA
102452,"J",2,140,42320.307851,60,2,1,34.5,104.7,0.011,1.5,0.07,1.57,22,15,84,433,97.2517523643883
102455,"J",1,147,16549.755432,66,1,4,26.2,97.3,0.055,1.9,0.07,1.97,15,21,14,116,37.2551716789901
102456,"J",2,141,38519.3663135,29,2,7,42.7,128.5,0.065,0.3,0.1,0.4,23,21,22,146,98.1467911776653
102457,"J",2,144,188456.345875,58,1,3,24.7,97.3,536,3.6,0.07,3.67,38,29,93,148,70.3067848416979
102464,"J",1,140,155206.387572,46,1,3,26.3,96.7,0.011,2.7,0.07,2.77,30,18,22,114,44.2447613178822
102471,"J",1,134,19117.8265925,62,2,2,26.3,89,0.021,3.2,0.07,3.27,10,12,20,181,43.3595465280512
102474,"J",1,134,39997.306807,52,2,7,42.2,113.1,0.017,0.7,0.07,0.77,10,15,23,218,97.0625354130774
102475,"J",2,148,38058.736597,38,1,1,28.3,95.2,39.4,1.4,0.07,1.47,25,21,20,754,84.5434755790413
102480,"J",1,144,21011.5790555,77,1,4,32.1,108.3,0.011,3.1,0.07,3.17,15,17,22,132,79.0754394853732
102490,"J",1,136,36851.600312,71,2,6,25.7,82,0.03,0.9,0.07,0.97,16,22,14,155,24.4997565328765
102493,"J",2,141,15525.41474,79,1,3,34,123.4,332,2.1,0.2,2.3,28,22,11,179,89.9027686803332
102494,"J",1,138,93243.321131,76,1,3,26.6,101,0.011,2.2,0.07,2.27,17,20,11,102,36.2319234735888
102497,"J",1,142,74806.013445,75,1,3,26.4,98.9,0.011,3.2,0.07,3.27,7,17,14,98,36.13792457626
102501,"J",2,141,31175.1298105,45,1,3,36.6,122.9,255,1.6,0.07,1.67,34,19,28,139,95.0319063506976
102506,"J",1,148,25918.3105865,51,2,2,27.7,92.6,0.015,1.3,0.07,1.37,19,16,20,126,44.3495507783334
102509,"J",2,136,9386.0828885,62,1,1,19.5,81.4,0.011,0.4,0.07,0.47,18,16,66,221,36.1772592576602
102515,"J",2,134,118775.7229745,56,1,3,24.9,96.2,0.016,2.1,0.2,2.3,12,20,9,137,28.5171697519594
102516,"J",1,146,63066.140545,46,1,3,40.2,134.6,0.011,4.1,0.07,4.17,22,21,46,160,98.9668833431761
102517,"J",1,136,30799.233036,63,2,2,31.9,100.1,0.011,1.3,0.07,1.37,45,46,104,113,86.2270006777497
102526,"J",1,147,25258.9381375,42,1,4,38.6,122.4,0.064,2.6,0.07,2.67,12,17,15,86,90.8626035156872
102529,"J",2,144,33099.94197,80,1,4,20.4,NA,67.4,1.7,0.07,1.77,10,12,19,110,NA
102579,"J",2,135,229146.842334,63,2,3,43,116.2,0.021,2.3,0.07,2.37,29,21,25,216,97.8634759347266
102585,"J",2,136,21039.771956,80,2,1,29.4,109.7,0.011,2.3,0.07,2.37,23,19,32,285,88.4005506035252
102586,"J",2,148,55463.359008,52,1,1,27.2,96,0.011,2.4,0.4,2.8,28,25,23,87,40.8805707311977
102589,"J",2,145,31458.883754,24,2,4,38.8,105.1,324,0.4,0.07,0.47,9,16,14,62,74.0102666192785
102591,"J",2,143,247068.414385,59,2,3,31.4,109.6,0.025,1.4,0.07,1.47,43,27,154,86,90.8039182604332
102593,"J",1,137,37883.036745,39,1,6,22.7,84.5,1.27,1.9,0.07,1.97,34,25,70,444,67.8860574710604
102600,"J",1,142,27369.276726,34,1,6,27.9,88.5,0.074,2.6,0.07,2.67,14,21,16,60,21.6909011639396
102606,"J",1,141,14415.4051175,65,1,4,20.6,77.7,2.31,1.9,0.07,1.97,11,17,12,40,3.03589405457559
102611,"J",2,135,68964.6703845,64,1,3,29.9,114,100,0.8,0.07,0.87,15,13,20,123,76.6749552855481
102619,"J",1,139,402489.5274505,61,2,3,34,101.8,0.027,0.9,0.07,0.97,16,15,16,260,84.1101712259646
102621,"J",2,146,35407.7279165,32,2,4,23.1,83.5,149,1.5,0.07,1.57,25,41,9,46,5.30356307005593
102629,"J",2,134,48947.928542,73,2,2,25.1,86.5,0.011,1.6,0.07,1.67,13,19,12,71,13.8822667072348
102641,"J",2,140,86204.7383075,34,1,3,32.1,109.7,0.017,0.9,0.07,0.97,26,19,83,189,93.697425202289
102644,"J",2,139,223375.597476,53,1,3,29.6,102.9,0.811,1,0.07,1.07,17,17,19,170,69.6698015847929
102648,"J",2,142,31152.7370655,33,1,4,26.9,82.7,26.4,0.7,0.07,0.77,14,20,15,93,20.4426841848869
102650,"J",2,139,105112.1014745,66,2,3,36.3,119,210,1,0.07,1.07,10,13,27,344,97.1811352264482
102651,"J",1,139,202722.1083565,71,2,3,28.9,104,0.011,2.8,0.07,2.87,30,28,30,97,64.2414509864484
102657,"J",1,136,252613.899154,68,2,3,30,94.6,0.011,4.3,0.07,4.37,14,17,12,113,43.2456308779859
102665,"J",1,137,21665.18764,80,1,3,23.2,94.8,0.011,3.3,0.2,3.5,10,13,24,77,25.4584157233685
102667,"J",2,136,38393.1566145,50,1,1,29.7,108.8,0.011,1.1,0.1,1.2,27,22,100,1381,98.7219084191838
102669,"J",1,144,34484.1092535,32,1,4,19.7,71.3,349,0.3,0.07,0.37,16,14,11,75,3.25607511036876
102673,"J",1,148,20658.0541765,47,2,6,18.2,71.4,0.045,1,0.07,1.07,14,18,9,36,1.16780302459772
102674,"J",1,142,116609.179117,26,1,3,34,103.5,0.066,1.3,0.07,1.37,28,23,18,111,73.6909925346805
102677,"J",1,142,38063.069373,60,1,3,24.2,92.2,523,1.9,0.07,1.97,10,13,23,127,34.8235378743698
102685,"J",2,139,38341.1433,39,1,3,34.2,111.8,393,1.7,0.07,1.77,29,22,29,277,93.7708087387212
102708,"J",2,139,26251.3323615,80,1,3,28.1,107.2,0.064,4,0.07,4.07,12,11,18,138,64.872959828602
102713,"J",1,147,32520.913635,23,2,4,23.6,80.9,9.91,2.7,0.07,2.77,8,13,27,72,14.9971281181069
102730,"J",2,148,15618.732407,54,1,6,32.6,115.8,693,0.9,0.07,0.97,20,16,31,166,90.5606030266799
102753,"J",2,141,325996.999439,50,1,3,30.6,100,0.011,1.8,0.07,1.87,46,44,21,127,64.8140923732463
102754,"J",2,138,36571.6604995,50,1,4,31,107.2,0.011,2.5,0.07,2.57,40,23,27,116,75.8080090585281
102762,"J",1,136,69636.8396205,20,1,3,39.4,136.6,0.011,1.1,0.07,1.17,23,27,18,163,98.0179731207266
102776,"J",1,145,109818.468769,35,1,3,29.3,102.4,429,2,0.07,2.07,21,23,77,433,93.4573649645697
102777,"J",1,140,77646.1854035,60,2,3,32.7,111.2,251,2.7,0.07,2.77,18,13,37,305,93.9231828715329
102778,"J",2,145,8453.008122,67,2,4,84.4,NA,0.05,0.5,0.07,0.57,19,26,155,151,NA
102786,"J",1,147,14703.4550045,46,2,6,23.6,84,0.021,1,0.07,1.07,16,16,29,272,43.7195409593524
102789,"J",2,142,7731.6970385,61,1,1,30.8,115.8,0.011,0.9,0.07,0.97,34,23,55,116,88.9046335625038
102790,"J",2,142,218461.5815755,47,1,3,28.6,98.8,0.068,1.5,0.07,1.57,19,18,23,251,72.7869788158919
102791,"J",2,142,17163.401812,61,1,4,30,106,0.015,0.2,0.07,0.27,17,14,30,85,67.2366146283509
102793,"J",1,142,53409.0747085,30,2,3,43.9,127.3,84.9,0.5,0.07,0.57,31,19,24,129,98.231584537169
102800,"J",2,138,140645.1966405,65,1,3,23.6,91.7,0.019,1.9,0.07,1.97,50,50,47,276,62.62466003434
102808,"J",1,147,18280.5982815,62,1,4,34.6,109.4,445,0.8,0.07,0.87,18,21,18,118,81.5228628605259
102815,"J",1,142,11242.3610055,80,1,3,18.7,79.4,285,2.4,0.07,2.47,8,21,16,60,4.5439427332702
102816,"J",1,135,47638.9266555,42,2,2,32.5,105.2,0.011,0.7,0.07,0.77,24,26,27,147,81.3117131740002
102823,"J",2,147,124092.7058225,55,2,2,25,92,0.011,1.8,0.07,1.87,24,20,22,173,43.4492560394891
102826,"J",2,141,28460.349839,58,2,1,32.7,97.3,0.087,0.8,0.07,0.87,15,18,17,92,57.4616487335679
102838,"J",2,138,33793.3312195,41,1,7,31.6,112.7,0.011,1.6,0.07,1.67,23,21,63,114,89.1762104270224
102841,"J",2,137,24751.3740925,78,1,2,28.2,105.3,0.011,1.6,0.07,1.67,17,16,26,375,85.1115096094899
102845,"J",2,145,11340.702294,63,1,4,21.8,91.6,0.366,2.4,0.07,2.47,24,21,186,114,60.0052348843023
102854,"J",2,148,20105.250413,45,1,7,40.9,123.7,0.011,2.9,0.07,2.97,37,26,29,143,97.4506541420825
102856,"J",2,134,47656.1629525,80,1,6,19.7,73.3,0.016,6.7,0.2,6.9,14,21,13,104,5.44717352133594
102860,"J",1,137,19116.659797,63,1,6,25.9,94.6,0.011,2.6,0.07,2.67,13,20,47,170,62.8951622089122
102866,"J",2,145,199210.0051165,73,2,3,30.8,110.3,0.011,1.5,0.07,1.57,14,13,35,150,84.6833086136323
102875,"J",1,139,28578.2388085,61,1,3,25.6,96.8,0.117,3.6,0.07,3.67,56,38,169,217,85.2470375061431
102878,"J",2,135,12366.2622205,61,1,1,34.8,115.5,0.111,0.2,0.07,0.27,15,12,19,170,90.2227477364602
102879,"J",2,139,113516.35979,21,1,3,42.5,130.5,1.12,0.5,0.07,0.57,29,16,20,223,98.7665824132345
102887,"J",1,141,13305.685257,60,2,4,37.2,110.9,0.011,1.8,0.07,1.87,17,18,19,120,87.8690416643641
102889,"J",2,140,46512.4236465,47,1,1,31.6,108.8,0.054,1.3,0.07,1.37,22,24,17,117,72.8376059261661
102895,"J",1,146,27497.845288,43,1,4,35.6,117.3,139,3.8,0.07,3.87,19,15,27,86,88.4085798834161
102916,"J",1,137,11164.713332,66,1,2,27.8,94.4,0.033,1.3,0.07,1.37,22,21,24,174,57.9524652144754
102924,"J",1,139,138997.198019,75,2,3,43.7,148.1,0.011,2.1,0.07,2.17,16,22,23,433,99.8005365648923
102929,"J",2,146,14853.136353,60,1,4,34.8,113.9,0.079,4.3,0.07,4.37,17,26,34,103,88.8719100510892
102933,"J",1,144,27806.678456,24,2,4,18,68.5,0.02,1.1,0.07,1.17,10,14,13,40,1.39894408776682
102943,"J",1,148,45581.829577,48,2,1,37.4,122.9,0.011,1.2,0.07,1.27,31,30,26,171,96.1082591682472
102952,"J",2,138,34026.983997,70,2,6,20,82.2,0.085,5.3,0.7,6,22,27,18,98,10.3063564177025
