"ID","Description","GeneRatio","BgRatio","RichFactor","FoldEnrichment","zScore","pvalue","p.adjust","qvalue","geneID","Count"
"GO:0031667","response to nutrient levels","77/462","461/18842",0.167028199566161,6.8120028922632,20.0305062585012,5.23336949557898e-42,2.43665683714157e-38,2.97081897457989e-39,"ACACB/TNF/PCK1/FOXO1/ALB/CYP1A1/STC2/MAP1LC3B/PIM1/PTPN1/HSPA8/SREBF2/SIRT1/PPARA/LDLR/FASN/MAPK3/DDIT3/PPARG/TP53/CAT/ABCA1/ABCG8/VDR/SESN2/ALAS1/FOS/NR1H2/SPX/CXCL10/DNMT3A/SPP1/MAPK8/TSPO/UCP2/APOE/RARRES2/GC/FADS1/TGFB1/CPS1/PLIN2/CPT1A/GSTP1/SLC22A4/HSPA5/PPARD/HMGCS2/CDKN1A/PKLR/GDF15/PCK2/CBS/OTC/ATG7/LCN2/ATF3/MAT2A/SOD2/FAS/NR1H4/PCSK9/CYP24A1/FGF23/YARS1/BNIP3/MTOR/IGFBP2/MC4R/ATF4/SREBF1/BGLAP/NFE2L2/AFP/LIPG/PDK4/SCT",77
"GO:0010876","lipid localization","75/462","468/18842",0.16025641025641,6.53582528582529,19.2266515090518,1.32730867902108e-39,3.08997460476107e-36,3.76735658746387e-37,"ABCB4/ACACB/TNF/VLDLR/NR1H3/ABCG2/ABCC1/SREBF2/NFKB1/SIRT1/TTPA/CPT2/PPARA/LDLR/CD36/STOML2/MAPK3/PPARG/ABCA1/ACE/ABCG8/ABCC2/AGTR1/APOA5/RETN/NR1H2/SPX/AGT/SLC22A11/SPP1/C3/SYT7/LIPC/TSPO/UCP2/NPC1L1/APOE/HSD17B13/APOA1/NOS2/IL1B/IL6/CIDEC/FABP1/ABCG1/CYP4A11/SCARB1/PLIN2/SLC27A5/NFKBIA/FABP4/CPT1A/PPARD/PLIN5/AKT1/CLU/CETP/CIDEA/PLA2G12B/NR1H4/PCSK9/MTTP/FABP6/FABP3/PITPNM2/APOB/APOC1/ADIPOQ/CES1/RBP4/SLC2A1/MIF/LIPG/FABP2/CRP",75
"GO:0043434","response to peptide hormone","68/462","427/18842",0.159250585480094,6.49480418098685,18.2087655864451,1.05602689908892e-35,1.63895374738601e-32,1.99824399438412e-33,"IGFBP1/SMAD3/PCK1/FOXO1/IL10/STC2/JAK2/PTPN1/PNPLA3/SLC9A1/CTSD/NFKB1/SIRT1/PPARA/RELA/IGF1R/MAPK3/PPARG/CAT/ACE/KLF11/AGTR1/AHSG/PTK2/ALAS1/BLVRB/RETN/FOS/AGT/UCP2/GSK3B/RARRES2/PARP1/IL1B/TGFB1/PRKCD/CPS1/GSTP1/HNF4A/HMGCS2/AKT1/PKLR/GDF15/PCK2/JAK1/OTC/PNPT1/PRKCA/GCK/INS/NR1H4/PCSK9/IGF2/FABP3/IGF1/MTOR/KLF4/MC4R/ADIPOQ/TRIB3/INSR/SREBF1/BGLAP/SLC2A1/NFE2L2/KLF5/EGR1/PDK4",68
"GO:0002237","response to molecule of bacterial origin","59/462","319/18842",0.184952978056426,7.54303898818005,18.6861312661956,1.02962812521988e-34,1.19848713775594e-31,1.46121861534351e-32,"SMAD3/TNF/AHR/NR1H3/IL10/PRKCE/CYP1A1/CCL2/CNR2/JAK2/NR1I2/TLR9/B2M/HDAC2/WNT5A/NFKB1/RELA/RAC1/IL1A/CX3CR1/CD36/MMP9/ABCA1/NLRP3/FOS/CXCL10/MAPK8/TSPO/NOS2/IL1B/IL6/CASP9/CASP3/FMO1/CXCL5/CPS1/SCARB1/GSTP1/TRIB1/IL24/SLC22A4/PPARD/SERPINE1/HMGCS2/NOS3/PRKCA/LCN2/HMGB1/NQO1/SOD2/NR1H4/CD14/TLR4/AKAP12/SLC11A1/CASP1/HCK/MIF/CXCL9",59
"GO:0032496","response to lipopolysaccharide","57/462","302/18842",0.188741721854305,7.69755740947794,18.6022407432357,4.80201844009966e-34,4.4716395714208e-31,5.45190914197138e-32,"SMAD3/TNF/NR1H3/IL10/PRKCE/CYP1A1/CCL2/CNR2/JAK2/TLR9/B2M/HDAC2/WNT5A/NFKB1/RELA/RAC1/IL1A/CX3CR1/CD36/MMP9/ABCA1/NLRP3/FOS/CXCL10/MAPK8/TSPO/NOS2/IL1B/IL6/CASP9/CASP3/FMO1/CXCL5/CPS1/SCARB1/GSTP1/TRIB1/IL24/SLC22A4/PPARD/SERPINE1/HMGCS2/NOS3/PRKCA/LCN2/HMGB1/NQO1/SOD2/NR1H4/CD14/TLR4/AKAP12/SLC11A1/CASP1/HCK/MIF/CXCL9",57
"GO:0019216","regulation of lipid metabolic process","59/462","331/18842",0.178247734138973,7.26957533906174,18.2447279121391,8.76117249439518e-34,6.79866985565066e-31,8.28906931054149e-32,"ACACB/FBXW7/TNF/PCK1/NR1H3/PTGS2/SREBF2/AVPR1A/NFKB1/SIRT1/PPARA/LDLR/PPARG/ACADVL/CYP7A1/HTR2B/AGTR1/APOA5/NR1H2/AGT/C3/TSPO/APOE/RARRES2/HSD17B13/APOA1/IL1B/UGT1A1/CIDEC/ANGPTL4/FABP1/ABCG1/PRKCD/RORA/SCARB1/CPT1A/HNF4A/PPARD/PLIN5/AKT1/GDF15/CIDEA/PLIN1/FGFR4/INS/NR1H4/FABP3/PITPNM2/MTOR/APOC1/ADIPOQ/TRIB3/CES1/SREBF1/PDGFB/BGLAP/EGR1/PDK4/SCT",59
"GO:0006869","lipid transport","67/462","447/18842",0.149888143176734,6.11297054921216,17.3451222729671,1.65602451913553e-33,1.10149288015643e-30,1.3429613472253e-31,"ABCB4/VLDLR/NR1H3/ABCG2/ABCC1/SREBF2/NFKB1/SIRT1/TTPA/CPT2/PPARA/LDLR/CD36/MAPK3/PPARG/ABCA1/ACE/ABCG8/ABCC2/AGTR1/APOA5/RETN/NR1H2/SPX/AGT/SLC22A11/SPP1/SYT7/LIPC/TSPO/UCP2/NPC1L1/APOE/HSD17B13/APOA1/NOS2/IL1B/CIDEC/FABP1/ABCG1/CYP4A11/SCARB1/SLC27A5/NFKBIA/FABP4/CPT1A/PPARD/AKT1/CLU/CETP/CIDEA/PLA2G12B/NR1H4/PCSK9/MTTP/FABP6/FABP3/PITPNM2/APOB/APOC1/ADIPOQ/CES1/RBP4/SLC2A1/MIF/LIPG/FABP2",67
"GO:0006631","fatty acid metabolic process","62/462","390/18842",0.158974358974359,6.48353868353868,17.3488903083683,1.63048370388137e-32,9.48941515658958e-30,1.15696778369224e-30,"ACACB/NR1H3/ACADM/PTGS2/CYP1A1/FADS2/HADHA/PNPLA3/AVPR1A/SIRT1/CPT2/PPARA/FASN/GSTM1/CD36/PPARG/ACADVL/CYP7A1/APOA5/ETFDH/ACACA/GPX4/NR1H2/HACD2/C3/LIPC/ALOX15/IL1B/FADS1/CYP2E1/ACOX1/UGT1A1/ANGPTL4/CYP4A11/CYP1A2/ALOX5/SLC27A5/GSTA1/CPT1A/GSTP1/ACOT12/ACAA2/CYP2C19/PPARD/CROT/PLIN5/AKT1/GDF15/CBR1/CYP3A4/MSMO1/INS/FABP3/SCD/APOC1/ADIPOQ/TRIB3/CES1/MIF/LIPG/PDK4/FABP2",62
"GO:0009410","response to xenobiotic stimulus","60/462","368/18842",0.16304347826087,6.64949181253529,17.3521395737629,4.2069841421946e-32,2.17641312956201e-29,2.65352483093702e-30,"TNF/AHR/IL10/PRKCE/ABCC1/CYP1A1/PIM1/NR1I2/HDAC2/GSTM1/BCL2/TP53/CAT/ABCA1/ABCG8/HTR2B/ABCC2/ALAS1/FOS/DNMT3A/LOX/ALDH2/TSPO/AIM2/CDH1/IL1B/CYP2E1/UGT1A1/TGFB1/SLC29A1/CASP3/CTNNB1/CYP1A2/CPS1/RORA/GSTA1/CPT1A/GSTP1/HNF4A/CYP2C19/HMGCS2/MYC/CBR1/CYP3A4/OTC/CYP2R1/ABCC5/LCN2/NQO1/SOD2/FABP3/IGFBP2/AOX1/TXNIP/ADIPOQ/SREBF1/RBP4/BGLAP/MMP2/NFE2L2",60
"GO:0071375","cellular response to peptide hormone stimulus","56/462","325/18842",0.172307692307692,7.02731934731935,17.3772391759592,2.77812721580044e-31,1.29349603167668e-28,1.57705528980305e-29,"IGFBP1/PCK1/FOXO1/JAK2/PTPN1/PNPLA3/SLC9A1/CTSD/NFKB1/SIRT1/RELA/IGF1R/MAPK3/PPARG/ACE/KLF11/AGTR1/AHSG/PTK2/ALAS1/BLVRB/FOS/AGT/UCP2/GSK3B/RARRES2/PARP1/IL1B/TGFB1/PRKCD/CPS1/GSTP1/HNF4A/HMGCS2/AKT1/PKLR/GDF15/PCK2/JAK1/PRKCA/GCK/INS/NR1H4/PCSK9/IGF2/IGF1/MTOR/KLF4/ADIPOQ/TRIB3/INSR/SREBF1/BGLAP/NFE2L2/KLF5/PDK4",56
"GO:0062012","regulation of small molecule metabolic process","55/462","328/18842",0.167682926829268,6.8387049941928,16.9123334936615,4.18536306759517e-30,1.77155004024755e-27,2.15990795000873e-28,"ACACB/DNM1L/TNF/FOXO1/NR1H3/ACADM/PTGS2/SREBF2/AVPR1A/NFKB1/SIRT1/PPARA/LDLR/PPARG/TP53/ACADVL/CYP7A1/IL4/AGTR1/APOA5/NR1H2/AGT/TSPO/APOE/PARP1/APOA1/IL1B/ME1/UGT1A1/ANGPTL4/ABCG1/RORA/CPT1A/HNF4A/PPARD/PLIN5/AKT1/GDF15/GCK/FGFR4/INS/NR1H4/IGF2/FABP3/IGF1/MTOR/APOC1/ADIPOQ/TRIB3/INSR/CES1/SREBF1/BGLAP/EGR1/PDK4",55
"GO:0008202","steroid metabolic process","53/462","308/18842",0.172077922077922,7.01794850171474,16.8826048232186,1.32320130077215e-29,5.13402104699595e-27,6.25949740226876e-28,"TNF/VLDLR/CYP1A1/NR1I2/SREBF2/NFKB1/SIRT1/LDLR/ABCA1/ACADVL/CYP7A1/VDR/IL4/AGTR1/APOA5/AGT/SPP1/TSPO/NPC1L1/APOE/GC/DHCR24/APOA1/CYP2E1/UGT1A1/ABCG1/CYP1A2/RORA/SLC27A5/CYP27A1/ACAA2/CYP2C19/PPARD/HMGCS2/CBR1/CYP3A4/CETP/MSMO1/CYP2R1/FGFR4/NR1H4/PCSK9/CYP24A1/FGF23/SQLE/APOB/HSD11B1/CYP17A1/CES1/SREBF1/BGLAP/HMGCR/EGR1",53
"GO:1905952","regulation of lipid localization","41/462","168/18842",0.244047619047619,9.95312822098536,18.4803833957342,2.35322904699051e-29,8.42818034060603e-27,1.02757998973816e-27,"ABCB4/ACACB/TNF/NR1H3/SREBF2/NFKB1/SIRT1/PPARA/CD36/MAPK3/PPARG/ABCA1/AGTR1/RETN/NR1H2/AGT/SPP1/C3/TSPO/APOE/APOA1/IL1B/IL6/ABCG1/CYP4A11/SCARB1/PLIN2/NFKBIA/PPARD/PLIN5/AKT1/CETP/PCSK9/FABP3/APOB/APOC1/ADIPOQ/CES1/MIF/LIPG/CRP",41
"GO:0032868","response to insulin","47/462","242/18842",0.194214876033058,7.92077206540016,17.1793198649468,9.33838138037162e-29,3.10567883621502e-26,3.78650348910116e-27,"IGFBP1/PCK1/FOXO1/IL10/PTPN1/PNPLA3/SLC9A1/CTSD/SIRT1/PPARA/IGF1R/MAPK3/PPARG/CAT/AHSG/ALAS1/BLVRB/RETN/FOS/UCP2/GSK3B/RARRES2/PARP1/IL1B/PRKCD/GSTP1/HMGCS2/AKT1/PKLR/PCK2/OTC/GCK/INS/NR1H4/PCSK9/IGF2/FABP3/IGF1/MTOR/ADIPOQ/TRIB3/INSR/SREBF1/BGLAP/SLC2A1/EGR1/PDK4",47
"GO:0071216","cellular response to biotic stimulus","47/462","245/18842",0.191836734693878,7.82378301970139,17.0446078802351,1.6608580458589e-28,5.15530337434604e-26,6.28544522592251e-27,"SMAD3/TNF/AHR/NR1H3/IL10/PRKCE/CCL2/JAK2/NR1I2/TLR9/B2M/WNT5A/NFKB1/RELA/IL1A/CX3CR1/CD36/MMP9/DDIT3/TP53/ABCA1/NLRP3/CXCL10/MAPK8/TSPO/GSK3B/IL1B/IL6/CXCL5/SCARB1/GSTP1/TRIB1/IL24/PPARD/SERPINE1/HMGCS2/PRKCA/LCN2/HMGB1/NR1H4/CD14/TLR4/TXNIP/CASP1/HCK/MIF/CXCL9",47
"GO:2001233","regulation of apoptotic signaling pathway","52/462","317/18842",0.16403785488959,6.6900460212763,16.1981908209831,5.11792627771508e-28,1.48931654681509e-25,1.81580343567148e-26,"RACK1/BAX/FBXW7/TNF/AR/NRG1/IL10/PTGS2/PTPN1/IFI6/WNT5A/SIRT1/RELA/IL1A/CX3CR1/BCL2/MMP9/DDIT3/PPARG/TP53/KDM1A/AGT/GSK3B/PARP1/IL1B/HSPB1/CTNNB1/GSTP1/NOL3/LGALS3/ACAA2/HMOX1/SERPINE1/AKT1/TERT/MYC/CLU/NOS3/ATF3/RET/SOD2/FAS/INS/TLR4/IGF1/KLF4/ATF4/GSDME/TNFSF10/MMP2/NFE2L2/MIF",52
"GO:0072593","reactive oxygen species metabolic process","43/462","204/18842",0.21078431372549,8.5965325524149,17.2954171892042,6.45854441151239e-28,1.7688813400001e-25,2.1566542192364e-26,"TNF/ARG2/ITGB2/PRKCE/IFI6/MB/PRDX6/PPARA/RAC1/CD36/TP53/CAT/SESN2/AGTR1/AGT/TSPO/UCP2/NOS2/ACOX1/TGFB1/ALOX5/PRKCD/GPX3/NOX4/GSTP1/RAB27A/PLIN5/CDKN1A/CBR1/NOS3/PDGFRB/LCN2/NQO1/SOD2/FAS/INS/TLR4/BNIP3/PDGFB/NFE2L2/NDUFS4/HP/CRP",43
"GO:0009636","response to toxic substance","47/462","256/18842",0.18359375,7.48760484307359,16.5695843651751,1.27553483031012e-27,3.29938342773552e-25,4.02267186011701e-26,"BAX/TNF/AHR/ABCG2/PRKCE/PTGS2/ALB/CYP1A1/PIM1/MB/PRDX6/TTPA/GSTM1/BCL2/CD36/CAT/SESN2/ALAS1/GPX4/FOS/DNMT3A/ALDH2/APOE/GSR/CDH1/FABP1/ABCG1/CPS1/GSTA1/GPX3/GSTP1/SUCLG1/NOS3/PRKCA/CCL5/MTARC2/ABCC5/LCN2/NQO1/SOD2/AKR1B10/SLC11A1/ATF4/CES1/NFE2L2/SLC7A11/HP",47
"GO:0043065","positive regulation of apoptotic process","62/462","484/18842",0.128099173553719,5.22433902185968,14.926877615266,3.97237433943189e-27,9.73440785494469e-25,1.18683776562046e-25,"RACK1/BAX/FBXW7/LPAR1/TNF/FOXO1/IL10/CCL2/JAK2/PTPN1/IFIT2/CASP6/SLC9A1/WNT5A/CTSD/MFN2/SIRT1/PHLDA1/IGFBP3/SQSTM1/BCL2/DDIT3/PPARG/TP53/KLF11/AGT/MAPK8/TSPO/GSK3B/IL6/CASP9/TGM2/TGFB1/DUSP1/CDKN2A/CASP3/CTNNB1/BCL2A1/ATF6/MYC/CLU/CCL5/ATG7/LCN2/ATF3/HMGB1/RET/SOD2/FAS/PCSK9/TLR4/AKAP12/BNIP3/S100B/TXNIP/ATF4/ITPR1/ADIPOQ/GSDME/CASP1/TNFSF10/MMP2",62
"GO:0045834","positive regulation of lipid metabolic process","36/462","138/18842",0.260869565217391,10.6391869000565,18.0182623677087,5.32815401094234e-27,1.24039425374738e-24,1.51231257878537e-25,"TNF/PCK1/NR1H3/PTGS2/SREBF2/AVPR1A/PPARA/LDLR/PPARG/CYP7A1/HTR2B/AGTR1/APOA5/NR1H2/AGT/APOE/HSD17B13/APOA1/IL1B/ABCG1/PRKCD/SCARB1/CPT1A/PPARD/PLIN5/AKT1/GDF15/INS/NR1H4/FABP3/PITPNM2/MTOR/ADIPOQ/CES1/SREBF1/SCT",36
"GO:0050727","regulation of inflammatory response","58/462","429/18842",0.135198135198135,5.51385987749624,14.9939014421873,1.23681915883079e-26,2.74220476357913e-24,3.34334889494778e-25,"SMAD3/TNF/AHR/NR1H3/IL10/PTGS2/ABCC1/JAK2/TLR9/CCR2/WNT5A/NFKB1/PPARA/RELA/LDLR/IL1A/MAPK3/MMP9/PPARG/IL6ST/ELANE/IL4/TLR3/AGTR1/AHSG/NLRP3/NR1H2/AGT/AIM2/APOE/ALOX15/RARRES2/APOA1/IL1B/IL6/TGFB1/CASP3/SAA1/USP18/ALOX5/PRKCD/RORA/CEBPA/NFKBIA/GSTP1/IL1RL1/PPARD/SERPINE1/CCL5/INS/NR1H4/TLR4/IGF1/KLF4/ADIPOQ/CASP1/MAP3K8/HCK",58
"GO:0070482","response to oxygen levels","50/462","312/18842",0.16025641025641,6.53582528582529,15.6322744591486,1.75332319316627e-26,3.71066944881008e-24,4.5241197032286e-25,"LPAR1/SMAD3/TNF/FOXO1/PTGS2/CYP1A1/STC2/PTPN1/SLC9A1/HDAC2/SIRT1/PPARA/PPARG/TP53/CAT/ALAS1/FOS/DNMT3A/RTN4/UCP2/CASP9/ENG/TGFB1/SLC29A1/ANGPTL4/FABP1/CASP3/RORA/CPT1A/NOL3/ACAA2/PKLR/TERT/MYC/CBS/ATG7/VEGFA/LCN2/SOD2/FAS/BNIP3/MTOR/S100B/ATF4/ITPR1/NDUFS2/SLC2A1/MMP2/NFE2L2/EGR1",50
"GO:0046890","regulation of lipid biosynthetic process","41/462","197/18842",0.208121827411168,8.48794690926671,16.7500028317223,1.97352025046433e-26,3.99509142876605e-24,4.87089246251137e-25,"FBXW7/TNF/PCK1/NR1H3/PTGS2/SREBF2/AVPR1A/NFKB1/SIRT1/PPARA/LDLR/ACADVL/CYP7A1/HTR2B/APOA5/NR1H2/C3/TSPO/APOE/HSD17B13/IL1B/ANGPTL4/ABCG1/PRKCD/SCARB1/PLIN5/AKT1/FGFR4/INS/NR1H4/FABP3/PITPNM2/MTOR/APOC1/TRIB3/CES1/SREBF1/PDGFB/BGLAP/EGR1/PDK4",41
"GO:0071219","cellular response to molecule of bacterial origin","43/462","223/18842",0.192825112107623,7.86409255915982,16.3477352499761,3.01747760828814e-26,5.85390656007899e-24,7.13719569330145e-25,"SMAD3/TNF/AHR/NR1H3/IL10/PRKCE/CCL2/JAK2/NR1I2/TLR9/B2M/WNT5A/NFKB1/RELA/IL1A/CX3CR1/CD36/MMP9/ABCA1/NLRP3/CXCL10/MAPK8/TSPO/IL1B/IL6/CXCL5/SCARB1/GSTP1/TRIB1/IL24/PPARD/SERPINE1/HMGCS2/PRKCA/LCN2/HMGB1/NR1H4/CD14/TLR4/CASP1/HCK/MIF/CXCL9",43
"GO:0055088","lipid homeostasis","39/462","186/18842",0.209677419354839,8.55138947074431,16.4087041467906,2.56678704837021e-25,4.78038419888468e-23,5.82833654183671e-24,"ABCB4/ACACB/FBXW7/NR1H3/PNPLA3/SIRT1/LDLR/PPARG/DGAT1/ABCA1/ABCG8/CYP7A1/APOA5/NR1H2/LIPC/RTN4/TSPO/NPC1L1/APOE/APOA1/ACOX1/ANGPTL4/ABCG1/RORA/SCARB1/CEBPA/HNF4A/CETP/PLA2G12B/FGFR4/INS/NR1H4/PCSK9/MTTP/FABP3/APOB/APOC1/CES1/LIPG",39
"GO:0071222","cellular response to lipopolysaccharide","41/462","210/18842",0.195238095238095,7.96250257678829,16.085904556711,2.73507334142446e-25,4.89788518372012e-23,5.97159600700229e-24,"SMAD3/TNF/NR1H3/IL10/PRKCE/CCL2/JAK2/TLR9/B2M/WNT5A/NFKB1/RELA/IL1A/CX3CR1/CD36/MMP9/ABCA1/NLRP3/CXCL10/MAPK8/TSPO/IL1B/IL6/CXCL5/SCARB1/GSTP1/TRIB1/IL24/PPARD/SERPINE1/HMGCS2/PRKCA/LCN2/HMGB1/NR1H4/CD14/TLR4/CASP1/HCK/MIF/CXCL9",41
"GO:0016042","lipid catabolic process","51/462","347/18842",0.146974063400576,5.99412403158801,14.8866542808371,3.39592154157559e-25,5.85607803613925e-23,7.13984319876234e-24,"ACACB/TNF/ACADM/CYP1A1/HADHA/PNPLA3/PRDX6/CPT2/PPARA/LDLR/ACADVL/CYP7A1/APOA5/ETFDH/SPP1/LIPC/RARRES2/IL1B/ACOX1/CIDEC/FABP1/CYP4A11/CYP1A2/PRKCD/CPS1/SCARB1/CYP27A1/FABP4/CPT1A/ACAA2/PPARD/CROT/PLIN5/AKT1/CYP3A4/CIDEA/PLIN1/PLA2G12B/INS/CYP24A1/FGF23/FABP6/FABP3/AKR1B10/APOC1/ADIPOQ/HSD11B1/CES1/LIPG/FABP2/SCT",51
"GO:0019915","lipid storage","28/462","82/18842",0.341463414634146,13.9260901699926,18.5976426837678,7.1373192700529e-25,1.18683423290594e-22,1.44701116917806e-23,"ACACB/FBXW7/TNF/NR1H3/SREBF2/NFKB1/SIRT1/PPARA/CD36/PPARG/DGAT1/ABCA1/NR1H2/C3/APOE/IL6/CIDEC/ABCG1/SCARB1/PLIN2/NFKBIA/PPARD/PLIN5/CIDEA/SQLE/APOB/CES1/CRP",28
"GO:0010883","regulation of lipid storage","23/462","48/18842",0.479166666666667,19.5421176046176,20.3925036051185,9.2929504215991e-25,1.49199921251605e-22,1.81907419339386e-23,"ACACB/FBXW7/TNF/NR1H3/SREBF2/NFKB1/SIRT1/PPARA/CD36/PPARG/ABCA1/NR1H2/C3/IL6/ABCG1/SCARB1/PLIN2/NFKBIA/PPARD/PLIN5/APOB/CES1/CRP",23
"GO:0062197","cellular response to chemical stress","47/462","301/18842",0.156146179401993,6.36819548115229,14.8848753475945,1.94576842154404e-24,3.01983259023635e-22,3.68183809159322e-23,"RACK1/FOXO1/PTGS2/ABCC1/ALB/FADS2/MB/HDAC2/SIRT1/RELA/CD36/DDIT3/TP53/CAT/SESN2/NLRP3/ATP1A1/GPX4/FOS/MAPK8/TSPO/GSR/PARP1/IL6/FABP1/CASP3/ALOX5/PRKCD/GPX3/AKT1/GDF15/ERN1/NOS3/PNPT1/ATG7/LCN2/NQO1/SOD2/FAS/BNIP3/MTOR/KLF4/ATF4/CASP1/SLC2A1/NFE2L2/SLC25A24",47
"GO:0033002","muscle cell proliferation","40/462","211/18842",0.18957345971564,7.73147863195257,15.589558832294,3.44660759373622e-24,5.17658224401157e-22,6.31138883390062e-23,"TNF/NRG1/IL10/JAK2/PIM1/HBEGF/MFN2/IGFBP3/MMP9/DDIT3/PPARG/ELANE/GJA1/FOS/APOE/IL6/TGFB1/IL6R/CTNNB1/PTEN/GSTP1/TRIB1/HMOX1/PPARD/CDKN1A/AKT1/TERT/ERN1/PRKCA/CCL5/YAP1/PDGFRB/SOD2/IGF1/KLF4/JUN/ADIPOQ/PDGFB/RBP4/MMP2",40
"GO:0170062","nutrient storage","28/462","87/18842",0.32183908045977,13.1257401602229,17.9725441319047,4.70596769420617e-24,6.84718299506998e-22,8.34821746505652e-23,"ACACB/FBXW7/TNF/NR1H3/SREBF2/NFKB1/SIRT1/PPARA/CD36/PPARG/DGAT1/ABCA1/NR1H2/C3/APOE/IL6/CIDEC/ABCG1/SCARB1/PLIN2/NFKBIA/PPARD/PLIN5/CIDEA/SQLE/APOB/CES1/CRP",28
"GO:0072330","monocarboxylic acid biosynthetic process","41/462","232/18842",0.176724137931034,7.20743767726526,15.0828489881728,1.520714264971e-23,2.14558958112271e-21,2.6159441666549e-22,"ACACB/NR1H3/PTGS2/CYP1A1/FADS2/AVPR1A/SIRT1/FASN/GSTM1/ACADVL/CYP7A1/APOA5/ACACA/GPX4/NR1H2/HACD2/LIPC/ALOX15/IL1B/FADS1/CYP2E1/ACOX1/ANGPTL4/CYP1A2/ALOX5/SLC27A5/CYP27A1/GSTP1/PKLR/CBR1/MTHFD2/CYP3A4/FGFR4/NR1H4/SCD/APOC1/TRIB3/CES1/MIF/LIPG/PDK4",41
"GO:0032869","cellular response to insulin stimulus","38/462","197/18842",0.192893401015228,7.8668776232228,15.3607151636891,2.58420728355925e-23,3.53884385654467e-21,4.31462662975203e-22,"IGFBP1/PCK1/FOXO1/PTPN1/PNPLA3/SLC9A1/CTSD/SIRT1/IGF1R/MAPK3/PPARG/AHSG/ALAS1/BLVRB/UCP2/GSK3B/RARRES2/PARP1/IL1B/PRKCD/GSTP1/HMGCS2/AKT1/PKLR/PCK2/GCK/INS/NR1H4/PCSK9/IGF2/IGF1/MTOR/ADIPOQ/TRIB3/INSR/SREBF1/BGLAP/PDK4",38
"GO:0006641","triglyceride metabolic process","29/462","101/18842",0.287128712871287,11.7101281556727,17.1103614188826,2.83231140873912e-23,3.7677834054541e-21,4.59375413985713e-22,"FBXW7/PCK1/NR1H3/PNPLA3/SIRT1/LDLR/DGAT1/APOA5/NR1H2/C3/LIPC/APOE/CIDEC/FABP1/CPS1/SCARB1/FABP4/CPT1A/PLIN5/PCK2/CETP/PLIN1/FABP6/FABP3/APOB/APOC1/SREBF1/LIPG/FABP2",29
"GO:0048659","smooth muscle cell proliferation","35/462","163/18842",0.214723926380368,8.75720394125302,15.7696628960465,3.39689907146215e-23,4.39332279909105e-21,5.35642382384262e-22,"TNF/IL10/JAK2/HBEGF/MFN2/IGFBP3/MMP9/DDIT3/PPARG/ELANE/GJA1/APOE/IL6/TGFB1/IL6R/CTNNB1/PTEN/GSTP1/TRIB1/HMOX1/PPARD/CDKN1A/AKT1/TERT/ERN1/PRKCA/CCL5/PDGFRB/SOD2/IGF1/KLF4/JUN/ADIPOQ/PDGFB/MMP2",35
"GO:0001666","response to hypoxia","44/462","278/18842",0.158273381294964,6.45495032545392,14.5270565537411,3.54116485675494e-23,4.45612529001378e-21,5.43299383109198e-22,"SMAD3/TNF/PTGS2/CYP1A1/STC2/PTPN1/SLC9A1/SIRT1/PPARA/PPARG/TP53/CAT/ALAS1/FOS/DNMT3A/RTN4/UCP2/CASP9/ENG/TGFB1/SLC29A1/ANGPTL4/FABP1/CASP3/RORA/CPT1A/NOL3/ACAA2/PKLR/TERT/MYC/CBS/VEGFA/LCN2/SOD2/BNIP3/MTOR/S100B/ATF4/ITPR1/SLC2A1/MMP2/NFE2L2/EGR1",44
"GO:1905954","positive regulation of lipid localization","28/462","96/18842",0.291666666666667,11.895202020202,16.9674589285843,1.01064102816727e-22,1.23830121767022e-20,1.50976070886355e-21,"ABCB4/ACACB/NR1H3/SREBF2/NFKB1/SIRT1/CD36/PPARG/ABCA1/RETN/NR1H2/SPP1/C3/APOE/APOA1/IL1B/ABCG1/CYP4A11/SCARB1/PLIN2/PLIN5/CETP/FABP3/APOB/ADIPOQ/CES1/MIF/LIPG",28
"GO:0046209","nitric oxide metabolic process","26/462","79/18842",0.329113924050633,13.4224341059784,17.5416045859696,1.0447356875737e-22,1.24725368239568e-20,1.52067572638684e-21,"SMAD3/TNF/ARG2/ITGB2/IL10/PTGS2/CYP1A1/JAK2/ESR1/PPARA/RAC1/CX3CR1/CD36/TSPO/APOE/NOS2/IL1B/CPS1/AKT1/CLU/NOS3/MTARC2/NQO1/TLR4/KLF4/INSR",26
"GO:0062013","positive regulation of small molecule metabolic process","34/462","157/18842",0.21656050955414,8.83210632255218,15.6236340730743,1.08154198037109e-22,1.25891486515195e-20,1.53489326513514e-21,"TNF/FOXO1/NR1H3/PTGS2/SREBF2/AVPR1A/SIRT1/PPARA/PPARG/CYP7A1/IL4/AGTR1/APOA5/NR1H2/AGT/APOE/APOA1/IL1B/ABCG1/CPT1A/PPARD/PLIN5/AKT1/GDF15/GCK/INS/NR1H4/IGF2/IGF1/MTOR/ADIPOQ/INSR/CES1/SREBF1",34
"GO:0016053","organic acid biosynthetic process","47/462","331/18842",0.141993957703928,5.79101764298139,13.9420628338019,1.25142058938705e-22,1.4211254302893e-20,1.73266351223841e-21,"ACACB/NR1H3/PTGS2/CYP1A1/FADS2/AVPR1A/SIRT1/FASN/GSTM1/ACADVL/CYP7A1/APOA5/ACACA/GPX4/NR1H2/HACD2/LIPC/ALOX15/IL1B/FADS1/CYP2E1/ACOX1/ANGPTL4/FMO1/CYP4A11/CYP1A2/ALOX5/CPS1/SLC27A5/CYP27A1/GSTP1/PKLR/CBR1/MTHFD2/CYP3A4/CBS/OTC/FGFR4/NR1H4/SCD/APOC1/TRIB3/CASP1/CES1/MIF/LIPG/PDK4",47
"GO:0036293","response to decreased oxygen levels","44/462","287/18842",0.153310104529617,6.25253028040484,14.2160598377789,1.32728356483486e-22,1.47138863758836e-20,1.79394538323937e-21,"SMAD3/TNF/PTGS2/CYP1A1/STC2/PTPN1/SLC9A1/SIRT1/PPARA/PPARG/TP53/CAT/ALAS1/FOS/DNMT3A/RTN4/UCP2/CASP9/ENG/TGFB1/SLC29A1/ANGPTL4/FABP1/CASP3/RORA/CPT1A/NOL3/ACAA2/PKLR/TERT/MYC/CBS/VEGFA/LCN2/SOD2/BNIP3/MTOR/S100B/ATF4/ITPR1/SLC2A1/MMP2/NFE2L2/EGR1",44
"GO:0001819","positive regulation of cytokine production","57/462","499/18842",0.114228456913828,4.65864195924316,13.1321310970765,1.82108356556974e-22,1.97185234448668e-20,2.40412037952085e-21,"SMAD3/TNF/IL10/PTGS2/JAK2/TLR9/B2M/CCR2/HDAC2/WNT5A/SIRT1/RELA/IL1A/CD36/STOML2/DDIT3/IL6ST/BTN3A1/HTR2B/ELANE/IL4/TLR3/NLRP3/AGT/C3/RTN4/AIM2/GSK3B/NOS2/IL1B/IL6/TGFB1/IL6R/HSPB1/SAA1/RORA/OAS1/IL1RL1/HMOX1/SERPINE1/CLU/CADM1/HMGB1/INS/NR1H4/CD14/TLR4/AKAP12/SLC11A1/ADAM10/ATF4/ADIPOQ/CASP1/IL32/OAS2/EGR1/MIF",57
"GO:0048660","regulation of smooth muscle cell proliferation","34/462","160/18842",0.2125,8.66650432900433,15.4399504313195,2.08101308257264e-22,2.20209020737686e-20,2.68483081905212e-21,"TNF/IL10/JAK2/HBEGF/MFN2/IGFBP3/MMP9/PPARG/ELANE/GJA1/APOE/IL6/TGFB1/IL6R/CTNNB1/PTEN/GSTP1/TRIB1/HMOX1/PPARD/CDKN1A/AKT1/TERT/ERN1/PRKCA/CCL5/PDGFRB/SOD2/IGF1/KLF4/JUN/ADIPOQ/PDGFB/MMP2",34
"GO:2001057","reactive nitrogen species metabolic process","26/462","81/18842",0.320987654320988,13.0910159799049,17.2893044489065,2.17873603621005e-22,2.254265552132e-20,2.74844400488982e-21,"SMAD3/TNF/ARG2/ITGB2/IL10/PTGS2/CYP1A1/JAK2/ESR1/PPARA/RAC1/CX3CR1/CD36/TSPO/APOE/NOS2/IL1B/CPS1/AKT1/CLU/NOS3/MTARC2/NQO1/TLR4/KLF4/INSR",26
"GO:0015918","sterol transport","31/462","129/18842",0.24031007751938,9.80069801000034,15.9015871631124,3.08552461963776e-22,3.12308752805075e-20,3.80772850168392e-21,"ABCB4/NR1H3/SREBF2/NFKB1/SIRT1/LDLR/CD36/MAPK3/PPARG/ABCA1/ABCG8/APOA5/NR1H2/SYT7/LIPC/TSPO/NPC1L1/APOE/APOA1/ABCG1/SCARB1/NFKBIA/CLU/CETP/PCSK9/MTTP/APOB/APOC1/ADIPOQ/CES1/LIPG",31
"GO:0046394","carboxylic acid biosynthetic process","46/462","327/18842",0.140672782874618,5.73713544355746,13.7002354007022,5.39845983133311e-22,5.34792105844403e-20,6.52028841846219e-21,"ACACB/NR1H3/PTGS2/CYP1A1/FADS2/AVPR1A/SIRT1/FASN/GSTM1/ACADVL/CYP7A1/APOA5/ACACA/GPX4/NR1H2/HACD2/LIPC/ALOX15/IL1B/FADS1/CYP2E1/ACOX1/ANGPTL4/CYP4A11/CYP1A2/ALOX5/CPS1/SLC27A5/CYP27A1/GSTP1/PKLR/CBR1/MTHFD2/CYP3A4/CBS/OTC/FGFR4/NR1H4/SCD/APOC1/TRIB3/CASP1/CES1/MIF/LIPG/PDK4",46
"GO:0030301","cholesterol transport","30/462","124/18842",0.241935483870968,9.86698785085882,15.7057052790598,1.19339322969403e-21,1.1575914328032e-19,1.41135778373172e-20,"ABCB4/NR1H3/SREBF2/NFKB1/SIRT1/LDLR/CD36/MAPK3/PPARG/ABCA1/ABCG8/APOA5/NR1H2/SYT7/LIPC/TSPO/NPC1L1/APOE/APOA1/ABCG1/SCARB1/NFKBIA/CLU/CETP/PCSK9/APOB/APOC1/ADIPOQ/CES1/LIPG",30
"GO:0006979","response to oxidative stress","50/462","400/18842",0.125,5.09794372294372,13.1338540475665,1.63080527106669e-21,1.54959782491561e-19,1.88929953165972e-20,"RACK1/FOXO1/PTGS2/ABCC1/ALB/FADS2/JAK2/MB/HDAC2/PRDX6/SIRT1/RELA/CD36/TP53/CAT/SESN2/ETFDH/GPX4/FOS/MAPK8/UCP2/APOE/GSR/PARP1/IL6/DUSP1/FABP1/CASP3/ALOX5/PRKCD/GPX3/GSTP1/HMOX1/AKT1/ERN1/NOS3/PNPT1/PRKCA/LCN2/NQO1/SOD2/PSMD2/BNIP3/KLF4/TXNIP/ATF4/MMP2/NFE2L2/SLC25A24/HP",50
"GO:2000628","regulation of miRNA metabolic process","26/462","87/18842",0.298850574712644,12.1881872916356,16.5829208937328,1.73030792881112e-21,1.61126274330892e-19,1.96448258855814e-20,"SMAD3/TNF/AR/IL10/ESR1/SREBF2/NFKB1/PPARA/RELA/PPARG/TP53/FOS/AGT/IL6/TGFB1/PPARD/TERT/MYC/PNPT1/VEGFA/KLF4/JUN/SREBF1/PDGFB/EGR1/EGFR",26
"GO:0007584","response to nutrient","32/462","149/18842",0.214765100671141,8.75888317499056,15.0748518597167,2.62725762757914e-21,2.35240606038625e-19,2.86809880389659e-20,"CYP1A1/STC2/PIM1/PPARA/FASN/PPARG/CAT/ABCA1/ABCG8/VDR/CXCL10/DNMT3A/SPP1/TSPO/TGFB1/CPT1A/GSTP1/SLC22A4/PPARD/HMGCS2/PKLR/OTC/MAT2A/SOD2/CYP24A1/FGF23/MTOR/IGFBP2/SREBF1/BGLAP/NFE2L2/LIPG",32
"GO:1902652","secondary alcohol metabolic process","32/462","149/18842",0.214765100671141,8.75888317499056,15.0748518597167,2.62725762757914e-21,2.35240606038625e-19,2.86809880389659e-20,"VLDLR/SREBF2/LDLR/ABCA1/ACADVL/CYP7A1/IL4/AGTR1/APOA5/AGT/NPC1L1/APOE/DHCR24/APOA1/ABCG1/CYP1A2/CYP27A1/ACAA2/PPARD/HMGCS2/CYP3A4/CETP/MSMO1/CYP2R1/NR1H4/PCSK9/CYP24A1/SQLE/APOB/CES1/SREBF1/HMGCR",32
"GO:0060326","cell chemotaxis","44/462","311/18842",0.141479099678457,5.77001990506814,13.4477976883054,3.53738943596066e-21,3.10756324789299e-19,3.78880100013493e-20,"DNM1L/LPAR1/ITGB2/IL10/ABCC1/CCL2/HBEGF/CCR2/WNT5A/RAC1/CX3CR1/MAPK3/AGTR1/PTK2/CXCR2/GPR35/CXCL10/C3/TREM1/RARRES2/IL6/ENG/DUSP1/IL6R/HSPB1/CXCL1/SAA1/ALOX5/PRKCD/CXCL5/GSTP1/LGALS3/SERPINE1/CCL5/PDGFRB/VEGFA/HMGB1/ADAM10/CCL20/PDGFB/MMP2/MIF/CXCL9/EPHA2",44
"GO:2001234","negative regulation of apoptotic signaling pathway","36/462","199/18842",0.180904522613065,7.37792860405926,14.3399785200991,3.71807733371914e-21,3.2058089010734e-19,3.908583993862e-20,"RACK1/TNF/AR/NRG1/IL10/PTGS2/PTPN1/IFI6/SIRT1/RELA/IL1A/CX3CR1/BCL2/MMP9/KDM1A/GSK3B/IL1B/HSPB1/CTNNB1/GSTP1/NOL3/LGALS3/ACAA2/HMOX1/SERPINE1/AKT1/TERT/CLU/NOS3/SOD2/INS/IGF1/KLF4/ATF4/NFE2L2/MIF",36
"GO:0042632","cholesterol homeostasis","28/462","110/18842",0.254545454545455,10.3812672176309,15.6446547588727,6.157319897631e-21,5.21245117152181e-19,6.35512092157951e-20,"NR1H3/SIRT1/LDLR/ABCA1/ABCG8/CYP7A1/APOA5/NR1H2/LIPC/TSPO/NPC1L1/APOE/APOA1/ACOX1/ABCG1/RORA/SCARB1/HNF4A/CETP/PLA2G12B/FGFR4/NR1H4/PCSK9/MTTP/FABP3/APOB/CES1/LIPG",28
"GO:1902893","regulation of miRNA transcription","24/462","74/18842",0.324324324324324,13.2270972270972,16.7082296983488,6.97684731746249e-21,5.8007501982331e-19,7.07238643252074e-20,"SMAD3/TNF/AR/IL10/ESR1/SREBF2/PPARA/RELA/PPARG/TP53/FOS/AGT/IL6/TGFB1/PPARD/TERT/MYC/VEGFA/KLF4/JUN/SREBF1/PDGFB/EGR1/EGFR",24
"GO:0010742","macrophage derived foam cell differentiation","19/462","39/18842",0.487179487179487,19.8689088689089,18.7010385945448,7.651857402845e-21,6.25035931011339e-19,7.62055852649721e-20,"TNF/NR1H3/WNT5A/NFKB1/PPARA/CD36/PPARG/ABCA1/AGTR1/NR1H2/AGT/IL1B/TGFB1/ABCG1/NFKBIA/CETP/APOB/ADIPOQ/CRP",19
"GO:0006633","fatty acid biosynthetic process","34/462","178/18842",0.191011235955056,7.79011625079041,14.4306222067449,7.85229118093523e-21,6.30349443766111e-19,7.68534189801237e-20,"ACACB/NR1H3/PTGS2/CYP1A1/FADS2/AVPR1A/SIRT1/FASN/GSTM1/ACADVL/CYP7A1/APOA5/ACACA/GPX4/NR1H2/HACD2/LIPC/ALOX15/IL1B/FADS1/CYP2E1/ACOX1/ANGPTL4/CYP1A2/ALOX5/GSTP1/CBR1/CYP3A4/SCD/APOC1/TRIB3/MIF/LIPG/PDK4",34
"GO:0055092","sterol homeostasis","28/462","111/18842",0.252252252252252,10.2877422877423,15.5593472280607,8.0507481791588e-21,6.35326839358701e-19,7.74602726431041e-20,"NR1H3/SIRT1/LDLR/ABCA1/ABCG8/CYP7A1/APOA5/NR1H2/LIPC/TSPO/NPC1L1/APOE/APOA1/ACOX1/ABCG1/RORA/SCARB1/HNF4A/CETP/PLA2G12B/FGFR4/NR1H4/PCSK9/MTTP/FABP3/APOB/CES1/LIPG",28
"GO:0061614","miRNA transcription","24/462","75/18842",0.32,13.0507359307359,16.5785668005696,1.00306665450937e-20,7.78379723899269e-19,9.49015560147935e-20,"SMAD3/TNF/AR/IL10/ESR1/SREBF2/PPARA/RELA/PPARG/TP53/FOS/AGT/IL6/TGFB1/PPARD/TERT/MYC/VEGFA/KLF4/JUN/SREBF1/PDGFB/EGR1/EGFR",24
"GO:0009611","response to wounding","54/462","496/18842",0.108870967741935,4.44014453288647,12.3096878990846,2.40118164671225e-20,1.83277077821184e-18,2.23454945356794e-19,"SMAD3/TNF/NRG1/IL10/PRKCE/JAK2/HBEGF/SERPINB2/CCR2/WNT5A/RAC1/CX3CR1/CD36/SERPINA1/DDIT3/PPARG/ERBB3/IL6ST/TLR3/PTK2/SPP1/SYT7/TSPO/APOE/ALOX15/IL6/ENG/TGFB1/ANGPTL4/IL6R/HSPB1/SAA1/ALOX5/PRKCD/SCARB1/PTEN/HNF4A/HMOX1/SERPINE1/CDKN1A/NOS3/PRKCA/YAP1/VEGFA/HMGB1/INS/TLR4/IGF1/BNIP3/MTOR/SLC11A1/PDGFB/MMP2/NFE2L2",54
"GO:0090077","foam cell differentiation","19/462","41/18842",0.463414634146341,18.8996938021328,18.1906100714537,2.59615999259243e-20,1.94963240734038e-18,2.37702940393413e-19,"TNF/NR1H3/WNT5A/NFKB1/PPARA/CD36/PPARG/ABCA1/AGTR1/NR1H2/AGT/IL1B/TGFB1/ABCG1/NFKBIA/CETP/APOB/ADIPOQ/CRP",19
"GO:0006809","nitric oxide biosynthetic process","23/462","70/18842",0.328571428571429,13.4003092145949,16.4788337067171,3.26988670413323e-20,2.34369048245802e-18,2.85747260332171e-19,"SMAD3/TNF/ARG2/ITGB2/IL10/PTGS2/JAK2/ESR1/RAC1/CX3CR1/CD36/TSPO/APOE/NOS2/IL1B/AKT1/CLU/NOS3/MTARC2/NQO1/TLR4/KLF4/INSR",23
"GO:0006638","neutral lipid metabolic process","29/462","127/18842",0.228346456692913,9.31277908443263,14.902303119285,3.27190466837997e-20,2.34369048245802e-18,2.85747260332171e-19,"FBXW7/PCK1/NR1H3/PNPLA3/SIRT1/LDLR/DGAT1/APOA5/NR1H2/C3/LIPC/APOE/CIDEC/FABP1/CPS1/SCARB1/FABP4/CPT1A/PLIN5/PCK2/CETP/PLIN1/FABP6/FABP3/APOB/APOC1/SREBF1/LIPG/FABP2",29
"GO:0006639","acylglycerol metabolic process","29/462","127/18842",0.228346456692913,9.31277908443263,14.902303119285,3.27190466837997e-20,2.34369048245802e-18,2.85747260332171e-19,"FBXW7/PCK1/NR1H3/PNPLA3/SIRT1/LDLR/DGAT1/APOA5/NR1H2/C3/LIPC/APOE/CIDEC/FABP1/CPS1/SCARB1/FABP4/CPT1A/PLIN5/PCK2/CETP/PLIN1/FABP6/FABP3/APOB/APOC1/SREBF1/LIPG/FABP2",29
"GO:0008203","cholesterol metabolic process","30/462","139/18842",0.215827338129496,8.80220498925535,14.6375815845469,4.09220568196494e-20,2.88686509927709e-18,3.51972156409423e-19,"VLDLR/SREBF2/LDLR/ABCA1/ACADVL/CYP7A1/IL4/AGTR1/APOA5/AGT/NPC1L1/APOE/DHCR24/APOA1/ABCG1/CYP1A2/CYP27A1/ACAA2/PPARD/HMGCS2/CYP3A4/CETP/MSMO1/NR1H4/PCSK9/SQLE/APOB/CES1/SREBF1/HMGCR",30
"GO:0048545","response to steroid hormone","43/462","317/18842",0.135646687697161,5.53215344067079,12.9019494723689,5.33187213476348e-20,3.70525323275504e-18,4.51751614823413e-19,"TNF/PCK1/AR/NR1H3/IL10/RBBP7/JAK2/ESR1/HSPA8/AVPR1A/HDAC2/SIRT1/PPARA/KDM1A/VDR/ATP1A1/FOS/SPP1/LOX/TSPO/UCP2/PARP1/IL6/CASP9/UGT1A1/TGFB1/DUSP1/CASP3/CPS1/GSTP1/PPARD/HMGCS2/PCK2/PRKCA/YAP1/PTGER2/ATP1A2/IGFBP2/S100B/TXNIP/JUN/SREBF1/BGLAP",43
"GO:0010565","regulation of ketone metabolic process","30/462","141/18842",0.212765957446809,8.67735101777655,14.5073720118878,6.32430088395689e-20,4.26752824865265e-18,5.20305268366207e-19,"ACACB/NR1H3/PTGS2/AVPR1A/SIRT1/PPARA/PPARG/ACADVL/CYP7A1/APOA5/NR1H2/IL1B/UGT1A1/ANGPTL4/CPT1A/PPARD/PLIN5/AKT1/GDF15/FGFR4/INS/NR1H4/FABP3/APOC1/ADIPOQ/TRIB3/CES1/BGLAP/EGR1/PDK4",30
"GO:0032368","regulation of lipid transport","30/462","141/18842",0.212765957446809,8.67735101777655,14.5073720118878,6.32430088395689e-20,4.26752824865265e-18,5.20305268366207e-19,"ABCB4/NR1H3/SREBF2/NFKB1/SIRT1/PPARA/MAPK3/PPARG/ABCA1/AGTR1/RETN/NR1H2/AGT/SPP1/TSPO/APOE/APOA1/IL1B/ABCG1/CYP4A11/NFKBIA/AKT1/CETP/PCSK9/FABP3/APOC1/ADIPOQ/CES1/MIF/LIPG",30
"GO:2000630","positive regulation of miRNA metabolic process","22/462","64/18842",0.34375,14.0193452380952,16.5407299839202,7.02165383820695e-20,4.67040289581308e-18,5.69424521759533e-19,"SMAD3/TNF/AR/IL10/SREBF2/NFKB1/RELA/PPARG/TP53/FOS/AGT/IL6/TGFB1/TERT/MYC/PNPT1/KLF4/JUN/SREBF1/PDGFB/EGR1/EGFR",22
"GO:0001659","temperature homeostasis","34/462","194/18842",0.175257731958763,7.14763243629223,13.6456063048739,1.37567669391088e-19,9.02133899556207e-18,1.09989903607326e-18,"TNF/FOXO1/NR1H3/PTGS2/JAK2/CCR2/MFN2/CPT2/IL1A/SQSTM1/IGF1R/CD36/DDIT3/LEPR/ACADVL/FGF21/KDM1A/IL4/GJA1/NR1H2/UCP2/IL1B/FABP4/SLC25A4/CIDEA/VEGFA/LCN2/TLR4/SCD/S100B/ATF4/ADIPOQ/EGR1/SCT",34
"GO:0006935","chemotaxis","50/462","443/18842",0.112866817155756,4.60310945638259,12.1669694588541,1.43729265306899e-19,9.11715666814846e-18,1.11158131137279e-18,"DNM1L/LPAR1/SMAD3/NRG1/ITGB2/IL10/ABCC1/CCL2/HBEGF/CCR2/WNT5A/RAC1/CX3CR1/MAPK3/ELANE/AGTR1/PTK2/CXCR2/GPR35/CXCL10/C3/TREM1/RARRES2/APOA1/IL6/ENG/TGFB1/DUSP1/IL6R/HSPB1/CXCL1/SAA1/ALOX5/PRKCD/CXCL5/GSTP1/LGALS3/SERPINE1/S100A4/CCL5/PDGFRB/VEGFA/HMGB1/ADAM10/CCL20/PDGFB/MMP2/MIF/CXCL9/EPHA2",50
"GO:0042330","taxis","50/462","443/18842",0.112866817155756,4.60310945638259,12.1669694588541,1.43729265306899e-19,9.11715666814846e-18,1.11158131137279e-18,"DNM1L/LPAR1/SMAD3/NRG1/ITGB2/IL10/ABCC1/CCL2/HBEGF/CCR2/WNT5A/RAC1/CX3CR1/MAPK3/ELANE/AGTR1/PTK2/CXCR2/GPR35/CXCL10/C3/TREM1/RARRES2/APOA1/IL6/ENG/TGFB1/DUSP1/IL6R/HSPB1/CXCL1/SAA1/ALOX5/PRKCD/CXCL5/GSTP1/LGALS3/SERPINE1/S100A4/CCL5/PDGFRB/VEGFA/HMGB1/ADAM10/CCL20/PDGFB/MMP2/MIF/CXCL9/EPHA2",50
"GO:0097193","intrinsic apoptotic signaling pathway","41/462","294/18842",0.139455782312925,5.68750184056307,12.8430088521395,1.44903263196518e-19,9.11715666814846e-18,1.11158131137279e-18,"RACK1/BAX/FBXW7/TNF/IL10/PTGS2/JAK2/PTPN1/IFI6/CASP6/SIRT1/BCL2/MMP9/DDIT3/TP53/KDM1A/PPP1R15A/PARP1/CASP9/HSPB1/CASP3/CTNNB1/PRKCD/BCL2A1/NOL3/CDKN1A/AKT1/MYC/CLU/ERN1/SOD2/INS/BNIP3/ATF4/ITPR1/TRIB3/GSDME/MMP2/NFE2L2/MIF/EPHA2",41
"GO:0046889","positive regulation of lipid biosynthetic process","26/462","102/18842",0.254901960784314,10.3958068075715,15.0851481627283,1.5139763662948e-19,9.39876528195815e-18,1.14591557627865e-18,"TNF/PCK1/NR1H3/PTGS2/SREBF2/AVPR1A/PPARA/LDLR/CYP7A1/HTR2B/APOA5/NR1H2/APOE/HSD17B13/IL1B/ABCG1/PRKCD/SCARB1/PLIN5/AKT1/INS/NR1H4/FABP3/PITPNM2/MTOR/SREBF1",26
"GO:0048732","gland development","37/462","236/18842",0.156779661016949,6.3940311101328,13.2203559717349,1.65661906886057e-19,1.01489715587037e-17,1.23738217132119e-18,"SMAD3/TNF/PCK1/NRG1/IL10/CYP1A1/JAK2/HNF1A/NFKB1/PPARA/RELA/FASN/RTN4/TSPO/UCP2/CDH1/IL6/UGT1A1/TGFB1/SLC29A1/PRMT5/CPS1/ELF3/CEBPA/CPT1A/SLC22A4/HMGCS2/AKT1/PCK2/OTC/PNPT1/VEGFA/PCSK9/INSR/OAS2/MMP2/EPHA2",37
"GO:0071214","cellular response to abiotic stimulus","42/462","311/18842",0.135048231511254,5.50774627301959,12.7083872009365,1.74693240257031e-19,1.04278426491889e-17,1.27138267210763e-18,"FBXW7/TNF/PTGS2/SLC9A1/AVPR1A/NFKB1/SIRT1/MAPK3/MMP9/TP53/KDM1A/TLR3/NLRP3/ATP1A1/TRPV1/MAPK8/TSPO/PARP1/IL1B/CASP9/TGFB1/CASP3/DDB2/PRKCD/PTEN/CDKN1A/MYC/MFAP4/MAP3K14/YAP1/LCN2/FAS/TLR4/ATP1A2/BNIP3/MTOR/ATF4/CASP1/SLC2A1/MMP2/EGR1/MMP1",42
"GO:0104004","cellular response to environmental stimulus","42/462","311/18842",0.135048231511254,5.50774627301959,12.7083872009365,1.74693240257031e-19,1.04278426491889e-17,1.27138267210763e-18,"FBXW7/TNF/PTGS2/SLC9A1/AVPR1A/NFKB1/SIRT1/MAPK3/MMP9/TP53/KDM1A/TLR3/NLRP3/ATP1A1/TRPV1/MAPK8/TSPO/PARP1/IL1B/CASP9/TGFB1/CASP3/DDB2/PRKCD/PTEN/CDKN1A/MYC/MFAP4/MAP3K14/YAP1/LCN2/FAS/TLR4/ATP1A2/BNIP3/MTOR/ATF4/CASP1/SLC2A1/MMP2/EGR1/MMP1",42
"GO:0010586","miRNA metabolic process","26/462","103/18842",0.252427184466019,10.2948766443912,14.9964770166208,1.97993888020928e-19,1.16691081344992e-17,1.42272015221734e-18,"SMAD3/TNF/AR/IL10/ESR1/SREBF2/NFKB1/PPARA/RELA/PPARG/TP53/FOS/AGT/IL6/TGFB1/PPARD/TERT/MYC/PNPT1/VEGFA/KLF4/JUN/SREBF1/PDGFB/EGR1/EGFR",26
"GO:0016125","sterol metabolic process","31/462","160/18842",0.19375,7.90181277056277,13.8999004618806,2.75746409500266e-19,1.60484410329155e-17,1.95665685895029e-18,"VLDLR/SREBF2/LDLR/ABCA1/ACADVL/CYP7A1/IL4/AGTR1/APOA5/AGT/NPC1L1/APOE/DHCR24/APOA1/UGT1A1/ABCG1/CYP1A2/CYP27A1/ACAA2/PPARD/HMGCS2/CYP3A4/CETP/MSMO1/NR1H4/PCSK9/SQLE/APOB/CES1/SREBF1/HMGCR",31
"GO:0097191","extrinsic apoptotic signaling pathway","33/462","186/18842",0.17741935483871,7.2357910906298,13.5499899089765,3.23858972084612e-19,1.86158935064932e-17,2.26968561246917e-18,"BAX/SMAD3/TNF/AR/NRG1/JAK2/IFI6/RELA/IL1A/BCL2/ERBB3/TLR3/AGT/GSK3B/IL1B/TGFB1/IL6R/BCL2A1/GSTP1/NOL3/LGALS3/HMOX1/SERPINE1/AKT1/TERT/NOS3/ATF3/RET/FAS/TLR4/IGF1/KLF4/TNFSF10",33
"GO:0051223","regulation of protein transport","47/462","401/18842",0.117206982543641,4.78011680754823,12.1306865623471,4.08315359939591e-19,2.31843453155943e-17,2.82668006125879e-18,"RACK1/DNM1L/SMAD3/TNF/FOXO1/NR1H3/JAK2/PTPN1/HSPA8/RAC1/IL1A/CD36/PPARG/IL6ST/NR1H2/FFAR1/SYT7/UCP2/APOE/GSK3B/CDH1/NOS2/IL1B/IL6/TGFB1/CDKN2A/IL6R/ABCG1/SAA1/ALOX5/PRKCD/PIM3/NFKBIA/CPT1A/HNF4A/PPARD/AKT1/PRKCA/CCL5/GCK/INS/P3H1/NR1H4/TLR4/IGF1/RBP4/HMGCR",47
"GO:2000377","regulation of reactive oxygen species metabolic process","29/462","139/18842",0.20863309352518,8.50879815628017,14.0871261093252,4.72855815071684e-19,2.65255021081176e-17,3.23404033641017e-18,"TNF/ARG2/ITGB2/PRKCE/PPARA/RAC1/CD36/TP53/AGTR1/AGT/TSPO/TGFB1/ALOX5/PRKCD/GSTP1/RAB27A/PLIN5/CDKN1A/CBR1/PDGFRB/LCN2/SOD2/FAS/INS/TLR4/PDGFB/NFE2L2/HP/CRP",29
"GO:0042180","ketone metabolic process","35/462","216/18842",0.162037037037037,6.6084455667789,13.1434626232887,5.48426592535549e-19,3.03985025576847e-17,3.70624401518621e-18,"ACACB/NR1H3/PTGS2/AVPR1A/SIRT1/PPARA/PPARG/ACADVL/CYP7A1/APOA5/NR1H2/IL1B/UGT1A1/ANGPTL4/CPT1A/PPARD/PLIN5/AKT1/GDF15/CBR1/NQO1/FGFR4/INS/NR1H4/FABP3/AKR1B10/APOC1/ADIPOQ/TRIB3/CYP17A1/CES1/GLO1/BGLAP/EGR1/PDK4",35
"GO:0006066","alcohol metabolic process","43/462","339/18842",0.126843657817109,5.17313463331162,12.2925329146205,7.16364557883278e-19,3.92399221353475e-17,4.78420692909228e-18,"PCK1/VLDLR/CYP1A1/SREBF2/LDLR/DGAT1/ABCA1/ACADVL/CYP7A1/IL4/AGTR1/APOA5/AGT/ALDH2/NPC1L1/APOE/DHCR24/APOA1/ABCG1/CYP1A2/CYP27A1/RETSAT/ACAA2/PPARD/HMGCS2/CYP3A4/PCK2/CETP/NOS3/MSMO1/CYP2R1/NR1H4/PCSK9/CYP24A1/SQLE/IGF1/AKR1B10/APOB/CYP17A1/CES1/SREBF1/RBP4/HMGCR",43
"GO:0070201","regulation of establishment of protein localization","49/462","443/18842",0.110609480812641,4.51104726725494,11.8560941282567,7.98614286751288e-19,4.32366060362093e-17,5.2714903326103e-18,"RACK1/DNM1L/SMAD3/TNF/FOXO1/NR1H3/ITGB2/JAK2/PTPN1/HSPA8/CTSD/RAC1/IL1A/CD36/PPARG/IL6ST/NR1H2/FFAR1/SYT7/UCP2/APOE/GSK3B/CDH1/NOS2/IL1B/IL6/TGFB1/CDKN2A/IL6R/ABCG1/SAA1/ALOX5/PRKCD/PIM3/NFKBIA/CPT1A/HNF4A/PPARD/AKT1/PRKCA/CCL5/GCK/INS/P3H1/NR1H4/TLR4/IGF1/RBP4/HMGCR",49
"GO:0000302","response to reactive oxygen species","32/462","179/18842",0.17877094972067,7.29091392778544,13.4075597087111,9.00838090284969e-19,4.82103695214576e-17,5.87790116206392e-18,"RACK1/MB/HDAC2/SIRT1/RELA/CD36/CAT/SESN2/FOS/MAPK8/UCP2/APOE/IL6/DUSP1/FABP1/CASP3/PRKCD/GSTP1/HMOX1/AKT1/ERN1/NOS3/PRKCA/LCN2/NQO1/SOD2/BNIP3/KLF4/TXNIP/MMP2/NFE2L2/HP",32
"GO:1902895","positive regulation of miRNA transcription","20/462","55/18842",0.363636363636364,14.8303817394726,16.2849715265302,9.39794829537729e-19,4.94847958152551e-17,6.03328167185119e-18,"SMAD3/TNF/AR/IL10/SREBF2/RELA/PPARG/TP53/FOS/AGT/IL6/TGFB1/TERT/MYC/KLF4/JUN/SREBF1/PDGFB/EGR1/EGFR",20
"GO:0010743","regulation of macrophage derived foam cell differentiation","17/462","35/18842",0.485714285714286,19.8091527520099,17.6580890388193,9.45907823788166e-19,4.94847958152551e-17,6.03328167185119e-18,"TNF/NR1H3/NFKB1/PPARA/CD36/PPARG/ABCA1/AGTR1/NR1H2/AGT/IL1B/ABCG1/NFKBIA/CETP/APOB/ADIPOQ/CRP",17
"GO:0097006","regulation of plasma lipoprotein particle levels","25/462","99/18842",0.252525252525253,10.2988762079671,14.7071567068523,9.80073455969988e-19,5.07024667888474e-17,6.18174246362139e-18,"VLDLR/LDLR/CD36/DGAT1/ABCA1/FGF21/AGTR1/APOA5/NR1H2/AGT/LIPC/APOE/APOA1/ANGPTL4/ABCG1/SCARB1/HMOX1/CETP/NR1H4/PCSK9/MTTP/APOB/APOC1/ADIPOQ/LIPG",25
"GO:0071453","cellular response to oxygen levels","31/462","173/18842",0.179190751445087,7.30803493231239,13.2146852180069,2.97401347766626e-18,1.52164909362792e-16,1.85522389985171e-17,"LPAR1/FOXO1/PTGS2/STC2/PTPN1/SLC9A1/SIRT1/PPARG/TP53/FOS/DNMT3A/RTN4/TGFB1/SLC29A1/FABP1/RORA/NOL3/ACAA2/TERT/MYC/CBS/ATG7/VEGFA/LCN2/FAS/BNIP3/MTOR/S100B/ATF4/NDUFS2/NFE2L2",31
"GO:0015850","organic hydroxy compound transport","38/462","275/18842",0.138181818181818,5.63554506099961,12.2771198182536,4.50497540024006e-18,2.27990928951279e-16,2.77970934370519e-17,"ABCB4/NR1H3/SREBF2/NFKB1/SIRT1/LDLR/CD36/MAPK3/PPARG/ABCA1/ABCG8/ABCC2/AGTR1/APOA5/NR1H2/AGT/SPP1/SYT7/LIPC/TSPO/NPC1L1/APOE/APOA1/ABCG1/SCARB1/SLC27A5/NFKBIA/CLU/CETP/NR1H4/PCSK9/MTTP/APOB/APOC1/ADIPOQ/CES1/RBP4/LIPG",38
"GO:0050708","regulation of protein secretion","36/462","245/18842",0.146938775510204,5.99268486615425,12.4708472657308,4.6071177212505e-18,2.30653119463896e-16,2.81216728348675e-17,"DNM1L/TNF/FOXO1/NR1H3/JAK2/RAC1/IL1A/PPARG/IL6ST/NR1H2/FFAR1/SYT7/UCP2/APOE/NOS2/IL1B/IL6/TGFB1/IL6R/ABCG1/SAA1/ALOX5/PIM3/CPT1A/HNF4A/PPARD/PRKCA/CCL5/GCK/INS/P3H1/NR1H4/TLR4/IGF1/RBP4/HMGCR",36
"GO:0009306","protein secretion","41/462","323/18842",0.126934984520124,5.17685926045059,12.0044577181698,4.72404666724528e-18,2.33991077475468e-16,2.85286431084807e-17,"DNM1L/TNF/FOXO1/NR1H3/JAK2/HNF1A/RAC1/IL1A/AP1G1/PPARG/ABCA1/IL6ST/NR1H2/FFAR1/SYT7/UCP2/APOE/NOS2/IL1B/IL6/TGFB1/IL6R/ABCG1/SAA1/ALOX5/PIM3/CPT1A/RAB27A/HNF4A/PPARD/PRKCA/CCL5/GCK/INS/P3H1/NR1H4/MTTP/TLR4/IGF1/RBP4/HMGCR",41
"GO:0035592","establishment of protein localization to extracellular region","41/462","326/18842",0.125766871165644,5.12921945130534,11.923489881764,6.62075054804924e-18,3.21106401580388e-16,3.91499113101687e-17,"DNM1L/TNF/FOXO1/NR1H3/JAK2/HNF1A/RAC1/IL1A/AP1G1/PPARG/ABCA1/IL6ST/NR1H2/FFAR1/SYT7/UCP2/APOE/NOS2/IL1B/IL6/TGFB1/IL6R/ABCG1/SAA1/ALOX5/PIM3/CPT1A/RAB27A/HNF4A/PPARD/PRKCA/CCL5/GCK/INS/P3H1/NR1H4/MTTP/TLR4/IGF1/RBP4/HMGCR",41
"GO:0071692","protein localization to extracellular region","41/462","326/18842",0.125766871165644,5.12921945130534,11.923489881764,6.62075054804924e-18,3.21106401580388e-16,3.91499113101687e-17,"DNM1L/TNF/FOXO1/NR1H3/JAK2/HNF1A/RAC1/IL1A/AP1G1/PPARG/ABCA1/IL6ST/NR1H2/FFAR1/SYT7/UCP2/APOE/NOS2/IL1B/IL6/TGFB1/IL6R/ABCG1/SAA1/ALOX5/PIM3/CPT1A/RAB27A/HNF4A/PPARD/PRKCA/CCL5/GCK/INS/P3H1/NR1H4/MTTP/TLR4/IGF1/RBP4/HMGCR",41
"GO:0015718","monocarboxylic acid transport","31/462","178/18842",0.174157303370787,7.10275305219125,12.9698108934409,7.00111462356414e-18,3.36053501931079e-16,4.09722905906616e-17,"ABCB4/TNF/ABCG2/SLC16A13/CPT2/PPARA/CD36/PPARG/ACE/ABCC2/SPX/SLC22A11/UCP2/APOE/NOS2/IL1B/FABP1/CYP4A11/SLC27A5/FABP4/CPT1A/PPARD/AKT1/PLA2G12B/NR1H4/FABP6/FABP3/CES1/SLC2A1/MIF/FABP2",31
"GO:0010817","regulation of hormone levels","50/462","487/18842",0.102669404517454,4.18722277038499,11.2979569276209,8.09285189496256e-18,3.84493045132099e-16,4.68781330493964e-17,"TNF/FOXO1/CYP1A1/STC2/JAK2/HNF1A/RAC1/PPARG/DGAT1/ACE/IL6ST/AGTR1/GJA1/RETN/AGT/SPP1/FFAR1/SYT7/CTSB/TSPO/UCP2/NOS2/IL1B/IL6/UGT1A1/IL6R/CYP1A2/ALOX5/PIM3/CPT1A/RETSAT/HNF4A/PPARD/CYP3A4/LIF/PRKCA/CCL5/GCK/INS/NR1H4/FGF23/DIO1/AKR1B10/ADAM10/CHST9/CYP17A1/CES1/RBP4/EGR1/SCT",50
"GO:0042594","response to starvation","33/462","206/18842",0.160194174757282,6.53328710124827,12.6602031047284,8.19450650930165e-18,3.85390124316247e-16,4.69875066723599e-17,"PCK1/FOXO1/ALB/MAP1LC3B/HSPA8/SREBF2/SIRT1/PPARA/MAPK3/DDIT3/TP53/SESN2/FOS/MAPK8/UCP2/FADS1/CPS1/PLIN2/HSPA5/HMGCS2/CDKN1A/PCK2/ATG7/ATF3/FAS/PCSK9/YARS1/MTOR/ATF4/SREBF1/BGLAP/NFE2L2/PDK4",33
"GO:0019217","regulation of fatty acid metabolic process","25/462","108/18842",0.231481481481481,9.44063652396986,13.946718257018,9.51533613344113e-18,4.43034050373019e-16,5.40155652273606e-17,"ACACB/NR1H3/PTGS2/AVPR1A/SIRT1/PPARA/PPARG/ACADVL/CYP7A1/APOA5/NR1H2/IL1B/UGT1A1/ANGPTL4/CPT1A/PPARD/PLIN5/AKT1/GDF15/INS/FABP3/APOC1/ADIPOQ/TRIB3/PDK4",25
"GO:0032102","negative regulation of response to external stimulus","46/462","416/18842",0.110576923076923,4.50971944721945,11.4763489000125,1.01061401742479e-17,4.65883055953447e-16,5.68013600218483e-17,"SMAD3/TNF/AHR/NR1H3/ARG2/IL10/CCL2/PIM1/SERPINB2/NFKB1/PPARA/LDLR/IL1A/PPARG/ELANE/IL4/NLRP3/NR1H2/SPP1/APOE/PARP1/APOA1/IL1B/TGFB1/DUSP1/SAA1/USP18/ALOX5/PRKCD/RORA/PTEN/OAS1/GSTP1/TRIB1/PPARD/SERPINE1/NOS3/INS/NR1H4/PVR/IGF1/KLF4/ADIPOQ/PDGFB/HCK/MIF",46
"GO:2000379","positive regulation of reactive oxygen species metabolic process","21/462","70/18842",0.3,12.2350649350649,14.9303346832026,1.22696446192407e-17,5.60073189678283e-16,6.82852026468203e-17,"ITGB2/PRKCE/CD36/TP53/AGTR1/AGT/TSPO/TGFB1/PRKCD/GSTP1/RAB27A/CDKN1A/CBR1/PDGFRB/LCN2/SOD2/FAS/TLR4/PDGFB/NFE2L2/CRP",21
"GO:0015849","organic acid transport","41/462","332/18842",0.123493975903614,5.03652271423356,11.7644991365799,1.28516765486534e-17,5.75359673178175e-16,7.01489601749159e-17,"ABCB4/SLC25A13/TNF/ABCG2/ABCC1/ALB/AVPR1A/SLC25A1/SLC16A13/CPT2/PPARA/CD36/PPARG/ACE/ABCC2/GJA1/SPX/SLC22A11/UCP2/APOE/NOS2/IL1B/FABP1/CYP4A11/SLC27A5/FABP4/CPT1A/SLC22A4/PPARD/AKT1/PLA2G12B/ABCC5/NR1H4/FABP6/ATP1A2/FABP3/CES1/SLC2A1/SLC7A11/MIF/FABP2",41
"GO:0046942","carboxylic acid transport","41/462","332/18842",0.123493975903614,5.03652271423356,11.7644991365799,1.28516765486534e-17,5.75359673178175e-16,7.01489601749159e-17,"ABCB4/SLC25A13/TNF/ABCG2/ABCC1/ALB/AVPR1A/SLC25A1/SLC16A13/CPT2/PPARA/CD36/PPARG/ACE/ABCC2/GJA1/SPX/SLC22A11/UCP2/APOE/NOS2/IL1B/FABP1/CYP4A11/SLC27A5/FABP4/CPT1A/SLC22A4/PPARD/AKT1/PLA2G12B/ABCC5/NR1H4/FABP6/ATP1A2/FABP3/CES1/SLC2A1/SLC7A11/MIF/FABP2",41
"GO:0034599","cellular response to oxidative stress","35/462","238/18842",0.147058823529412,5.99758085052203,12.3011397088741,1.32471105682099e-17,5.87414731481766e-16,7.1618736115544e-17,"RACK1/FOXO1/ABCC1/ALB/FADS2/MB/HDAC2/SIRT1/RELA/CD36/TP53/CAT/SESN2/GPX4/FOS/MAPK8/GSR/PARP1/IL6/FABP1/ALOX5/PRKCD/GPX3/AKT1/ERN1/NOS3/PNPT1/LCN2/NQO1/SOD2/BNIP3/KLF4/ATF4/NFE2L2/SLC25A24",35
"GO:0050900","leukocyte migration","42/462","352/18842",0.119318181818182,4.86621900826446,11.6088590152952,1.80686502927267e-17,7.93656941159768e-16,9.67641837851246e-17,"DNM1L/TNF/ITGB2/IL10/CCL2/CCR2/WNT5A/RAC1/CX3CR1/MAPK3/ELANE/PTK2/CXCR2/GPR35/CXCL10/C3/RTN4/TREM1/RARRES2/IL6/TGFB1/DUSP1/IL6R/SAA1/ALOX5/CXCL5/LGALS3/HMOX1/SERPINE1/AKT1/GDF15/CCL5/VEGFA/HMGB1/RET/ADAM10/CCL20/PDGFB/MMP2/HCK/MIF/CXCL9",42
"GO:0098754","detoxification","30/462","172/18842",0.174418604651163,7.11340984596798,12.7695556640807,2.31239359983749e-17,1.00551523243097e-15,1.22594354945742e-16,"ABCG2/PRKCE/PTGS2/ALB/PIM1/MB/PRDX6/GSTM1/CD36/CAT/SESN2/GPX4/ALDH2/APOE/GSR/FABP1/ABCG1/GSTA1/GPX3/GSTP1/SUCLG1/NOS3/MTARC2/ABCC5/NQO1/SOD2/AKR1B10/SLC11A1/NFE2L2/HP",30
"GO:1990748","cellular detoxification","26/462","123/18842",0.211382113821138,8.62091296237638,13.443688600301,2.33238069378318e-17,1.00551523243097e-15,1.22594354945742e-16,"ABCG2/PTGS2/ALB/MB/PRDX6/GSTM1/CD36/CAT/SESN2/GPX4/ALDH2/APOE/GSR/FABP1/GSTA1/GPX3/GSTP1/SUCLG1/NOS3/MTARC2/NQO1/SOD2/AKR1B10/SLC11A1/NFE2L2/HP",26
"GO:0097237","cellular response to toxic substance","27/462","135/18842",0.2,8.15670995670996,13.2305664050769,2.51546518321386e-17,1.07449595349025e-15,1.31004617395481e-16,"TNF/ABCG2/PTGS2/ALB/MB/PRDX6/GSTM1/CD36/CAT/SESN2/GPX4/ALDH2/APOE/GSR/FABP1/GSTA1/GPX3/GSTP1/SUCLG1/NOS3/MTARC2/NQO1/SOD2/AKR1B10/SLC11A1/NFE2L2/HP",27
"GO:0043410","positive regulation of MAPK cascade","46/462","428/18842",0.107476635514019,4.38327871505442,11.224985809582,3.0866887090326e-17,1.30651114811416e-15,1.5929235705882e-16,"FBXW7/LPAR1/TNF/NRG1/JAK2/PTPN1/TLR9/WNT5A/IL1A/IGF1R/GPR55/CD36/MAPK3/ERBB3/FGF21/IL6ST/HTR2B/ELANE/TLR3/APOE/ALOX15/IL1B/IL6/TGFB1/IL6R/NOX4/GDF15/LIF/ERN1/PRKCA/PDGFRB/VEGFA/HMGB1/RET/FGFR4/INS/FGF23/IGF2/AKAP12/GPBAR1/IGF1/INSR/GSDME/PDGFB/MIF/EGFR",46
"GO:0042060","wound healing","44/462","394/18842",0.111675126903553,4.55450809765531,11.3045474972229,3.72305559536947e-17,1.5616708875712e-15,1.90401924231893e-16,"SMAD3/TNF/NRG1/PRKCE/JAK2/HBEGF/SERPINB2/WNT5A/CD36/SERPINA1/PPARG/ERBB3/IL6ST/PTK2/SYT7/APOE/ALOX15/IL6/ENG/TGFB1/ANGPTL4/IL6R/HSPB1/SAA1/ALOX5/PRKCD/SCARB1/PTEN/HNF4A/HMOX1/SERPINE1/CDKN1A/NOS3/PRKCA/YAP1/VEGFA/HMGB1/INS/TLR4/IGF1/MTOR/SLC11A1/PDGFB/NFE2L2",44
"GO:0031669","cellular response to nutrient levels","34/462","233/18842",0.145922746781116,5.95124760789997,12.0567789113162,4.9891719969301e-17,2.07407007300951e-15,2.5287462040544e-16,"FOXO1/ALB/MAP1LC3B/PIM1/HSPA8/SREBF2/SIRT1/PPARA/MAPK3/TP53/VDR/SESN2/FOS/MAPK8/UCP2/FADS1/PLIN2/HSPA5/PPARD/CDKN1A/ATG7/LCN2/ATF3/MAT2A/FAS/PCSK9/CYP24A1/FGF23/MTOR/ATF4/SREBF1/BGLAP/NFE2L2/PDK4",34
"GO:0045785","positive regulation of cell adhesion","46/462","437/18842",0.105263157894737,4.29300524037366,11.0424499239035,6.94319566234475e-17,2.86084238972364e-15,3.48799417510249e-16,"SMAD3/TNF/PCK1/NRG1/ITGB2/IL10/CCL2/JAK2/TJP1/B2M/CCR2/RELA/RAC1/IL1A/CD36/IL6ST/ELANE/IL4/PTK2/NLRP3/VSIR/GSK3B/ALOX15/APOA1/IL1B/IL6/TGM2/TGFB1/IL6R/CTNNB1/SAA1/ALOX5/AKT1/LIF/JAK1/PRKCA/CCL5/VEGFA/HMGB1/RET/IGF2/IGF1/MTOR/IGFBP2/MAP3K8/PDGFB",46
"GO:0006091","generation of precursor metabolites and energy","46/462","438/18842",0.105022831050228,4.28320385854632,11.022471929241,7.58726509431712e-17,3.09879879641583e-15,3.77811521198732e-16,"PYGM/PYGL/SLC25A13/TNF/ACADM/AVPR1A/MFN2/PPARA/STOML2/TP53/LEPR/ACADVL/IL4/SDHB/ETFDH/FECH/UCP2/GSK3B/NOS2/ACOX1/GFPT1/NDUFB10/ENO3/CEBPA/OAS1/SLC25A4/PPARD/CROT/HMGCS2/AKT1/PKLR/SUCLG1/LDHA/PNPT1/GCK/INS/IGF2/IGF1/MTOR/ADIPOQ/INSR/GFPT2/NDUFS2/PDK4/NDUFS4/NDUFA2",46
"GO:0015711","organic anion transport","46/462","440/18842",0.104545454545455,4.26373475009839,10.9826941575273,9.05291022670754e-17,3.66524782743916e-15,4.46874078709727e-16,"ABCB4/SLC25A13/TNF/ABCG2/ABCC1/ALB/AVPR1A/SLC25A1/SLC16A13/CPT2/PPARA/CD36/PPARG/ACE/ABCC2/GJA1/SPX/SLC22A11/UCP2/APOE/NOS2/IL1B/FABP1/CYP4A11/SLC27A5/FABP4/CPT1A/SLC22A4/SLC25A4/PPARD/AKT1/PLA2G12B/SLC25A47/SLC2A3/ABCC5/NR1H4/MTTP/FABP6/ATP1A2/FABP3/CES1/SLC2A1/SLC7A11/SLC25A24/MIF/FABP2",46
"GO:1905953","negative regulation of lipid localization","20/462","68/18842",0.294117647058824,11.9951617010441,14.4005102076776,1.13881015619035e-16,4.5709483510537e-15,5.57298831995767e-16,"TNF/NR1H3/SREBF2/PPARA/MAPK3/PPARG/ABCA1/NR1H2/TSPO/APOE/IL6/ABCG1/NFKBIA/PPARD/AKT1/PCSK9/APOC1/ADIPOQ/CES1/CRP",20
"GO:0015908","fatty acid transport","24/462","109/18842",0.220183486238532,8.97986417252472,13.2466264827456,1.4898000700707e-16,5.92864027884544e-15,7.22831248347398e-16,"CPT2/PPARA/CD36/PPARG/ACE/SPX/SLC22A11/UCP2/APOE/NOS2/IL1B/FABP1/CYP4A11/SLC27A5/FABP4/CPT1A/PPARD/AKT1/PLA2G12B/FABP6/FABP3/SLC2A1/MIF/FABP2",24
"GO:0032612","interleukin-1 production","26/462","133/18842",0.195488721804511,7.9727240178368,12.7939078430634,1.78664221893834e-16,6.99042535409823e-15,8.52286130972031e-16,"SMAD3/TNF/ARG2/IL10/JAK2/HDAC2/WNT5A/RELA/IL1A/CX3CR1/CD36/NLRP3/FFAR1/AIM2/APOA1/IL1B/IL6/HSPB1/SAA1/GSTP1/HMGB1/NR1H4/TLR4/IGF1/CASP1/EGR1",26
"GO:0032652","regulation of interleukin-1 production","26/462","133/18842",0.195488721804511,7.9727240178368,12.7939078430634,1.78664221893834e-16,6.99042535409823e-15,8.52286130972031e-16,"SMAD3/TNF/ARG2/IL10/JAK2/HDAC2/WNT5A/RELA/IL1A/CX3CR1/CD36/NLRP3/FFAR1/AIM2/APOA1/IL1B/IL6/HSPB1/SAA1/GSTP1/HMGB1/NR1H4/TLR4/IGF1/CASP1/EGR1",26
"GO:0030595","leukocyte chemotaxis","32/462","217/18842",0.147465437788018,6.01416402338061,11.778241959465,3.12458723296894e-16,1.21233984639195e-14,1.47810810467901e-15,"DNM1L/ITGB2/IL10/CCL2/CCR2/WNT5A/RAC1/CX3CR1/MAPK3/PTK2/CXCR2/GPR35/CXCL10/C3/TREM1/RARRES2/IL6/DUSP1/IL6R/SAA1/ALOX5/CXCL5/LGALS3/SERPINE1/CCL5/VEGFA/HMGB1/ADAM10/PDGFB/MMP2/MIF/CXCL9",32
"GO:0042593","glucose homeostasis","33/462","233/18842",0.141630901287554,5.77621091354997,11.6305472032153,3.61487194780375e-16,1.39097882553506e-14,1.69590819074304e-15,"RACK1/PYGL/SMAD3/PCK1/FOXO1/HNF1A/SIRT1/RAC1/IGF1R/PPARG/LEPR/CYP7A1/UCP2/IL6/TGFB1/SLC29A1/ALOX5/PIM3/CEBPA/OAS1/HNF4A/PPARD/PCK2/ERN1/GCK/FGFR4/INS/NR1H4/ADIPOQ/INSR/RBP4/BGLAP/PDK4",33
"GO:0051896","regulation of phosphatidylinositol 3-kinase/protein kinase B signal transduction","35/462","265/18842",0.132075471698113,5.38650657518582,11.4012938784208,4.11085845588337e-16,1.56886532545844e-14,1.91279083964075e-15,"RACK1/TNF/JAK2/PTPN1/HBEGF/WNT5A/SIRT1/PPARA/IGF1R/CX3CR1/DDIT3/ERBB3/PTK2/AGT/RTN4/AIM2/IL1B/ENG/TGFB1/PTEN/NOX4/AKT1/GDF15/CCL5/PDGFRB/VEGFA/RET/INS/IGF2/IGF1/MTOR/KLF4/INSR/PDGFB/EGFR",35
"GO:0048661","positive regulation of smooth muscle cell proliferation","22/462","92/18842",0.239130434782609,9.75258799171843,13.3422775949803,4.2850598348663e-16,1.62205191797866e-14,1.97763695824219e-15,"TNF/IL10/JAK2/HBEGF/MFN2/MMP9/ELANE/GJA1/IL6/TGFB1/IL6R/HMOX1/AKT1/TERT/ERN1/PRKCA/CCL5/PDGFRB/IGF1/JUN/PDGFB/MMP2",22
"GO:0009743","response to carbohydrate","31/462","205/18842",0.151219512195122,6.16726850385387,11.7937024383711,4.46430923207016e-16,1.67627611165473e-14,2.04374814016929e-15,"RACK1/SMAD3/TNF/PCK1/PNPLA3/PPARA/RAC1/IGF1R/CAT/CYP7A1/UCP2/ME1/TGFB1/SLC29A1/CASP3/PIM3/GSTP1/HNF4A/PPARD/HMGCS2/PKLR/PCK2/ERN1/GCK/LCN2/SOD2/NR1H4/TXNIP/ADIPOQ/SREBF1/EGR1",31
"GO:0071827","plasma lipoprotein particle organization","18/462","55/18842",0.327272727272727,13.3473435655254,14.5387265645014,4.62042578156332e-16,1.69851910524285e-14,2.07086722661421e-15,"DGAT1/ABCA1/AGTR1/APOA5/NR1H2/AGT/LIPC/APOE/APOA1/ANGPTL4/ABCG1/SCARB1/CETP/NR1H4/MTTP/APOB/APOC1/LIPG",18
"GO:0032640","tumor necrosis factor production","30/462","191/18842",0.157068062827225,6.40579315971986,11.9048864116033,4.632988109232e-16,1.69851910524285e-14,2.07086722661421e-15,"ARG2/IL10/JAK2/TLR9/CCR2/HDAC2/WNT5A/IL1A/CX3CR1/IL4/TLR3/VSIR/TSPO/IL6/TGFB1/HSPB1/OAS1/GSTP1/CLU/CIDEA/HMGB1/NR1H4/CD14/TLR4/AKAP12/IGF1/ADAM10/ADIPOQ/OAS2/MIF",30
"GO:0032680","regulation of tumor necrosis factor production","30/462","191/18842",0.157068062827225,6.40579315971986,11.9048864116033,4.632988109232e-16,1.69851910524285e-14,2.07086722661421e-15,"ARG2/IL10/JAK2/TLR9/CCR2/HDAC2/WNT5A/IL1A/CX3CR1/IL4/TLR3/VSIR/TSPO/IL6/TGFB1/HSPB1/OAS1/GSTP1/CLU/CIDEA/HMGB1/NR1H4/CD14/TLR4/AKAP12/IGF1/ADAM10/ADIPOQ/OAS2/MIF",30
"GO:0070372","regulation of ERK1 and ERK2 cascade","36/462","283/18842",0.127208480565371,5.18801340002753,11.2544481192768,5.1545622025491e-16,1.87497200117724e-14,2.28600199790042e-15,"FBXW7/TNF/NRG1/PTPN1/IL1A/GPR55/CD36/MAPK3/FGF21/HTR2B/APOE/ALOX15/IL1B/TGFB1/DUSP1/PRMT5/NOX4/GSTP1/PRKCA/PDGFRB/VEGFA/ATF3/HMGB1/FGFR4/FGF23/TLR4/AKAP12/GPBAR1/IGF1/KLF4/ADIPOQ/SPRY4/PDGFB/MIF/EGFR/EPHA2",36
"GO:0046883","regulation of hormone secretion","33/462","236/18842",0.139830508474576,5.70278450363196,11.5261636291976,5.31993026490911e-16,1.92012366770673e-14,2.34105177988658e-15,"TNF/FOXO1/JAK2/RAC1/PPARG/IL6ST/AGTR1/GJA1/RETN/AGT/SPP1/FFAR1/SYT7/TSPO/UCP2/NOS2/IL1B/IL6/IL6R/ALOX5/PIM3/CPT1A/HNF4A/PPARD/LIF/PRKCA/CCL5/GCK/INS/NR1H4/FGF23/RBP4/SCT",33
"GO:0030100","regulation of endocytosis","37/462","300/18842",0.123333333333333,5.02997113997114,11.1553829601847,5.49503185644554e-16,1.95304338348171e-14,2.38118813178126e-15,"RACK1/LPAR1/NRG1/NR1H3/TF/CCL2/CFB/PTPN1/GPC3/B2M/RAC1/IL4/AHSG/APOA5/NR1H2/C3/SYT7/MERTK/APOE/ALOX15/APOA1/TGM2/TGFB1/SCARB1/RAB27A/LGALS3/SERPINE1/CLU/VEGFA/HMGB1/PCSK9/CD14/SLC11A1/APOC1/ADIPOQ/INSR/HCK",37
"GO:0070371","ERK1 and ERK2 cascade","37/462","300/18842",0.123333333333333,5.02997113997114,11.1553829601847,5.49503185644554e-16,1.95304338348171e-14,2.38118813178126e-15,"FBXW7/TNF/NRG1/PTPN1/IL1A/GPR55/CD36/MAPK3/FGF21/HTR2B/APOE/ALOX15/IL1B/TGFB1/DUSP1/PRMT5/NOX4/GSTP1/MYC/PRKCA/PDGFRB/VEGFA/ATF3/HMGB1/FGFR4/FGF23/TLR4/AKAP12/GPBAR1/IGF1/KLF4/ADIPOQ/SPRY4/PDGFB/MIF/EGFR/EPHA2",37
"GO:0071466","cellular response to xenobiotic stimulus","29/462","179/18842",0.162011173184358,6.60739074705555,11.9507955623369,6.18593717291724e-16,2.18194874826535e-14,2.66027396394141e-15,"AHR/PRKCE/ABCC1/CYP1A1/NR1I2/GSTM1/TP53/ABCA1/ABCC2/ALDH2/AIM2/IL1B/CYP2E1/UGT1A1/SLC29A1/CYP1A2/RORA/GSTA1/GSTP1/HNF4A/CYP2C19/MYC/CBR1/CYP3A4/CYP2R1/ABCC5/NQO1/AOX1/ADIPOQ",29
"GO:0045428","regulation of nitric oxide biosynthetic process","18/462","56/18842",0.321428571428571,13.1089981447124,14.3874979976055,6.65698572628039e-16,2.33044552944071e-14,2.84132410134907e-15,"SMAD3/TNF/ITGB2/IL10/PTGS2/JAK2/ESR1/RAC1/CX3CR1/CD36/TSPO/APOE/IL1B/AKT1/CLU/TLR4/KLF4/INSR",18
"GO:0097305","response to alcohol","34/462","254/18842",0.133858267716535,5.45921532535706,11.3438161535575,7.28463165060569e-16,2.53113768397165e-14,3.08601184385008e-15,"SMAD3/TNF/AHR/CNR2/AVPR1A/HDAC2/PPARA/CAT/ABCA1/CYP7A1/ALAS1/FOS/DNMT3A/TSPO/CDH1/PARP1/CASP9/TGFB1/CASP3/CTNNB1/PIM3/CPS1/CPT1A/GSTP1/HMGCS2/AKT1/PRKCA/PTGER2/SOD2/S100B/CES1/SREBF1/RBP4/BGLAP",34
"GO:0033500","carbohydrate homeostasis","33/462","239/18842",0.138075313807531,5.63120143454871,11.4235565931811,7.78101735910907e-16,2.68358643140828e-14,3.27188029468495e-15,"RACK1/PYGL/SMAD3/PCK1/FOXO1/HNF1A/SIRT1/RAC1/IGF1R/PPARG/LEPR/CYP7A1/UCP2/IL6/TGFB1/SLC29A1/ALOX5/PIM3/CEBPA/OAS1/HNF4A/PPARD/PCK2/ERN1/GCK/FGFR4/INS/NR1H4/ADIPOQ/INSR/RBP4/BGLAP/PDK4",33
"GO:0032602","chemokine production","22/462","95/18842",0.231578947368421,9.44461152882205,13.0820497934563,8.91048279680608e-16,3.02826335050578e-14,3.69211703698953e-15,"TNF/ARG2/IL10/TLR9/WNT5A/ELANE/TLR3/IL1B/IL6/TGFB1/IL6R/OAS1/GSTP1/IL1RL1/HMOX1/HMGB1/NR1H4/TLR4/KLF4/ADIPOQ/EGR1/MIF",22
"GO:0032642","regulation of chemokine production","22/462","95/18842",0.231578947368421,9.44461152882205,13.0820497934563,8.91048279680608e-16,3.02826335050578e-14,3.69211703698953e-15,"TNF/ARG2/IL10/TLR9/WNT5A/ELANE/TLR3/IL1B/IL6/TGFB1/IL6R/OAS1/GSTP1/IL1RL1/HMOX1/HMGB1/NR1H4/TLR4/KLF4/ADIPOQ/EGR1/MIF",22
"GO:0071825","protein-lipid complex organization","18/462","57/18842",0.315789473684211,12.879015721121,14.2400821351194,9.51216241314214e-16,3.18829366991769e-14,3.88722908648712e-15,"DGAT1/ABCA1/AGTR1/APOA5/NR1H2/AGT/LIPC/APOE/APOA1/ANGPTL4/ABCG1/SCARB1/CETP/NR1H4/MTTP/APOB/APOC1/LIPG",18
"GO:0071706","tumor necrosis factor superfamily cytokine production","30/462","196/18842",0.153061224489796,6.24238006891068,11.6967150128236,9.58679368102398e-16,3.18829366991769e-14,3.88722908648712e-15,"ARG2/IL10/JAK2/TLR9/CCR2/HDAC2/WNT5A/IL1A/CX3CR1/IL4/TLR3/VSIR/TSPO/IL6/TGFB1/HSPB1/OAS1/GSTP1/CLU/CIDEA/HMGB1/NR1H4/CD14/TLR4/AKAP12/IGF1/ADAM10/ADIPOQ/OAS2/MIF",30
"GO:1903555","regulation of tumor necrosis factor superfamily cytokine production","30/462","196/18842",0.153061224489796,6.24238006891068,11.6967150128236,9.58679368102398e-16,3.18829366991769e-14,3.88722908648712e-15,"ARG2/IL10/JAK2/TLR9/CCR2/HDAC2/WNT5A/IL1A/CX3CR1/IL4/TLR3/VSIR/TSPO/IL6/TGFB1/HSPB1/OAS1/GSTP1/CLU/CIDEA/HMGB1/NR1H4/CD14/TLR4/AKAP12/IGF1/ADAM10/ADIPOQ/OAS2/MIF",30
"GO:0032371","regulation of sterol transport","20/462","76/18842",0.263157894736842,10.7325131009342,13.4786422423029,1.26150874460832e-15,4.1363272640115e-14,5.04308991470986e-15,"ABCB4/NR1H3/SREBF2/NFKB1/SIRT1/MAPK3/PPARG/ABCA1/NR1H2/TSPO/APOE/APOA1/ABCG1/NFKBIA/CETP/PCSK9/APOC1/ADIPOQ/CES1/LIPG",20
"GO:0032374","regulation of cholesterol transport","20/462","76/18842",0.263157894736842,10.7325131009342,13.4786422423029,1.26150874460832e-15,4.1363272640115e-14,5.04308991470986e-15,"ABCB4/NR1H3/SREBF2/NFKB1/SIRT1/MAPK3/PPARG/ABCA1/NR1H2/TSPO/APOE/APOA1/ABCG1/NFKBIA/CETP/PCSK9/APOC1/ADIPOQ/CES1/LIPG",20
"GO:0032370","positive regulation of lipid transport","20/462","77/18842",0.25974025974026,10.593129813909,13.3730851109947,1.66603992082998e-15,5.42453277719189e-14,6.61369490240446e-15,"ABCB4/NR1H3/NFKB1/SIRT1/PPARG/ABCA1/RETN/NR1H2/SPP1/APOE/APOA1/IL1B/ABCG1/CYP4A11/CETP/FABP3/ADIPOQ/CES1/MIF/LIPG",20
"GO:0034284","response to monosaccharide","29/462","186/18842",0.155913978494624,6.35872550388679,11.6441804171005,1.76745802550679e-15,5.67955078398158e-14,6.92461777093572e-15,"RACK1/SMAD3/TNF/PCK1/PPARA/RAC1/IGF1R/CAT/CYP7A1/UCP2/TGFB1/SLC29A1/CASP3/PIM3/GSTP1/HNF4A/PPARD/HMGCS2/PKLR/PCK2/ERN1/GCK/LCN2/SOD2/NR1H4/TXNIP/ADIPOQ/SREBF1/EGR1",29
"GO:0010885","regulation of cholesterol storage","12/462","19/18842",0.631578947368421,25.758031442242,17.1178295873695,1.76876044604237e-15,5.67955078398158e-14,6.92461777093572e-15,"NR1H3/SREBF2/PPARA/CD36/PPARG/ABCA1/NR1H2/ABCG1/SCARB1/PPARD/APOB/CES1",12
"GO:0006694","steroid biosynthetic process","27/462","161/18842",0.167701863354037,6.83947729289344,11.7974205384588,2.62117939255261e-15,8.35904880255134e-14,1.01915133938969e-14,"TNF/CYP1A1/SREBF2/NFKB1/SIRT1/CYP7A1/TSPO/NPC1L1/APOE/DHCR24/ABCG1/CYP27A1/ACAA2/HMGCS2/CYP3A4/MSMO1/CYP2R1/FGFR4/NR1H4/CYP24A1/SQLE/CYP17A1/CES1/SREBF1/BGLAP/HMGCR/EGR1",27
"GO:0080164","regulation of nitric oxide metabolic process","18/462","60/18842",0.3,12.2350649350649,13.8191236552467,2.64967526635735e-15,8.39244084364613e-14,1.02322256139241e-14,"SMAD3/TNF/ITGB2/IL10/PTGS2/JAK2/ESR1/RAC1/CX3CR1/CD36/TSPO/APOE/IL1B/AKT1/CLU/TLR4/KLF4/INSR",18
"GO:0071402","cellular response to lipoprotein particle stimulus","16/462","44/18842",0.363636363636364,14.8303817394726,14.5614590127157,2.92864935589542e-15,9.21337256827639e-14,1.12331213934164e-14,"ITGB2/SREBF2/LDLR/CD36/PPARG/ABCA1/APOE/APOA1/TGFB1/ABCG1/SCARB1/AKT1/TLR4/APOB/TXNIP/CES1",16
"GO:0046879","hormone secretion","34/462","268/18842",0.126865671641791,5.17403243522647,10.9111544904023,3.73807587488174e-15,1.16808599150667e-13,1.42415295195191e-14,"TNF/FOXO1/JAK2/HNF1A/RAC1/PPARG/IL6ST/AGTR1/GJA1/RETN/AGT/SPP1/FFAR1/SYT7/TSPO/UCP2/NOS2/IL1B/IL6/IL6R/ALOX5/PIM3/CPT1A/HNF4A/PPARD/LIF/PRKCA/CCL5/GCK/INS/NR1H4/FGF23/RBP4/SCT",34
"GO:0071456","cellular response to hypoxia","26/462","152/18842",0.171052631578947,6.9761335156072,11.7283696117396,5.30053888737142e-15,1.64528727064009e-13,2.00596594799383e-14,"PTGS2/STC2/PTPN1/SLC9A1/SIRT1/PPARG/TP53/FOS/DNMT3A/RTN4/TGFB1/SLC29A1/FABP1/RORA/NOL3/ACAA2/TERT/MYC/CBS/VEGFA/LCN2/BNIP3/MTOR/S100B/ATF4/NFE2L2",26
"GO:0050729","positive regulation of inflammatory response","27/462","166/18842",0.162650602409639,6.63346894069786,11.5581472931631,5.75524096171864e-15,1.77459615349417e-13,2.16362182998306e-14,"TNF/PTGS2/ABCC1/TLR9/CCR2/WNT5A/LDLR/IL1A/MAPK3/IL6ST/TLR3/AGTR1/NLRP3/AGT/AIM2/IL1B/IL6/TGFB1/CASP3/CEBPA/NFKBIA/IL1RL1/SERPINE1/CCL5/TLR4/CASP1/MAP3K8",27
"GO:2001236","regulation of extrinsic apoptotic signaling pathway","24/462","127/18842",0.188976377952756,7.70712751815114,12.0238546363352,5.8850777895565e-15,1.80269224922204e-13,2.19787713135651e-14,"TNF/AR/NRG1/IFI6/RELA/IL1A/BCL2/AGT/GSK3B/IL1B/GSTP1/NOL3/LGALS3/HMOX1/SERPINE1/AKT1/TERT/NOS3/ATF3/RET/TLR4/IGF1/KLF4/TNFSF10",24
"GO:0010038","response to metal ion","36/462","308/18842",0.116883116883117,4.76690841625907,10.5675922914324,7.53493016473524e-15,2.29298266973904e-13,2.79564866082445e-14,"SLC25A13/TF/CYP1A1/TLR9/B2M/WNT5A/IL1A/BCL2/CAT/ALAS1/DNMT3A/CPNE2/TSPO/UCP2/ALOX15/CDH1/PARP1/CASP9/DUSP1/CASP3/CPS1/HMGCS2/PKLR/TERT/OTC/CYP2R1/LCN2/SOD2/MTTP/FGF23/BNIP3/TXNIP/SLC11A1/ATF4/BGLAP/SLC25A24",36
"GO:0006909","phagocytosis","31/462","228/18842",0.135964912280702,5.54513176881598,10.9469782752064,9.24515536876297e-15,2.79515866214028e-13,3.40791130858991e-14,"RACK1/NR1H3/ITGB2/PRKCE/CCL2/CFB/RAC1/LDLR/CD36/LEPR/ELANE/AHSG/PTK2/C3/SYT7/MERTK/ALOX15/APOA1/NOS2/TGM2/TGFB1/PRKCD/SCARB1/RAB27A/HMGB1/CD14/TLR4/SLC11A1/ADIPOQ/HCK/CRP",31
"GO:0050994","regulation of lipid catabolic process","18/462","64/18842",0.28125,11.4703733766234,13.3023293941694,9.42568574739869e-15,2.83135437676699e-13,3.45204182141897e-14,"ACACB/TNF/PPARA/LDLR/APOA5/RARRES2/IL1B/CIDEC/PRKCD/SCARB1/CPT1A/PLIN5/AKT1/CIDEA/PLIN1/INS/APOC1/SCT",18
"GO:0010878","cholesterol storage","12/462","21/18842",0.571428571428571,23.3048855905999,16.2139380371292,9.86786429183896e-15,2.94517795787194e-13,3.59081772508618e-14,"NR1H3/SREBF2/PPARA/CD36/PPARG/ABCA1/NR1H2/ABCG1/SCARB1/PPARD/APOB/CES1",12
"GO:0043491","phosphatidylinositol 3-kinase/protein kinase B signal transduction","35/462","294/18842",0.119047619047619,4.85518449804164,10.5625918280242,1.03307048296899e-14,3.06367908834627e-13,3.73529658708929e-14,"RACK1/TNF/JAK2/PTPN1/HBEGF/WNT5A/SIRT1/PPARA/IGF1R/CX3CR1/DDIT3/ERBB3/PTK2/AGT/RTN4/AIM2/IL1B/ENG/TGFB1/PTEN/NOX4/AKT1/GDF15/CCL5/PDGFRB/VEGFA/RET/INS/IGF2/IGF1/MTOR/KLF4/INSR/PDGFB/EGFR",35
"GO:0009267","cellular response to starvation","27/462","171/18842",0.157894736842105,6.43950786056049,11.3285436778531,1.22743575357585e-14,3.61705118268933e-13,4.4099785089827e-14,"FOXO1/ALB/MAP1LC3B/HSPA8/SREBF2/SIRT1/PPARA/MAPK3/TP53/SESN2/FOS/MAPK8/UCP2/FADS1/PLIN2/HSPA5/CDKN1A/ATG7/ATF3/FAS/PCSK9/MTOR/ATF4/SREBF1/BGLAP/NFE2L2/PDK4",27
"GO:0002573","myeloid leukocyte differentiation","29/462","201/18842",0.144278606965174,5.88419374986539,11.037139153336,1.43090099724744e-14,4.19011009005287e-13,5.10866297271079e-14,"FBXW7/TNF/TF/BATF3/SIRT1/FASN/IL1A/GPR55/MMP9/PPARG/IL4/TLR3/UCP2/PARP1/IL1B/TGFB1/CEBPA/IL1RL1/TRIB1/MYC/LIF/PRKCA/VEGFA/TLR4/MTOR/ADIPOQ/GLO1/BGLAP/EPHA2",29
"GO:0009914","hormone transport","34/462","281/18842",0.120996441281139,4.93466438662168,10.535626792914,1.55161405738711e-14,4.5151969069965e-13,5.50501508493305e-14,"TNF/FOXO1/JAK2/HNF1A/RAC1/PPARG/IL6ST/AGTR1/GJA1/RETN/AGT/SPP1/FFAR1/SYT7/TSPO/UCP2/NOS2/IL1B/IL6/IL6R/ALOX5/PIM3/CPT1A/HNF4A/PPARD/LIF/PRKCA/CCL5/GCK/INS/NR1H4/FGF23/RBP4/SCT",34
"GO:0036294","cellular response to decreased oxygen levels","26/462","159/18842",0.163522012578616,6.66900814070625,11.3810555980341,1.62162767910171e-14,4.68962638130283e-13,5.71768286157539e-14,"PTGS2/STC2/PTPN1/SLC9A1/SIRT1/PPARG/TP53/FOS/DNMT3A/RTN4/TGFB1/SLC29A1/FABP1/RORA/NOL3/ACAA2/TERT/MYC/CBS/VEGFA/LCN2/BNIP3/MTOR/S100B/ATF4/NFE2L2",26
"GO:0051897","positive regulation of phosphatidylinositol 3-kinase/protein kinase B signal transduction","28/462","188/18842",0.148936170212766,6.07414571244358,11.0855203106653,1.81018169811905e-14,5.20259628792734e-13,6.34310565757989e-14,"TNF/JAK2/HBEGF/WNT5A/SIRT1/IGF1R/CX3CR1/ERBB3/PTK2/AGT/RTN4/IL1B/ENG/TGFB1/NOX4/AKT1/GDF15/CCL5/PDGFRB/VEGFA/RET/INS/IGF2/IGF1/MTOR/INSR/PDGFB/EGFR",28
"GO:0031348","negative regulation of defense response","35/462","300/18842",0.116666666666667,4.75808080808081,10.4027619934177,1.91270242119286e-14,5.46352298961592e-13,6.66123252080301e-14,"SMAD3/AHR/NR1H3/ARG2/IL10/PIM1/NFKB1/PPARA/LDLR/IL1A/PPARG/ELANE/IL4/NLRP3/NR1H2/APOE/PARP1/APOA1/IL1B/TGFB1/SAA1/USP18/ALOX5/PRKCD/RORA/OAS1/GSTP1/PPARD/INS/NR1H4/PVR/IGF1/KLF4/ADIPOQ/HCK",35
"GO:0010888","negative regulation of lipid storage","12/462","22/18842",0.545454545454545,22.245572609209,15.8077544276321,2.12307737819033e-14,6.02746845905743e-13,7.34880570538429e-14,"TNF/NR1H3/PPARA/PPARG/ABCA1/NR1H2/IL6/ABCG1/NFKBIA/PPARD/CES1/CRP",12
"GO:0022407","regulation of cell-cell adhesion","44/462","472/18842",0.0932203389830508,3.80185633575464,9.77377852004762,2.82765982002071e-14,7.97914189213118e-13,9.72832356722676e-14,"TNF/PCK1/ARG2/ITGB2/IL10/CCL2/JAK2/TJP1/B2M/CCR2/PPARA/RELA/IL1A/IL6ST/ELANE/IL4/PTK2/NLRP3/VSIR/CDH1/APOA1/IL1B/IL6/TGFB1/CDKN2A/IL6R/CTNNB1/ALOX5/PRKCD/LGALS3/AKT1/JAK1/PRKCA/CCL5/VEGFA/HMGB1/IGF2/IGF1/MTOR/KLF4/IGFBP2/ADIPOQ/MAP3K8/EPCAM",44
"GO:0032373","positive regulation of sterol transport","14/462","35/18842",0.4,16.3134199134199,14.3762845613077,3.38599130617532e-14,9.38403304854303e-13,1.14411939398903e-13,"ABCB4/NR1H3/NFKB1/SIRT1/PPARG/ABCA1/NR1H2/APOE/APOA1/ABCG1/CETP/ADIPOQ/CES1/LIPG",14
"GO:0032376","positive regulation of cholesterol transport","14/462","35/18842",0.4,16.3134199134199,14.3762845613077,3.38599130617532e-14,9.38403304854303e-13,1.14411939398903e-13,"ABCB4/NR1H3/NFKB1/SIRT1/PPARG/ABCA1/NR1H2/APOE/APOA1/ABCG1/CETP/ADIPOQ/CES1/LIPG",14
"GO:0045429","positive regulation of nitric oxide biosynthetic process","14/462","35/18842",0.4,16.3134199134199,14.3762845613077,3.38599130617532e-14,9.38403304854303e-13,1.14411939398903e-13,"SMAD3/TNF/ITGB2/PTGS2/JAK2/ESR1/CD36/APOE/IL1B/AKT1/CLU/TLR4/KLF4/INSR",14
"GO:1903829","positive regulation of protein localization","43/462","457/18842",0.0940919037199125,3.83740183959002,9.73525514029045,4.08574399281505e-14,1.12357660171665e-12,1.36988624614434e-13,"RACK1/FBXW7/DNM1L/SMAD3/TNF/PRKCE/JAK2/SREBF2/WNT5A/RAC1/IL1A/SQSTM1/PPARG/SESN2/NR1H2/FFAR1/MAPK8/RTN4/APOE/GSK3B/CDH1/PARP1/IL1B/TGFB1/CDKN2A/ABCG1/PRKCD/LGALS3/PPARD/AKT1/TERT/JAK1/PRKCA/YAP1/VEGFA/GCK/INS/NR1H4/TLR4/IGF1/RBP4/EGFR/EPHA2",43
"GO:0051051","negative regulation of transport","41/462","418/18842",0.0980861244019139,4.00030033762091,9.83470003799512,4.10240597705822e-14,1.12357660171665e-12,1.36988624614434e-13,"RACK1/TNF/FOXO1/NRG1/NR1H3/PRKCE/SREBF2/TLR9/B2M/CCR2/RAC1/CD36/MAPK3/MMP9/ERBB3/GJA1/GPR35/NR1H2/SPX/AGT/TSPO/UCP2/APOE/IL1B/TGFB1/PIM3/PTEN/NFKBIA/LGALS3/AKT1/LIF/HMGB1/INS/PCSK9/FGF23/ATP1A2/APOC1/ATF4/ADIPOQ/HMGCR/SCT",41
"GO:0051402","neuron apoptotic process","30/462","225/18842",0.133333333333333,5.43780663780664,10.617077661532,4.28992828805528e-14,1.16202007963023e-12,1.41675727529118e-13,"BAX/FBXW7/TNF/IL10/CCL2/JAK2/CASP6/CIT/CX3CR1/BCL2/DDIT3/ERBB3/IL6ST/GSK3B/PARP1/CASP9/CASP3/CTNNB1/AKT1/TERT/CLU/LCN2/SOD2/FAS/PCSK9/BNIP3/ATF4/CASP1/MMP2/EGR1",30
"GO:1901342","regulation of vasculature development","38/462","362/18842",0.104972375690608,4.28114610987539,9.99376380182043,4.29268586117696e-14,1.16202007963023e-12,1.41675727529118e-13,"TNF/ITGB2/IL10/TJP1/CCR2/WNT5A/SIRT1/RELA/GTF2I/IL1A/CD36/PPARG/TLR3/CXCL10/C3/RTN4/THBS2/IL1B/IL6/TGM2/TGFB1/ANGPTL4/HSPB1/CTNNB1/ALOX5/HMOX1/SERPINE1/TERT/JAK1/NOS3/PRKCA/VEGFA/HMGB1/KLF4/ADAM10/MIR30A/NFE2L2/EPHA2",38
"GO:1990845","adaptive thermogenesis","26/462","166/18842",0.156626506024096,6.3877849058572,11.0540791440068,4.67263926270734e-14,1.25756117960494e-12,1.53324282562828e-13,"NR1H3/JAK2/CCR2/MFN2/CPT2/IGF1R/CD36/DDIT3/LEPR/FGF21/KDM1A/IL4/GJA1/NR1H2/UCP2/FABP4/SLC25A4/CIDEA/VEGFA/LCN2/TLR4/SCD/S100B/ATF4/ADIPOQ/SCT",26
"GO:2001237","negative regulation of extrinsic apoptotic signaling pathway","19/462","80/18842",0.2375,9.68609307359307,12.3432667705336,5.09393731606847e-14,1.36306736457556e-12,1.66187799963742e-13,"TNF/AR/NRG1/IFI6/RELA/IL1A/BCL2/GSK3B/IL1B/GSTP1/NOL3/LGALS3/HMOX1/SERPINE1/AKT1/TERT/NOS3/IGF1/KLF4",19
"GO:0050920","regulation of chemotaxis","28/462","196/18842",0.142857142857143,5.82622139764997,10.7681884058499,5.31386876426662e-14,1.41379274093859e-12,1.72372335606799e-13,"DNM1L/LPAR1/SMAD3/CCL2/CCR2/WNT5A/RAC1/CX3CR1/MAPK3/ELANE/PTK2/CXCR2/CXCL10/RARRES2/IL6/TGFB1/DUSP1/IL6R/HSPB1/GSTP1/SERPINE1/CCL5/PDGFRB/VEGFA/HMGB1/ADAM10/PDGFB/MIF",28
"GO:2001242","regulation of intrinsic apoptotic signaling pathway","26/462","167/18842",0.155688622754491,6.34953469684009,11.0089056083245,5.41049825744171e-14,1.43132272083231e-12,1.74509624538848e-13,"RACK1/BAX/FBXW7/IL10/PTGS2/PTPN1/SIRT1/BCL2/MMP9/DDIT3/TP53/KDM1A/PARP1/HSPB1/CTNNB1/NOL3/AKT1/MYC/CLU/SOD2/INS/ATF4/GSDME/MMP2/NFE2L2/MIF",26
"GO:0071674","mononuclear cell migration","29/462","212/18842",0.136792452830189,5.57888181001389,10.6297033786841,5.87411623991713e-14,1.54519125497481e-12,1.88392695666541e-13,"TNF/CCL2/CCR2/WNT5A/CX3CR1/MAPK3/PTK2/CXCR2/GPR35/CXCL10/RTN4/RARRES2/IL6/TGFB1/DUSP1/IL6R/SAA1/ALOX5/LGALS3/SERPINE1/AKT1/CCL5/HMGB1/RET/ADAM10/CCL20/PDGFB/MMP2/MIF",29
"GO:0019218","regulation of steroid metabolic process","21/462","103/18842",0.203883495145631,8.31509267431598,11.8022673524158,6.15290295165919e-14,1.60943349117557e-12,1.96225232910421e-13,"TNF/SREBF2/NFKB1/SIRT1/LDLR/ACADVL/CYP7A1/AGTR1/AGT/TSPO/APOE/APOA1/UGT1A1/ABCG1/RORA/FGFR4/NR1H4/CES1/SREBF1/BGLAP/EGR1",21
"GO:0010745","negative regulation of macrophage derived foam cell differentiation","10/462","14/18842",0.714285714285714,29.1311069882498,16.6935596958351,6.54199897964907e-14,1.70165068431542e-12,2.07468530817062e-13,"NR1H3/PPARA/PPARG/ABCA1/NR1H2/ABCG1/NFKBIA/CETP/ADIPOQ/CRP",10
"GO:0001889","liver development","20/462","92/18842",0.217391304347826,8.86598908338039,11.9907631901385,6.72947613522186e-14,1.74069116031072e-12,2.12228420888391e-13,"TNF/PCK1/IL10/CYP1A1/HNF1A/RELA/UCP2/IL6/UGT1A1/TGFB1/PRMT5/CPS1/CEBPA/CPT1A/SLC22A4/HMGCS2/PCK2/OTC/PNPT1/PCSK9",20
"GO:0061008","hepaticobiliary system development","20/462","93/18842",0.21505376344086,8.77065586743006,11.9099600557474,8.38150532511849e-14,2.15603805490341e-12,2.62868314724911e-13,"TNF/PCK1/IL10/CYP1A1/HNF1A/RELA/UCP2/IL6/UGT1A1/TGFB1/PRMT5/CPS1/CEBPA/CPT1A/SLC22A4/HMGCS2/PCK2/OTC/PNPT1/PCSK9",20
"GO:0042542","response to hydrogen peroxide","19/462","83/18842",0.228915662650602,9.33599332394513,12.0667904710893,1.04972971582578e-13,2.68546239389278e-12,3.2741675042992e-13,"HDAC2/SIRT1/RELA/CAT/IL6/DUSP1/FABP1/CASP3/PRKCD/HMOX1/ERN1/LCN2/SOD2/BNIP3/KLF4/TXNIP/MMP2/NFE2L2/HP",19
"GO:0015909","long-chain fatty acid transport","17/462","63/18842",0.26984126984127,11.0050848622277,12.611159818002,1.1227104476541e-13,2.85646986026092e-12,3.48266310291508e-13,"CPT2/CD36/PPARG/ACE/SPX/UCP2/APOE/FABP1/SLC27A5/FABP4/CPT1A/AKT1/PLA2G12B/FABP3/SLC2A1/MIF/FABP2",17
"GO:0033344","cholesterol efflux","18/462","73/18842",0.246575342465753,10.0562177548479,12.2910200869209,1.17448496729482e-13,2.97195761289384e-12,3.62346799658076e-13,"NR1H3/SREBF2/NFKB1/SIRT1/MAPK3/PPARG/ABCA1/ABCG8/APOA5/NR1H2/APOE/APOA1/ABCG1/SCARB1/CETP/APOC1/ADIPOQ/CES1",18
"GO:0008286","insulin receptor signaling pathway","22/462","119/18842",0.184873949579832,7.53981592637055,11.3462277202885,1.29831257306555e-13,3.26753694064498e-12,3.98384400931744e-13,"IGFBP1/FOXO1/PTPN1/CTSD/SIRT1/IGF1R/MAPK3/AHSG/BLVRB/GSK3B/RARRES2/IL1B/PRKCD/AKT1/INS/NR1H4/IGF2/IGF1/MTOR/TRIB3/INSR/PDK4",22
"GO:0046486","glycerolipid metabolic process","39/462","395/18842",0.0987341772151899,4.02673023179352,9.63850323784014,1.43072506773286e-13,3.58142791148613e-12,4.36654593020759e-13,"FBXW7/PCK1/NR1H3/HADHA/PNPLA3/PRDX6/SIRT1/LDLR/DGAT1/HTR2B/APOA5/NR1H2/C3/LIPC/APOE/ALOX15/APOA1/CIDEC/FABP1/CPS1/SCARB1/INPPL1/PTEN/FABP4/CPT1A/PLIN5/PCK2/CETP/PLIN1/NR1H4/FABP6/FABP3/PITPNM2/APOB/APOC1/SREBF1/PDGFB/LIPG/FABP2",39
"GO:0044282","small molecule catabolic process","37/462","359/18842",0.103064066852368,4.20331850136864,9.71541426552475,1.66179378038512e-13,4.12170145689538e-12,5.02525784880841e-13,"ACACB/ACADM/CYP1A1/HADHA/GPT/CPT2/PPARA/ACADVL/CYP7A1/ETFDH/ALDH2/XDH/NOS2/ACOX1/FMO1/CYP4A11/CYP27A1/ENO3/CPT1A/ACAA2/PPARD/CROT/PLIN5/AKT1/GPT2/CYP3A4/CBS/LDHA/OTC/NOS3/GCK/CYP24A1/FGF23/AKR1B10/ADIPOQ/CES1/HDC",37
"GO:0033273","response to vitamin","19/462","85/18842",0.223529411764706,9.11632289279348,11.8901490555228,1.66990565535581e-13,4.12170145689538e-12,5.02525784880841e-13,"CYP1A1/STC2/PIM1/CAT/ABCA1/VDR/CXCL10/DNMT3A/SPP1/TSPO/TGFB1/GSTP1/SLC22A4/PPARD/OTC/SOD2/CYP24A1/FGF23/BGLAP",19
"GO:0050728","negative regulation of inflammatory response","28/462","205/18842",0.136585365853659,5.57043606799704,10.4315003099518,1.67311334912634e-13,4.12170145689538e-12,5.02525784880841e-13,"SMAD3/AHR/NR1H3/IL10/NFKB1/PPARA/LDLR/IL1A/PPARG/ELANE/IL4/NLRP3/NR1H2/APOE/APOA1/IL1B/SAA1/ALOX5/PRKCD/RORA/GSTP1/PPARD/INS/NR1H4/IGF1/KLF4/ADIPOQ/HCK",28
"GO:0034368","protein-lipid complex remodeling","14/462","39/18842",0.358974358974359,14.6402486402486,13.5188959802967,2.01266218805453e-13,4.90625923957166e-12,5.98180581727953e-13,"AGTR1/APOA5/AGT/LIPC/APOE/APOA1/ANGPTL4/ABCG1/SCARB1/CETP/NR1H4/APOB/APOC1/LIPG",14
"GO:0034369","plasma lipoprotein particle remodeling","14/462","39/18842",0.358974358974359,14.6402486402486,13.5188959802967,2.01266218805453e-13,4.90625923957166e-12,5.98180581727953e-13,"AGTR1/APOA5/AGT/LIPC/APOE/APOA1/ANGPTL4/ABCG1/SCARB1/CETP/NR1H4/APOB/APOC1/LIPG",14
"GO:0003018","vascular process in circulatory system","31/462","255/18842",0.12156862745098,4.95800016976488,10.0888451970424,2.04451171841872e-13,4.95794091716539e-12,6.0448171146002e-13,"TNF/ABCG2/ABCC1/TJP1/AVPR1A/CD36/LEPR/ACE/HTR2B/ABCC2/AGTR1/AGT/APOE/TGFB1/SLC29A1/CPS1/SCARB1/PPARD/NOS3/SLC2A3/VEGFA/ABCC5/SOD2/INS/ATP1A2/AKAP12/P2RY2/INSR/SLC2A1/MMP2/CRP",31
"GO:0048511","rhythmic process","32/462","272/18842",0.117647058823529,4.79806468041762,10.0032486833474,2.06919820743366e-13,4.99180666000576e-12,6.08610688092464e-13,"RACK1/FBXW7/DNM1L/TNF/AHR/NR1H3/CA12/HDAC2/SIRT1/PPARA/PPARG/TP53/RETN/NFIL3/MAPK8/GSK3B/PARP1/NOS2/GFPT1/CASP3/PRMT5/RORA/PTEN/HNF4A/ATG7/MTTP/IGF1/MTOR/ATF4/SREBF1/MMP2/EGR1",32
"GO:0097529","myeloid leukocyte migration","28/462","207/18842",0.135265700483092,5.51661542965891,10.3593807875891,2.14020493754716e-13,5.13649185011317e-12,6.26250985304607e-13,"DNM1L/ITGB2/CCL2/CCR2/RAC1/CX3CR1/MAPK3/PTK2/CXCR2/GPR35/CXCL10/RTN4/TREM1/RARRES2/IL6/DUSP1/IL6R/SAA1/CXCL5/LGALS3/SERPINE1/CCL5/VEGFA/HMGB1/PDGFB/MMP2/MIF/CXCL9",28
"GO:0006805","xenobiotic metabolic process","23/462","135/18842",0.17037037037037,6.94830848164182,10.9966019079001,2.21066795680668e-13,5.25146428923055e-12,6.40268646654259e-13,"AHR/PRKCE/ABCC1/CYP1A1/NR1I2/GSTM1/ABCC2/ALDH2/CYP2E1/UGT1A1/SLC29A1/CYP1A2/RORA/GSTA1/GSTP1/HNF4A/CYP2C19/CBR1/CYP3A4/CYP2R1/ABCC5/NQO1/AOX1",23
"GO:0050921","positive regulation of chemotaxis","23/462","135/18842",0.17037037037037,6.94830848164182,10.9966019079001,2.21066795680668e-13,5.25146428923055e-12,6.40268646654259e-13,"DNM1L/LPAR1/SMAD3/CCL2/CCR2/WNT5A/RAC1/CX3CR1/MAPK3/PTK2/CXCL10/RARRES2/IL6/TGFB1/IL6R/HSPB1/SERPINE1/CCL5/PDGFRB/VEGFA/HMGB1/ADAM10/PDGFB",23
"GO:0070328","triglyceride homeostasis","15/462","48/18842",0.3125,12.7448593073593,12.9169219435481,2.89552319970021e-13,6.84342945066202e-12,8.34364107137682e-13,"NR1H3/SIRT1/ABCG8/APOA5/LIPC/APOE/APOA1/ANGPTL4/RORA/SCARB1/HNF4A/CETP/PLA2G12B/NR1H4/APOC1",15
"GO:0008637","apoptotic mitochondrial changes","20/462","99/18842",0.202020202020202,8.23910096637369,11.4494042019792,2.95015568492378e-13,6.93733579242684e-12,8.45813349299971e-13,"BAX/DNM1L/SMAD3/IFIT2/IFI6/CASP6/BCL2/MMP9/TP53/GSK3B/BCL2A1/NOL3/ACAA2/AKT1/CLU/SOD2/IGF1/BNIP3/CASP1/TNFSF10",20
"GO:0034367","protein-containing complex remodeling","14/462","40/18842",0.35,14.2742424242424,13.3241012831335,3.02773292985073e-13,7.08398217155025e-12,8.63692758456508e-13,"AGTR1/APOA5/AGT/LIPC/APOE/APOA1/ANGPTL4/ABCG1/SCARB1/CETP/NR1H4/APOB/APOC1/LIPG",14
"GO:0002685","regulation of leukocyte migration","28/462","210/18842",0.133333333333333,5.43780663780664,10.2529418452044,3.07899437081965e-13,7.16789889526815e-12,8.73924047134735e-13,"DNM1L/TNF/CCL2/CCR2/WNT5A/RAC1/CX3CR1/MAPK3/ELANE/PTK2/CXCL10/RTN4/RARRES2/IL6/TGFB1/DUSP1/IL6R/LGALS3/HMOX1/SERPINE1/AKT1/GDF15/CCL5/VEGFA/HMGB1/ADAM10/CCL20/MIF",28
"GO:0030258","lipid modification","25/462","166/18842",0.150602409638554,6.14210087101653,10.5500109948505,3.62064026166159e-13,8.38691594940117e-12,1.0225489556386e-12,"ACACB/ACADM/CYP1A1/HADHA/CPT2/PPARA/ACADVL/ETFDH/ALOX15/CYP2E1/ACOX1/ALOX5/INPPL1/PTEN/CPT1A/ACAA2/PPARD/CROT/PLIN5/AKT1/GDF15/CYP3A4/FABP3/ADIPOQ/PDK4",25
"GO:0098869","cellular oxidant detoxification","19/462","89/18842",0.213483146067416,8.70660051558928,11.5537424632165,4.06256574894961e-13,9.35834914450551e-12,1.1409879629113e-12,"PTGS2/ALB/MB/PRDX6/CD36/CAT/SESN2/GPX4/APOE/GSR/FABP1/GSTA1/GPX3/GSTP1/NOS3/NQO1/SOD2/NFE2L2/HP",19
"GO:0055090","acylglycerol homeostasis","15/462","49/18842",0.306122448979592,12.4847601378214,12.7620993577514,4.08020806772899e-13,9.35834914450551e-12,1.1409879629113e-12,"NR1H3/SIRT1/ABCG8/APOA5/LIPC/APOE/APOA1/ANGPTL4/RORA/SCARB1/HNF4A/CETP/PLA2G12B/NR1H4/APOC1",15
"GO:1901654","response to ketone","27/462","197/18842",0.137055837563452,5.58962357439515,10.2666603809009,4.2051488431186e-13,9.50450499948601e-12,1.158807566419e-12,"ABCB4/PCK1/AR/AHR/NR1H3/CYP1A1/AVPR1A/SIRT1/FOS/SPP1/TSPO/UCP2/PARP1/CASP9/TGFB1/DUSP1/PIM3/CPS1/HMGCS2/AKT1/PCK2/PRKCA/YAP1/PTGER2/TXNIP/SREBF1/BGLAP",27
"GO:0032611","interleukin-1 beta production","21/462","113/18842",0.185840707964602,7.57924376508447,11.1213654898132,4.22558534126633e-13,9.50450499948601e-12,1.158807566419e-12,"SMAD3/TNF/ARG2/JAK2/WNT5A/RELA/CX3CR1/CD36/NLRP3/FFAR1/AIM2/APOA1/IL1B/IL6/HSPB1/GSTP1/HMGB1/TLR4/IGF1/CASP1/EGR1",21
"GO:0032651","regulation of interleukin-1 beta production","21/462","113/18842",0.185840707964602,7.57924376508447,11.1213654898132,4.22558534126633e-13,9.50450499948601e-12,1.158807566419e-12,"SMAD3/TNF/ARG2/JAK2/WNT5A/RELA/CX3CR1/CD36/NLRP3/FFAR1/AIM2/APOA1/IL1B/IL6/HSPB1/GSTP1/HMGB1/TLR4/IGF1/CASP1/EGR1",21
"GO:0045833","negative regulation of lipid metabolic process","21/462","113/18842",0.185840707964602,7.57924376508447,11.1213654898132,4.22558534126633e-13,9.50450499948601e-12,1.158807566419e-12,"ACACB/FBXW7/TNF/NFKB1/SIRT1/ACADVL/CYP7A1/APOE/IL1B/UGT1A1/CIDEC/ANGPTL4/PLIN5/AKT1/CIDEA/PLIN1/INS/APOC1/TRIB3/SREBF1/PDGFB",21
"GO:0045765","regulation of angiogenesis","36/462","352/18842",0.102272727272727,4.17104486422668,9.52150219149343,4.5147514930198e-13,1.01060975728366e-11,1.23215489233843e-12,"TNF/ITGB2/IL10/TJP1/CCR2/WNT5A/SIRT1/RELA/GTF2I/IL1A/CD36/PPARG/TLR3/CXCL10/C3/RTN4/THBS2/IL1B/IL6/TGM2/ANGPTL4/HSPB1/CTNNB1/ALOX5/HMOX1/SERPINE1/TERT/JAK1/NOS3/PRKCA/VEGFA/HMGB1/KLF4/MIR30A/NFE2L2/EPHA2",36
"GO:0001818","negative regulation of cytokine production","37/462","371/18842",0.0997304582210243,4.06736210779337,9.46034572800778,4.56706369751255e-13,1.01742816151284e-11,1.2404680221775e-12,"SMAD3/TNF/ARG2/IL10/JAK2/NFKB1/PPARA/RELA/RAC1/IL1A/CX3CR1/DDIT3/ELANE/IL4/NLRP3/VSIR/FFAR1/TSPO/APOA1/IL1B/IL6/TGFB1/IL6R/CASP3/NFKBIA/OAS1/GSTP1/IL1RL1/HMOX1/CIDEA/HMGB1/NR1H4/TLR4/IGF1/KLF4/SLC11A1/ADIPOQ",37
"GO:1990874","vascular associated smooth muscle cell proliferation","19/462","90/18842",0.211111111111111,8.60986050986051,11.4729304995631,5.03468376215018e-13,1.11626131412244e-11,1.3609673065308e-12,"TNF/IL10/JAK2/MFN2/MMP9/DDIT3/PPARG/GJA1/PTEN/GSTP1/CDKN1A/TERT/ERN1/SOD2/IGF1/JUN/ADIPOQ/PDGFB/MMP2",19
"GO:0033559","unsaturated fatty acid metabolic process","21/462","114/18842",0.184210526315789,7.51275917065391,11.0578820569583,5.06391219785839e-13,1.1174206252715e-11,1.36238076102574e-12,"PTGS2/CYP1A1/FADS2/AVPR1A/SIRT1/GSTM1/GPX4/ALOX15/IL1B/FADS1/CYP2E1/ACOX1/CYP4A11/CYP1A2/ALOX5/GSTA1/GSTP1/CYP2C19/CBR1/SCD/MIF",21
"GO:0034381","plasma lipoprotein particle clearance","16/462","59/18842",0.271186440677966,11.0599457040135,12.269853358303,5.49995323461686e-13,1.20791425756491e-11,1.47271234149207e-12,"VLDLR/LDLR/CD36/FGF21/APOA5/LIPC/APOE/APOA1/SCARB1/HMOX1/NR1H4/PCSK9/APOB/APOC1/ADIPOQ/LIPG",16
"GO:0043523","regulation of neuron apoptotic process","27/462","201/18842",0.134328358208955,5.47838728435743,10.1201111527047,6.87256806056136e-13,1.50228529999876e-11,1.83161518948409e-12,"BAX/FBXW7/TNF/IL10/CCL2/JAK2/CASP6/CX3CR1/BCL2/DDIT3/ERBB3/IL6ST/GSK3B/PARP1/CASP9/CASP3/CTNNB1/AKT1/TERT/CLU/LCN2/SOD2/PCSK9/ATF4/CASP1/MMP2/EGR1",27
"GO:0034440","lipid oxidation","20/462","104/18842",0.192307692307692,7.84299034299034,11.0943327767532,7.84872149454758e-13,1.70764706909409e-11,2.08199621605383e-12,"ACACB/ACADM/HADHA/CPT2/PPARA/ACADVL/ETFDH/ALOX15/ACOX1/ALOX5/CPT1A/ACAA2/PPARD/CROT/PLIN5/AKT1/GDF15/FABP3/ADIPOQ/PDK4",20
"GO:0045471","response to ethanol","22/462","130/18842",0.169230769230769,6.9018315018315,10.7052937070354,8.52757653917337e-13,1.84671611006471e-11,2.25155187091445e-12,"TNF/CNR2/HDAC2/PPARA/CAT/CYP7A1/ALAS1/FOS/DNMT3A/PARP1/CASP9/TGFB1/CASP3/CPT1A/GSTP1/HMGCS2/PRKCA/SOD2/S100B/SREBF1/RBP4/BGLAP",22
"GO:0030522","intracellular receptor signaling pathway","38/462","399/18842",0.0952380952380952,3.88414759843331,9.2318418438165,9.14988797302338e-13,1.97230918529615e-11,2.4046773686399e-12,"TNF/NR1I3/AR/AHR/NR1H3/JAK2/PIM1/NR1I2/ESR1/HSPA8/TLR9/HDAC2/SIRT1/PPARA/RELA/CD36/PPARG/KDM1A/VDR/TLR3/NLRP3/NR1H2/MAPK8/RTN4/ALOX15/PARP1/RORA/OAS1/HNF4A/PPARD/PLIN5/AKT1/HMGB1/NR1H4/CYP24A1/TLR4/SREBF1/EGFR",38
"GO:0010562","positive regulation of phosphorus metabolic process","33/462","305/18842",0.108196721311475,4.41264637002342,9.52624378480775,9.2435293916166e-13,1.97421435079665e-11,2.40700018313405e-12,"RACK1/NRG1/IL10/JAK2/WNT5A/SIRT1/PPARA/RAC1/MMP9/SESN2/HTR2B/ELANE/IL4/TLR3/C3/RARRES2/IL6/PRKCD/CDKN1A/AKT1/LIF/PDGFRB/VEGFA/INS/NR1H4/FABP3/IGF1/PITPNM2/MTOR/INSR/PDGFB/MIF/EGFR",33
"GO:0045937","positive regulation of phosphate metabolic process","33/462","305/18842",0.108196721311475,4.41264637002342,9.52624378480775,9.2435293916166e-13,1.97421435079665e-11,2.40700018313405e-12,"RACK1/NRG1/IL10/JAK2/WNT5A/SIRT1/PPARA/RAC1/MMP9/SESN2/HTR2B/ELANE/IL4/TLR3/C3/RARRES2/IL6/PRKCD/CDKN1A/AKT1/LIF/PDGFRB/VEGFA/INS/NR1H4/FABP3/IGF1/PITPNM2/MTOR/INSR/PDGFB/MIF/EGFR",33
"GO:0097192","extrinsic apoptotic signaling pathway in absence of ligand","14/462","43/18842",0.325581395348837,13.2783650458069,12.7793158464868,9.56055200610084e-13,2.03259954979021e-11,2.47818454293424e-12,"BAX/TNF/NRG1/IFI6/IL1A/BCL2/ERBB3/GSK3B/IL1B/BCL2A1/AKT1/TERT/RET/KLF4",14
"GO:1904018","positive regulation of vasculature development","26/462","189/18842",0.137566137566138,5.61043541995923,10.0994729211943,1.05550984529403e-12,2.23384265440409e-11,2.72354401439417e-12,"ITGB2/IL10/TJP1/WNT5A/SIRT1/IL1A/TLR3/C3/RTN4/IL1B/TGM2/TGFB1/ANGPTL4/HSPB1/CTNNB1/HMOX1/SERPINE1/TERT/JAK1/NOS3/PRKCA/VEGFA/HMGB1/KLF4/MIR30A/NFE2L2",26
"GO:0045088","regulation of innate immune response","42/462","482/18842",0.0871369294605809,3.55375330064127,9.00463950241905,1.08276727139521e-12,2.28116036905706e-11,2.7812346839961e-12,"TNF/NR1H3/PRKCE/PIM1/PTPN1/HSPA8/TLR9/B2M/CASP6/WNT5A/RELA/SQSTM1/AP1G1/CD36/PPARG/TLR3/NLRP3/NR1H2/MAPK8/C3/RTN4/AIM2/APOE/PARP1/TGFB1/USP18/NFKBIA/OAS1/CPT1A/AKT1/CADM1/CCL5/HMGB1/INS/NR1H4/CD14/TLR4/PVR/CASP1/NFE2L2/HCK/EGFR",42
"GO:0008631","intrinsic apoptotic signaling pathway in response to oxidative stress","16/462","62/18842",0.258064516129032,10.5247870409161,11.9097743773462,1.2807763102287e-12,2.68616869388505e-11,3.27502863886144e-12,"RACK1/FBXW7/IL10/JAK2/SIRT1/PARP1/HSPB1/CTNNB1/PRKCD/NOL3/AKT1/SOD2/INS/ATF4/MMP2/NFE2L2",16
"GO:0048771","tissue remodeling","22/462","133/18842",0.165413533834586,6.74615109201575,10.5433295990933,1.37690826051585e-12,2.87483626052099e-11,3.50505577206555e-12,"CYP1A1/CCR2/NFKB1/GPR55/PPARG/LEPR/ACE/GJA1/AGT/SPP1/SYT7/IL6/TGFB1/ELF3/NOL3/NOS3/PRKCA/MC4R/BGLAP/MMP2/PDK4/EPHA2",22
"GO:0019395","fatty acid oxidation","19/462","96/18842",0.197916666666667,8.07174422799423,11.0130614851803,1.71903090487227e-12,3.5731285236988e-11,4.35642715667322e-12,"ACACB/ACADM/HADHA/CPT2/PPARA/ACADVL/ETFDH/ALOX15/ACOX1/CPT1A/ACAA2/PPARD/CROT/PLIN5/AKT1/GDF15/FABP3/ADIPOQ/PDK4",19
"GO:0001932","regulation of protein phosphorylation","36/462","369/18842",0.0975609756097561,3.97888290571217,9.16216501263099,1.83721354559186e-12,3.80180723034476e-11,4.63523664286381e-12,"RACK1/NRG1/ITGB2/IL10/JAK2/PTPN1/ADAR/WNT5A/SIRT1/IGFBP3/RAC1/MMP9/SESN2/ELANE/IL4/TLR3/AGT/C3/RARRES2/IL6/CDKN2A/HSPB1/PTEN/TRIB1/CDKN1A/AKT1/LIF/PDGFRB/VEGFA/IGF1/MTOR/ADIPOQ/TRIB3/PDGFB/EGFR/NDUFS4",36
"GO:0038034","signal transduction in absence of ligand","14/462","45/18842",0.311111111111111,12.6882154882155,12.44544428779,1.94621380248767e-12,4.0095448957445e-11,4.88851440799566e-12,"BAX/TNF/NRG1/IFI6/IL1A/BCL2/ERBB3/GSK3B/IL1B/BCL2A1/AKT1/TERT/RET/KLF4",14
"GO:0001836","release of cytochrome c from mitochondria","15/462","54/18842",0.277777777777778,11.3287638287638,12.0505025905643,2.00296132385097e-12,4.10827661843618e-11,5.00889002703829e-12,"BAX/SMAD3/IFI6/BCL2/MMP9/TP53/BCL2A1/NOL3/AKT1/CLU/SOD2/IGF1/BNIP3/CASP1/TNFSF10",15
"GO:0009746","response to hexose","25/462","179/18842",0.139664804469274,5.69602650608237,10.0084433671713,2.05459914609229e-12,4.19570772991479e-11,5.11548772310697e-12,"RACK1/SMAD3/TNF/PCK1/PPARA/RAC1/IGF1R/CYP7A1/UCP2/TGFB1/SLC29A1/CASP3/PIM3/HNF4A/PPARD/PKLR/PCK2/ERN1/GCK/LCN2/NR1H4/TXNIP/ADIPOQ/SREBF1/EGR1",25
"GO:0070661","leukocyte proliferation","30/462","261/18842",0.114942528735632,4.68776434293676,9.5115015243196,2.18390627781041e-12,4.44029154125994e-11,5.41368901946662e-12,"AHR/ARG2/IL10/JAK2/TLR9/CCR2/IL1A/BCL2/MAPK3/ACE/IL6ST/BTN3A1/IL4/PTK2/VSIR/IL1B/IL6/CDKN2A/GSTP1/LGALS3/MYC/CLU/CCL5/HMGB1/IGF2/IGF1/IGFBP2/SLC11A1/MIF/CRP",30
"GO:0022409","positive regulation of cell-cell adhesion","32/462","297/18842",0.107744107744108,4.39418718206597,9.34761472220292,2.31639364649048e-12,4.68918644263464e-11,5.71714647987274e-12,"TNF/PCK1/ITGB2/IL10/CCL2/JAK2/TJP1/B2M/CCR2/RELA/IL1A/IL6ST/ELANE/IL4/PTK2/NLRP3/VSIR/IL1B/IL6/TGFB1/IL6R/CTNNB1/ALOX5/AKT1/JAK1/CCL5/HMGB1/IGF2/IGF1/MTOR/IGFBP2/MAP3K8",32
"GO:0009314","response to radiation","35/462","354/18842",0.0988700564971751,4.03227187125492,9.13114020065361,2.57538396380954e-12,5.19090378160053e-11,6.32884992853073e-12,"FBXW7/SMAD3/TNF/SIRT1/RELA/BCL2/MMP9/TP53/CAT/KDM1A/ELANE/FOS/CXCL10/DNMT3A/MAPK8/FECH/PARP1/CASP9/TGFB1/DUSP1/CASP3/DDB2/PRKCD/CDKN1A/AKT1/MYC/MFAP4/CYP2R1/YAP1/LCN2/ATF4/MMP2/EGR1/MMP1/EGFR",35
"GO:0006690","icosanoid metabolic process","21/462","124/18842",0.169354838709677,6.90689149560117,10.4626169005421,2.79365805415666e-12,5.60658271558337e-11,6.83565369571939e-12,"PTGS2/ABCC1/CYP1A1/AVPR1A/SIRT1/GSTM1/GPX4/ALOX15/IL1B/FADS1/CYP2E1/ACOX1/CYP4A11/CYP1A2/ALOX5/GSTA1/GSTP1/CYP2C19/CBR1/CASP1/MIF",21
"GO:0032722","positive regulation of chemokine production","16/462","65/18842",0.246153846153846,10.0390276390276,11.5735208554524,2.8381801867947e-12,5.67148796125156e-11,6.91478742207827e-12,"TNF/TLR9/WNT5A/TLR3/IL1B/IL6/TGFB1/IL6R/OAS1/IL1RL1/HMOX1/HMGB1/TLR4/ADIPOQ/EGR1/MIF",16
"GO:0120161","regulation of cold-induced thermogenesis","23/462","152/18842",0.151315789473684,6.17119503303714,10.1486498793006,2.91116034940207e-12,5.79246264393847e-11,7.06228208660873e-12,"NR1H3/JAK2/CCR2/MFN2/CPT2/IGF1R/CD36/DDIT3/LEPR/FGF21/KDM1A/IL4/GJA1/NR1H2/UCP2/FABP4/CIDEA/VEGFA/LCN2/TLR4/SCD/ATF4/ADIPOQ",23
"GO:0106106","cold-induced thermogenesis","23/462","153/18842",0.150326797385621,6.13086042497807,10.102831114878,3.34955871707449e-12,6.63640229221226e-11,8.09122957001112e-12,"NR1H3/JAK2/CCR2/MFN2/CPT2/IGF1R/CD36/DDIT3/LEPR/FGF21/KDM1A/IL4/GJA1/NR1H2/UCP2/FABP4/CIDEA/VEGFA/LCN2/TLR4/SCD/ATF4/ADIPOQ",23
"GO:0002687","positive regulation of leukocyte migration","22/462","139/18842",0.158273381294964,6.45495032545392,10.2339377827733,3.45147033202854e-12,6.80934146861223e-11,8.30208034672532e-12,"DNM1L/TNF/CCL2/CCR2/WNT5A/RAC1/CX3CR1/MAPK3/PTK2/CXCL10/RTN4/RARRES2/IL6/TGFB1/IL6R/LGALS3/SERPINE1/CCL5/VEGFA/HMGB1/ADAM10/CCL20",22
"GO:0007249","canonical NF-kappaB signal transduction","34/462","339/18842",0.100294985250737,4.09038552401384,9.10314885831054,3.5806841445746e-12,7.0344579650377e-11,8.57654671756491e-12,"LPAR1/TNF/ESR1/TLR9/WNT5A/NFKB1/SIRT1/RELA/IL1A/SQSTM1/CX3CR1/CD36/HTR2B/TLR3/GJA1/PARP1/IL1B/TGFB1/HSPB1/RORA/NFKBIA/GSTP1/HMOX1/S100A4/VEGFA/INS/NR1H4/TLR4/KLF4/S100B/ADIPOQ/INSR/CASP1/TNFSF10",34
"GO:0006953","acute-phase response","14/462","47/18842",0.297872340425532,12.1482914248872,12.132108508885,3.80986896771432e-12,7.42207109358908e-11,9.04913211389324e-12,"TNF/PTGS2/IL1A/SERPINA1/AHSG/IL1B/IL6/CD163/IL6R/SAA1/LCN2/INS/HP/CRP",14
"GO:1902175","regulation of oxidative stress-induced intrinsic apoptotic signaling pathway","14/462","47/18842",0.297872340425532,12.1482914248872,12.132108508885,3.80986896771432e-12,7.42207109358908e-11,9.04913211389324e-12,"RACK1/FBXW7/IL10/SIRT1/PARP1/HSPB1/CTNNB1/NOL3/AKT1/SOD2/INS/ATF4/MMP2/NFE2L2",14
"GO:0007623","circadian rhythm","26/462","200/18842",0.13,5.30186147186147,9.69673163268489,3.97393391294072e-12,7.709431791105e-11,9.39948781425943e-12,"FBXW7/TNF/AHR/NR1H3/HDAC2/SIRT1/PPARA/PPARG/TP53/NFIL3/MAPK8/GSK3B/PARP1/NOS2/GFPT1/PRMT5/RORA/PTEN/HNF4A/ATG7/MTTP/IGF1/MTOR/ATF4/SREBF1/EGR1",26
"GO:0045766","positive regulation of angiogenesis","25/462","185/18842",0.135135135135135,5.51129051129051,9.77610736494598,4.34209763729598e-12,8.38871643122411e-11,1.0227684738523e-11,"ITGB2/IL10/TJP1/WNT5A/SIRT1/IL1A/TLR3/C3/RTN4/IL1B/TGM2/ANGPTL4/HSPB1/CTNNB1/HMOX1/SERPINE1/TERT/JAK1/NOS3/PRKCA/VEGFA/HMGB1/KLF4/MIR30A/NFE2L2",25
"GO:0040008","regulation of growth","41/462","482/18842",0.0850622406639004,3.46914012681648,8.70628996048936,4.43315922394123e-12,8.52925179614479e-11,1.03990281638023e-11,"RACK1/ACACB/IGFBP1/SMAD3/NRG1/RBBP7/PIM1/OSGIN1/HBEGF/SLC9A1/AVPR1A/PPARA/BCL2/TP53/SESN2/AGTR1/GJA1/AGT/SPP1/RTN4/APOE/GSK3B/CDH1/TGFB1/CDKN2A/PTEN/HNF4A/PPARD/CDKN1A/AKT1/GDF15/YAP1/VEGFA/INS/IGF2/IGF1/MTOR/ADAM10/INSR/RBP4/EGFR",41
"GO:0042116","macrophage activation","19/462","101/18842",0.188118811881188,7.67215292957867,10.6593447256446,4.45731485158604e-12,8.54043536995252e-11,1.04126633925161e-11,"TNF/NR1H3/ITGB2/IL10/JAK2/TLR9/WNT5A/LDLR/CX3CR1/IL4/IL1B/IL6/CEBPA/IL1RL1/CLU/HMGB1/TLR4/SLC11A1/MIF",19
"GO:1904705","regulation of vascular associated smooth muscle cell proliferation","18/462","89/18842",0.202247191011236,8.24835838318984,10.8667454438655,4.51214150767641e-12,8.61005363104155e-11,1.04975433181043e-11,"TNF/IL10/JAK2/MFN2/MMP9/PPARG/GJA1/PTEN/GSTP1/CDKN1A/TERT/ERN1/SOD2/IGF1/JUN/ADIPOQ/PDGFB/MMP2",18
"GO:0015980","energy derivation by oxidation of organic compounds","36/462","383/18842",0.0939947780678851,3.83344071072531,8.88197692685218,5.47455971997936e-12,1.04038979821322e-10,1.26846329215442e-11,"PYGM/PYGL/SLC25A13/TNF/ACADM/MFN2/PPARA/STOML2/LEPR/ACADVL/IL4/SDHB/ETFDH/UCP2/GSK3B/NOS2/GFPT1/NDUFB10/ENO3/OAS1/AKT1/PKLR/SUCLG1/LDHA/PNPT1/GCK/INS/IGF2/IGF1/MTOR/INSR/GFPT2/NDUFS2/PDK4/NDUFS4/NDUFA2",36
"GO:0030099","myeloid cell differentiation","35/462","364/18842",0.0961538461538462,3.92149517149517,8.92336365778378,5.72563076229266e-12,1.08368035891198e-10,1.3212439780449e-11,"FBXW7/TNF/TF/JAK2/BATF3/SIRT1/FASN/IL1A/GPR55/MMP9/PPARG/IL6ST/IL4/TLR3/BLVRB/UCP2/PARP1/IL1B/CASP9/TGFB1/CASP3/CEBPA/IL1RL1/TRIB1/MYC/MIMS2/LIF/PRKCA/VEGFA/TLR4/MTOR/ADIPOQ/GLO1/BGLAP/EPHA2",35
"GO:0043122","regulation of canonical NF-kappaB signal transduction","33/462","326/18842",0.101226993865031,4.12839614373357,9.03352321324674,5.83966454546336e-12,1.10078858800313e-10,1.34210266065903e-11,"LPAR1/TNF/ESR1/TLR9/WNT5A/SIRT1/RELA/IL1A/SQSTM1/CX3CR1/CD36/HTR2B/TLR3/GJA1/PARP1/IL1B/TGFB1/HSPB1/RORA/NFKBIA/GSTP1/HMOX1/S100A4/VEGFA/INS/NR1H4/TLR4/KLF4/S100B/ADIPOQ/INSR/CASP1/TNFSF10",33
"GO:0019433","triglyceride catabolic process","13/462","40/18842",0.325,13.2546536796537,12.3006829014386,6.44996735218728e-12,1.21092935450742e-10,1.47638840579068e-11,"PNPLA3/APOA5/LIPC/FABP1/CPS1/FABP4/PLIN5/PLIN1/FABP6/FABP3/APOC1/LIPG/FABP2",13
"GO:0015833","peptide transport","28/462","238/18842",0.117647058823529,4.79806468041762,9.34862799713933,6.8512450115847e-12,1.28110027204572e-10,1.56194214077251e-11,"TNF/FOXO1/ABCC1/JAK2/HNF1A/RAC1/IL6ST/GJA1/FFAR1/SYT7/UCP2/NOS2/IL1B/IL6/IL6R/ALOX5/PIM3/CPT1A/HNF4A/PPARD/PRKCA/CCL5/GCK/ABCC5/INS/NR1H4/RBP4/SCT",28
"GO:0070374","positive regulation of ERK1 and ERK2 cascade","25/462","189/18842",0.132275132275132,5.39464944226849,9.62677903440295,7.03061424787909e-12,1.309381597525e-10,1.59642327782859e-11,"FBXW7/TNF/NRG1/GPR55/CD36/MAPK3/FGF21/HTR2B/APOE/ALOX15/IL1B/TGFB1/NOX4/PRKCA/PDGFRB/VEGFA/HMGB1/FGFR4/FGF23/AKAP12/GPBAR1/IGF1/PDGFB/MIF/EGFR",25
"GO:0009411","response to UV","21/462","130/18842",0.161538461538462,6.58811188811189,10.1362397437896,7.18303928363217e-12,1.33243947827057e-10,1.62453589040021e-11,"FBXW7/SIRT1/RELA/MMP9/TP53/CAT/KDM1A/ELANE/MAPK8/PARP1/CASP9/DDB2/PRKCD/CDKN1A/AKT1/MYC/MFAP4/ATF4/MMP2/MMP1/EGFR",21
"GO:0042759","long-chain fatty acid biosynthetic process","11/462","26/18842",0.423076923076923,17.2545787545788,13.149188457822,9.49074263888407e-12,1.75352768756525e-10,2.13793475029548e-11,"PTGS2/CYP1A1/GSTM1/GPX4/ALOX15/FADS1/CYP2E1/CYP1A2/ALOX5/GSTP1/CYP3A4",11
"GO:0006801","superoxide metabolic process","16/462","70/18842",0.228571428571429,9.32195423623995,11.0590871244163,9.70560658004836e-12,1.78613850737965e-10,2.17769449028204e-11,"ITGB2/PRKCE/MB/RAC1/CD36/AGT/NOS2/TGFB1/PRKCD/NOX4/GSTP1/NOS3/NQO1/SOD2/NFE2L2/CRP",16
"GO:0042325","regulation of phosphorylation","37/462","412/18842",0.0898058252427184,3.66260034463918,8.66347513623988,1.06167611892146e-11,1.94612756287335e-10,2.37275623001531e-11,"RACK1/NRG1/ITGB2/IL10/JAK2/PTPN1/ADAR/WNT5A/SIRT1/IGFBP3/RAC1/MMP9/SESN2/ELANE/IL4/TLR3/AGT/C3/RARRES2/IL6/CDKN2A/HSPB1/PTEN/TRIB1/CDKN1A/AKT1/LIF/PDGFRB/VEGFA/IGF1/MTOR/ADIPOQ/TRIB3/PDGFB/MIF/EGFR/NDUFS4",37
"GO:0032637","interleukin-8 production","19/462","106/18842",0.179245283018868,7.31025892346647,10.3290857401345,1.09193180327288e-11,1.98595096720255e-10,2.42130969204172e-11,"TNF/IL10/TLR9/WNT5A/RELA/DDIT3/ELANE/TLR3/NOS2/IL1B/IL6/IL6R/SERPINE1/HMGB1/CD14/TLR4/KLF4/ADIPOQ/CRP",19
"GO:0032677","regulation of interleukin-8 production","19/462","106/18842",0.179245283018868,7.31025892346647,10.3290857401345,1.09193180327288e-11,1.98595096720255e-10,2.42130969204172e-11,"TNF/IL10/TLR9/WNT5A/RELA/DDIT3/ELANE/TLR3/NOS2/IL1B/IL6/IL6R/SERPINE1/HMGB1/CD14/TLR4/KLF4/ADIPOQ/CRP",19
"GO:0019432","triglyceride biosynthetic process","13/462","42/18842",0.30952380952381,12.6234796949083,11.9558949613162,1.3080486993498e-11,2.3514574301825e-10,2.86694221567037e-11,"FBXW7/PCK1/NR1H3/PNPLA3/SIRT1/LDLR/DGAT1/NR1H2/C3/SCARB1/PLIN5/PCK2/SREBF1",13
"GO:0045923","positive regulation of fatty acid metabolic process","13/462","42/18842",0.30952380952381,12.6234796949083,11.9558949613162,1.3080486993498e-11,2.3514574301825e-10,2.86694221567037e-11,"NR1H3/PTGS2/AVPR1A/PPARA/PPARG/APOA5/NR1H2/IL1B/CPT1A/PPARD/PLIN5/GDF15/ADIPOQ",13
"GO:0090207","regulation of triglyceride metabolic process","13/462","42/18842",0.30952380952381,12.6234796949083,11.9558949613162,1.3080486993498e-11,2.3514574301825e-10,2.86694221567037e-11,"FBXW7/NR1H3/SIRT1/LDLR/APOA5/NR1H2/C3/CIDEC/SCARB1/PLIN5/PLIN1/APOC1/SREBF1",13
"GO:0050673","epithelial cell proliferation","34/462","356/18842",0.0955056179775281,3.8950581253952,8.74301093068074,1.40163482199008e-11,2.51000451199454e-10,3.06024587330156e-11,"FBXW7/TNF/IL10/CCL2/B2M/WNT5A/SIRT1/PPARG/ERBB3/VDR/HTR2B/AGTR1/MARVELD3/RTN4/APOE/IL6/OSR2/ENG/TGFB1/ALOX5/HMOX1/AKT1/MYC/ERN1/PRKCA/YAP1/VEGFA/HMGB1/GPBAR1/IGF1/PDGFB/BGLAP/EGFR/EPHA2",34
"GO:0050796","regulation of insulin secretion","22/462","149/18842",0.147651006711409,6.02173218280601,9.75679966144925,1.43684981742302e-11,2.56320795016153e-10,3.1251125304402e-11,"TNF/FOXO1/JAK2/RAC1/IL6ST/FFAR1/SYT7/UCP2/NOS2/IL1B/IL6/IL6R/ALOX5/PIM3/CPT1A/HNF4A/PPARD/PRKCA/CCL5/GCK/NR1H4/RBP4",22
"GO:0010875","positive regulation of cholesterol efflux","11/462","27/18842",0.407407407407407,16.6155202821869,12.8731976870331,1.56646087920506e-11,2.78375643266365e-10,3.39400949067064e-11,"NR1H3/NFKB1/SIRT1/PPARG/ABCA1/NR1H2/APOE/APOA1/ABCG1/ADIPOQ/CES1",11
"GO:0009612","response to mechanical stimulus","25/462","196/18842",0.127551020408163,5.2019833907589,9.37539849538948,1.58485766932293e-11,2.80574042143253e-10,3.42081279344845e-11,"TNF/SLC9A1/NFKB1/MAPK3/TLR3/PTK2/RETN/FOS/CXCL10/MAPK8/IL1B/TGFB1/CTNNB1/MAP3K14/PRKCA/FAS/TLR4/ATP1A2/BNIP3/IGFBP2/TXNIP/CASP1/BGLAP/SLC2A1/MMP2",25
"GO:0051384","response to glucocorticoid","20/462","122/18842",0.163934426229508,6.68582783336882,9.98897456558638,1.72701069181721e-11,3.04581885647762e-10,3.71352104819641e-11,"TNF/PCK1/IL10/AVPR1A/FOS/UCP2/IL6/CASP9/UGT1A1/TGFB1/DUSP1/CASP3/CPS1/GSTP1/HMGCS2/PCK2/PRKCA/IGFBP2/S100B/BGLAP",20
"GO:2001235","positive regulation of apoptotic signaling pathway","19/462","109/18842",0.174311926605505,7.10905913658207,10.1410779423961,1.82342032386024e-11,3.2037151048654e-10,3.90603119717401e-11,"RACK1/BAX/FBXW7/TNF/WNT5A/SIRT1/DDIT3/PPARG/TP53/AGT/MYC/CLU/ATF3/RET/FAS/TLR4/GSDME/TNFSF10/MMP2",19
"GO:0010887","negative regulation of cholesterol storage","8/462","11/18842",0.727272727272727,29.6607634789453,15.0746631038201,1.90357912762303e-11,3.33197910459128e-10,4.06241313751657e-11,"NR1H3/PPARA/PPARG/ABCA1/NR1H2/ABCG1/PPARD/CES1",8
"GO:0043691","reverse cholesterol transport","10/462","21/18842",0.476190476190476,19.4207379921666,13.390461170043,1.97560452668403e-11,3.44509912967822e-10,4.20033125212784e-11,"ABCA1/LIPC/APOE/APOA1/ABCG1/SCARB1/CLU/CETP/CES1/LIPG",10
"GO:0090276","regulation of peptide hormone secretion","24/462","182/18842",0.131868131868132,5.37805052090766,9.40937662435911,1.99014167593284e-11,3.45749986684452e-10,4.21545046986539e-11,"TNF/FOXO1/JAK2/RAC1/IL6ST/FFAR1/SYT7/UCP2/NOS2/IL1B/IL6/IL6R/ALOX5/PIM3/CPT1A/HNF4A/PPARD/PRKCA/CCL5/GCK/INS/NR1H4/RBP4/SCT",24
"GO:0042176","regulation of protein catabolic process","36/462","401/18842",0.0897755610972569,3.66136606535609,8.54052909212644,2.06241038602991e-11,3.56973336704657e-10,4.35228771625207e-11,"RACK1/FBXW7/SMAD3/TNF/FOXO1/TF/TIPARP/IL10/GPC3/WNT5A/SIRT1/LDLR/PTK2/APOE/GSK3B/CDH1/NOS2/IL1B/CDKN2A/CEBPA/PTEN/TRIB1/HSPA5/AKT1/CLU/FBXO2/ATG7/NQO1/INS/PCSK9/PSMD2/MTOR/TRIB3/HMGCR/NFE2L2/EGFR",36
"GO:0034614","cellular response to reactive oxygen species","21/462","138/18842",0.152173913043478,6.20619235836627,9.7317897061685,2.33214380612718e-11,4.02165243012154e-10,4.903276147242e-11,"RACK1/MB/HDAC2/SIRT1/RELA/CD36/CAT/FOS/MAPK8/IL6/FABP1/PRKCD/AKT1/ERN1/NOS3/LCN2/NQO1/SOD2/BNIP3/KLF4/NFE2L2",21
"GO:0032732","positive regulation of interleukin-1 production","16/462","74/18842",0.216216216216216,8.81806481806482,10.6833224886213,2.40557333726169e-11,4.13297027981197e-10,5.0389970148787e-11,"SMAD3/TNF/JAK2/HDAC2/WNT5A/RELA/CD36/NLRP3/AIM2/IL6/HSPB1/SAA1/HMGB1/TLR4/CASP1/EGR1",16
"GO:0001676","long-chain fatty acid metabolic process","19/462","111/18842",0.171171171171171,6.98096798096798,10.0196532906185,2.54188454216024e-11,4.35110824569782e-10,5.30495502679562e-11,"PTGS2/CYP1A1/FADS2/PNPLA3/CPT2/GSTM1/GPX4/ALOX15/FADS1/CYP2E1/CYP4A11/CYP1A2/ALOX5/SLC27A5/GSTA1/CPT1A/GSTP1/CYP2C19/CYP3A4",19
"GO:0002791","regulation of peptide secretion","24/462","186/18842",0.129032258064516,5.26239352045804,9.26191855225545,3.17445541850163e-11,5.4140162741918e-10,6.60087297927493e-11,"TNF/FOXO1/JAK2/RAC1/IL6ST/FFAR1/SYT7/UCP2/NOS2/IL1B/IL6/IL6R/ALOX5/PIM3/CPT1A/HNF4A/PPARD/PRKCA/CCL5/GCK/INS/NR1H4/RBP4/SCT",24
"GO:0001558","regulation of cell growth","34/462","367/18842",0.0926430517711172,3.77831251400734,8.52161899257588,3.23638520781202e-11,5.49949252831122e-10,6.70508727557768e-11,"RACK1/IGFBP1/SMAD3/NRG1/RBBP7/OSGIN1/HBEGF/SLC9A1/AVPR1A/PPARA/BCL2/TP53/SESN2/AGTR1/GJA1/AGT/SPP1/RTN4/APOE/GSK3B/CDH1/TGFB1/CDKN2A/HNF4A/PPARD/CDKN1A/AKT1/YAP1/VEGFA/INS/IGF1/MTOR/ADAM10/EGFR",34
"GO:0030073","insulin secretion","23/462","171/18842",0.134502923976608,5.48550669603301,9.34170146011639,3.48786637418917e-11,5.90527485026356e-10,7.19982490265333e-11,"TNF/FOXO1/JAK2/HNF1A/RAC1/IL6ST/FFAR1/SYT7/UCP2/NOS2/IL1B/IL6/IL6R/ALOX5/PIM3/CPT1A/HNF4A/PPARD/PRKCA/CCL5/GCK/NR1H4/RBP4",23
"GO:0010884","positive regulation of lipid storage","10/462","22/18842",0.454545454545455,18.5379771743408,13.0491204651847,3.54303395050227e-11,5.95536681355184e-10,7.26089798965616e-11,"ACACB/SREBF2/NFKB1/CD36/NR1H2/C3/SCARB1/PLIN2/PLIN5/APOB",10
"GO:0042359","vitamin D metabolic process","10/462","22/18842",0.454545454545455,18.5379771743408,13.0491204651847,3.54303395050227e-11,5.95536681355184e-10,7.26089798965616e-11,"TNF/CYP1A1/NFKB1/VDR/GC/CYP27A1/CYP3A4/CYP2R1/CYP24A1/FGF23",10
"GO:0002526","acute inflammatory response","18/462","100/18842",0.18,7.34103896103896,10.0798173796547,3.56062575780077e-11,5.96340774400014e-10,7.27070164702185e-11,"TNF/PTGS2/IL1A/SERPINA1/IL6ST/ELANE/AHSG/NLRP3/IL1B/IL6/CD163/IL6R/SAA1/GSTP1/LCN2/INS/HP/CRP",18
"GO:0090087","regulation of peptide transport","24/462","188/18842",0.127659574468085,5.20641061066593,9.18977358990334,3.99008341620782e-11,6.65871985156402e-10,8.11843956847208e-11,"TNF/FOXO1/JAK2/RAC1/IL6ST/FFAR1/SYT7/UCP2/NOS2/IL1B/IL6/IL6R/ALOX5/PIM3/CPT1A/HNF4A/PPARD/PRKCA/CCL5/GCK/INS/NR1H4/RBP4/SCT",24
"GO:0031960","response to corticosteroid","21/462","142/18842",0.147887323943662,6.03137003841229,9.54135022124696,4.07125364027768e-11,6.76991319611888e-10,8.25400863704807e-11,"TNF/PCK1/IL10/AVPR1A/FOS/UCP2/PARP1/IL6/CASP9/UGT1A1/TGFB1/DUSP1/CASP3/CPS1/GSTP1/HMGCS2/PCK2/PRKCA/IGFBP2/S100B/BGLAP",21
"GO:0002274","myeloid leukocyte activation","26/462","222/18842",0.117117117117117,4.77645177645178,8.97368460090322,4.34100914878641e-11,7.18991124863948e-10,8.76607835679511e-11,"TNF/NR1H3/ITGB2/IL10/CNR2/JAK2/BATF3/TLR9/CCR2/WNT5A/LDLR/CX3CR1/IL4/CXCR2/IL1B/IL6/PRKCD/CEBPA/IL1RL1/CLU/CCL5/HMGB1/TLR4/SLC11A1/ADAM10/MIF",26
"GO:0055094","response to lipoprotein particle","12/462","37/18842",0.324324324324324,13.2270972270972,11.8028739164751,4.35471428719144e-11,7.18991124863948e-10,8.76607835679511e-11,"ITGB2/SREBF2/LDLR/CD36/PPARG/ABCA1/APOE/TGFB1/AKT1/TLR4/TXNIP/CES1",12
"GO:0051047","positive regulation of secretion","30/462","294/18842",0.102040816326531,4.16158671260712,8.66224430792808,4.50868143671211e-11,7.41781652626557e-10,9.0439448634193e-11,"DNM1L/ITGB2/JAK2/AVPR1A/RAC1/IL1A/AP1G1/PPARG/RETN/NR1H2/SPP1/FFAR1/SYT7/IL1B/TGFB1/ABCG1/CYP4A11/RAB27A/PPARD/PRKCA/GCK/INS/NR1H4/TLR4/IGF1/P2RY2/RBP4/BGLAP/MIF/SCT",30
"GO:0032757","positive regulation of interleukin-8 production","15/462","66/18842",0.227272727272727,9.2689885871704,10.6689831942889,4.7434318993437e-11,7.77655595892403e-10,9.48132689326722e-11,"TNF/TLR9/WNT5A/RELA/DDIT3/ELANE/TLR3/NOS2/IL1B/IL6/SERPINE1/HMGB1/CD14/TLR4/ADIPOQ",15
"GO:2001243","negative regulation of intrinsic apoptotic signaling pathway","18/462","102/18842",0.176470588235294,7.19709702062643,9.94955820713753,5.02913358689453e-11,8.21601613353717e-10,1.00171252073394e-10,"RACK1/IL10/PTGS2/PTPN1/SIRT1/BCL2/MMP9/KDM1A/HSPB1/CTNNB1/NOL3/AKT1/CLU/SOD2/INS/ATF4/NFE2L2/MIF",18
"GO:0001503","ossification","33/462","354/18842",0.0932203389830508,3.80185633575464,8.43728534581468,5.39837476737737e-11,8.78840311780036e-10,1.07149904494744e-10,"SMAD3/TNF/NR1I3/WNT5A/IGFBP3/FASN/PPARG/CAT/IL6ST/VDR/AHSG/PTK2/SPP1/GSK3B/ALOX15/IL6/OSR2/IL6R/CTNNB1/ALOX5/INPPL1/PTEN/AKT1/YAP1/CYP24A1/FGF23/IGF2/IGF1/IGFBP2/ATF4/BGLAP/EGFR/EPHA2",33
"GO:0045444","fat cell differentiation","24/462","191/18842",0.12565445026178,5.12463452777589,9.08345992747779,5.59035347064628e-11,9.0692284875711e-10,1.10573781523062e-10,"SMAD3/TNF/FOXO1/PTGS2/PIM1/PNPLA3/WNT5A/SIRT1/PPARG/RETN/RARRES2/IL6/TGFB1/ALOX5/RORA/CEBPA/PPARD/AKT1/CIDEA/YAP1/INS/KLF4/ADIPOQ/TRIB3",24
"GO:0032760","positive regulation of tumor necrosis factor production","19/462","116/18842",0.163793103448276,6.68006418868488,9.72881483485672,5.65061239502426e-11,9.13515670528922e-10,1.11377591059028e-10,"JAK2/TLR9/CCR2/HDAC2/WNT5A/IL1A/TLR3/IL6/TGFB1/HSPB1/OAS1/CLU/HMGB1/CD14/TLR4/AKAP12/ADAM10/OAS2/MIF",19
"GO:0010721","negative regulation of cell development","26/462","225/18842",0.115555555555556,4.71276575276575,8.88247856505821,5.8729898980311e-11,9.46181348277952e-10,1.15360253442795e-10,"FBXW7/TNF/B2M/TTPA/LDLR/GPR55/IL4/TLR3/SPP1/RTN4/TSPO/GSK3B/CDH1/IL1B/IL6/TGFB1/CDKN2A/CTNNB1/PTEN/TRIB1/MYC/VEGFA/HMGB1/TLR4/IGF1/ADIPOQ",26
"GO:0006635","fatty acid beta-oxidation","15/462","67/18842",0.223880597014925,9.13064547392906,10.5699434106714,5.9760064872462e-11,9.59458144986838e-10,1.16978986084306e-10,"ACACB/ACADM/HADHA/CPT2/PPARA/ACADVL/ETFDH/ACOX1/CPT1A/ACAA2/PPARD/CROT/PLIN5/AKT1/ADIPOQ",15
"GO:0110075","regulation of ferroptosis","11/462","30/18842",0.366666666666667,14.9539682539683,12.1266566690511,6.14122941107892e-11,9.82596705772627e-10,1.19800084007456e-10,"HSPA8/SLC25A1/SQSTM1/GPX4/GSTP1/HMOX1/PCK2/NQO1/FTH1/NFE2L2/SLC7A11",11
"GO:0062014","negative regulation of small molecule metabolic process","19/462","117/18842",0.162393162393162,6.62296962296962,9.67270547367199,6.59550259816858e-11,1.05166644168058e-09,1.28221199319092e-10,"ACACB/NFKB1/SIRT1/PPARA/TP53/ACADVL/CYP7A1/TSPO/APOE/PARP1/UGT1A1/ANGPTL4/PLIN5/AKT1/GCK/INS/APOC1/ADIPOQ/TRIB3",19
"GO:1903131","mononuclear cell differentiation","37/462","439/18842",0.0842824601366743,3.4373379088641,8.19226324861212,6.72398117133446e-11,1.0684933902298e-09,1.30272773314754e-10,"PCK1/IL10/CFB/BATF3/TLR9/CCR2/SIRT1/FASN/IL1A/MMP9/PPARG/LEPR/IL6ST/IL4/NLRP3/FOS/VSIR/NFIL3/UCP2/PARP1/IL1B/IL6/TGFB1/CDKN2A/IL6R/RORA/IL1RL1/TRIB1/MYC/LIF/JAK1/PRKCA/VEGFA/HMGB1/MTOR/ADIPOQ/NFE2L2",37
"GO:0010874","regulation of cholesterol efflux","14/462","57/18842",0.245614035087719,10.0170122275385,10.8092284536018,6.85804399207468e-11,1.08609023221428e-09,1.32418214201764e-10,"NR1H3/SREBF2/NFKB1/SIRT1/MAPK3/PPARG/ABCA1/NR1H2/APOE/APOA1/ABCG1/CETP/ADIPOQ/CES1",14
"GO:0120162","positive regulation of cold-induced thermogenesis","18/462","104/18842",0.173076923076923,7.05869130869131,9.82277253088603,7.04449868308975e-11,1.11183680910054e-09,1.35557286473997e-10,"JAK2/CCR2/MFN2/CPT2/IGF1R/CD36/LEPR/FGF21/KDM1A/IL4/GJA1/UCP2/FABP4/CIDEA/VEGFA/LCN2/SCD/ADIPOQ",18
"GO:0030072","peptide hormone secretion","25/462","210/18842",0.119047619047619,4.85518449804164,8.90687352716443,7.23977558525514e-11,1.13879713259959e-09,1.38844341072369e-10,"TNF/FOXO1/JAK2/HNF1A/RAC1/IL6ST/FFAR1/SYT7/UCP2/NOS2/IL1B/IL6/IL6R/ALOX5/PIM3/CPT1A/HNF4A/PPARD/PRKCA/CCL5/GCK/INS/NR1H4/RBP4/SCT",25
"GO:0002688","regulation of leukocyte chemotaxis","19/462","118/18842",0.161016949152542,6.56684276175802,9.61724879135882,7.68577216981804e-11,1.20488064722804e-09,1.46901370530626e-10,"DNM1L/CCL2/CCR2/WNT5A/RAC1/CX3CR1/MAPK3/PTK2/CXCL10/RARRES2/IL6/DUSP1/IL6R/SERPINE1/CCL5/VEGFA/HMGB1/ADAM10/MIF",19
"GO:0002690","positive regulation of leukocyte chemotaxis","17/462","92/18842",0.184782608695652,7.53609072087333,9.96349158287583,8.12518424095756e-11,1.26524608113373e-09,1.54261240567398e-10,"DNM1L/CCL2/CCR2/WNT5A/RAC1/CX3CR1/MAPK3/PTK2/CXCL10/RARRES2/IL6/IL6R/SERPINE1/CCL5/VEGFA/HMGB1/ADAM10",17
"GO:0071677","positive regulation of mononuclear cell migration","17/462","92/18842",0.184782608695652,7.53609072087333,9.96349158287583,8.12518424095756e-11,1.26524608113373e-09,1.54261240567398e-10,"TNF/CCL2/CCR2/WNT5A/CX3CR1/MAPK3/PTK2/CXCL10/RTN4/RARRES2/TGFB1/LGALS3/SERPINE1/CCL5/HMGB1/ADAM10/CCL20",17
"GO:0007005","mitochondrion organization","33/462","360/18842",0.0916666666666667,3.73849206349206,8.31741675830059,8.42930782684762e-11,1.30822857472675e-09,1.59501749021215e-10,"BAX/DNM1L/SMAD3/UQCC1/IFIT2/IFI6/CASP6/MFN2/SQSTM1/BCL2/STOML2/MMP9/PPARG/TP53/UCP2/GSK3B/PARP1/BCL2A1/OCIAD2/NOL3/ACAA2/AKT1/TERT/CLU/NOS3/PNPT1/SOD2/IGF1/BNIP3/CASP1/TNFSF10/NDUFS2/NDUFS4",33
"GO:0006006","glucose metabolic process","22/462","163/18842",0.134969325153374,5.50452819164476,9.15728033269956,8.74336297076402e-11,1.35246172730489e-09,1.64894740228742e-10,"ACACB/SLC25A13/PCK1/FOXO1/ACADM/SIRT1/RORA/ENO3/OAS1/CPT1A/PPARD/AKT1/PCK2/GCK/INS/IGF2/IGF1/ATF4/ADIPOQ/INSR/RBP4/PDK4",22
"GO:0070542","response to fatty acid","14/462","58/18842",0.241379310344828,9.84430512016719,10.6950761946074,8.83988318439213e-11,1.36286410948774e-09,1.66163018711726e-10,"FOXO1/LDLR/CD36/CAT/FFAR1/UCP2/PRKCD/CPS1/CPT1A/HMGCS2/NR1H4/FABP3/SREBF1/PDK4",14
"GO:0097707","ferroptosis","11/462","31/18842",0.354838709677419,14.4715821812596,11.9012812641605,9.31037418338416e-11,1.4306634388725e-09,1.74429243611754e-10,"HSPA8/SLC25A1/SQSTM1/GPX4/GSTP1/HMOX1/PCK2/NQO1/FTH1/NFE2L2/SLC7A11",11
"GO:0032943","mononuclear cell proliferation","26/462","230/18842",0.11304347826087,4.6103143233578,8.7339885748665,9.60836599794639e-11,1.47159710810653e-09,1.79419955451271e-10,"AHR/ARG2/IL10/JAK2/TLR9/CCR2/IL1A/BCL2/ACE/IL6ST/BTN3A1/IL4/VSIR/IL1B/IL6/CDKN2A/LGALS3/MYC/CCL5/HMGB1/IGF2/IGF1/IGFBP2/SLC11A1/MIF/CRP",26
"GO:0046503","glycerolipid catabolic process","16/462","81/18842",0.197530864197531,8.05600983378761,10.0895989562485,1.02640832520945e-10,1.56687120071319e-09,1.91035956432098e-10,"PNPLA3/PRDX6/LDLR/APOA5/LIPC/FABP1/CPS1/SCARB1/FABP4/PLIN5/PLIN1/FABP6/FABP3/APOC1/LIPG/FABP2",16
"GO:1903557","positive regulation of tumor necrosis factor superfamily cytokine production","19/462","120/18842",0.158333333333333,6.45739538239538,9.50823989842162,1.03867711048647e-10,1.58041850536764e-09,1.92687669923649e-10,"JAK2/TLR9/CCR2/HDAC2/WNT5A/IL1A/TLR3/IL6/TGFB1/HSPB1/OAS1/CLU/HMGB1/CD14/TLR4/AKAP12/ADAM10/OAS2/MIF",19
"GO:0072001","renal system development","26/462","231/18842",0.112554112554113,4.59035625269392,8.70480181729875,1.0584729412334e-10,1.60529316429405e-09,1.95720436277875e-10,"SMAD3/ARG2/GPC3/MMP9/CAT/ACE/AGTR1/AGT/CASP9/OSR2/TGFB1/IL6R/CTNNB1/CYP4A11/HMGCS2/MYC/LIF/PDGFRB/VEGFA/RET/PCSK9/ADIPOQ/EPCAM/PDGFB/RBP4/EGR1",26
"GO:0002790","peptide secretion","25/462","214/18842",0.116822429906542,4.76443338592871,8.78058795358622,1.09106301278889e-10,1.6493472037484e-09,2.01091589668166e-10,"TNF/FOXO1/JAK2/HNF1A/RAC1/IL6ST/FFAR1/SYT7/UCP2/NOS2/IL1B/IL6/IL6R/ALOX5/PIM3/CPT1A/HNF4A/PPARD/PRKCA/CCL5/GCK/INS/NR1H4/RBP4/SCT",25
"GO:0120254","olefinic compound metabolic process","22/462","165/18842",0.133333333333333,5.43780663780664,9.07730644347382,1.1136143881317e-10,1.67798983532078e-09,2.04583754508946e-10,"PTGS2/CYP1A1/FADS2/DGAT1/GPX4/ALOX15/FADS1/CYP2E1/CYP4A11/CYP1A2/ALOX5/GSTA1/GSTP1/RETSAT/CYP2C19/CYP3A4/AKR1B10/CYP17A1/CES1/RBP4/BGLAP/EGR1",22
"GO:0016049","cell growth","36/462","426/18842",0.0845070422535211,3.44649716480702,8.09752079995143,1.14187396734138e-10,1.71502102965854e-09,2.09098669088343e-10,"RACK1/IGFBP1/SMAD3/NRG1/RBBP7/OSGIN1/HBEGF/SLC9A1/AVPR1A/PPARA/BCL2/TP53/SESN2/AGTR1/GJA1/AGT/SPP1/RTN4/APOE/GSK3B/CDH1/TGFB1/CDKN2A/CTNNB1/HNF4A/PPARD/CDKN1A/AKT1/YAP1/VEGFA/INS/IGF1/MTOR/S100B/ADAM10/EGFR",36
"GO:0046460","neutral lipid biosynthetic process","13/462","49/18842",0.26530612244898,10.8201254527785,10.9123233946544,1.15117289849597e-10,1.71790417160168e-09,2.0945018731038e-10,"FBXW7/PCK1/NR1H3/PNPLA3/SIRT1/LDLR/DGAT1/NR1H2/C3/SCARB1/PLIN5/PCK2/SREBF1",13
"GO:0046463","acylglycerol biosynthetic process","13/462","49/18842",0.26530612244898,10.8201254527785,10.9123233946544,1.15117289849597e-10,1.71790417160168e-09,2.0945018731038e-10,"FBXW7/PCK1/NR1H3/PNPLA3/SIRT1/LDLR/DGAT1/NR1H2/C3/SCARB1/PLIN5/PCK2/SREBF1",13
"GO:0045598","regulation of fat cell differentiation","19/462","121/18842",0.15702479338843,6.40402847840864,9.45466186847617,1.20464528719704e-10,1.78973916635459e-09,2.18208448309543e-10,"SMAD3/TNF/FOXO1/PTGS2/PIM1/WNT5A/SIRT1/PPARG/RARRES2/IL6/TGFB1/ALOX5/RORA/PPARD/AKT1/YAP1/INS/ADIPOQ/TRIB3",19
"GO:0045732","positive regulation of protein catabolic process","25/462","215/18842",0.116279069767442,4.74227323064532,8.74950481970339,1.20699763366697e-10,1.78973916635459e-09,2.18208448309543e-10,"RACK1/FBXW7/TNF/FOXO1/TF/TIPARP/GPC3/WNT5A/SIRT1/LDLR/PTK2/APOE/GSK3B/IL1B/CEBPA/PTEN/TRIB1/HSPA5/AKT1/CLU/ATG7/PCSK9/MTOR/TRIB3/NFE2L2",25
"GO:0097242","amyloid-beta clearance","12/462","40/18842",0.3,12.2350649350649,11.2772645197438,1.22850989843536e-10,1.81585463083017e-09,2.21392496067578e-10,"TNF/ITGB2/SREBF2/LDLR/IGF1R/CD36/IL4/C3/APOE/CLU/INSR/HMGCR",12
"GO:0031401","positive regulation of protein modification process","32/462","346/18842",0.092485549132948,3.77188899732252,8.25040341787774,1.30742034088598e-10,1.9263762997358e-09,2.34867510935582e-10,"RACK1/FBXW7/NRG1/IL10/JAK2/WNT5A/SIRT1/RAC1/MMP9/KDM1A/SESN2/ELANE/IL4/TLR3/C3/GSK3B/RARRES2/IL6/CDKN2A/HSPA5/CDKN1A/AKT1/LIF/PDGFRB/ATG7/VEGFA/IGF1/MTOR/TRIB3/PDGFB/EGR1/EGFR",32
"GO:0001649","osteoblast differentiation","25/462","217/18842",0.115207373271889,4.6985656432661,8.68790906045833,1.47444530352695e-10,2.16562060984905e-09,2.64036638291181e-10,"SMAD3/TNF/NR1I3/IGFBP3/FASN/PPARG/CAT/IL6ST/PTK2/SPP1/GSK3B/IL6/IL6R/CTNNB1/PTEN/AKT1/YAP1/CYP24A1/FGF23/IGF2/IGF1/IGFBP2/ATF4/BGLAP/EPHA2",25
"GO:0023061","signal release","36/462","430/18842",0.0837209302325581,3.41443672606463,8.02970855095255,1.48211651962118e-10,2.17004230042649e-09,2.64575739327771e-10,"TNF/FOXO1/JAK2/HNF1A/RAC1/PPARG/ABCA1/IL6ST/AGTR1/GJA1/RETN/AGT/SPP1/FFAR1/SYT7/TSPO/UCP2/NOS2/IL1B/IL6/IL6R/ALOX5/PIM3/CPT1A/HNF4A/PPARD/LIF/PRKCA/CCL5/GCK/INS/NR1H4/FGF23/RBP4/BGLAP/SCT",36
"GO:0006984","ER-nucleus signaling pathway","13/462","50/18842",0.26,10.6037229437229,10.7804858032691,1.52128281229607e-10,2.22040525832305e-09,2.70716088212951e-10,"FBXW7/PTPN1/SREBF2/DDIT3/TP53/PPP1R15A/GSK3B/ATF6/HSPA5/AKT1/ATF4/SREBF1/NFE2L2",13
"GO:0071675","regulation of mononuclear cell migration","20/462","138/18842",0.144927536231884,5.91065938892026,9.17935819539915,1.72961084594039e-10,2.51658378084327e-09,3.06826744467621e-10,"TNF/CCL2/CCR2/WNT5A/CX3CR1/MAPK3/PTK2/CXCL10/RTN4/RARRES2/TGFB1/DUSP1/LGALS3/SERPINE1/AKT1/CCL5/HMGB1/ADAM10/CCL20/MIF",20
"GO:0051222","positive regulation of protein transport","26/462","237/18842",0.109704641350211,4.4741447019928,8.53311204454572,1.87046759386725e-10,2.71305206138502e-09,3.30780535860799e-10,"RACK1/DNM1L/SMAD3/TNF/JAK2/RAC1/IL1A/PPARG/NR1H2/FFAR1/APOE/GSK3B/CDH1/IL1B/TGFB1/ABCG1/PRKCD/PPARD/AKT1/PRKCA/GCK/INS/NR1H4/TLR4/IGF1/RBP4",26
"GO:0050678","regulation of epithelial cell proliferation","30/462","312/18842",0.0961538461538462,3.92149517149517,8.24982942811234,1.95516533787061e-10,2.82709621525638e-09,3.44685018884285e-10,"FBXW7/TNF/IL10/CCL2/B2M/WNT5A/SIRT1/PPARG/ERBB3/VDR/HTR2B/AGTR1/MARVELD3/RTN4/APOE/OSR2/ENG/TGFB1/ALOX5/HMOX1/AKT1/MYC/PRKCA/YAP1/VEGFA/HMGB1/GPBAR1/IGF1/PDGFB/EGFR",30
"GO:0006778","porphyrin-containing compound metabolic process","13/462","51/18842",0.254901960784314,10.3958068075715,10.6523255161479,1.99663389596235e-10,2.86040843680022e-09,3.48746509133521e-10,"ABCC1/ALB/CYP1A1/ABCC2/ALAS1/BLVRB/FECH/TSPO/UGT1A1/FABP1/GSTA1/HMOX1/COX15",13
"GO:0046461","neutral lipid catabolic process","13/462","51/18842",0.254901960784314,10.3958068075715,10.6523255161479,1.99663389596235e-10,2.86040843680022e-09,3.48746509133521e-10,"PNPLA3/APOA5/LIPC/FABP1/CPS1/FABP4/PLIN5/PLIN1/FABP6/FABP3/APOC1/LIPG/FABP2",13
"GO:0046464","acylglycerol catabolic process","13/462","51/18842",0.254901960784314,10.3958068075715,10.6523255161479,1.99663389596235e-10,2.86040843680022e-09,3.48746509133521e-10,"PNPLA3/APOA5/LIPC/FABP1/CPS1/FABP4/PLIN5/PLIN1/FABP6/FABP3/APOC1/LIPG/FABP2",13
"GO:0110076","negative regulation of ferroptosis","9/462","19/18842",0.473684210526316,19.3185235816815,12.6655209116674,2.20297719533667e-10,3.14633798205139e-09,3.83607590327935e-10,"SLC25A1/SQSTM1/GPX4/GSTP1/HMOX1/NQO1/FTH1/NFE2L2/SLC7A11",9
"GO:0009062","fatty acid catabolic process","17/462","98/18842",0.173469387755102,7.07469741143211,9.55887448688332,2.30211798534515e-10,3.27787808555567e-09,3.99645213248491e-10,"ACACB/ACADM/HADHA/CPT2/PPARA/ACADVL/ETFDH/ACOX1/CYP4A11/CPT1A/ACAA2/PPARD/CROT/PLIN5/AKT1/ADIPOQ/CES1",17
"GO:0043525","positive regulation of neuron apoptotic process","14/462","62/18842",0.225806451612903,9.20918866080156,10.2647528339712,2.31713866989349e-10,3.28920659970246e-09,4.01026407525342e-10,"BAX/FBXW7/TNF/CASP6/DDIT3/GSK3B/CASP9/CASP3/CTNNB1/LCN2/PCSK9/ATF4/CASP1/MMP2",14
"GO:0014909","smooth muscle cell migration","16/462","86/18842",0.186046511627907,7.58763716903252,9.70753564501126,2.63929606609153e-10,3.73512537499153e-09,4.55393683973849e-10,"LPAR1/PTPN1/IGFBP3/DDIT3/ACE/GSTP1/TRIB1/PPARD/SERPINE1/TERT/CCL5/PDGFRB/IGF1/ADIPOQ/PDGFB/NFE2L2",16
"GO:0032731","positive regulation of interleukin-1 beta production","14/462","63/18842",0.222222222222222,9.06301106301106,10.1632242534832,2.91320230313265e-10,4.10205725654011e-09,5.00130726115638e-10,"SMAD3/TNF/JAK2/WNT5A/RELA/CD36/NLRP3/AIM2/IL6/HSPB1/HMGB1/TLR4/CASP1/EGR1",14
"GO:0070663","regulation of leukocyte proliferation","25/462","224/18842",0.111607142857143,4.55173546691404,8.47809575391815,2.9161962025661e-10,4.10205725654011e-09,5.00130726115638e-10,"AHR/ARG2/IL10/JAK2/TLR9/CCR2/IL1A/BCL2/MAPK3/IL6ST/IL4/PTK2/VSIR/IL1B/IL6/CDKN2A/GSTP1/LGALS3/CCL5/HMGB1/IGF2/IGF1/IGFBP2/MIF/CRP",25
"GO:0050764","regulation of phagocytosis","17/462","100/18842",0.17,6.93320346320346,9.43151552180763,3.20113709112181e-10,4.4844527618546e-09,5.46753123068138e-10,"RACK1/CCL2/CFB/AHSG/C3/SYT7/MERTK/ALOX15/APOA1/TGM2/TGFB1/SCARB1/RAB27A/HMGB1/SLC11A1/ADIPOQ/HCK",17
"GO:0001822","kidney development","25/462","225/18842",0.111111111111111,4.53150553150553,8.44882879093975,3.20730835416148e-10,4.4844527618546e-09,5.46753123068138e-10,"SMAD3/ARG2/GPC3/MMP9/CAT/ACE/AGTR1/AGT/CASP9/OSR2/TGFB1/IL6R/CTNNB1/CYP4A11/HMGCS2/MYC/LIF/PDGFRB/VEGFA/RET/PCSK9/ADIPOQ/EPCAM/PDGFB/EGR1",25
"GO:0016054","organic acid catabolic process","26/462","243/18842",0.106995884773663,4.36367199330162,8.36704660069868,3.24431640898131e-10,4.50911558215433e-09,5.49760061648747e-10,"ACACB/ACADM/HADHA/GPT/CPT2/PPARA/ACADVL/ETFDH/NOS2/ACOX1/FMO1/CYP4A11/CPT1A/ACAA2/PPARD/CROT/PLIN5/AKT1/GPT2/CBS/LDHA/OTC/NOS3/ADIPOQ/CES1/HDC",26
"GO:0046395","carboxylic acid catabolic process","26/462","243/18842",0.106995884773663,4.36367199330162,8.36704660069868,3.24431640898131e-10,4.50911558215433e-09,5.49760061648747e-10,"ACACB/ACADM/HADHA/GPT/CPT2/PPARA/ACADVL/ETFDH/NOS2/ACOX1/FMO1/CYP4A11/CPT1A/ACAA2/PPARD/CROT/PLIN5/AKT1/GPT2/CBS/LDHA/OTC/NOS3/ADIPOQ/CES1/HDC",26
"GO:0009615","response to virus","34/462","400/18842",0.085,3.46660173160173,7.90542509282206,3.28170453572264e-10,4.54750485664423e-09,5.54440555977557e-10,"BAX/SMAD3/TNF/BATF3/IFIT2/TLR9/IFI6/APOBEC3A/ADAR/NFKB1/PPARA/RELA/BCL2/TLR3/NLRP3/CXCL10/AIM2/IL1B/IL6/TGFB1/HSPB1/USP18/OAS1/CLU/MAP3K14/CCL5/ATG7/BNIP3/APOB/IFIT3/MX2/GSDME/CASP1/OAS2",34
"GO:0046165","alcohol biosynthetic process","20/462","143/18842",0.13986013986014,5.70399297672025,8.95211601113346,3.31964208865469e-10,4.58642539014132e-09,5.59185822428353e-10,"PCK1/SREBF2/CYP7A1/NPC1L1/APOE/DHCR24/ABCG1/CYP27A1/ACAA2/HMGCS2/CYP3A4/PCK2/MSMO1/CYP2R1/CYP24A1/SQLE/CYP17A1/CES1/SREBF1/HMGCR",20
"GO:1903037","regulation of leukocyte cell-cell adhesion","32/462","359/18842",0.0891364902506964,3.63530248767018,7.99266615909239,3.35272778745969e-10,4.61843212379063e-09,5.6308814507758e-10,"TNF/PCK1/ARG2/ITGB2/IL10/CCL2/JAK2/B2M/CCR2/PPARA/RELA/IL1A/IL6ST/ELANE/IL4/NLRP3/VSIR/IL1B/IL6/TGFB1/CDKN2A/ALOX5/LGALS3/AKT1/CCL5/HMGB1/IGF2/IGF1/MTOR/KLF4/IGFBP2/MAP3K8",32
"GO:0007159","leukocyte cell-cell adhesion","34/462","402/18842",0.0845771144278607,3.44935495681764,7.87017708100561,3.74403631872722e-10,5.14225165191561e-09,6.26953231440529e-10,"TNF/PCK1/ARG2/ITGB2/IL10/CCL2/JAK2/B2M/CCR2/PPARA/RELA/IL1A/CX3CR1/IL6ST/ELANE/IL4/NLRP3/GPR35/VSIR/IL1B/IL6/TGFB1/CDKN2A/ALOX5/LGALS3/AKT1/CCL5/HMGB1/IGF2/IGF1/MTOR/KLF4/IGFBP2/MAP3K8",34
"GO:0050995","negative regulation of lipid catabolic process","10/462","27/18842",0.37037037037037,15.1050184383518,11.6279629147726,4.14047704444345e-10,5.6533903574571e-09,6.89272247475885e-10,"ACACB/TNF/IL1B/CIDEC/PLIN5/AKT1/CIDEA/PLIN1/INS/APOC1",10
"GO:1902894","negative regulation of miRNA transcription","10/462","27/18842",0.37037037037037,15.1050184383518,11.6279629147726,4.14047704444345e-10,5.6533903574571e-09,6.89272247475885e-10,"SMAD3/TNF/ESR1/PPARA/RELA/PPARG/TGFB1/PPARD/VEGFA/PDGFB",10
"GO:1902176","negative regulation of oxidative stress-induced intrinsic apoptotic signaling pathway","11/462","35/18842",0.314285714285714,12.8176870748299,11.094480083796,4.19883647085042e-10,5.7163107041753e-09,6.96943617406534e-10,"RACK1/IL10/SIRT1/HSPB1/CTNNB1/NOL3/AKT1/SOD2/INS/ATF4/NFE2L2",11
"GO:0031099","regeneration","20/462","145/18842",0.137931034482759,5.62531721152411,8.86420454124909,4.27430257512761e-10,5.80208536145602e-09,7.0740142892531e-10,"IGFBP1/TNF/IL10/JAK2/APOA5/SPP1/TSPO/UCP2/IL6/TGFB1/PRMT5/CPT1A/GSTP1/SLC22A4/PPARD/CDKN1A/PNPT1/YAP1/IGF1/MMP2",20
"GO:0002696","positive regulation of leukocyte activation","30/462","325/18842",0.0923076923076923,3.76463536463536,7.97066277680316,5.26247403114655e-10,7.12269740959835e-09,8.68412994890523e-10,"TNF/PCK1/IL10/CCL2/JAK2/TLR9/B2M/CCR2/WNT5A/IL1A/BCL2/IL6ST/IL4/NLRP3/VSIR/IL1B/IL6/TGFB1/CEBPA/IL1RL1/AKT1/CCL5/HMGB1/IGF2/TLR4/IGF1/MTOR/IGFBP2/MAP3K8/MIF",30
"GO:0002548","monocyte chemotaxis","13/462","55/18842",0.236363636363636,9.63974813065722,10.1731141594295,5.56406041795419e-10,7.5090624075347e-09,9.15519360033401e-10,"CCL2/CCR2/CX3CR1/GPR35/CXCL10/IL6/DUSP1/IL6R/LGALS3/SERPINE1/CCL5/HMGB1/PDGFB",13
"GO:0048662","negative regulation of smooth muscle cell proliferation","14/462","66/18842",0.212121212121212,8.65105601469238,9.87170162091717,5.64015132887568e-10,7.5897527708801e-09,9.2535728463724e-10,"IL10/MFN2/IGFBP3/PPARG/APOE/PTEN/GSTP1/TRIB1/HMOX1/PPARD/CDKN1A/SOD2/KLF4/ADIPOQ",14
"GO:1904951","positive regulation of establishment of protein localization","27/462","268/18842",0.100746268656716,4.10879046326808,8.12655233264063,5.72457845193355e-10,7.68116347902093e-09,9.36502254338559e-10,"RACK1/DNM1L/SMAD3/TNF/ITGB2/JAK2/RAC1/IL1A/PPARG/NR1H2/FFAR1/APOE/GSK3B/CDH1/IL1B/TGFB1/ABCG1/PRKCD/PPARD/AKT1/PRKCA/GCK/INS/NR1H4/TLR4/IGF1/RBP4",27
"GO:0071404","cellular response to low-density lipoprotein particle stimulus","11/462","36/18842",0.305555555555556,12.4616402116402,10.9131472487251,5.91394610132127e-10,7.91245202521604e-09,9.64701399625078e-10,"ITGB2/SREBF2/LDLR/CD36/PPARG/ABCA1/TGFB1/AKT1/TLR4/TXNIP/CES1",11
"GO:1903039","positive regulation of leukocyte cell-cell adhesion","26/462","250/18842",0.104,4.24148917748918,8.1799704343237,6.03225282875605e-10,8.03495847376998e-09,9.79637621924619e-10,"TNF/PCK1/ITGB2/CCL2/JAK2/B2M/CCR2/RELA/IL1A/IL6ST/ELANE/IL4/NLRP3/VSIR/IL1B/IL6/TGFB1/ALOX5/AKT1/CCL5/HMGB1/IGF2/IGF1/MTOR/IGFBP2/MAP3K8",26
"GO:0002697","regulation of immune effector process","31/462","347/18842",0.0893371757925072,3.64348715645546,7.87979616546935,6.04002462590097e-10,8.03495847376998e-09,9.79637621924619e-10,"TNF/PCK1/AHR/ITGB2/IL10/CFB/TLR9/B2M/CCR2/WNT5A/SIRT1/CX3CR1/AP1G1/MAPK3/IL4/NLRP3/C3/RTN4/APOA1/NOS2/IL1B/IL6/TGFB1/LGALS3/CLU/CADM1/HMGB1/INS/PVR/RBP4/MIF",31
"GO:0042167","heme catabolic process","8/462","15/18842",0.533333333333333,21.7512265512266,12.7467377006078,6.80843869736343e-10,9.00570754969436e-09,1.09799322006847e-09,"ABCC1/ALB/ABCC2/BLVRB/UGT1A1/FABP1/GSTA1/HMOX1",8
"GO:0046149","pigment catabolic process","8/462","15/18842",0.533333333333333,21.7512265512266,12.7467377006078,6.80843869736343e-10,9.00570754969436e-09,1.09799322006847e-09,"ABCC1/ALB/ABCC2/BLVRB/UGT1A1/FABP1/GSTA1/HMOX1",8
"GO:1900076","regulation of cellular response to insulin stimulus","14/462","67/18842",0.208955223880597,8.52193577566712,9.7786129948039,6.97214584816089e-10,9.19612211587453e-09,1.1212089309401e-09,"PTPN1/CTSD/SIRT1/PPARG/AHSG/BLVRB/IL1B/PRKCD/INS/NR1H4/IGF2/MTOR/TRIB3/BGLAP",14
"GO:0034644","cellular response to UV","15/462","79/18842",0.189873417721519,7.74371198421831,9.52273347233062,7.1176314122924e-10,9.36149487447272e-09,1.14137149637128e-09,"FBXW7/SIRT1/MMP9/TP53/KDM1A/PARP1/CASP9/DDB2/PRKCD/CDKN1A/MYC/MFAP4/ATF4/MMP2/MMP1",15
"GO:0046034","ATP metabolic process","24/462","216/18842",0.111111111111111,4.53150553150553,8.27612756593772,7.28825223205547e-10,9.55890208238036e-09,1.16543976359839e-09,"DNM1L/SLC25A13/HSPA8/PPARA/STOML2/IL4/SDHB/TSPO/UCP2/PARP1/TGFB1/NDUFB10/ENO3/PKLR/LDHA/GCK/INS/ATP1A2/IGF1/MTOR/INSR/NDUFS2/NDUFS4/NDUFA2",24
"GO:0009266","response to temperature stimulus","19/462","135/18842",0.140740740740741,5.73990700657367,8.76263741072328,8.27117219611278e-10,1.08175780182868e-08,1.31889995939784e-09,"FOXO1/RBBP7/SLC9A1/HDAC2/SIRT1/IL1A/CXCL10/TRPV1/UCP2/GSK3B/HSPB1/NFKBIA/HMOX1/HMGCS2/AKT1/NOS3/CIDEA/IGF1/MTOR",19
"GO:0014910","regulation of smooth muscle cell migration","15/462","80/18842",0.1875,7.64691558441558,9.44551843556521,8.56576146576376e-10,1.11402752470939e-08,1.35824382742929e-09,"LPAR1/PTPN1/IGFBP3/ACE/GSTP1/TRIB1/PPARD/SERPINE1/TERT/CCL5/PDGFRB/IGF1/ADIPOQ/PDGFB/NFE2L2",15
"GO:0150076","neuroinflammatory response","15/462","80/18842",0.1875,7.64691558441558,9.44551843556521,8.56576146576376e-10,1.11402752470939e-08,1.35824382742929e-09,"TNF/ITGB2/PTGS2/JAK2/TLR9/LDLR/CX3CR1/MAPK3/MMP9/IL4/IL1B/IL6/CLU/CCL5/IGF1",15
"GO:1904659","D-glucose transmembrane transport","16/462","93/18842",0.172043010752688,7.01652469394405,9.22143124104014,8.8829646496865e-10,1.15206360470586e-08,1.4046181491843e-09,"TNF/SLC5A2/HNF1A/FGF21/C3/IL1B/PPARD/AKT1/SLC2A3/INS/IGF1/ADIPOQ/TRIB3/INSR/SLC2A1/NFE2L2",16
"GO:1904645","response to amyloid-beta","13/462","57/18842",0.228070175438596,9.30151135414293,9.95151503322245,8.97730756795645e-10,1.16106511212237e-08,1.41559296050166e-09,"TNF/ABCC1/HDAC2/IGF1R/CD36/MMP9/GJA1/GSK3B/PARP1/LCN2/TLR4/IGF1/MMP2",13
"GO:0016051","carbohydrate biosynthetic process","22/462","184/18842",0.119565217391304,4.87629399585921,8.37709199315304,9.33118427944774e-10,1.20349013864567e-08,1.46731837044504e-09,"SLC25A13/PCK1/FOXO1/ACADM/NFKB1/SIRT1/GSK3B/PARP1/TGFB1/ENO3/AKT1/PCK2/GCK/INS/IGF2/IGF1/ATF4/CHST9/ADIPOQ/INSR/PDGFB/RBP4",22
"GO:2000629","negative regulation of miRNA metabolic process","10/462","29/18842",0.344827586206897,14.0632930288103,11.1615073365812,9.40733112054826e-10,1.2099594943998e-08,1.47520593365653e-09,"SMAD3/TNF/ESR1/PPARA/RELA/PPARG/TGFB1/PPARD/VEGFA/PDGFB",10
"GO:0043500","muscle adaptation","17/462","107/18842",0.158878504672897,6.47962940486305,9.01190150925003,9.54273047311059e-10,1.22399319787336e-08,1.49231609538607e-09,"SMAD3/FOXO1/SLC9A1/PPARA/PPARG/IL6ST/AGT/PARP1/IL1B/NOL3/HMOX1/NOS3/PRKCA/PDGFRB/IGF1/KLF4/PDGFB",17
"GO:0001934","positive regulation of protein phosphorylation","24/462","219/18842",0.10958904109589,4.46943011326573,8.18758060378821,9.66289965548881e-10,1.23261536427276e-08,1.5028284068248e-09,"RACK1/NRG1/IL10/JAK2/WNT5A/SIRT1/RAC1/MMP9/SESN2/ELANE/IL4/TLR3/C3/RARRES2/IL6/CDKN1A/AKT1/LIF/PDGFRB/VEGFA/IGF1/MTOR/PDGFB/EGFR",24
"GO:0034612","response to tumor necrosis factor","24/462","219/18842",0.10958904109589,4.46943011326573,8.18758060378821,9.66289965548881e-10,1.23261536427276e-08,1.5028284068248e-09,"TNF/CCL2/JAK2/NFKB1/SIRT1/RELA/TP53/FOS/AIM2/APOA1/CASP3/NFKBIA/GSTP1/NOL3/CCL5/LCN2/FAS/NR1H4/AKAP12/ADAM10/ADIPOQ/GSDME/CASP1/NFE2L2",24
"GO:0071356","cellular response to tumor necrosis factor","23/462","202/18842",0.113861386138614,4.64367151000814,8.25452631961502,1.02218888539845e-09,1.30035831978557e-08,1.58542192371397e-09,"TNF/CCL2/JAK2/NFKB1/SIRT1/RELA/TP53/FOS/AIM2/APOA1/NFKBIA/GSTP1/NOL3/CCL5/LCN2/FAS/NR1H4/AKAP12/ADAM10/ADIPOQ/GSDME/CASP1/NFE2L2",23
"GO:0072329","monocarboxylic acid catabolic process","18/462","122/18842",0.147540983606557,6.01724505003193,8.8143951352092,1.05872370836437e-09,1.34156504193135e-08,1.63566195348137e-09,"ACACB/ACADM/HADHA/CPT2/PPARA/ACADVL/ETFDH/ACOX1/CYP4A11/CPT1A/ACAA2/PPARD/CROT/PLIN5/AKT1/LDHA/ADIPOQ/CES1",18
"GO:0005996","monosaccharide metabolic process","24/462","220/18842",0.109090909090909,4.4491145218418,8.15841894075005,1.060343503932e-09,1.34156504193135e-08,1.63566195348137e-09,"ACACB/SLC25A13/PCK1/FOXO1/ACADM/SIRT1/RORA/ENO3/OAS1/CPT1A/PPARD/AKT1/PCK2/SLC2A3/GCK/INS/IGF2/IGF1/ATF4/ADIPOQ/INSR/RBP4/SLC2A1/PDK4",24
"GO:1903532","positive regulation of secretion by cell","27/462","276/18842",0.0978260869565217,3.98969508752117,7.93272638419405,1.10068561492498e-09,1.38883258078339e-08,1.69329144777982e-09,"DNM1L/ITGB2/JAK2/AVPR1A/RAC1/IL1A/AP1G1/PPARG/RETN/NR1H2/SPP1/FFAR1/SYT7/IL1B/TGFB1/ABCG1/RAB27A/PPARD/PRKCA/GCK/INS/NR1H4/TLR4/IGF1/RBP4/BGLAP/SCT",27
"GO:0032355","response to estradiol","17/462","108/18842",0.157407407407407,6.4196328362995,8.95502276513172,1.10732433020904e-09,1.39343299498737e-08,1.69890036143553e-09,"IL10/ESR1/CAT/GPX4/DNMT3A/CASP9/TGFB1/DUSP1/CASP3/CTNNB1/GSTP1/MIMS2/PRKCA/IGFBP2/TXNIP/MMP2/EGFR",17
"GO:0010866","regulation of triglyceride biosynthetic process","9/462","22/18842",0.409090909090909,16.6841794569067,11.669803483961,1.11098129968036e-09,1.39426655830506e-08,1.69991665789671e-09,"FBXW7/NR1H3/SIRT1/LDLR/NR1H2/C3/SCARB1/PLIN5/SREBF1",9
"GO:0014812","muscle cell migration","16/462","95/18842",0.168421052631579,6.86880838459786,9.09171999842987,1.23071834980138e-09,1.54038296684818e-08,1.8780645991171e-09,"LPAR1/PTPN1/IGFBP3/DDIT3/ACE/GSTP1/TRIB1/PPARD/SERPINE1/TERT/CCL5/PDGFRB/IGF1/ADIPOQ/PDGFB/NFE2L2",16
"GO:0042327","positive regulation of phosphorylation","25/462","240/18842",0.104166666666667,4.24828643578644,8.0293488761501,1.2542519844013e-09,1.56562928669503e-08,1.90884539881613e-09,"RACK1/NRG1/IL10/JAK2/WNT5A/SIRT1/RAC1/MMP9/SESN2/ELANE/IL4/TLR3/C3/RARRES2/IL6/CDKN1A/AKT1/LIF/PDGFRB/VEGFA/IGF1/MTOR/PDGFB/MIF/EGFR",25
"GO:0042168","heme metabolic process","12/462","48/18842",0.25,10.1958874458874,10.1135788204592,1.2822492516259e-09,1.5962974640562e-08,1.94623663168553e-09,"ABCC1/ALB/ABCC2/ALAS1/BLVRB/FECH/TSPO/UGT1A1/FABP1/GSTA1/HMOX1/COX15",12
"GO:0007610","behavior","33/462","400/18842",0.0825,3.36464285714286,7.57864828315053,1.29092171317149e-09,1.60280839907372e-08,1.95417488913625e-09,"VLDLR/B2M/AVPR1A/HDAC2/PPARA/LDLR/CX3CR1/TP53/LEPR/HTR2B/RETN/FOS/TRPV1/TSPO/AIM2/APOE/PARP1/CASP3/PTEN/CPT1A/AKT1/GDF15/PRKCA/LCN2/INS/ATP1A2/MTOR/S100B/MC4R/INSR/BGLAP/EGR1/EGFR",33
"GO:0006787","porphyrin-containing compound catabolic process","8/462","16/18842",0.5,20.3917748917749,12.3026518512997,1.33255769163704e-09,1.64572642235068e-08,2.00650137022262e-09,"ABCC1/ALB/ABCC2/BLVRB/UGT1A1/FABP1/GSTA1/HMOX1",8
"GO:0033015","tetrapyrrole catabolic process","8/462","16/18842",0.5,20.3917748917749,12.3026518512997,1.33255769163704e-09,1.64572642235068e-08,2.00650137022262e-09,"ABCC1/ALB/ABCC2/BLVRB/UGT1A1/FABP1/GSTA1/HMOX1",8
"GO:0042304","regulation of fatty acid biosynthetic process","13/462","59/18842",0.220338983050847,8.98620588451097,9.74056699461827,1.41929118600222e-09,1.74440288775091e-08,2.12680961851062e-09,"NR1H3/PTGS2/AVPR1A/SIRT1/ACADVL/CYP7A1/APOA5/NR1H2/IL1B/ANGPTL4/APOC1/TRIB3/PDK4",13
"GO:0006109","regulation of carbohydrate metabolic process","20/462","155/18842",0.129032258064516,5.26239352045804,8.44792030633291,1.41994994514088e-09,1.74440288775091e-08,2.12680961851062e-09,"ACACB/FOXO1/ACADM/NFKB1/SIRT1/PPARA/TP53/GSK3B/TGFB1/RORA/AKT1/GCK/INS/IGF2/IGF1/MTOR/ADIPOQ/INSR/PDGFB/PDK4",20
"GO:0010821","regulation of mitochondrion organization","17/462","110/18842",0.154545454545455,6.30291223927588,8.84339282481532,1.48341962261905e-09,1.81757941129324e-08,2.21602784625596e-09,"BAX/DNM1L/IFI6/CASP6/SQSTM1/MMP9/PPARG/TP53/GSK3B/NOL3/ACAA2/AKT1/CLU/IGF1/BNIP3/CASP1/TNFSF10",17
"GO:0002833","positive regulation of response to biotic stimulus","34/462","424/18842",0.080188679245283,3.27037899207711,7.49652964247346,1.50496120092303e-09,1.83913368805712e-08,2.24230723587596e-09,"TNF/NR1H3/PRKCE/HSPA8/TLR9/CASP6/WNT5A/RELA/SQSTM1/AP1G1/CD36/TLR3/NLRP3/MAPK8/RTN4/AIM2/PARP1/NFKBIA/OAS1/CPT1A/AKT1/CADM1/PRKCA/CCL5/HMGB1/NR1H4/CD14/TLR4/PVR/GSDME/CASP1/HCK/MIF/EGFR",34
"GO:0009749","response to glucose","21/462","172/18842",0.122093023255814,4.97938689217759,8.31205558091103,1.5352153705737e-09,1.87119444120187e-08,2.28139632397811e-09,"RACK1/SMAD3/PCK1/RAC1/IGF1R/CYP7A1/UCP2/TGFB1/SLC29A1/CASP3/PIM3/HNF4A/PPARD/PKLR/PCK2/ERN1/GCK/NR1H4/TXNIP/ADIPOQ/EGR1",21
"GO:0071346","cellular response to type II interferon","14/462","71/18842",0.197183098591549,8.04182671788306,9.42477546677168,1.56810554585094e-09,1.90629227714934e-08,2.32418828196337e-09,"TNF/NR1H3/CCL2/JAK2/PIM1/WNT5A/PPARG/TP53/NR1H2/JAK1/CCL5/TLR4/CASP1/HCK",14
"GO:0071478","cellular response to radiation","20/462","156/18842",0.128205128205128,5.22866022866023,8.40827925679958,1.59238621458599e-09,1.93076828518552e-08,2.35402990265754e-09,"FBXW7/TNF/SIRT1/MMP9/TP53/KDM1A/PARP1/CASP9/TGFB1/DDB2/PRKCD/CDKN1A/MYC/MFAP4/YAP1/LCN2/ATF4/MMP2/EGR1/MMP1",20
"GO:0050679","positive regulation of epithelial cell proliferation","21/462","174/18842",0.120689655172414,4.92215256008359,8.24044034035933,1.89931344831167e-09,2.29693595203614e-08,2.8004685787879e-09,"TNF/IL10/WNT5A/SIRT1/ERBB3/HTR2B/AGTR1/RTN4/OSR2/TGFB1/HMOX1/AKT1/MYC/PRKCA/YAP1/VEGFA/HMGB1/GPBAR1/IGF1/PDGFB/EGFR",21
"GO:0071621","granulocyte chemotaxis","17/462","112/18842",0.151785714285714,6.19036023500309,8.73449564499044,1.97422137364446e-09,2.38134059991933e-08,2.90337635211567e-09,"DNM1L/ITGB2/CCL2/RAC1/MAPK3/PTK2/CXCR2/GPR35/CXCL10/TREM1/RARRES2/SAA1/CXCL5/LGALS3/CCL5/VEGFA/CXCL9",17
"GO:0010575","positive regulation of vascular endothelial growth factor production","10/462","31/18842",0.32258064516129,13.1559838011451,10.7390342361761,1.99338865397589e-09,2.38591711385906e-08,2.9089561261086e-09,"PTGS2/RELA/IL1A/IL6ST/C3/IL1B/IL6/TGFB1/RORA/ATF4",10
"GO:0046320","regulation of fatty acid oxidation","10/462","31/18842",0.32258064516129,13.1559838011451,10.7390342361761,1.99338865397589e-09,2.38591711385906e-08,2.9089561261086e-09,"ACACB/PPARA/ACADVL/CPT1A/PPARD/PLIN5/AKT1/GDF15/FABP3/PDK4",10
"GO:2001239","regulation of extrinsic apoptotic signaling pathway in absence of ligand","10/462","31/18842",0.32258064516129,13.1559838011451,10.7390342361761,1.99338865397589e-09,2.38591711385906e-08,2.9089561261086e-09,"TNF/NRG1/IFI6/IL1A/BCL2/IL1B/AKT1/TERT/RET/KLF4",10
"GO:0046651","lymphocyte proliferation","24/462","227/18842",0.105726872246696,4.31191715773214,7.9590472402814,2.00083717462471e-09,2.38869176539812e-08,2.91233903473752e-09,"AHR/ARG2/IL10/JAK2/TLR9/CCR2/IL1A/BCL2/IL6ST/BTN3A1/IL4/VSIR/IL1B/IL6/CDKN2A/LGALS3/MYC/CCL5/HMGB1/IGF2/IGF1/IGFBP2/SLC11A1/MIF",24
"GO:0030336","negative regulation of cell migration","31/462","365/18842",0.0849315068493151,3.46380833778094,7.53594694839712,2.06808596670163e-09,2.45846700166369e-08,2.99741034748614e-09,"TNF/RBBP7/CCL2/PTPN1/HDAC2/IGFBP3/RAC1/PPARG/IL4/GJA1/MARVELD3/APOE/GSK3B/CDH1/ENG/TGFB1/DUSP1/PTEN/GSTP1/TRIB1/IL24/HMOX1/PPARD/SERPINE1/AKT1/GDF15/HMGB1/KLF4/ADIPOQ/NFE2L2/MIF",31
"GO:0010660","regulation of muscle cell apoptotic process","15/462","85/18842",0.176470588235294,7.19709702062643,9.07854557538728,2.0751235645486e-09,2.45846700166369e-08,2.99741034748614e-09,"FOXO1/NRG1/JAK2/PTPN1/ESR1/MFN2/SIRT1/PPARG/GPR35/CDKN2A/NOL3/SOD2/IGF1/BNIP3/NFE2L2",15
"GO:0071887","leukocyte apoptotic process","15/462","85/18842",0.176470588235294,7.19709702062643,9.07854557538728,2.0751235645486e-09,2.45846700166369e-08,2.99741034748614e-09,"BAX/ARG2/IL10/SIRT1/TP53/MERTK/IL6/CASP9/CDKN2A/CASP3/LGALS3/AKT1/CCL5/FAS/MIF",15
"GO:0050867","positive regulation of cell activation","30/462","345/18842",0.0869565217391304,3.54639563335215,7.56806736508299,2.18071171761953e-09,2.5770034916844e-08,3.14193232052964e-09,"TNF/PCK1/IL10/CCL2/JAK2/TLR9/B2M/CCR2/WNT5A/IL1A/BCL2/IL6ST/IL4/NLRP3/VSIR/IL1B/IL6/TGFB1/CEBPA/IL1RL1/AKT1/CCL5/HMGB1/IGF2/TLR4/IGF1/MTOR/IGFBP2/MAP3K8/MIF",30
"GO:0033013","tetrapyrrole metabolic process","13/462","61/18842",0.213114754098361,8.69157618337946,9.5394012402613,2.20207695549908e-09,2.59566336830474e-08,3.16468280171437e-09,"ABCC1/ALB/CYP1A1/ABCC2/ALAS1/BLVRB/FECH/TSPO/UGT1A1/FABP1/GSTA1/HMOX1/COX15",13
"GO:0045807","positive regulation of endocytosis","20/462","159/18842",0.125786163522013,5.13000626208173,8.29136768237648,2.2333563448473e-09,2.62588564182046e-08,3.20153038002203e-09,"TF/CCL2/CFB/GPC3/B2M/IL4/AHSG/APOA5/C3/MERTK/APOE/APOA1/RAB27A/SERPINE1/CLU/VEGFA/PCSK9/CD14/SLC11A1/INSR",20
"GO:0008645","hexose transmembrane transport","16/462","99/18842",0.161616161616162,6.59128077309895,8.84320219808083,2.30432353629275e-09,2.7025013564179e-08,3.29494173578112e-09,"TNF/SLC5A2/HNF1A/FGF21/C3/IL1B/PPARD/AKT1/SLC2A3/INS/IGF1/ADIPOQ/TRIB3/INSR/SLC2A1/NFE2L2",16
"GO:0040013","negative regulation of locomotion","32/462","389/18842",0.0822622107969152,3.35494496934086,7.44084540956818,2.48468971493984e-09,2.90671239014068e-08,3.54391976360793e-09,"TNF/RBBP7/CCL2/PTPN1/HDAC2/IGFBP3/RAC1/PPARG/ELANE/IL4/GJA1/MARVELD3/APOE/GSK3B/CDH1/ENG/TGFB1/DUSP1/PTEN/GSTP1/TRIB1/IL24/HMOX1/PPARD/SERPINE1/AKT1/GDF15/HMGB1/KLF4/ADIPOQ/NFE2L2/MIF",32
"GO:0050878","regulation of body fluid levels","29/462","327/18842",0.0886850152905199,3.61688973615579,7.56828801502286,2.59336652249697e-09,3.02624424279346e-08,3.68965530195486e-09,"NR1H3/JAK2/SERPINB2/PPARA/CD36/SERPINA1/IL6ST/NR1H2/APOE/IL6/SLC29A1/ANGPTL4/IL6R/HSPB1/CYP4A11/SAA1/PRKCD/HNF4A/SLC22A4/SERPINE1/NOS3/PRKCA/VEGFA/TLR4/P2RY2/OAS2/PDGFB/NFE2L2/SCT",29
"GO:1904707","positive regulation of vascular associated smooth muscle cell proliferation","12/462","51/18842",0.235294117647059,9.59612936083524,9.74570571808093,2.73335779647348e-09,3.18162847509513e-08,3.87910275250923e-09,"TNF/IL10/JAK2/MFN2/MMP9/GJA1/TERT/ERN1/IGF1/JUN/PDGFB/MMP2",12
"GO:0071260","cellular response to mechanical stimulus","14/462","74/18842",0.189189189189189,7.71580671580672,9.17709568618939,2.77762449918774e-09,3.22177385852855e-08,3.92804877766461e-09,"SLC9A1/NFKB1/MAPK3/TLR3/MAPK8/IL1B/TGFB1/MAP3K14/FAS/TLR4/ATP1A2/BNIP3/CASP1/SLC2A1",14
"GO:0090199","regulation of release of cytochrome c from mitochondria","11/462","41/18842",0.268292682926829,10.9419279907085,10.1035100061823,2.78422294562525e-09,3.22177385852855e-08,3.92804877766461e-09,"BAX/IFI6/MMP9/TP53/NOL3/AKT1/CLU/IGF1/BNIP3/CASP1/TNFSF10",11
"GO:0006706","steroid catabolic process","9/462","24/18842",0.375,15.2938311688312,11.1088152967788,2.79552542707374e-09,3.22177385852855e-08,3.92804877766461e-09,"CYP1A1/CYP7A1/SPP1/CYP1A2/CYP27A1/CYP3A4/CYP24A1/FGF23/HSD11B1",9
"GO:0090205","positive regulation of cholesterol metabolic process","9/462","24/18842",0.375,15.2938311688312,11.1088152967788,2.79552542707374e-09,3.22177385852855e-08,3.92804877766461e-09,"SREBF2/CYP7A1/AGTR1/AGT/APOE/APOA1/ABCG1/CES1/SREBF1",9
"GO:0006790","sulfur compound metabolic process","26/462","269/18842",0.0966542750929368,3.9419044400457,7.70484455721668,2.90767383411585e-09,3.33451462355749e-08,4.06550449110416e-09,"ACACB/FASN/GSTM1/DGAT1/SQOR/ACACA/HACD2/GSR/ETHE1/FMO1/CPS1/GSTA1/NOX4/GSTP1/ACOT12/CROT/HMGCS2/SUCLG1/CBS/MAT2A/CHST9/SUOX/GLO1/HMGCR/NFE2L2/PDK4",26
"GO:0034976","response to endoplasmic reticulum stress","26/462","269/18842",0.0966542750929368,3.9419044400457,7.70484455721668,2.90767383411585e-09,3.33451462355749e-08,4.06550449110416e-09,"RACK1/BAX/NR1H3/PTPN1/SIRT1/BCL2/DDIT3/TP53/SESN2/NR1H2/PPP1R15A/GSK3B/ALOX15/ALOX5/ATF6/HSPA5/AKT1/CLU/ERN1/FBXO2/ATF3/ATF4/ITPR1/JUN/TRIB3/NFE2L2",26
"GO:0008015","blood circulation","36/462","480/18842",0.075,3.05876623376623,7.24382371603957,2.95517767677069e-09,3.38066517519517e-08,4.12177213306451e-09,"DNM1L/SMAD3/TNF/PTGS2/PTPN1/TJP1/SLC9A1/AVPR1A/PPARA/PPARG/ACE/HTR2B/AGTR1/GJA1/ATP1A1/SPX/AGT/CXCL10/APOE/RARRES2/NOS2/ENG/TGFB1/CPS1/SCARB1/PPARD/NOS3/VEGFA/SOD2/INS/ATP1A2/AKAP12/P2RY2/ADIPOQ/MMP2/CRP",36
"GO:0042098","T cell proliferation","20/462","162/18842",0.123456790123457,5.03500614611726,8.17736684228417,3.10710098398359e-09,3.54575053466363e-08,4.32304738481871e-09,"ARG2/IL10/JAK2/CCR2/IL1A/IL6ST/BTN3A1/IL4/VSIR/IL1B/IL6/CDKN2A/LGALS3/MYC/CCL5/HMGB1/IGF2/IGF1/IGFBP2/SLC11A1",20
"GO:0015749","monosaccharide transmembrane transport","16/462","101/18842",0.158415841584158,6.46076036175046,8.72403971767318,3.11632808446775e-09,3.54758522280729e-08,4.32528427196118e-09,"TNF/SLC5A2/HNF1A/FGF21/C3/IL1B/PPARD/AKT1/SLC2A3/INS/IGF1/ADIPOQ/TRIB3/INSR/SLC2A1/NFE2L2",16
"GO:0071496","cellular response to external stimulus","14/462","75/18842",0.186666666666667,7.61292929292929,9.09760952861379,3.33954376580662e-09,3.79241848136479e-08,4.62378969916943e-09,"SLC9A1/NFKB1/MAPK3/TLR3/MAPK8/IL1B/TGFB1/MAP3K14/FAS/TLR4/ATP1A2/BNIP3/CASP1/SLC2A1",14
"GO:0010573","vascular endothelial growth factor production","13/462","63/18842",0.206349206349206,8.41565312993884,9.34724573197695,3.35753793649209e-09,3.80357582294578e-08,4.63739294504691e-09,"TNF/PTGS2/CCR2/RELA/IL1A/IL6ST/C3/IL1B/IL6/TGFB1/IL6R/RORA/ATF4",13
"GO:0010594","regulation of endothelial cell migration","24/462","234/18842",0.102564102564103,4.18292818292818,7.76756915891,3.68078768020544e-09,4.15964743665936e-08,5.07152231862358e-09,"TNF/PTGS2/WNT5A/SIRT1/RAC1/PPARG/PTK2/AGT/APOE/TGFB1/HSPB1/SCARB1/HMOX1/AKT1/NOS3/PRKCA/VEGFA/LCN2/HMGB1/KLF4/MIR30A/PDGFB/NFE2L2/EPHA2",24
"GO:0009416","response to light stimulus","25/462","253/18842",0.0988142292490119,4.02999503790018,7.69262165619089,3.74314229629554e-09,4.21987179940727e-08,5.14494902231706e-09,"FBXW7/SIRT1/RELA/MMP9/TP53/CAT/KDM1A/ELANE/FOS/MAPK8/FECH/PARP1/CASP9/DUSP1/DDB2/PRKCD/CDKN1A/AKT1/MYC/MFAP4/LCN2/ATF4/MMP2/MMP1/EGFR",25
"GO:0010657","muscle cell apoptotic process","15/462","89/18842",0.168539325842697,6.87363198599154,8.80575438581272,4.02551237011665e-09,4.52724289740655e-08,5.51970178858878e-09,"FOXO1/NRG1/JAK2/PTPN1/ESR1/MFN2/SIRT1/PPARG/GPR35/CDKN2A/NOL3/SOD2/IGF1/BNIP3/NFE2L2",15
"GO:0014823","response to activity","13/462","64/18842",0.203125,8.28415854978355,9.25432865698097,4.12043539204094e-09,4.62283064707051e-08,5.63624421512605e-09,"TNF/IL10/CAT/ABCG8/FOS/AGT/RARRES2/IL6/PPARD/SOD2/RBP4/BGLAP/MMP2",13
"GO:0055093","response to hyperoxia","8/462","18/18842",0.444444444444444,18.1260221260221,11.5248957412304,4.33898938946347e-09,4.85633043205335e-08,5.92093165293575e-09,"FOXO1/CYP1A1/HDAC2/CAT/ATG7/FAS/BNIP3/MMP2",8
"GO:0010595","positive regulation of endothelial cell migration","18/462","133/18842",0.135338345864662,5.51957816619471,8.29275135512327,4.3811514285706e-09,4.87071018275285e-08,5.9384637221121e-09,"PTGS2/WNT5A/SIRT1/RAC1/AGT/TGFB1/HSPB1/SCARB1/HMOX1/AKT1/NOS3/PRKCA/VEGFA/LCN2/HMGB1/MIR30A/PDGFB/NFE2L2",18
"GO:0097530","granulocyte migration","18/462","133/18842",0.135338345864662,5.51957816619471,8.29275135512327,4.3811514285706e-09,4.87071018275285e-08,5.9384637221121e-09,"DNM1L/ITGB2/CCL2/RAC1/MAPK3/PTK2/CXCR2/GPR35/CXCL10/RTN4/TREM1/RARRES2/SAA1/CXCL5/LGALS3/CCL5/VEGFA/CXCL9",18
"GO:0090181","regulation of cholesterol metabolic process","12/462","53/18842",0.226415094339623,9.23401127174712,9.51694956563123,4.3936818658853e-09,4.87071018275285e-08,5.9384637221121e-09,"SREBF2/LDLR/ACADVL/CYP7A1/AGTR1/AGT/APOE/APOA1/ABCG1/NR1H4/CES1/SREBF1",12
"GO:1905517","macrophage migration","12/462","53/18842",0.226415094339623,9.23401127174712,9.51694956563123,4.3936818658853e-09,4.87071018275285e-08,5.9384637221121e-09,"CCL2/CCR2/CX3CR1/MAPK3/PTK2/RTN4/RARRES2/SAA1/LGALS3/CCL5/MMP2/MIF",12
"GO:0032944","regulation of mononuclear cell proliferation","22/462","200/18842",0.11,4.48619047619048,7.85814552355013,4.53573853579766e-09,5.01624670372302e-08,6.11590465322808e-09,"AHR/ARG2/IL10/JAK2/TLR9/CCR2/IL1A/BCL2/IL6ST/IL4/VSIR/IL1B/IL6/CDKN2A/LGALS3/CCL5/HMGB1/IGF2/IGF1/IGFBP2/MIF/CRP",22
"GO:0007162","negative regulation of cell adhesion","27/462","295/18842",0.0915254237288136,3.73273167510456,7.50017456765329,4.71515542381241e-09,5.20231366191246e-08,6.34276107449585e-09,"ARG2/IL10/JAK2/PTPN1/PPARA/ERBB3/PTK2/VSIR/CDH1/APOA1/TGFB1/DUSP1/CDKN2A/PRKCD/PTEN/LGALS3/SERPINE1/AKT1/VEGFA/HMGB1/KLF4/ADAM10/ADIPOQ/SPRY4/EPCAM/MMP2/EPHA2",27
"GO:0060416","response to growth hormone","11/462","43/18842",0.255813953488372,10.4330011074197,9.81786256413217,4.84950439985035e-09,5.33789420465797e-08,6.50806348509081e-09,"JAK2/PTPN1/PTK2/CPS1/HNF4A/HMGCS2/AKT1/GDF15/JAK1/PNPT1/IGF1",11
"GO:0009205","purine ribonucleoside triphosphate metabolic process","24/462","238/18842",0.100840336134454,4.11262686892939,7.66147844757658,5.15853343048052e-09,5.66465369158427e-08,6.9064549487913e-09,"DNM1L/SLC25A13/HSPA8/PPARA/STOML2/IL4/SDHB/TSPO/UCP2/PARP1/TGFB1/NDUFB10/ENO3/PKLR/LDHA/GCK/INS/ATP1A2/IGF1/MTOR/INSR/NDUFS2/NDUFS4/NDUFA2",24
"GO:2000146","negative regulation of cell motility","31/462","380/18842",0.0815789473684211,3.32707906128959,7.26547098095324,5.41419182171443e-09,5.93140638162409e-08,7.23168496928946e-09,"TNF/RBBP7/CCL2/PTPN1/HDAC2/IGFBP3/RAC1/PPARG/IL4/GJA1/MARVELD3/APOE/GSK3B/CDH1/ENG/TGFB1/DUSP1/PTEN/GSTP1/TRIB1/IL24/HMOX1/PPARD/SERPINE1/AKT1/GDF15/HMGB1/KLF4/ADIPOQ/NFE2L2/MIF",31
"GO:0019318","hexose metabolic process","22/462","203/18842",0.108374384236453,4.41989209476894,7.76692885679708,5.99000255477475e-09,6.5468196936693e-08,7.98200873945059e-09,"ACACB/SLC25A13/PCK1/FOXO1/ACADM/SIRT1/RORA/ENO3/OAS1/CPT1A/PPARD/AKT1/PCK2/GCK/INS/IGF2/IGF1/ATF4/ADIPOQ/INSR/RBP4/PDK4",22
"GO:0009141","nucleoside triphosphate metabolic process","25/462","259/18842",0.0965250965250965,3.93663607949322,7.54470577212205,6.04637606582677e-09,6.59295713407247e-08,8.03826039594116e-09,"DNM1L/SLC25A13/HSPA8/PPARA/TYMS/STOML2/IL4/SDHB/TSPO/UCP2/PARP1/TGFB1/NDUFB10/ENO3/PKLR/LDHA/GCK/INS/ATP1A2/IGF1/MTOR/INSR/NDUFS2/NDUFS4/NDUFA2",25
"GO:0006695","cholesterol biosynthetic process","13/462","66/18842",0.196969696969697,8.03312344221435,9.07442004754548,6.13406615607215e-09,6.6573920798769e-08,8.11682072364261e-09,"SREBF2/CYP7A1/NPC1L1/APOE/DHCR24/ABCG1/ACAA2/HMGCS2/MSMO1/SQLE/CES1/SREBF1/HMGCR",13
"GO:1902653","secondary alcohol biosynthetic process","13/462","66/18842",0.196969696969697,8.03312344221435,9.07442004754548,6.13406615607215e-09,6.6573920798769e-08,8.11682072364261e-09,"SREBF2/CYP7A1/NPC1L1/APOE/DHCR24/ABCG1/ACAA2/HMGCS2/MSMO1/SQLE/CES1/SREBF1/HMGCR",13
"GO:0036296","response to increased oxygen levels","9/462","26/18842",0.346153846153846,14.1173826173826,10.6113445764158,6.39516845128686e-09,6.89257044194251e-08,8.40355471498081e-09,"FOXO1/CYP1A1/HDAC2/CAT/ATG7/LCN2/FAS/BNIP3/MMP2",9
"GO:0090594","inflammatory response to wounding","9/462","26/18842",0.346153846153846,14.1173826173826,10.6113445764158,6.39516845128686e-09,6.89257044194251e-08,8.40355471498081e-09,"TNF/CCR2/PPARG/TLR3/IL6/TGFB1/ALOX5/HMOX1/TLR4",9
"GO:0097421","liver regeneration","9/462","26/18842",0.346153846153846,14.1173826173826,10.6113445764158,6.39516845128686e-09,6.89257044194251e-08,8.40355471498081e-09,"TNF/IL10/UCP2/IL6/TGFB1/PRMT5/CPT1A/SLC22A4/PNPT1",9
"GO:0050810","regulation of steroid biosynthetic process","14/462","79/18842",0.177215189873418,7.22746451860376,8.79374518927253,6.77677747008697e-09,7.28699212487874e-08,8.88444123202819e-09,"TNF/SREBF2/NFKB1/SIRT1/CYP7A1/TSPO/APOE/ABCG1/FGFR4/NR1H4/CES1/SREBF1/BGLAP/EGR1",14
"GO:0030879","mammary gland development","13/462","67/18842",0.194029850746269,7.91322607740518,8.98728257893639,7.44293783063378e-09,7.98486602291035e-08,9.73530253778697e-09,"NRG1/JAK2/NFKB1/PPARA/FASN/RTN4/SLC29A1/ELF3/SLC22A4/AKT1/VEGFA/OAS2/EPHA2",13
"GO:0009144","purine nucleoside triphosphate metabolic process","24/462","243/18842",0.0987654320987654,4.02800491689381,7.5320834781893,7.78372493919489e-09,8.33126972802101e-08,1.01576446108771e-08,"DNM1L/SLC25A13/HSPA8/PPARA/STOML2/IL4/SDHB/TSPO/UCP2/PARP1/TGFB1/NDUFB10/ENO3/PKLR/LDHA/GCK/INS/ATP1A2/IGF1/MTOR/INSR/NDUFS2/NDUFS4/NDUFA2",24
"GO:0071354","cellular response to interleukin-6","11/462","45/18842",0.244444444444444,9.96931216931217,9.55039501243948,8.18769796044962e-09,8.7435600238196e-08,1.06603168850864e-08,"JAK2/NFKB1/RELA/IL6ST/IL6/IL6R/CEBPA/JAK1/YAP1/LCN2/FGF23",11
"GO:1905897","regulation of response to endoplasmic reticulum stress","15/462","94/18842",0.159574468085106,6.50801326333241,8.48753622328314,8.76435070999687e-09,9.33794437202413e-08,1.13850017372672e-08,"RACK1/BAX/NR1H3/PTPN1/SIRT1/DDIT3/NR1H2/PPP1R15A/ALOX5/ATF6/HSPA5/AKT1/CLU/ERN1/NFE2L2",15
"GO:0043123","positive regulation of canonical NF-kappaB signal transduction","23/462","226/18842",0.101769911504425,4.15053825230816,7.55433083519379,9.06428177657175e-09,9.63545569673928e-08,1.17477332779354e-08,"LPAR1/TNF/TLR9/RELA/IL1A/CX3CR1/CD36/HTR2B/TLR3/GJA1/PARP1/IL1B/TGFB1/HMOX1/S100A4/VEGFA/INS/TLR4/S100B/ADIPOQ/INSR/CASP1/TNFSF10",23
"GO:0050801","monoatomic ion homeostasis","35/462","478/18842",0.0732217573221757,2.98624318498795,6.97369477771944,9.14246277283712e-09,9.69642520964229e-08,1.18220684830584e-08,"BAX/TF/STC2/B2M/CCR2/SLC9A1/AVPR1A/CA12/WNT5A/BCL2/STOML2/HTR2B/ELANE/AGTR1/ATP1A1/SPX/AGT/TGM2/CYP4A11/CPS1/HMOX1/MYC/OTC/CCL5/LCN2/FTH1/FGF23/ATP1A2/BNIP3/P2RY2/SLC11A1/ITPR1/CNR1/SLC7A11/PDK4",35
"GO:1901099","negative regulation of signal transduction in absence of ligand","9/462","27/18842",0.333333333333333,13.5945165945166,10.3827281425121,9.38572882470806e-09,9.90928648703872e-08,1.20815930546778e-08,"TNF/NRG1/IFI6/IL1A/BCL2/IL1B/AKT1/TERT/KLF4",9
"GO:2001240","negative regulation of extrinsic apoptotic signaling pathway in absence of ligand","9/462","27/18842",0.333333333333333,13.5945165945166,10.3827281425121,9.38572882470806e-09,9.90928648703872e-08,1.20815930546778e-08,"TNF/NRG1/IFI6/IL1A/BCL2/IL1B/AKT1/TERT/KLF4",9
"GO:0002532","production of molecular mediator involved in inflammatory response","16/462","109/18842",0.146788990825688,5.98657611501648,8.27774881818635,9.71233093900016e-09,1.02309078850644e-07,1.24737200613705e-08,"TNF/FADS2/JAK2/NFKB1/PPARA/RELA/CD36/TLR3/NOS2/IL6/ALOX5/NFKBIA/HMOX1/SERPINE1/INS/TLR4",16
"GO:0033280","response to vitamin D","10/462","36/18842",0.277777777777778,11.3287638287638,9.83448428664949,1.02349458492617e-08,1.07570898135807e-07,1.31152512090847e-08,"STC2/PIM1/VDR/CXCL10/SPP1/TGFB1/SLC22A4/CYP24A1/FGF23/BGLAP",10
"GO:0060761","negative regulation of response to cytokine stimulus","16/462","110/18842",0.145454545454545,5.93215269578906,8.22509628535555,1.11129966949799e-08,1.16536289666276e-07,1.42083290223931e-08,"NR1H3/IL1A/PPARG/IL6ST/NR1H2/APOA1/IL1B/IL6/USP18/OAS1/GSTP1/NOL3/CCL5/NR1H4/KLF4/ADIPOQ",16
"GO:1900180","regulation of protein localization to nucleus","17/462","126/18842",0.134920634920635,5.50254243111386,8.03964324450356,1.23822072106333e-08,1.29554060163391e-07,1.57954806889741e-08,"SMAD3/JAK2/CD36/SESN2/GSK3B/CDH1/PARP1/TGFB1/CDKN2A/PRKCD/NFKBIA/AKT1/TERT/JAK1/YAP1/INS/MTOR",17
"GO:0035094","response to nicotine","11/462","47/18842",0.234042553191489,9.5450861195542,9.29917492009302,1.3441383447648e-08,1.40006893360736e-07,1.70699102568743e-08,"TNF/B2M/HDAC2/NFKB1/PPARA/RELA/BCL2/CASP3/HMOX1/ATP1A2/MMP2",11
"GO:0045922","negative regulation of fatty acid metabolic process","11/462","47/18842",0.234042553191489,9.5450861195542,9.29917492009302,1.3441383447648e-08,1.40006893360736e-07,1.70699102568743e-08,"ACACB/SIRT1/ACADVL/CYP7A1/UGT1A1/ANGPTL4/PLIN5/AKT1/INS/APOC1/TRIB3",11
"GO:0043542","endothelial cell migration","26/462","290/18842",0.0896551724137931,3.65645618749067,7.22780617453831,1.40084697729047e-08,1.45588025139831e-07,1.7750372599221e-08,"TNF/ITGB2/PTGS2/WNT5A/SIRT1/S100P/RAC1/PPARG/PTK2/AGT/APOE/TGFB1/HSPB1/SCARB1/HMOX1/AKT1/NOS3/PRKCA/VEGFA/LCN2/HMGB1/KLF4/MIR30A/PDGFB/NFE2L2/EPHA2",26
"GO:0045089","positive regulation of innate immune response","31/462","396/18842",0.0782828282828283,3.19265162446981,6.99143517022728,1.42642018915663e-08,1.47915643668447e-07,1.80341603359673e-08,"TNF/NR1H3/PRKCE/HSPA8/TLR9/CASP6/WNT5A/RELA/SQSTM1/AP1G1/CD36/TLR3/NLRP3/MAPK8/RTN4/AIM2/PARP1/NFKBIA/OAS1/CPT1A/AKT1/CADM1/CCL5/HMGB1/NR1H4/CD14/TLR4/PVR/CASP1/HCK/EGFR",31
"GO:0006721","terpenoid metabolic process","16/462","112/18842",0.142857142857143,5.82622139764997,8.12171176390577,1.4483202686977e-08,1.49852870467922e-07,1.82703507607419e-08,"CYP1A1/LDLR/DGAT1/APOE/RARRES2/CYP2E1/UGT1A1/CYP1A2/RETSAT/CYP2C19/HMGCS2/CYP3A4/AKR1B10/CES1/RBP4/HMGCR",16
"GO:0034374","low-density lipoprotein particle remodeling","7/462","14/18842",0.5,20.3917748917749,11.5074658064205,1.50630459209297e-08,1.55506744585031e-07,1.89596819891268e-08,"AGTR1/AGT/LIPC/APOE/ABCG1/CETP/APOB",7
"GO:0016126","sterol biosynthetic process","13/462","71/18842",0.183098591549296,7.46741052374855,8.6559772740461,1.55909750124803e-08,1.60246312711056e-07,1.95375392690476e-08,"SREBF2/CYP7A1/NPC1L1/APOE/DHCR24/ABCG1/ACAA2/HMGCS2/MSMO1/SQLE/CES1/SREBF1/HMGCR",13
"GO:0050435","amyloid-beta metabolic process","13/462","71/18842",0.183098591549296,7.46741052374855,8.6559772740461,1.55909750124803e-08,1.60246312711056e-07,1.95375392690476e-08,"TNF/RELA/LDLR/CD36/ACE/NCSTN/RTN4/APOE/APOA1/ABCG1/CASP3/CLU/IGF1",13
"GO:1903409","reactive oxygen species biosynthetic process","12/462","59/18842",0.203389830508475,8.29495927801013,8.89747154005671,1.6136294037419e-08,1.65485870128244e-07,2.01763562069158e-08,"ARG2/PPARA/CD36/ACOX1/ALOX5/NOX4/RAB27A/LCN2/SOD2/FAS/INS/TLR4",12
"GO:0060759","regulation of response to cytokine stimulus","21/462","196/18842",0.107142857142857,4.36966604823748,7.51834528144219,1.62971691565711e-08,1.66768394709879e-07,2.03327240755631e-08,"NR1H3/PTPN1/WNT5A/IL1A/PPARG/IL6ST/NR1H2/APOA1/IL1B/IL6/USP18/OAS1/GSTP1/NOL3/CCL5/NR1H4/TLR4/KLF4/ADAM10/ADIPOQ/CASP1",21
"GO:0034219","carbohydrate transmembrane transport","16/462","113/18842",0.141592920353982,5.77466191625484,8.07095194477567,1.64974074906315e-08,1.68447213325395e-07,2.05374088765506e-08,"TNF/SLC5A2/HNF1A/FGF21/C3/IL1B/PPARD/AKT1/SLC2A3/INS/IGF1/ADIPOQ/TRIB3/INSR/SLC2A1/NFE2L2",16
"GO:0032885","regulation of polysaccharide biosynthetic process","10/462","38/18842",0.263157894736842,10.7325131009342,9.52120427825373,1.82163583012518e-08,1.85591606675335e-07,2.26276863540887e-08,"NFKB1/GSK3B/TGFB1/AKT1/GCK/INS/IGF2/IGF1/INSR/PDGFB",10
"GO:0007263","nitric oxide mediated signal transduction","8/462","21/18842",0.380952380952381,15.5365903937333,10.5669843029569,1.89115219854899e-08,1.91834523669806e-07,2.33888348252726e-08,"CD36/AGT/APOE/NOS2/SCARB1/NOS3/VEGFA/INS",8
"GO:0034375","high-density lipoprotein particle remodeling","8/462","21/18842",0.380952380952381,15.5365903937333,10.5669843029569,1.89115219854899e-08,1.91834523669806e-07,2.33888348252726e-08,"LIPC/APOE/APOA1/ABCG1/SCARB1/CETP/APOC1/LIPG",8
"GO:0002699","positive regulation of immune effector process","23/462","235/18842",0.0978723404255319,3.99158146817721,7.31638912623282,1.90072695512584e-08,1.92386623979694e-07,2.34561479590503e-08,"TNF/PCK1/ITGB2/IL10/CFB/TLR9/B2M/CCR2/WNT5A/SIRT1/AP1G1/IL4/NLRP3/C3/RTN4/NOS2/IL1B/IL6/TGFB1/CADM1/PVR/RBP4/MIF",23
"GO:0050670","regulation of lymphocyte proliferation","21/462","198/18842",0.106060606060606,4.32552800734619,7.45802554944965,1.9504391040879e-08,1.96990118625451e-07,2.40174148980188e-08,"AHR/ARG2/IL10/JAK2/TLR9/CCR2/IL1A/BCL2/IL6ST/IL4/VSIR/IL1B/IL6/CDKN2A/LGALS3/CCL5/HMGB1/IGF2/IGF1/IGFBP2/MIF",21
"GO:0070301","cellular response to hydrogen peroxide","12/462","60/18842",0.2,8.15670995670996,8.8027492878873,1.9727397871671e-08,1.98811178550866e-07,2.42394420336337e-08,"HDAC2/SIRT1/RELA/CAT/IL6/FABP1/PRKCD/ERN1/LCN2/BNIP3/KLF4/NFE2L2",12
"GO:0010506","regulation of autophagy","29/462","358/18842",0.0810055865921788,3.30369537352778,6.97700111781808,1.99229181035744e-08,2.00347962613915e-07,2.44268097082584e-08,"FBXW7/DNM1L/FOXO1/IL10/SREBF2/TLR9/SIRT1/SQSTM1/BCL2/DDIT3/LEPR/SESN2/IL4/MAPK8/TSPO/GSK3B/HSPB1/CASP3/ATF6/SLC25A4/AKT1/ERN1/FBXO2/HMGB1/BNIP3/MTOR/ITPR1/TRIB3/SREBF1",29
"GO:0043409","negative regulation of MAPK cascade","19/462","163/18842",0.116564417177914,4.75391071096593,7.63134589500411,2.00267842909516e-08,2.0095842167817e-07,2.45012380538362e-08,"FOXO1/PTPN1/IGF1R/PPARG/MARVELD3/AGT/APOE/IL1B/DUSP1/PRKCD/GSTP1/TRIB1/MYC/ATF3/TLR4/KLF4/ADIPOQ/TRIB3/SPRY4",19
"GO:0098771","inorganic ion homeostasis","31/462","402/18842",0.0771144278606965,3.14500010768667,6.89223529618744,2.02192083105633e-08,2.02452976116092e-07,2.46834570111815e-08,"BAX/TF/STC2/B2M/CCR2/SLC9A1/CA12/WNT5A/BCL2/STOML2/HTR2B/ELANE/AGTR1/ATP1A1/SPX/AGT/TGM2/CYP4A11/HMOX1/MYC/OTC/CCL5/LCN2/FTH1/FGFR4/FGF23/ATP1A2/BNIP3/SLC11A1/ITPR1/CNR1",31
"GO:0070741","response to interleukin-6","11/462","49/18842",0.224489795918367,9.15549076773567,9.06254743155746,2.15128482630692e-08,2.14943822988949e-07,2.62063651340171e-08,"JAK2/NFKB1/RELA/IL6ST/IL6/IL6R/CEBPA/JAK1/YAP1/LCN2/FGF23",11
"GO:0045940","positive regulation of steroid metabolic process","10/462","39/18842",0.256410256410256,10.4573204573205,9.37318188889824,2.39655090987261e-08,2.38936638894366e-07,2.91316154876544e-08,"TNF/SREBF2/CYP7A1/AGTR1/AGT/APOE/APOA1/ABCG1/CES1/SREBF1",10
"GO:0008643","carbohydrate transport","16/462","116/18842",0.137931034482759,5.62531721152411,7.92224404664916,2.41741555193335e-08,2.40501854910292e-07,2.93224496407675e-08,"TNF/SLC5A2/HNF1A/FGF21/C3/IL1B/PPARD/AKT1/SLC2A3/INS/IGF1/ADIPOQ/TRIB3/INSR/SLC2A1/NFE2L2",16
"GO:1903034","regulation of response to wounding","19/462","165/18842",0.115151515151515,4.69628755083301,7.56056708651272,2.44695927839584e-08,2.42922012797677e-07,2.96175199544747e-08,"SMAD3/TNF/IL10/PRKCE/HBEGF/SERPINB2/CD36/PTK2/SPP1/APOE/ALOX5/PRKCD/PTEN/SERPINE1/NOS3/HMGB1/MTOR/PDGFB/NFE2L2",19
"GO:0034349","glial cell apoptotic process","7/462","15/18842",0.466666666666667,19.0323232323232,11.0766124502368,2.76474727157242e-08,2.73304953215311e-07,3.3321866603555e-08,"CCL2/TP53/CASP9/CASP3/PRKCD/PRKCA/AKAP12",7
"GO:0034372","very-low-density lipoprotein particle remodeling","7/462","15/18842",0.466666666666667,19.0323232323232,11.0766124502368,2.76474727157242e-08,2.73304953215311e-07,3.3321866603555e-08,"APOA5/LIPC/APOE/APOA1/ANGPTL4/CETP/NR1H4",7
"GO:0048145","regulation of fibroblast proliferation","12/462","62/18842",0.193548387096774,7.89359028068706,8.61973129059623,2.91299900425009e-08,2.87350071266704e-07,3.50342744638362e-08,"WNT5A/TP53/AGT/CTNNB1/GSTP1/CDKN1A/MYC/FTH1/IGF1/PDGFB/MIF/EGFR",12
"GO:1990776","response to angiotensin","10/462","40/18842",0.25,10.1958874458874,9.23042775635408,3.12597422620399e-08,3.07706892118515e-07,3.7516217293325e-08,"SMAD3/PTPN1/NFKB1/RELA/ACE/AGTR1/AGT/PRKCD/PRKCA/NFE2L2",10
"GO:0030225","macrophage differentiation","11/462","51/18842",0.215686274509804,8.79645191409897,8.83908592001396,3.36449913551446e-08,3.29791746841164e-07,4.02088453425768e-08,"SIRT1/MMP9/UCP2/PARP1/TGFB1/IL1RL1/TRIB1/LIF/PRKCA/VEGFA/ADIPOQ",11
"GO:0032369","negative regulation of lipid transport","11/462","51/18842",0.215686274509804,8.79645191409897,8.83908592001396,3.36449913551446e-08,3.29791746841164e-07,4.02088453425768e-08,"NR1H3/SREBF2/MAPK3/NR1H2/TSPO/APOE/NFKBIA/AKT1/PCSK9/APOC1/ADIPOQ",11
"GO:0045333","cellular respiration","26/462","303/18842",0.0858085808580858,3.4995785292815,6.95416765358627,3.43498881117398e-08,3.35993863546766e-07,4.09650193639123e-08,"SLC25A13/TNF/MFN2/PPARA/STOML2/IL4/SDHB/ETFDH/UCP2/NOS2/NDUFB10/ENO3/OAS1/PKLR/SUCLG1/LDHA/PNPT1/GCK/INS/IGF1/MTOR/INSR/NDUFS2/PDK4/NDUFS4/NDUFA2",26
"GO:0061041","regulation of wound healing","17/462","135/18842",0.125925925925926,5.1357062690396,7.64565516213486,3.53509248656892e-08,3.45060599946853e-07,4.20704533390342e-08,"SMAD3/TNF/PRKCE/HBEGF/SERPINB2/CD36/PTK2/APOE/ALOX5/PRKCD/PTEN/SERPINE1/NOS3/HMGB1/MTOR/PDGFB/NFE2L2",17
"GO:0071482","cellular response to light stimulus","15/462","104/18842",0.144230769230769,5.88224275724276,7.91543216208523,3.59530388489111e-08,3.50203658745879e-07,4.26975049794059e-08,"FBXW7/SIRT1/MMP9/TP53/KDM1A/PARP1/CASP9/DDB2/PRKCD/CDKN1A/MYC/MFAP4/ATF4/MMP2/MMP1",15
"GO:0090322","regulation of superoxide metabolic process","9/462","31/18842",0.290322580645161,11.8403854210306,9.57678720819171,3.69997409538112e-08,3.59646751317213e-07,4.38488250242319e-08,"ITGB2/PRKCE/CD36/AGT/TGFB1/PRKCD/GSTP1/NFE2L2/CRP",9
"GO:0018193","peptidyl-amino acid modification","30/462","391/18842",0.0767263427109974,3.12917261766367,6.74511728398125,3.84900642283966e-08,3.73353623015447e-07,4.55199932372747e-08,"PCK1/NRG1/ITGB2/IL10/JAK2/SIRT1/RELA/IGF1R/MAPK3/IL4/LOX/MAPK8/GSK3B/APOA1/NOS2/IL6/CDKN2A/CTNNB1/PRMT5/PRKCD/PTEN/AKT1/EFEMP1/LIF/PDGFRB/FGFR4/PDGFB/EGR1/HCK/EGFR",30
"GO:0031334","positive regulation of protein-containing complex assembly","20/462","188/18842",0.106382978723404,4.33867550888827,7.29402686914135,4.04055645975144e-08,3.91119145043715e-07,4.76859999203007e-08,"RACK1/BAX/TNF/NRG1/PRKCE/TLR9/CD36/TP53/ABCA1/NR1H2/MAPK8/GSK3B/ALOX15/TGFB1/LGALS3/CLU/VEGFA/TLR4/HCK/MMP1",20
"GO:0001960","negative regulation of cytokine-mediated signaling pathway","15/462","105/18842",0.142857142857143,5.82622139764997,7.8623445335245,4.10157740273889e-08,3.96202165708553e-07,4.83057315956481e-08,"NR1H3/IL1A/PPARG/IL6ST/NR1H2/APOA1/IL1B/IL6/USP18/OAS1/GSTP1/NOL3/CCL5/NR1H4/ADIPOQ",15
"GO:0050714","positive regulation of protein secretion","17/462","137/18842",0.124087591240876,5.06073245489304,7.56285916180445,4.40955577021864e-08,4.25070220831014e-07,5.18253805100857e-08,"DNM1L/JAK2/RAC1/IL1A/PPARG/NR1H2/FFAR1/TGFB1/ABCG1/PPARD/PRKCA/GCK/INS/NR1H4/TLR4/IGF1/RBP4",17
"GO:0034370","triglyceride-rich lipoprotein particle remodeling","7/462","16/18842",0.4375,17.842803030303,10.6855170833137,4.81146288455695e-08,4.61900436917468e-07,5.63157914337622e-08,"APOA5/LIPC/APOE/APOA1/ANGPTL4/CETP/NR1H4",7
"GO:0090209","negative regulation of triglyceride metabolic process","7/462","16/18842",0.4375,17.842803030303,10.6855170833137,4.81146288455695e-08,4.61900436917468e-07,5.63157914337622e-08,"FBXW7/SIRT1/CIDEC/PLIN5/PLIN1/APOC1/SREBF1",7
"GO:0070665","positive regulation of leukocyte proliferation","17/462","138/18842",0.123188405797101,5.02406048058222,7.5220636630911,4.9172310226205e-08,4.71082873278211e-07,5.74353317710617e-08,"JAK2/TLR9/CCR2/IL1A/BCL2/MAPK3/IL6ST/IL4/PTK2/IL1B/IL6/CCL5/HMGB1/IGF2/IGF1/IGFBP2/MIF",17
"GO:0006720","isoprenoid metabolic process","16/462","122/18842",0.131147540983607,5.34866226669505,7.63981570483202,5.00600947800877e-08,4.78430365412724e-07,5.83311521720335e-08,"CYP1A1/LDLR/DGAT1/APOE/RARRES2/CYP2E1/UGT1A1/CYP1A2/RETSAT/CYP2C19/HMGCS2/CYP3A4/AKR1B10/CES1/RBP4/HMGCR",16
"GO:0044703","multi-organism reproductive process","18/462","155/18842",0.116129032258065,4.73615416841223,7.40493164590029,5.01447633851824e-08,4.78430365412724e-07,5.83311521720335e-08,"SMAD3/CYP1A1/STC2/AVPR1A/BCL2/MAFF/VDR/GJA1/FOS/SPP1/PARP1/IL1B/TGFB1/PPARD/VEGFA/IGFBP2/SLC2A1/MMP2",18
"GO:0048144","fibroblast proliferation","12/462","65/18842",0.184615384615385,7.52927072927073,8.36004202817537,5.08165653589257e-08,4.83848524153697e-07,5.89917445274943e-08,"WNT5A/TP53/AGT/CTNNB1/GSTP1/CDKN1A/MYC/FTH1/IGF1/PDGFB/MIF/EGFR",12
"GO:0043255","regulation of carbohydrate biosynthetic process","14/462","92/18842",0.152173913043478,6.20619235836627,7.93621997561317,5.13144688977914e-08,4.87558018879338e-07,5.94440132733044e-08,"FOXO1/ACADM/NFKB1/SIRT1/GSK3B/TGFB1/AKT1/GCK/INS/IGF2/IGF1/ADIPOQ/INSR/PDGFB",14
"GO:0045599","negative regulation of fat cell differentiation","11/462","53/18842",0.207547169811321,8.46451033243486,8.62755296554778,5.15203061186929e-08,4.87558018879338e-07,5.94440132733044e-08,"SMAD3/TNF/FOXO1/WNT5A/SIRT1/IL6/TGFB1/RORA/YAP1/ADIPOQ/TRIB3",11
"GO:0140467","integrated stress response signaling","11/462","53/18842",0.207547169811321,8.46451033243486,8.62755296554778,5.15203061186929e-08,4.87558018879338e-07,5.94440132733044e-08,"PTPN1/BATF3/DDIT3/FOS/PPP1R15A/CEBPA/HSPA5/AKT1/ATF4/JUN/NFE2L2",11
"GO:0032881","regulation of polysaccharide metabolic process","10/462","42/18842",0.238095238095238,9.71036899608328,8.95947336984607,5.19315649574192e-08,4.90453075946741e-07,5.97969842102553e-08,"NFKB1/GSK3B/TGFB1/AKT1/GCK/INS/IGF2/IGF1/INSR/PDGFB",10
"GO:0051251","positive regulation of lymphocyte activation","25/462","289/18842",0.0865051903114187,3.52798873560119,6.86621174832283,5.39713556574954e-08,5.08685489759714e-07,6.20199152394564e-08,"PCK1/IL10/CCL2/JAK2/TLR9/B2M/CCR2/IL1A/BCL2/IL6ST/IL4/NLRP3/VSIR/IL1B/IL6/TGFB1/AKT1/CCL5/HMGB1/IGF2/IGF1/MTOR/IGFBP2/MAP3K8/MIF",25
"GO:0046626","regulation of insulin receptor signaling pathway","12/462","66/18842",0.181818181818182,7.41519086973632,8.27713847417379,6.07460096262264e-08,5.71380648120626e-07,6.96638297716063e-08,"PTPN1/CTSD/SIRT1/AHSG/BLVRB/IL1B/PRKCD/INS/NR1H4/IGF2/MTOR/TRIB3",12
"GO:0043535","regulation of blood vessel endothelial cell migration","18/462","157/18842",0.114649681528662,4.67582099429233,7.33259735859071,6.12059149587543e-08,5.7338981900998e-07,6.99087917584681e-08,"TNF/PTGS2/SIRT1/PPARG/APOE/TGFB1/HSPB1/HMOX1/AKT1/NOS3/PRKCA/VEGFA/HMGB1/KLF4/MIR30A/PDGFB/NFE2L2/EPHA2",18
"GO:0051048","negative regulation of secretion","18/462","157/18842",0.114649681528662,4.67582099429233,7.33259735859071,6.12059149587543e-08,5.7338981900998e-07,6.99087917584681e-08,"TNF/FOXO1/NRG1/NR1H3/CCR2/ERBB3/GJA1/SPX/TSPO/UCP2/APOE/IL1B/PIM3/LIF/INS/FGF23/HMGCR/SCT",18
"GO:0034341","response to type II interferon","15/462","109/18842",0.137614678899083,5.61241510782795,7.65663911011645,6.84118199921744e-08,6.39609304987077e-07,7.79823991055931e-08,"TNF/NR1H3/CCL2/JAK2/PIM1/WNT5A/PPARG/TP53/NR1H2/JAK1/CCL5/TLR4/SLC11A1/CASP1/HCK",15
"GO:0043536","positive regulation of blood vessel endothelial cell migration","13/462","80/18842",0.1625,6.62732683982684,7.99664426808102,6.91933033209087e-08,6.45619279082467e-07,7.87151467295985e-08,"PTGS2/SIRT1/TGFB1/HSPB1/HMOX1/AKT1/NOS3/PRKCA/VEGFA/HMGB1/MIR30A/PDGFB/NFE2L2",13
"GO:0044706","multi-multicellular organism process","18/462","159/18842",0.113207547169811,4.61700563587356,7.26147171049062,7.44628065131447e-08,6.93397654250403e-07,8.45403783075507e-08,"SMAD3/CYP1A1/STC2/AVPR1A/BCL2/MAFF/VDR/GJA1/FOS/SPP1/PARP1/IL1B/TGFB1/PPARD/VEGFA/IGFBP2/SLC2A1/MMP2",18
"GO:0055091","phospholipid homeostasis","7/462","17/18842",0.411764705882353,16.7932263814617,10.3282808267977,8.00706152695694e-08,7.41170546113549e-07,9.03649413504155e-08,"ABCA1/APOA1/ABCG1/HNF4A/CETP/FABP3/LIPG",7
"GO:0072567","chemokine (C-X-C motif) ligand 2 production","7/462","17/18842",0.411764705882353,16.7932263814617,10.3282808267977,8.00706152695694e-08,7.41170546113549e-07,9.03649413504155e-08,"TNF/TGFB1/OAS1/HMGB1/TLR4/KLF4/MIF",7
"GO:2000341","regulation of chemokine (C-X-C motif) ligand 2 production","7/462","17/18842",0.411764705882353,16.7932263814617,10.3282808267977,8.00706152695694e-08,7.41170546113549e-07,9.03649413504155e-08,"TNF/TGFB1/OAS1/HMGB1/TLR4/KLF4/MIF",7
"GO:0009259","ribonucleotide metabolic process","28/462","360/18842",0.0777777777777778,3.17205387205387,6.59701648078372,8.29854517170427e-08,7.66627506338394e-07,9.34687030011457e-08,"DNM1L/SLC25A13/HSPA8/PPARA/STOML2/IL4/SDHB/TSPO/UCP2/XDH/PARP1/TGFB1/NDUFB10/ENO3/PKLR/LDHA/GCK/INS/ATP1A2/IGF1/MTOR/DHODH/INSR/NDUFS2/EPHA2/NDUFS4/PDE4A/NDUFA2",28
"GO:0042368","vitamin D biosynthetic process","6/462","11/18842",0.545454545454545,22.245572609209,11.1745051651136,8.75838617242676e-08,8.07505861758792e-07,9.84526708739054e-08,"TNF/NFKB1/CYP27A1/CYP3A4/CYP2R1/CYP24A1",6
"GO:0002367","cytokine production involved in immune response","14/462","96/18842",0.145833333333333,5.94760101010101,7.70506290551138,8.91280780186608e-08,8.18501639555986e-07,9.97932972937704e-08,"TNF/IL10/B2M/CCR2/WNT5A/SIRT1/IL4/NLRP3/RTN4/APOA1/IL1B/IL6/TGFB1/MIF",14
"GO:0002718","regulation of cytokine production involved in immune response","14/462","96/18842",0.145833333333333,5.94760101010101,7.70506290551138,8.91280780186608e-08,8.18501639555986e-07,9.97932972937704e-08,"TNF/IL10/B2M/CCR2/WNT5A/SIRT1/IL4/NLRP3/RTN4/APOA1/IL1B/IL6/TGFB1/MIF",14
"GO:1904385","cellular response to angiotensin","9/462","34/18842",0.264705882352941,10.7956455309396,9.06361439891242,9.01716021286623e-08,8.26454684076873e-07,1.00762947808697e-07,"PTPN1/NFKB1/RELA/ACE/AGTR1/AGT/PRKCD/PRKCA/NFE2L2",9
"GO:0034377","plasma lipoprotein particle assembly","8/462","25/18842",0.32,13.0507359307359,9.55891480069802,9.2202260263664e-08,8.43406137107308e-07,1.0282970163065e-07,"DGAT1/ABCA1/NR1H2/APOE/APOA1/MTTP/APOB/APOC1",8
"GO:0009150","purine ribonucleotide metabolic process","27/462","340/18842",0.0794117647058823,3.23869365928189,6.60427271274427,9.29673102689713e-08,8.48736856102608e-07,1.03479633163807e-07,"DNM1L/SLC25A13/HSPA8/PPARA/STOML2/IL4/SDHB/TSPO/UCP2/XDH/PARP1/TGFB1/NDUFB10/ENO3/PKLR/LDHA/GCK/INS/ATP1A2/IGF1/MTOR/INSR/NDUFS2/EPHA2/NDUFS4/PDE4A/NDUFA2",27
"GO:0042440","pigment metabolic process","13/462","82/18842",0.158536585365854,6.46568472178228,7.86385133795598,9.36828282953305e-08,8.51928219810662e-07,1.03868730377421e-07,"ABCC1/ALB/WNT5A/ABCC2/ALAS1/BLVRB/FECH/TSPO/UGT1A1/FABP1/GSTA1/HMOX1/COX15",13
"GO:0098586","cellular response to virus","13/462","82/18842",0.158536585365854,6.46568472178228,7.86385133795598,9.36828282953305e-08,8.51928219810662e-07,1.03868730377421e-07,"BAX/SMAD3/IFI6/ADAR/NFKB1/TLR3/NLRP3/CXCL10/IL6/TGFB1/OAS1/CCL5/GSDME",13
"GO:0034405","response to fluid shear stress","11/462","56/18842",0.196428571428571,8.01105442176871,8.33029539263306,9.41925821083882e-08,8.54894078550986e-07,1.04230333590782e-07,"PTPN1/SREBF2/ABCA1/PTK2/TGFB1/AKT1/NOS3/MTOR/KLF4/MMP2/NFE2L2",11
"GO:2000060","positive regulation of ubiquitin-dependent protein catabolic process","14/462","97/18842",0.144329896907216,5.88628553577007,7.64930883657058,1.01860624473701e-07,9.22690792897961e-07,1.12496239660364e-07,"RACK1/FBXW7/TF/SIRT1/PTK2/GSK3B/CEBPA/PTEN/TRIB1/AKT1/CLU/MTOR/TRIB3/NFE2L2",14
"GO:0150077","regulation of neuroinflammatory response","10/462","45/18842",0.222222222222222,9.06301106301106,8.58537858732266,1.05415006372816e-07,9.53033533343362e-07,1.16195685051357e-07,"TNF/PTGS2/LDLR/MAPK3/MMP9/IL4/IL1B/IL6/CCL5/IGF1",10
"GO:0000271","polysaccharide biosynthetic process","11/462","57/18842",0.192982456140351,7.87050960735171,8.23608819246369,1.14168273153483e-07,1.03016953450119e-06,1.25600254967395e-07,"ACADM/NFKB1/GSK3B/TGFB1/AKT1/GCK/INS/IGF2/IGF1/INSR/PDGFB",11
"GO:0019693","ribose phosphate metabolic process","28/462","367/18842",0.0762942779291553,3.11155148212369,6.47653463141672,1.24028821229431e-07,1.11697909408942e-06,1.36184243769945e-07,"DNM1L/SLC25A13/HSPA8/PPARA/STOML2/IL4/SDHB/TSPO/UCP2/XDH/PARP1/TGFB1/NDUFB10/ENO3/PKLR/LDHA/GCK/INS/ATP1A2/IGF1/MTOR/DHODH/INSR/NDUFS2/EPHA2/NDUFS4/PDE4A/NDUFA2",28
"GO:0006112","energy reserve metabolic process","13/462","84/18842",0.154761904761905,6.31173984745413,7.73541080563336,1.25695481155145e-07,1.12762651302188e-06,1.37482397605672e-07,"PYGM/PYGL/ACADM/LEPR/GSK3B/GFPT1/AKT1/GCK/INS/IGF2/IGF1/INSR/GFPT2",13
"GO:0010906","regulation of glucose metabolic process","13/462","84/18842",0.154761904761905,6.31173984745413,7.73541080563336,1.25695481155145e-07,1.12762651302188e-06,1.37482397605672e-07,"ACACB/FOXO1/ACADM/SIRT1/RORA/AKT1/GCK/INS/IGF2/IGF1/ADIPOQ/INSR/PDK4",13
"GO:1904646","cellular response to amyloid-beta","10/462","46/18842",0.217391304347826,8.86598908338039,8.4683684614569,1.31773157094635e-07,1.17987657583196e-06,1.43852825958696e-07,"TNF/ABCC1/IGF1R/CD36/GJA1/GSK3B/PARP1/LCN2/TLR4/IGF1",10
"GO:0050777","negative regulation of immune response","20/462","202/18842",0.099009900990099,4.03797522609404,6.88235654428562,1.33569352284979e-07,1.19366392368304e-06,1.45533805979386e-07,"AHR/NR1H3/ARG2/PIM1/CCR2/MAPK3/PPARG/IL6ST/NR1H2/ALOX15/PARP1/TGFB1/USP18/OAS1/IL1RL1/LGALS3/CLU/INS/PVR/HCK",20
"GO:0031663","lipopolysaccharide-mediated signaling pathway","11/462","58/18842",0.189655172413793,7.73481116584565,8.14414672451396,1.37812484773646e-07,1.22922400211896e-06,1.49869359272927e-07,"SMAD3/PRKCE/JAK2/CD36/SCARB1/TRIB1/PRKCA/CD14/TLR4/HCK/MIF",11
"GO:0042129","regulation of T cell proliferation","17/462","148/18842",0.114864864864865,4.68459693459694,7.13460500262112,1.38653077841027e-07,1.23435703714689e-06,1.50495188795808e-07,"ARG2/IL10/JAK2/CCR2/IL1A/IL6ST/IL4/VSIR/IL1B/IL6/CDKN2A/LGALS3/CCL5/HMGB1/IGF2/IGF1/IGFBP2",17
"GO:0010212","response to ionizing radiation","15/462","115/18842",0.130434782608696,5.31959345002823,7.36644410614838,1.4117502043163e-07,1.25441010520929e-06,1.52940097499827e-07,"SMAD3/TNF/SIRT1/TP53/KDM1A/CXCL10/DNMT3A/PARP1/TGFB1/CASP3/CDKN1A/CYP2R1/YAP1/LCN2/EGR1",15
"GO:0001959","regulation of cytokine-mediated signaling pathway","19/462","184/18842",0.103260869565217,4.21134481460568,6.9400646500044,1.41896186119341e-07,1.25841646204124e-06,1.53428560245745e-07,"NR1H3/PTPN1/WNT5A/IL1A/PPARG/IL6ST/NR1H2/APOA1/IL1B/IL6/USP18/OAS1/GSTP1/NOL3/CCL5/NR1H4/ADAM10/ADIPOQ/CASP1",19
"GO:1900182","positive regulation of protein localization to nucleus","13/462","85/18842",0.152941176470588,6.23748408454291,7.67274383531951,1.45123185469867e-07,1.28458850104126e-06,1.56619505678828e-07,"SMAD3/JAK2/SESN2/CDH1/PARP1/TGFB1/CDKN2A/PRKCD/AKT1/TERT/JAK1/YAP1/INS",13
"GO:0034383","low-density lipoprotein particle clearance","9/462","36/18842",0.25,10.1958874458874,8.75582132457385,1.54947348304486e-07,1.36894659147189e-06,1.66904606637265e-07,"LDLR/CD36/FGF21/SCARB1/HMOX1/NR1H4/PCSK9/APOB/ADIPOQ",9
"GO:0010718","positive regulation of epithelial to mesenchymal transition","11/462","59/18842",0.186440677966102,7.60371267150928,8.05437608549514,1.65696611817365e-07,1.45237938099981e-06,1.77076893126422e-07,"SMAD3/HDAC2/KDM1A/PTK2/AGT/IL1B/IL6/ENG/TGFB1/CTNNB1/MTOR",11
"GO:0097009","energy homeostasis","11/462","59/18842",0.186440677966102,7.60371267150928,8.05437608549514,1.65696611817365e-07,1.45237938099981e-06,1.77076893126422e-07,"ACACB/FOXO1/SIRT1/SQSTM1/CD36/LEPR/CEBPA/PPARD/GDF15/GPBAR1/SCT",11
"GO:0098704","carbohydrate import across plasma membrane","12/462","72/18842",0.166666666666667,6.7972582972583,7.81370429829644,1.65950565011147e-07,1.45237938099981e-06,1.77076893126422e-07,"TNF/SLC5A2/HNF1A/FGF21/AKT1/SLC2A3/INS/IGF1/ADIPOQ/INSR/SLC2A1/NFE2L2",12
"GO:0098708","D-glucose import across plasma membrane","12/462","72/18842",0.166666666666667,6.7972582972583,7.81370429829644,1.65950565011147e-07,1.45237938099981e-06,1.77076893126422e-07,"TNF/SLC5A2/HNF1A/FGF21/AKT1/SLC2A3/INS/IGF1/ADIPOQ/INSR/SLC2A1/NFE2L2",12
"GO:0140271","hexose import across plasma membrane","12/462","72/18842",0.166666666666667,6.7972582972583,7.81370429829644,1.65950565011147e-07,1.45237938099981e-06,1.77076893126422e-07,"TNF/SLC5A2/HNF1A/FGF21/AKT1/SLC2A3/INS/IGF1/ADIPOQ/INSR/SLC2A1/NFE2L2",12
"GO:0071383","cellular response to steroid hormone stimulus","20/462","205/18842",0.0975609756097561,3.97888290571217,6.79896130083376,1.70117289999316e-07,1.48605272464694e-06,1.81182412078437e-07,"PCK1/AR/JAK2/ESR1/HSPA8/HDAC2/SIRT1/PPARA/KDM1A/VDR/ATP1A1/PARP1/CASP9/UGT1A1/TGFB1/GSTP1/PPARD/HMGCS2/PCK2/ATP1A2",20
"GO:0065005","protein-lipid complex assembly","8/462","27/18842",0.296296296296296,12.0840147506814,9.1374933702516,1.81266331487884e-07,1.58047947454604e-06,1.92695103403378e-07,"DGAT1/ABCA1/NR1H2/APOE/APOA1/MTTP/APOB/APOC1",8
"GO:0050870","positive regulation of T cell activation","21/462","226/18842",0.0929203539823009,3.78962188254224,6.6889289759872,1.91788863001357e-07,1.66910083389593e-06,2.03499990324531e-07,"PCK1/CCL2/JAK2/B2M/CCR2/IL1A/IL6ST/IL4/NLRP3/VSIR/IL1B/IL6/TGFB1/AKT1/CCL5/HMGB1/IGF2/IGF1/MTOR/IGFBP2/MAP3K8",21
"GO:0007346","regulation of mitotic cell cycle","33/462","492/18842",0.0670731707317073,2.73548199767712,6.18421869311963,1.93569470742543e-07,1.68145420853971e-06,2.05006137568264e-07,"FBXW7/TNF/IL10/CYP1A1/CCL2/PIM1/SIRT1/IL1A/TP53/KLF11/IL1B/TGFB1/DUSP1/CDKN2A/SPC25/CTNNB1/PRMT5/PIM3/PTEN/CDKN1A/AKT1/TERT/PRKCA/PDGFRB/INS/IGF2/IGF1/KLF4/BIRC5/CDC25B/INSR/PDGFB/EGFR",33
"GO:0010574","regulation of vascular endothelial growth factor production","11/462","60/18842",0.183333333333333,7.47698412698413,7.9666868933274,1.98465210866399e-07,1.71732477243263e-06,2.09379545847085e-07,"PTGS2/CCR2/RELA/IL1A/IL6ST/C3/IL1B/IL6/TGFB1/RORA/ATF4",11
"GO:0051881","regulation of mitochondrial membrane potential","11/462","60/18842",0.183333333333333,7.47698412698413,7.9666868933274,1.98465210866399e-07,1.71732477243263e-06,2.09379545847085e-07,"RACK1/BAX/SMAD3/ALB/IFI6/BCL2/TSPO/UCP2/PARP1/CDKN2A/BNIP3",11
"GO:0034112","positive regulation of homotypic cell-cell adhesion","7/462","19/18842",0.368421052631579,15.0255183413078,9.69731512786592,1.98805423612798e-07,1.71732477243263e-06,2.09379545847085e-07,"JAK2/IL6ST/IL6/IL6R/CTNNB1/JAK1/CCL5",7
"GO:0051054","positive regulation of DNA metabolic process","23/462","267/18842",0.0861423220973783,3.51318968172901,6.55717382351032,1.99292673596816e-07,1.71834571901255e-06,2.09504021621654e-07,"BAX/TNF/SIRT1/MAPK3/IL4/PARP1/IL6/TGFB1/CASP3/CTNNB1/PRKCD/NOX4/FAM168A/CDKN1A/AKT1/MYC/PDGFRB/VEGFA/HMGB1/FGFR4/KLF4/PDGFB/EGFR",23
"GO:0045926","negative regulation of growth","19/462","189/18842",0.100529100529101,4.09993357612405,6.79061571365482,2.16622566905654e-07,1.86431547414552e-06,2.27300935477301e-07,"RACK1/SMAD3/RBBP7/OSGIN1/PPARA/TP53/SESN2/GJA1/SPP1/RTN4/CDH1/TGFB1/CDKN2A/PTEN/HNF4A/PPARD/CDKN1A/GDF15/RBP4",19
"GO:0097696","cell surface receptor signaling pathway via STAT","18/462","172/18842",0.104651162790698,4.26804590758079,6.82622221985449,2.47288315711005e-07,2.12430700728863e-06,2.58999604248311e-07,"TNF/IL10/CCL2/JAK2/CCR2/RAC1/PPARG/LEPR/IL6ST/IL4/IL6/TGFB1/IL6R/OCIAD2/LIF/JAK1/CCL5/IGF1",18
"GO:0031100","animal organ regeneration","10/462","49/18842",0.204081632653061,8.32317342521424,8.13765945000899,2.48730529915369e-07,2.12829323533942e-06,2.59485612854438e-07,"TNF/IL10/UCP2/IL6/TGFB1/PRMT5/CPT1A/GSTP1/SLC22A4/PNPT1",10
"GO:1903426","regulation of reactive oxygen species biosynthetic process","10/462","49/18842",0.204081632653061,8.32317342521424,8.13765945000899,2.48730529915369e-07,2.12829323533942e-06,2.59485612854438e-07,"ARG2/PPARA/CD36/ALOX5/RAB27A/LCN2/SOD2/FAS/INS/TLR4",10
"GO:0050671","positive regulation of lymphocyte proliferation","15/462","120/18842",0.125,5.09794372294372,7.13971212964922,2.49123671232814e-07,2.12829323533942e-06,2.59485612854438e-07,"JAK2/TLR9/CCR2/IL1A/BCL2/IL6ST/IL4/IL1B/IL6/CCL5/HMGB1/IGF2/IGF1/IGFBP2/MIF",15
"GO:0009408","response to heat","13/462","89/18842",0.146067415730337,5.95714772119266,7.43176034711084,2.52656107458669e-07,2.14274469276423e-06,2.61247562394215e-07,"RBBP7/HDAC2/SIRT1/IL1A/CXCL10/TRPV1/GSK3B/HSPB1/HMOX1/AKT1/NOS3/IGF1/MTOR",13
"GO:0010232","vascular transport","13/462","89/18842",0.146067415730337,5.95714772119266,7.43176034711084,2.52656107458669e-07,2.14274469276423e-06,2.61247562394215e-07,"ABCG2/ABCC1/AVPR1A/CD36/LEPR/ABCC2/APOE/SLC29A1/SLC2A3/ABCC5/ATP1A2/INSR/SLC2A1",13
"GO:0043502","regulation of muscle adaptation","13/462","89/18842",0.146067415730337,5.95714772119266,7.43176034711084,2.52656107458669e-07,2.14274469276423e-06,2.61247562394215e-07,"SMAD3/FOXO1/SLC9A1/PPARA/PPARG/IL6ST/AGT/PARP1/NOL3/NOS3/PRKCA/IGF1/KLF4",13
"GO:0150104","transport across blood-brain barrier","13/462","89/18842",0.146067415730337,5.95714772119266,7.43176034711084,2.52656107458669e-07,2.14274469276423e-06,2.61247562394215e-07,"ABCG2/ABCC1/AVPR1A/CD36/LEPR/ABCC2/APOE/SLC29A1/SLC2A3/ABCC5/ATP1A2/INSR/SLC2A1",13
"GO:0048246","macrophage chemotaxis","9/462","38/18842",0.236842105263158,9.65926179084074,8.47125501444826,2.56863227165949e-07,2.17051757837506e-06,2.64633686131207e-07,"CCL2/MAPK3/PTK2/RARRES2/SAA1/LGALS3/CCL5/MMP2/MIF",9
"GO:1903725","regulation of phospholipid metabolic process","9/462","38/18842",0.236842105263158,9.65926179084074,8.47125501444826,2.56863227165949e-07,2.17051757837506e-06,2.64633686131207e-07,"LDLR/HTR2B/PRKCD/SCARB1/NR1H4/FABP3/PITPNM2/APOC1/PDGFB",9
"GO:0032946","positive regulation of mononuclear cell proliferation","15/462","121/18842",0.12396694214876,5.0558119566384,7.0958787144347,2.78082335084901e-07,2.3455640437596e-06,2.85975688536748e-07,"JAK2/TLR9/CCR2/IL1A/BCL2/IL6ST/IL4/IL1B/IL6/CCL5/HMGB1/IGF2/IGF1/IGFBP2/MIF",15
"GO:0032755","positive regulation of interleukin-6 production","13/462","90/18842",0.144444444444444,5.89095719095719,7.37380295676655,2.88813123344688e-07,2.43167070939036e-06,2.96473979153401e-07,"TNF/TLR9/WNT5A/RELA/IL1A/TLR3/NOS2/IL1B/IL6/TGFB1/IL6R/HMGB1/TLR4",13
"GO:0001678","intracellular glucose homeostasis","17/462","156/18842",0.108974358974359,4.4443611943612,6.84877696892863,2.98255518761098e-07,2.50663843926295e-06,3.05614189255695e-07,"RACK1/SMAD3/PCK1/FOXO1/SIRT1/RAC1/IGF1R/CYP7A1/UCP2/TGFB1/SLC29A1/PIM3/PPARD/PCK2/ERN1/GCK/NR1H4",17
"GO:0032930","positive regulation of superoxide anion generation","7/462","20/18842",0.35,14.2742424242424,9.41655542837419,2.9941301962871e-07,2.50731478307783e-06,3.05696650397041e-07,"ITGB2/PRKCE/AGT/TGFB1/PRKCD/GSTP1/CRP",7
"GO:0051882","mitochondrial depolarization","7/462","20/18842",0.35,14.2742424242424,9.41655542837419,2.9941301962871e-07,2.50731478307783e-06,3.05696650397041e-07,"RACK1/ALB/IFI6/BCL2/TSPO/PARP1/CDKN2A",7
"GO:0006692","prostanoid metabolic process","10/462","50/18842",0.2,8.15670995670996,8.03363555347608,3.04168718325747e-07,2.54256652158829e-06,3.09994610292644e-07,"PTGS2/AVPR1A/SIRT1/GSTM1/IL1B/ACOX1/GSTA1/GSTP1/CBR1/MIF",10
"GO:0018108","peptidyl-tyrosine phosphorylation","15/462","122/18842",0.122950819672131,5.01437087502661,7.05252598964343,3.10048069707071e-07,2.58706776443749e-06,3.15420287582676e-07,"NRG1/ITGB2/IL10/JAK2/IGF1R/MAPK3/IL4/IL6/EFEMP1/LIF/PDGFRB/FGFR4/PDGFB/HCK/EGFR",15
"GO:0042362","fat-soluble vitamin biosynthetic process","6/462","13/18842",0.461538461538462,18.8231768231768,10.1916235393134,3.11979822477804e-07,2.59852961262371e-06,3.16817738202572e-07,"TNF/NFKB1/CYP27A1/CYP3A4/CYP2R1/CYP24A1",6
"GO:0034110","regulation of homotypic cell-cell adhesion","9/462","39/18842",0.230769230769231,9.41158841158841,8.33675336604862,3.26732542586116e-07,2.716547711216e-06,3.31206732224935e-07,"JAK2/IL6ST/IL6/IL6R/CTNNB1/PRKCD/JAK1/PRKCA/CCL5",9
"GO:0022600","digestive system process","13/462","91/18842",0.142857142857143,5.82622139764997,7.31671146778856,3.29533817450865e-07,2.73495446354943e-06,3.33450918942532e-07,"NR1H3/NR1I2/TLR9/LDLR/CD36/ABCG8/NR1H2/NPC1L1/HSPB1/TLR4/RBP4/FABP2/SCT",13
"GO:0042908","xenobiotic transport","11/462","63/18842",0.174603174603175,7.12093726379441,7.71528868896445,3.33777900164858e-07,2.76033730580387e-06,3.36545643987472e-07,"ABCG2/ABCC1/PIM1/NR1I2/ABCC2/GJA1/SLC29A1/ABCG1/SLC22A4/ABCC5/SLC2A1",11
"GO:0070059","intrinsic apoptotic signaling pathway in response to endoplasmic reticulum stress","11/462","63/18842",0.174603174603175,7.12093726379441,7.71528868896445,3.33777900164858e-07,2.76033730580387e-06,3.36545643987472e-07,"BAX/PTPN1/SIRT1/BCL2/DDIT3/TP53/PPP1R15A/ERN1/ATF4/ITPR1/TRIB3",11
"GO:0042063","gliogenesis","21/462","234/18842",0.0897435897435897,3.66006216006216,6.49157492968435,3.438017743259e-07,2.83819337103083e-06,3.46038005502511e-07,"LPAR1/TNF/CCL2/CCR2/HDAC2/LDLR/CX3CR1/MAPK3/ERBB3/RTN4/TSPO/IL1B/IL6/TGFB1/PRMT5/PTEN/GSTP1/CLU/BNIP3/S100B/NDUFS2",21
"GO:0033209","tumor necrosis factor-mediated signaling pathway","15/462","123/18842",0.121951219512195,4.97360363214022,7.00964439762616,3.45295282030795e-07,2.84045023522152e-06,3.46313166734021e-07,"TNF/JAK2/NFKB1/RELA/TP53/AIM2/APOA1/NFKBIA/GSTP1/NOL3/FAS/NR1H4/ADAM10/ADIPOQ/CASP1",15
"GO:0048259","regulation of receptor-mediated endocytosis","15/462","123/18842",0.121951219512195,4.97360363214022,7.00964439762616,3.45295282030795e-07,2.84045023522152e-06,3.46313166734021e-07,"LPAR1/NRG1/TF/B2M/RAC1/IL4/APOA5/C3/SERPINE1/CLU/VEGFA/PCSK9/APOC1/ADIPOQ/INSR",15
"GO:0090398","cellular senescence","13/462","92/18842",0.141304347826087,5.76289290419725,7.26046277319229,3.75316748225422e-07,3.08196610182992e-06,3.75759246635203e-07,"ARG2/B2M/SIRT1/TP53/MAPK8/CDKN2A/PRKCD/PTEN/CDKN1A/TERT/PNPT1/HMGA1/MIF",13
"GO:0018212","peptidyl-tyrosine modification","15/462","124/18842",0.120967741935484,4.93349392542941,6.96722464819692,3.84119867765559e-07,3.14316714291115e-06,3.83220995509183e-07,"NRG1/ITGB2/IL10/JAK2/IGF1R/MAPK3/IL4/IL6/EFEMP1/LIF/PDGFRB/FGFR4/PDGFB/HCK/EGFR",15
"GO:0043467","regulation of generation of precursor metabolites and energy","15/462","124/18842",0.120967741935484,4.93349392542941,6.96722464819692,3.84119867765559e-07,3.14316714291115e-06,3.83220995509183e-07,"TNF/PPARA/TP53/IL4/GSK3B/NOS2/OAS1/AKT1/PNPT1/GCK/INS/IGF2/IGF1/MTOR/INSR",15
"GO:0044093","positive regulation of molecular function","27/462","366/18842",0.0737704918032787,3.00862252501597,6.15226598837984,4.07687147508045e-07,3.33016027859203e-06,4.06019558980625e-07,"RACK1/NRG1/JAK2/ESR1/WNT5A/SIRT1/MAPK3/MMP9/SESN2/ELANE/TLR3/VSIR/MAPK8/GSK3B/PRKCD/PLIN5/CDKN1A/AKT1/PDGFRB/HMGB1/FGFR4/INS/IGF1/MTOR/ADIPOQ/PDGFB/H1-0",27
"GO:0048565","digestive tract development","12/462","78/18842",0.153846153846154,6.27439227439228,7.40043459784952,4.10704622955136e-07,3.34893296756412e-06,4.08308361398432e-07,"TNF/CYP1A1/TLR9/IL6ST/RARRES2/TGFB1/CPS1/HMGCS2/OTC/YAP1/RET/SCT",12
"GO:0030968","endoplasmic reticulum unfolded protein response","13/462","93/18842",0.139784946236559,5.70092631382954,7.2050346300097,4.26706317746536e-07,3.47155783913652e-06,4.23259022060608e-07,"RACK1/BAX/PTPN1/SIRT1/DDIT3/PPP1R15A/ATF6/HSPA5/AKT1/ERN1/ATF3/ATF4/NFE2L2",13
"GO:0042742","defense response to bacterium","25/462","322/18842",0.077639751552795,3.16642467263585,6.21657599052126,4.27234244378271e-07,3.47155783913652e-06,4.23259022060608e-07,"ARG2/TF/TLR9/B2M/NFKB1/ELANE/TLR3/TREM1/RARRES2/NOS2/IL1B/IL6/IL6R/PRKCD/OAS1/SERPINE1/LCN2/NR1H4/TLR4/SLC11A1/CCL20/CASP1/OAS2/HP/CRP",25
"GO:0010744","positive regulation of macrophage derived foam cell differentiation","7/462","21/18842",0.333333333333333,13.5945165945166,9.15524586941381,4.3966376845032e-07,3.56012957548641e-06,4.34057858849969e-07,"TNF/NFKB1/CD36/AGTR1/AGT/IL1B/APOB",7
"GO:0032928","regulation of superoxide anion generation","7/462","21/18842",0.333333333333333,13.5945165945166,9.15524586941381,4.3966376845032e-07,3.56012957548641e-06,4.34057858849969e-07,"ITGB2/PRKCE/AGT/TGFB1/PRKCD/GSTP1/CRP",7
"GO:0002761","regulation of myeloid leukocyte differentiation","14/462","109/18842",0.128440366972477,5.23825410063942,7.03552940204654,4.4671733814056e-07,3.61096514996952e-06,4.40255830060197e-07,"FBXW7/TNF/GPR55/IL4/TLR3/TGFB1/TRIB1/MYC/LIF/PRKCA/TLR4/MTOR/ADIPOQ/BGLAP",14
"GO:0043534","blood vessel endothelial cell migration","18/462","179/18842",0.100558659217877,4.10113908437931,6.60932702563142,4.49598499778979e-07,3.62795600514892e-06,4.42327387868087e-07,"TNF/PTGS2/SIRT1/PPARG/APOE/TGFB1/HSPB1/HMOX1/AKT1/NOS3/PRKCA/VEGFA/HMGB1/KLF4/MIR30A/PDGFB/NFE2L2/EPHA2",18
"GO:0007507","heart development","30/462","438/18842",0.0684931506849315,2.79339382079108,6.02083632312013,4.53555641526378e-07,3.65355547914674e-06,4.45448525072668e-07,"ACACB/NRG1/PIM1/GPC3/WNT5A/PPARA/RAC1/ERBB3/HTR2B/GJA1/PTK2/GSK3B/ENG/TGFB1/CTNNB1/PTEN/PPARD/CDKN1A/TERT/NOS3/YAP1/PDGFRB/VEGFA/IGF1/MTOR/INSR/PDGFB/RBP4/MMP2/EGFR",30
"GO:0010827","regulation of D-glucose transmembrane transport","11/462","65/18842",0.169230769230769,6.9018315018315,7.55667232135611,4.64220501073131e-07,3.72657009137327e-06,4.54350607307549e-07,"TNF/FGF21/C3/IL1B/AKT1/INS/IGF1/ADIPOQ/TRIB3/INSR/NFE2L2",11
"GO:0045806","negative regulation of endocytosis","11/462","65/18842",0.169230769230769,6.9018315018315,7.55667232135611,4.64220501073131e-07,3.72657009137327e-06,4.54350607307549e-07,"RACK1/NR1H3/B2M/RAC1/NR1H2/TGFB1/LGALS3/HMGB1/PCSK9/APOC1/ADIPOQ",11
"GO:0035966","response to topologically incorrect protein","17/462","161/18842",0.105590062111801,4.30633755478476,6.67975104952723,4.69206186823287e-07,3.76011016497284e-06,4.58439877718531e-07,"RACK1/BAX/PTPN1/HSPA8/MFN2/SIRT1/DDIT3/PPP1R15A/HSPB1/ATF6/HSPA5/AKT1/CLU/ERN1/ATF3/ATF4/NFE2L2",17
"GO:0005976","polysaccharide metabolic process","13/462","94/18842",0.138297872340426,5.64027816155476,7.15040561802816,4.84296160146683e-07,3.87436928117347e-06,4.72370569363471e-07,"PYGM/PYGL/ACADM/NFKB1/GSK3B/TGFB1/AKT1/GCK/INS/IGF2/IGF1/INSR/PDGFB",13
"GO:0008217","regulation of blood pressure","17/462","162/18842",0.104938271604938,4.27975522419967,6.64677094655392,5.12571135883707e-07,4.09353552088257e-06,4.99091739681362e-07,"SMAD3/TNF/PTGS2/PTPN1/AVPR1A/PPARA/PPARG/ACE/AGTR1/SPX/AGT/RARRES2/NOS2/ENG/NOS3/SOD2/ADIPOQ",17
"GO:0001667","ameboidal-type cell migration","19/462","200/18842",0.095,3.87443722943723,6.47920594169906,5.22327167371481e-07,4.1643070056192e-06,5.07720335489766e-07,"SMAD3/PRKCE/GPC3/HBEGF/RAC1/MMP9/HTR2B/IL4/GJA1/PTK2/MARVELD3/RTN4/TGFB1/PTEN/AKT1/VEGFA/AKAP12/MTOR/MMP2",19
"GO:0003084","positive regulation of systemic arterial blood pressure","6/462","14/18842",0.428571428571429,17.4786641929499,9.77876784328224,5.34667404895462e-07,4.23369292039672e-06,5.16179999938512e-07,"PTPN1/AVPR1A/ACE/SPX/RARRES2/ENG",6
"GO:0010867","positive regulation of triglyceride biosynthetic process","6/462","14/18842",0.428571428571429,17.4786641929499,9.77876784328224,5.34667404895462e-07,4.23369292039672e-06,5.16179999938512e-07,"NR1H3/LDLR/NR1H2/SCARB1/PLIN5/SREBF1",6
"GO:0014745","negative regulation of muscle adaptation","6/462","14/18842",0.428571428571429,17.4786641929499,9.77876784328224,5.34667404895462e-07,4.23369292039672e-06,5.16179999938512e-07,"SMAD3/FOXO1/PPARG/NOL3/NOS3/KLF4",6
"GO:0033700","phospholipid efflux","6/462","14/18842",0.428571428571429,17.4786641929499,9.77876784328224,5.34667404895462e-07,4.23369292039672e-06,5.16179999938512e-07,"ABCA1/APOA5/APOE/APOA1/ABCG1/APOC1",6
"GO:0002218","activation of innate immune response","25/462","326/18842",0.0766871165644172,3.12757283616179,6.14355654472946,5.37820277387022e-07,4.25142820290997e-06,5.18342319761591e-07,"TNF/NR1H3/PRKCE/HSPA8/TLR9/CASP6/RELA/SQSTM1/CD36/TLR3/NLRP3/MAPK8/RTN4/AIM2/PARP1/NFKBIA/OAS1/AKT1/HMGB1/NR1H4/CD14/TLR4/CASP1/HCK/EGFR",25
"GO:0006636","unsaturated fatty acid biosynthetic process","10/462","53/18842",0.188679245283019,7.6950093931226,7.73815636546434,5.4062754994602e-07,4.26637605516724e-06,5.20164790715982e-07,"PTGS2/FADS2/AVPR1A/SIRT1/ALOX15/IL1B/FADS1/CBR1/SCD/MIF",10
"GO:0046849","bone remodeling","11/462","66/18842",0.166666666666667,6.7972582972583,7.4798569008021,5.44915399362511e-07,4.29293756249044e-06,5.23403220877604e-07,"GPR55/LEPR/GJA1/SPP1/SYT7/IL6/PRKCA/MC4R/BGLAP/PDK4/EPHA2",11
"GO:0055080","monoatomic cation homeostasis","31/462","466/18842",0.0665236051502146,2.71306876242499,5.93666403391572,5.46996933019074e-07,4.30205695969056e-06,5.24515075358952e-07,"BAX/TF/STC2/B2M/CCR2/SLC9A1/AVPR1A/WNT5A/BCL2/STOML2/HTR2B/ELANE/AGTR1/ATP1A1/SPX/AGT/TGM2/CYP4A11/HMOX1/MYC/CCL5/LCN2/FTH1/FGF23/ATP1A2/BNIP3/SLC11A1/ITPR1/CNR1/SLC7A11/PDK4",31
"GO:0006986","response to unfolded protein","16/462","145/18842",0.110344827586207,4.50025376921929,6.70807296834329,5.61122290929527e-07,4.40570891495426e-06,5.37152521500566e-07,"RACK1/BAX/PTPN1/HSPA8/MFN2/SIRT1/DDIT3/PPP1R15A/HSPB1/ATF6/HSPA5/AKT1/ERN1/ATF3/ATF4/NFE2L2",16
"GO:0032570","response to progesterone","8/462","31/18842",0.258064516129032,10.5247870409161,8.41454018020729,5.90899332955667e-07,4.62391141889342e-06,5.63756191296094e-07,"NR1H3/FOS/TSPO/TGFB1/YAP1/PTGER2/TXNIP/SREBF1",8
"GO:0032682","negative regulation of chemokine production","8/462","31/18842",0.258064516129032,10.5247870409161,8.41454018020729,5.90899332955667e-07,4.62391141889342e-06,5.63756191296094e-07,"ARG2/IL10/ELANE/IL6/OAS1/GSTP1/NR1H4/KLF4",8
"GO:0002758","innate immune response-activating signaling pathway","24/462","306/18842",0.0784313725490196,3.19870978694508,6.14781544176721,6.06536333265595e-07,4.73831068403458e-06,5.77703970169957e-07,"TNF/NR1H3/PRKCE/HSPA8/TLR9/RELA/SQSTM1/CD36/TLR3/NLRP3/MAPK8/RTN4/AIM2/PARP1/NFKBIA/OAS1/AKT1/HMGB1/NR1H4/CD14/TLR4/CASP1/HCK/EGFR",24
"GO:0038127","ERBB signaling pathway","16/462","146/18842",0.10958904109589,4.46943011326573,6.67206749360136,6.16211160944049e-07,4.80582774766414e-06,5.85935780685134e-07,"FBXW7/NRG1/HBEGF/IFI6/MAPK3/MMP9/ERBB3/PTK2/AGT/RTN4/TGFB1/CTNNB1/AKT1/EFEMP1/SPRY4/EGFR",16
"GO:0006094","gluconeogenesis","12/462","81/18842",0.148148148148148,6.04200737534071,7.20971675918531,6.25794402471027e-07,4.87240591622927e-06,5.94053119304637e-07,"SLC25A13/PCK1/FOXO1/ACADM/SIRT1/ENO3/PCK2/GCK/INS/ATF4/ADIPOQ/RBP4",12
"GO:1903376","regulation of oxidative stress-induced neuron intrinsic apoptotic signaling pathway","7/462","22/18842",0.318181818181818,12.9765840220386,8.91116952151362,6.31268005951023e-07,4.9068177557729e-06,5.98248677099568e-07,"FBXW7/IL10/PARP1/CTNNB1/AKT1/ATF4/MMP2",7
"GO:0035150","regulation of tube size","15/462","129/18842",0.116279069767442,4.74227323064532,6.76174593170556,6.43945031571087e-07,4.98041207142023e-06,6.07221437892705e-07,"TNF/AVPR1A/ACE/HTR2B/AGTR1/AGT/CPS1/SCARB1/PPARD/NOS3/SOD2/INS/P2RY2/MMP2/CRP",15
"GO:0035296","regulation of tube diameter","15/462","129/18842",0.116279069767442,4.74227323064532,6.76174593170556,6.43945031571087e-07,4.98041207142023e-06,6.07221437892705e-07,"TNF/AVPR1A/ACE/HTR2B/AGTR1/AGT/CPS1/SCARB1/PPARD/NOS3/SOD2/INS/P2RY2/MMP2/CRP",15
"GO:0097746","blood vessel diameter maintenance","15/462","129/18842",0.116279069767442,4.74227323064532,6.76174593170556,6.43945031571087e-07,4.98041207142023e-06,6.07221437892705e-07,"TNF/AVPR1A/ACE/HTR2B/AGTR1/AGT/CPS1/SCARB1/PPARD/NOS3/SOD2/INS/P2RY2/MMP2/CRP",15
"GO:0010543","regulation of platelet activation","10/462","54/18842",0.185185185185185,7.55250921917589,7.64477052912012,6.49114134578003e-07,4.99549654643832e-06,6.09060566157392e-07,"JAK2/IL6ST/APOE/IL6/IL6R/PRKCD/NOS3/PRKCA/TLR4/PDGFB",10
"GO:0048260","positive regulation of receptor-mediated endocytosis","10/462","54/18842",0.185185185185185,7.55250921917589,7.64477052912012,6.49114134578003e-07,4.99549654643832e-06,6.09060566157392e-07,"TF/B2M/IL4/APOA5/C3/SERPINE1/CLU/VEGFA/PCSK9/INSR",10
"GO:2001244","positive regulation of intrinsic apoptotic signaling pathway","10/462","54/18842",0.185185185185185,7.55250921917589,7.64477052912012,6.49114134578003e-07,4.99549654643832e-06,6.09060566157392e-07,"RACK1/BAX/FBXW7/SIRT1/DDIT3/TP53/MYC/CLU/GSDME/MMP2",10
"GO:0006163","purine nucleotide metabolic process","29/462","422/18842",0.0687203791469194,2.8026610040828,5.93780164346222,6.60905334332391e-07,5.07784692516767e-06,6.19100883035989e-07,"DNM1L/SLC25A13/HSPA8/PPARA/STOML2/TP53/IL4/SDHB/TSPO/UCP2/XDH/PARP1/ME1/TGFB1/NDUFB10/ENO3/PKLR/LDHA/GCK/INS/ATP1A2/IGF1/MTOR/INSR/NDUFS2/EPHA2/NDUFS4/PDE4A/NDUFA2",29
"GO:0002700","regulation of production of molecular mediator of immune response","16/462","147/18842",0.108843537414966,4.43902582678093,6.6363850914234,6.761432745013e-07,5.1863642274762e-06,6.32331521665702e-07,"TNF/IL10/TLR9/B2M/CCR2/WNT5A/SIRT1/IL4/NLRP3/RTN4/APOA1/IL1B/IL6/TGFB1/RBP4/MIF",16
"GO:0006140","regulation of nucleotide metabolic process","12/462","82/18842",0.146341463414634,5.96832435856826,7.14826524823519,7.17013529472577e-07,5.48179801843074e-06,6.68351378812653e-07,"DNM1L/PPARA/TP53/IL4/TSPO/PARP1/ME1/GCK/INS/IGF1/MTOR/INSR",12
"GO:1900542","regulation of purine nucleotide metabolic process","12/462","82/18842",0.146341463414634,5.96832435856826,7.14826524823519,7.17013529472577e-07,5.48179801843074e-06,6.68351378812653e-07,"DNM1L/PPARA/TP53/IL4/TSPO/PARP1/ME1/GCK/INS/IGF1/MTOR/INSR",12
"GO:0051180","vitamin transport","10/462","55/18842",0.181818181818182,7.41519086973632,7.55374671638643,7.7616608363988e-07,5.92431030397915e-06,7.22303329467063e-07,"ABCG2/ABCC1/TTPA/NPC1L1/GC/APOA1/SCARB1/SLC2A3/ABCC5/SLC2A1",10
"GO:0002702","positive regulation of production of molecular mediator of immune response","14/462","114/18842",0.12280701754386,5.00850611376927,6.80596144724425,7.7910452272566e-07,5.93700598659685e-06,7.23851211558665e-07,"TNF/IL10/TLR9/B2M/WNT5A/SIRT1/IL4/NLRP3/RTN4/IL1B/IL6/TGFB1/RBP4/MIF",14
"GO:0002832","negative regulation of response to biotic stimulus","15/462","131/18842",0.114503816793893,4.6698721126202,6.68248954162424,7.86101323762515e-07,5.98053556117365e-06,7.29158421180347e-07,"SMAD3/AHR/NR1H3/ARG2/PIM1/MAPK3/PPARG/NR1H2/PARP1/TGFB1/USP18/OAS1/TRIB1/INS/PVR",15
"GO:0001935","endothelial cell proliferation","18/462","186/18842",0.0967741935483871,3.94679514034353,6.40320431444139,7.92943728853602e-07,6.02275041034645e-06,7.34305336947062e-07,"TNF/IL10/CCL2/WNT5A/SIRT1/PPARG/HTR2B/AGTR1/APOE/ENG/ALOX5/HMOX1/AKT1/ERN1/PRKCA/VEGFA/HMGB1/PDGFB",18
"GO:0042554","superoxide anion generation","9/462","43/18842",0.209302325581395,8.53609181516158,7.84356037589573,7.9699781361157e-07,6.0338566181715e-06,7.35659427208742e-07,"ITGB2/PRKCE/RAC1/AGT/TGFB1/PRKCD/NOX4/GSTP1/CRP",9
"GO:0045840","positive regulation of mitotic nuclear division","9/462","43/18842",0.209302325581395,8.53609181516158,7.84356037589573,7.9699781361157e-07,6.0338566181715e-06,7.35659427208742e-07,"TNF/IL1A/IL1B/PDGFRB/INS/IGF2/IGF1/INSR/PDGFB",9
"GO:0055123","digestive system development","12/462","83/18842",0.144578313253012,5.89641683617587,7.08782189778507,8.198381050324e-07,6.19669840427087e-06,7.55513411595234e-07,"TNF/CYP1A1/TLR9/IL6ST/RARRES2/TGFB1/CPS1/HMGCS2/OTC/YAP1/RET/SCT",12
"GO:0045216","cell-cell junction organization","18/462","187/18842",0.0962566844919786,3.92568928397805,6.37458015852083,8.57883675894198e-07,6.47375428681262e-06,7.8929259873098e-07,"SMAD3/TNF/TJP1/RAC1/ACE/GJA1/MARVELD3/AGT/CDH1/IL1B/TGFB1/CTNNB1/PRKCA/VEGFA/NR1H4/GPBAR1/ADAM10/EPHA2",18
"GO:0001101","response to acid chemical","14/462","115/18842",0.121739130434783,4.96495388669302,6.76165744014382,8.67530394330774e-07,6.53595714563768e-06,7.9687649115497e-07,"TNF/PNPLA3/AVPR1A/SESN2/CASP3/CPS1/GSTP1/HMGCS2/VEGFA/LCN2/MAT2A/MTOR/NFE2L2/EGFR",14
"GO:0036499","PERK-mediated unfolded protein response","7/462","23/18842",0.304347826086957,12.4123847167325,8.68244936858326,8.8835441694136e-07,6.67125510528866e-06,8.13372279138994e-07,"PTPN1/DDIT3/PPP1R15A/HSPA5/AKT1/ATF4/NFE2L2",7
"GO:0090208","positive regulation of triglyceride metabolic process","7/462","23/18842",0.304347826086957,12.4123847167325,8.68244936858326,8.8835441694136e-07,6.67125510528866e-06,8.13372279138994e-07,"NR1H3/LDLR/APOA5/NR1H2/SCARB1/PLIN5/SREBF1",7
"GO:0002221","pattern recognition receptor signaling pathway","23/462","291/18842",0.0790378006872852,3.22344207911218,6.0602265722951,9.11058479608516e-07,6.83073797271699e-06,8.32816737687875e-07,"TNF/NR1H3/PRKCE/HSPA8/TLR9/RELA/SQSTM1/CD36/TLR3/NLRP3/MAPK8/RTN4/AIM2/PARP1/NFKBIA/OAS1/AKT1/HMGB1/NR1H4/CD14/TLR4/CASP1/EGFR",23
"GO:0032692","negative regulation of interleukin-1 production","10/462","56/18842",0.178571428571429,7.28277674706246,7.46498073477986,9.24421192668465e-07,6.91978307566619e-06,8.43673288245287e-07,"IL10/IL1A/CX3CR1/NLRP3/FFAR1/APOA1/IL1B/GSTP1/NR1H4/IGF1",10
"GO:0001936","regulation of endothelial cell proliferation","17/462","169/18842",0.100591715976331,4.10248725633341,6.42312714673954,9.33207514100832e-07,6.97434058692371e-06,8.5032504515989e-07,"TNF/IL10/CCL2/WNT5A/SIRT1/PPARG/HTR2B/AGTR1/APOE/ENG/ALOX5/HMOX1/AKT1/PRKCA/VEGFA/HMGB1/PDGFB",17
"GO:0019319","hexose biosynthetic process","12/462","84/18842",0.142857142857143,5.82622139764997,7.02835722793423,9.35528542345277e-07,6.9804822005763e-06,8.51073842532402e-07,"SLC25A13/PCK1/FOXO1/ACADM/SIRT1/ENO3/PCK2/GCK/INS/ATF4/ADIPOQ/RBP4",12
"GO:0009117","nucleotide metabolic process","31/462","478/18842",0.0648535564853557,2.64495824956076,5.77544423624942,9.41143483949844e-07,7.01114249803276e-06,8.54812005086172e-07,"DNM1L/SLC25A13/HSPA8/PPARA/TYMS/STOML2/TP53/IL4/SDHB/TSPO/UCP2/XDH/PARP1/ME1/TGFB1/NDUFB10/ENO3/PKLR/LDHA/GCK/INS/ATP1A2/IGF1/MTOR/DHODH/INSR/NDUFS2/EPHA2/NDUFS4/PDE4A/NDUFA2",31
"GO:0045927","positive regulation of growth","19/462","208/18842",0.0913461538461538,3.72542041292041,6.2663166272662,9.51753544106163e-07,7.07885703092379e-06,8.63067891434267e-07,"ACACB/IGFBP1/NRG1/PIM1/HBEGF/SLC9A1/AVPR1A/BCL2/PPARD/AKT1/YAP1/VEGFA/INS/IGF2/IGF1/MTOR/ADAM10/INSR/EGFR",19
"GO:0006898","receptor-mediated endocytosis","22/462","271/18842",0.0811808118081181,3.31084167984537,6.07487577712213,1.0061711084292e-06,7.47166296785705e-06,9.1095954827249e-07,"LPAR1/VLDLR/NRG1/TF/ITGB2/B2M/RAC1/LDLR/CD36/IL4/APOA5/CXCR2/C3/APOE/SERPINE1/CLU/VEGFA/PCSK9/CD14/APOC1/ADIPOQ/INSR",22
"GO:0030308","negative regulation of cell growth","16/462","152/18842",0.105263157894737,4.29300524037366,6.4626371702764,1.06247864531333e-06,7.8617643944162e-06,9.58521465993827e-07,"RACK1/SMAD3/RBBP7/OSGIN1/PPARA/TP53/SESN2/GJA1/SPP1/RTN4/CDH1/TGFB1/CDKN2A/HNF4A/PPARD/CDKN1A",16
"GO:0002534","cytokine production involved in inflammatory response","12/462","85/18842",0.141176470588235,5.75767761650115,6.96984296528562,1.06545819005082e-06,7.8617643944162e-06,9.58521465993827e-07,"TNF/JAK2/NFKB1/PPARA/RELA/TLR3/NOS2/IL6/ALOX5/NFKBIA/HMOX1/TLR4",12
"GO:0046364","monosaccharide biosynthetic process","12/462","85/18842",0.141176470588235,5.75767761650115,6.96984296528562,1.06545819005082e-06,7.8617643944162e-06,9.58521465993827e-07,"SLC25A13/PCK1/FOXO1/ACADM/SIRT1/ENO3/PCK2/GCK/INS/ATF4/ADIPOQ/RBP4",12
"GO:1900015","regulation of cytokine production involved in inflammatory response","12/462","85/18842",0.141176470588235,5.75767761650115,6.96984296528562,1.06545819005082e-06,7.8617643944162e-06,9.58521465993827e-07,"TNF/JAK2/NFKB1/PPARA/RELA/TLR3/NOS2/IL6/ALOX5/NFKBIA/HMOX1/TLR4",12
"GO:0032609","type II interferon production","14/462","117/18842",0.11965811965812,4.88008288008288,6.67456903184508,1.07181214074862e-06,7.88366086465338e-06,9.6119112584356e-07,"TLR9/CCR2/WNT5A/DDIT3/BTN3A1/TLR3/VSIR/IL1B/IL1RL1/HMGB1/NR1H4/CD14/TLR4/SLC11A1",14
"GO:0032649","regulation of type II interferon production","14/462","117/18842",0.11965811965812,4.88008288008288,6.67456903184508,1.07181214074862e-06,7.88366086465338e-06,9.6119112584356e-07,"TLR9/CCR2/WNT5A/DDIT3/BTN3A1/TLR3/VSIR/IL1B/IL1RL1/HMGB1/NR1H4/CD14/TLR4/SLC11A1",14
"GO:0051052","regulation of DNA metabolic process","31/462","481/18842",0.0644490644490645,2.62846162846163,5.73590713761724,1.0743330650382e-06,7.88973935460228e-06,9.61932227052469e-07,"BAX/TNF/IL10/SIRT1/MAPK3/TP53/MCM3/KDM1A/HDAC8/IL4/PARP1/IL6/TGFB1/DUSP1/CASP3/CTNNB1/PRKCD/NOX4/FAM168A/CDKN1A/AKT1/MYC/CIDEA/PDGFRB/VEGFA/HMGB1/FGFR4/KLF4/PDGFB/H1-0/EGFR",31
"GO:0045017","glycerolipid biosynthetic process","21/462","251/18842",0.0836653386454183,3.41216950380297,6.09948990517385,1.08959422709011e-06,7.9892137343804e-06,9.74060335139944e-07,"FBXW7/PCK1/NR1H3/PNPLA3/SIRT1/LDLR/DGAT1/HTR2B/NR1H2/C3/ALOX15/APOA1/SCARB1/INPPL1/PTEN/PLIN5/PCK2/NR1H4/PITPNM2/SREBF1/PDGFB",21
"GO:0050918","positive chemotaxis","11/462","71/18842",0.154929577464789,6.31857813547954,7.11838088859493,1.16348818972523e-06,8.51761165308283e-06,1.03848362770547e-06,"SMAD3/CCL2/WNT5A/CXCL10/LGALS3/S100A4/CCL5/VEGFA/HMGB1/PDGFB/MIF",11
"GO:0006644","phospholipid metabolic process","27/462","387/18842",0.0697674418604651,2.84536393838719,5.81541478511019,1.20730682907137e-06,8.82452212897378e-06,1.0759027443975e-06,"NR1H3/HADHA/PNPLA3/PRDX6/LDLR/HTR2B/GPX4/NR1H2/LIPC/ALOX15/APOA1/FADS1/PRKCD/SCARB1/INPPL1/PTEN/PPARD/HMGCS2/CETP/PLA2G12B/NR1H4/FABP3/PITPNM2/APOC1/PDGFB/HMGCR/LIPG",27
"GO:0000303","response to superoxide","7/462","24/18842",0.291666666666667,11.895202020202,8.4674840099859,1.22776765569821e-06,8.94598780114378e-06,1.09071207323455e-06,"MB/CD36/UCP2/NOS3/NQO1/SOD2/NFE2L2",7
"GO:0036480","neuron intrinsic apoptotic signaling pathway in response to oxidative stress","7/462","24/18842",0.291666666666667,11.895202020202,8.4674840099859,1.22776765569821e-06,8.94598780114378e-06,1.09071207323455e-06,"FBXW7/IL10/PARP1/CTNNB1/AKT1/ATF4/MMP2",7
"GO:0007254","JNK cascade","17/462","173/18842",0.0982658959537572,4.00763205965518,6.30068021918189,1.29515751134584e-06,9.42227089504099e-06,1.14878142592523e-06,"SMAD3/TNF/PTPN1/TLR9/WNT5A/NFKB1/IGF1R/ERBB3/TLR3/MARVELD3/MAPK8/IL1B/GSTP1/TRIB1/ERN1/HMGB1/JUN",17
"GO:0010717","regulation of epithelial to mesenchymal transition","14/462","119/18842",0.117647058823529,4.79806468041762,6.5894372633083,1.31812283588513e-06,9.5743836566009e-06,1.16732730696312e-06,"SMAD3/HDAC2/KDM1A/PTK2/AGT/GSK3B/IL1B/IL6/ENG/TGFB1/CTNNB1/PTEN/VEGFA/MTOR",14
"GO:0008625","extrinsic apoptotic signaling pathway via death domain receptors","11/462","72/18842",0.152777777777778,6.23082010582011,7.0502433130833,1.34337202369007e-06,9.72743412488485e-06,1.18598751501194e-06,"BAX/TNF/BCL2/GSK3B/LGALS3/HMOX1/SERPINE1/NOS3/ATF3/FAS/TNFSF10",11
"GO:0042987","amyloid precursor protein catabolic process","11/462","72/18842",0.152777777777778,6.23082010582011,7.0502433130833,1.34337202369007e-06,9.72743412488485e-06,1.18598751501194e-06,"TNF/RELA/NCSTN/RTN4/APOE/APOA1/ABCG1/CASP3/CLU/IGF1/ADAM10",11
"GO:0045725","positive regulation of glycogen biosynthetic process","6/462","16/18842",0.375,15.2938311688312,9.06838231532766,1.36742033151712e-06,9.87086676518404e-06,1.20347509893758e-06,"AKT1/GCK/INS/IGF2/IGF1/INSR",6
"GO:0055089","fatty acid homeostasis","6/462","16/18842",0.375,15.2938311688312,9.06838231532766,1.36742033151712e-06,9.87086676518404e-06,1.20347509893758e-06,"ACACB/SIRT1/DGAT1/APOE/INS/NR1H4",6
"GO:0042102","positive regulation of T cell proliferation","12/462","87/18842",0.137931034482759,5.62531721152411,6.85555822652951,1.37414074737875e-06,9.90402371485363e-06,1.20751765814067e-06,"JAK2/CCR2/IL1A/IL6ST/IL4/IL1B/IL6/CCL5/HMGB1/IGF2/IGF1/IGFBP2",12
"GO:0051961","negative regulation of nervous system development","13/462","103/18842",0.12621359223301,5.1474383221956,6.69153188968786,1.40886759608886e-06,1.01386205987477e-05,1.2361201623352e-06,"TNF/B2M/WNT5A/LDLR/SPP1/RTN4/TSPO/CDH1/IL1B/IL6/TGFB1/CTNNB1/PTEN",13
"GO:0001774","microglial cell activation","9/462","46/18842",0.195652173913043,7.97939017504235,7.51387359072344,1.45876081741845e-06,1.0465316434361e-05,1.2759515482145e-06,"TNF/ITGB2/JAK2/TLR9/LDLR/CX3CR1/IL1B/IL6/CLU",9
"GO:0002269","leukocyte activation involved in inflammatory response","9/462","46/18842",0.195652173913043,7.97939017504235,7.51387359072344,1.45876081741845e-06,1.0465316434361e-05,1.2759515482145e-06,"TNF/ITGB2/JAK2/TLR9/LDLR/CX3CR1/IL1B/IL6/CLU",9
"GO:0001894","tissue homeostasis","18/462","194/18842",0.0927835051546392,3.78404070156647,6.17960226867982,1.46556888038938e-06,1.04657802256027e-05,1.27600809453649e-06,"NR1I2/TLR9/TJP1/GPR55/GJA1/SPP1/IL6/HSPB1/NOS3/PRKCA/YAP1/VEGFA/TLR4/MC4R/RBP4/BGLAP/SLC2A1/PDK4",18
"GO:0022408","negative regulation of cell-cell adhesion","18/462","194/18842",0.0927835051546392,3.78404070156647,6.17960226867982,1.46556888038938e-06,1.04657802256027e-05,1.27600809453649e-06,"ARG2/IL10/JAK2/PPARA/PTK2/VSIR/CDH1/APOA1/TGFB1/CDKN2A/PRKCD/LGALS3/AKT1/VEGFA/HMGB1/KLF4/ADIPOQ/EPCAM",18
"GO:0060249","anatomical structure homeostasis","18/462","194/18842",0.0927835051546392,3.78404070156647,6.17960226867982,1.46556888038938e-06,1.04657802256027e-05,1.27600809453649e-06,"NR1I2/TLR9/TJP1/GPR55/GJA1/SPP1/IL6/HSPB1/NOS3/PRKCA/YAP1/VEGFA/TLR4/MC4R/RBP4/BGLAP/SLC2A1/PDK4",18
"GO:0001837","epithelial to mesenchymal transition","17/462","175/18842",0.0971428571428571,3.96183055040198,6.24082749238109,1.52003277881945e-06,1.08380897675089e-05,1.32140079139281e-06,"SMAD3/HDAC2/WNT5A/KDM1A/PTK2/AGT/GSK3B/IL1B/IL6/ENG/TGFB1/CTNNB1/PTEN/S100A4/VEGFA/IGF1/MTOR",17
"GO:0034205","amyloid-beta formation","10/462","59/18842",0.169491525423729,6.91246606500844,7.21128063093358,1.52740589486603e-06,1.08740089395967e-05,1.32578012607642e-06,"TNF/RELA/NCSTN/RTN4/APOE/APOA1/ABCG1/CASP3/CLU/IGF1",10
"GO:0071331","cellular response to hexose stimulus","15/462","138/18842",0.108695652173913,4.43299454169019,6.41720064155241,1.53340030533121e-06,1.09000180482781e-05,1.32895120673106e-06,"RACK1/SMAD3/PCK1/PPARA/RAC1/IGF1R/CYP7A1/UCP2/TGFB1/SLC29A1/PIM3/PPARD/PCK2/ERN1/NR1H4",15
"GO:0006970","response to osmotic stress","11/462","73/18842",0.150684931506849,6.14546640574038,6.98338231936583,1.54725005548147e-06,1.09817016132953e-05,1.33891022439681e-06,"TNF/PTGS2/TLR3/NLRP3/ATP1A1/MARVELD3/TSPO/CASP3/MTOR/CASP1/SLC2A1",11
"GO:0071347","cellular response to interleukin-1","12/462","88/18842",0.136363636363636,5.56139315230224,6.79973668879246,1.55627767939651e-06,1.1028963280472e-05,1.34467245794068e-06,"CCL2/RELA/IL1A/MAPK3/IL1B/IL6/NFKBIA/CCL5/LCN2/AKAP12/MMP2/EGR1",12
"GO:0034620","cellular response to unfolded protein","13/462","104/18842",0.125,5.09794372294372,6.64387191621803,1.5747477586747e-06,1.11428959945128e-05,1.35856335400525e-06,"RACK1/BAX/PTPN1/SIRT1/DDIT3/PPP1R15A/ATF6/HSPA5/AKT1/ERN1/ATF3/ATF4/NFE2L2",13
"GO:0050863","regulation of T cell activation","25/462","346/18842",0.0722543352601156,2.94678827915822,5.79452809537684,1.60288759326596e-06,1.1324802176398e-05,1.38074170626646e-06,"PCK1/ARG2/IL10/CCL2/JAK2/B2M/CCR2/IL1A/IL6ST/IL4/NLRP3/VSIR/IL1B/IL6/TGFB1/CDKN2A/LGALS3/AKT1/CCL5/HMGB1/IGF2/IGF1/MTOR/IGFBP2/MAP3K8",25
"GO:0000305","response to oxygen radical","7/462","25/18842",0.28,11.4193939393939,8.26489763895221,1.66937642058943e-06,1.17766918397945e-05,1.43583696489999e-06,"MB/CD36/UCP2/NOS3/NQO1/SOD2/NFE2L2",7
"GO:0007596","blood coagulation","19/462","216/18842",0.087962962962963,3.58744187910855,6.06370253986912,1.68172059295055e-06,1.18458261433854e-05,1.44426595242797e-06,"JAK2/SERPINB2/CD36/SERPINA1/IL6ST/APOE/IL6/ANGPTL4/IL6R/HSPB1/SAA1/PRKCD/HNF4A/SERPINE1/NOS3/PRKCA/TLR4/PDGFB/NFE2L2",19
"GO:0001523","retinoid metabolic process","12/462","89/18842",0.134831460674157,5.49890558879323,6.74476332775991,1.75943948281539e-06,1.23558827028484e-05,1.50645303112794e-06,"CYP1A1/LDLR/DGAT1/APOE/RARRES2/UGT1A1/CYP1A2/RETSAT/CYP3A4/AKR1B10/CES1/RBP4",12
"GO:0050886","endocrine process","12/462","89/18842",0.134831460674157,5.49890558879323,6.74476332775991,1.75943948281539e-06,1.23558827028484e-05,1.50645303112794e-06,"AVPR1A/PPARG/ACE/AGTR1/GJA1/RETN/AGT/SPP1/TSPO/IL1B/NOS3/ADIPOQ",12
"GO:0048008","platelet-derived growth factor receptor signaling pathway","9/462","47/18842",0.191489361702128,7.80961591599889,7.41055252756502,1.76547278844236e-06,1.23609643653949e-05,1.50707259721888e-06,"JAK2/PTPN1/LOX/APOE/IL1B/PDGFRB/VEGFA/ADIPOQ/PDGFB",9
"GO:0048009","insulin-like growth factor receptor signaling pathway","9/462","47/18842",0.191489361702128,7.80961591599889,7.41055252756502,1.76547278844236e-06,1.23609643653949e-05,1.50707259721888e-06,"IGFBP1/IGFBP3/IGF1R/MAPK3/INPPL1/AKT1/IGF2/IGF1/IGFBP2",9
"GO:0032720","negative regulation of tumor necrosis factor production","11/462","74/18842",0.148648648648649,6.06241956241956,6.91775548254156,1.77781308148087e-06,1.24286752362987e-05,1.51532803709044e-06,"ARG2/IL10/IL4/VSIR/TSPO/GSTP1/CIDEA/NR1H4/TLR4/IGF1/ADIPOQ",11
"GO:0007565","female pregnancy","15/462","140/18842",0.107142857142857,4.36966604823748,6.34464113594078,1.84098636403895e-06,1.28317851960559e-05,1.56447598024906e-06,"SMAD3/STC2/BCL2/VDR/GJA1/FOS/SPP1/PARP1/IL1B/TGFB1/PPARD/VEGFA/IGFBP2/SLC2A1/MMP2",15
"GO:0071326","cellular response to monosaccharide stimulus","15/462","140/18842",0.107142857142857,4.36966604823748,6.34464113594078,1.84098636403895e-06,1.28317851960559e-05,1.56447598024906e-06,"RACK1/SMAD3/PCK1/PPARA/RAC1/IGF1R/CYP7A1/UCP2/TGFB1/SLC29A1/PIM3/PPARD/PCK2/ERN1/NR1H4",15
"GO:0015748","organophosphate ester transport","17/462","178/18842",0.0955056179775281,3.8950581253952,6.15269143135542,1.92384319029505e-06,1.33892584364929e-05,1.63244419207381e-06,"ABCB4/ABCC1/LDLR/ABCA1/APOA5/APOE/APOA1/ABCG1/SCARB1/SLC25A4/CETP/SLC25A47/ABCC5/MTTP/PITPNM2/APOC1/SLC25A24",17
"GO:0046434","organophosphate catabolic process","20/462","239/18842",0.0836820083682008,3.41284935427195,5.95165672210323,1.95666022489222e-06,1.35973283688033e-05,1.65781247920908e-06,"PRDX6/PPARA/LDLR/LIPC/UCP2/XDH/PRKCD/SCARB1/ENO3/PKLR/SUCLG1/LDHA/GCK/INS/IGF1/MTOR/APOC1/INSR/LIPG/PDE4A",20
"GO:0070508","cholesterol import","5/462","10/18842",0.5,20.3917748917749,9.72455075411489,1.97457111282774e-06,1.37013459036154e-05,1.67049449751377e-06,"LDLR/CD36/APOA1/SCARB1/ADIPOQ",5
"GO:0014912","negative regulation of smooth muscle cell migration","8/462","36/18842",0.222222222222222,9.06301106301106,7.67715836249821,2.03530925047145e-06,1.40758826763492e-05,1.71615874264485e-06,"PTPN1/IGFBP3/GSTP1/TRIB1/PPARD/SERPINE1/ADIPOQ/NFE2L2",8
"GO:0034391","regulation of smooth muscle cell apoptotic process","8/462","36/18842",0.222222222222222,9.06301106301106,7.67715836249821,2.03530925047145e-06,1.40758826763492e-05,1.71615874264485e-06,"FOXO1/ESR1/MFN2/SIRT1/PPARG/CDKN2A/SOD2/IGF1",8
"GO:0030593","neutrophil chemotaxis","11/462","75/18842",0.146666666666667,5.9815873015873,6.85332234702705,2.03799538821232e-06,1.40758826763492e-05,1.71615874264485e-06,"DNM1L/ITGB2/RAC1/CXCR2/GPR35/CXCL10/TREM1/SAA1/CXCL5/LGALS3/CXCL9",11
"GO:0051607","defense response to virus","23/462","305/18842",0.0754098360655738,3.07548080334966,5.79360823232961,2.04064020758929e-06,1.40758826763492e-05,1.71615874264485e-06,"TNF/IFIT2/TLR9/IFI6/APOBEC3A/ADAR/PPARA/RELA/BCL2/TLR3/CXCL10/AIM2/IL1B/IL6/USP18/OAS1/MAP3K14/ATG7/BNIP3/IFIT3/MX2/CASP1/OAS2",23
"GO:0042445","hormone metabolic process","19/462","219/18842",0.0867579908675799,3.5382988396687,5.99018445906301,2.06649286293579e-06,1.421255046555e-05,1.73282154288749e-06,"CYP1A1/STC2/DGAT1/ACE/SPP1/CTSB/TSPO/UGT1A1/CYP1A2/RETSAT/CYP3A4/DIO1/AKR1B10/ADAM10/CHST9/CYP17A1/CES1/RBP4/EGR1",19
"GO:0051900","regulation of mitochondrial depolarization","6/462","17/18842",0.352941176470588,14.3941940412529,8.75938799111143,2.06961108583396e-06,1.421255046555e-05,1.73282154288749e-06,"RACK1/ALB/IFI6/BCL2/TSPO/PARP1",6
"GO:0070341","fat cell proliferation","6/462","17/18842",0.352941176470588,14.3941940412529,8.75938799111143,2.06961108583396e-06,1.421255046555e-05,1.73282154288749e-06,"SQSTM1/IL6ST/IL6/IL6R/CEBPA/FABP4",6
"GO:0006693","prostaglandin metabolic process","9/462","48/18842",0.1875,7.64691558441559,7.31023569737026,2.12619122243456e-06,1.4579596953837e-05,1.7775725581037e-06,"PTGS2/AVPR1A/SIRT1/GSTM1/IL1B/ACOX1/GSTA1/GSTP1/MIF",9
"GO:0090066","regulation of anatomical structure size","28/462","423/18842",0.066193853427896,2.69962031664159,5.60517637211428,2.14758349716555e-06,1.47046305335335e-05,1.79281689310238e-06,"TNF/PRKCE/AVPR1A/ACE/HTR2B/AGTR1/AGT/SPP1/RTN4/APOE/GSK3B/ALOX15/CDH1/PRKCD/CPS1/SCARB1/PTEN/PPARD/NOS3/VEGFA/SOD2/INS/MTOR/P2RY2/MMP2/HCK/SCT/CRP",28
"GO:0043524","negative regulation of neuron apoptotic process","14/462","124/18842",0.112903225806452,4.60459433040078,6.38465927280606,2.16904553211265e-06,1.48297738583209e-05,1.80807460843403e-06,"IL10/CCL2/JAK2/CX3CR1/BCL2/ERBB3/IL6ST/CTNNB1/AKT1/TERT/CLU/LCN2/SOD2/ATF4",14
"GO:0050817","coagulation","19/462","220/18842",0.0863636363636364,3.52221566312475,5.96596370123001,2.21148500961391e-06,1.50977627635812e-05,1.84074833222593e-06,"JAK2/SERPINB2/CD36/SERPINA1/IL6ST/APOE/IL6/ANGPTL4/IL6R/HSPB1/SAA1/PRKCD/HNF4A/SERPINE1/NOS3/PRKCA/TLR4/PDGFB/NFE2L2",19
"GO:0036119","response to platelet-derived growth factor","7/462","26/18842",0.269230769230769,10.9801864801865,8.07350069500959,2.23639030088052e-06,1.52231480130112e-05,1.85603554347625e-06,"SMAD3/PTPN1/DDIT3/TGFB1/PDGFRB/TLR4/PDGFB",7
"GO:0060333","type II interferon-mediated signaling pathway","7/462","26/18842",0.269230769230769,10.9801864801865,8.07350069500959,2.23639030088052e-06,1.52231480130112e-05,1.85603554347625e-06,"NR1H3/JAK2/PPARG/TP53/NR1H2/JAK1/HCK",7
"GO:0043085","positive regulation of catalytic activity","22/462","285/18842",0.0771929824561404,3.14820384294068,5.79354312885384,2.32176541526298e-06,1.57812259466634e-05,1.92407748066316e-06,"RACK1/NRG1/JAK2/ESR1/WNT5A/SIRT1/MAPK3/SESN2/ELANE/TLR3/VSIR/MAPK8/PLIN5/CDKN1A/AKT1/PDGFRB/FGFR4/INS/IGF1/MTOR/ADIPOQ/PDGFB",22
"GO:0045913","positive regulation of carbohydrate metabolic process","11/462","76/18842",0.144736842105263,5.90288220551378,6.79004431013099,2.33099122358374e-06,1.57978095152924e-05,1.92609938130991e-06,"FOXO1/NFKB1/SIRT1/AKT1/GCK/INS/IGF2/IGF1/MTOR/INSR/PDGFB",11
"GO:1903556","negative regulation of tumor necrosis factor superfamily cytokine production","11/462","76/18842",0.144736842105263,5.90288220551378,6.79004431013099,2.33099122358374e-06,1.57978095152924e-05,1.92609938130991e-06,"ARG2/IL10/IL4/VSIR/TSPO/GSTP1/CIDEA/NR1H4/TLR4/IGF1/ADIPOQ",11
"GO:0048638","regulation of developmental growth","19/462","221/18842",0.085972850678733,3.5062780356898,5.94188297181611,2.36564066378573e-06,1.6009335654922e-05,1.95188905590227e-06,"ACACB/NRG1/PIM1/PPARA/SPP1/RTN4/APOE/GSK3B/CDH1/PTEN/PPARD/CDKN1A/GDF15/YAP1/VEGFA/IGF2/IGF1/INSR/RBP4",19
"GO:0032890","regulation of organic acid transport","10/462","62/18842",0.161290322580645,6.57799190057255,6.97470974722122,2.44772942093027e-06,1.65168524403642e-05,2.01376648045903e-06,"TNF/AVPR1A/PPARA/IL1B/CYP4A11/AKT1/ATP1A2/FABP3/CES1/MIF",10
"GO:0046456","icosanoid biosynthetic process","10/462","62/18842",0.161290322580645,6.57799190057255,6.97470974722122,2.44772942093027e-06,1.65168524403642e-05,2.01376648045903e-06,"PTGS2/AVPR1A/SIRT1/IL1B/FADS1/CYP4A11/ALOX5/CBR1/CASP1/MIF",10
"GO:0007599","hemostasis","19/462","222/18842",0.0855855855855856,3.49048399048399,5.91794074362585,2.52947268653756e-06,1.70191110238712e-05,2.07500281490236e-06,"JAK2/SERPINB2/CD36/SERPINA1/IL6ST/APOE/IL6/ANGPTL4/IL6R/HSPB1/SAA1/PRKCD/HNF4A/SERPINE1/NOS3/PRKCA/TLR4/PDGFB/NFE2L2",19
"GO:0045859","regulation of protein kinase activity","19/462","222/18842",0.0855855855855856,3.49048399048399,5.91794074362585,2.52947268653756e-06,1.70191110238712e-05,2.07500281490236e-06,"NRG1/JAK2/PTPN1/ADAR/WNT5A/SIRT1/SESN2/ELANE/TLR3/AGT/CDKN2A/TRIB1/CDKN1A/PDGFRB/IGF1/MTOR/ADIPOQ/TRIB3/PDGFB",19
"GO:0010332","response to gamma radiation","8/462","37/18842",0.216216216216216,8.81806481806482,7.54681439139544,2.54150722292439e-06,1.70262699711309e-05,2.07587564754883e-06,"SMAD3/TP53/KDM1A/CXCL10/PARP1/TGFB1/YAP1/EGR1",8
"GO:0034390","smooth muscle cell apoptotic process","8/462","37/18842",0.216216216216216,8.81806481806482,7.54681439139544,2.54150722292439e-06,1.70262699711309e-05,2.07587564754883e-06,"FOXO1/ESR1/MFN2/SIRT1/PPARG/CDKN2A/SOD2/IGF1",8
"GO:0043277","apoptotic cell clearance","8/462","37/18842",0.216216216216216,8.81806481806482,7.54681439139544,2.54150722292439e-06,1.70262699711309e-05,2.07587564754883e-06,"NR1H3/CCL2/RAC1/C3/ALOX15/TGM2/SCARB1/HMGB1",8
"GO:0002440","production of molecular mediator of immune response","17/462","182/18842",0.0934065934065934,3.8094524523096,6.0381204158717,2.61232650470848e-06,1.74755635142567e-05,2.13065438219577e-06,"TNF/IL10/TLR9/B2M/CCR2/WNT5A/SIRT1/ELANE/IL4/NLRP3/RTN4/APOA1/IL1B/IL6/TGFB1/RBP4/MIF",17
"GO:0007173","epidermal growth factor receptor signaling pathway","14/462","126/18842",0.111111111111111,4.53150553150553,6.30578057257122,2.62815590262266e-06,1.75562322562569e-05,2.14048967068354e-06,"FBXW7/HBEGF/IFI6/MAPK3/MMP9/ERBB3/PTK2/AGT/TGFB1/CTNNB1/AKT1/EFEMP1/SPRY4/EGFR",14
"GO:0051249","regulation of lymphocyte activation","29/462","453/18842",0.0640176600441501,2.61086742543696,5.50211993702326,2.7415742519758e-06,1.82876356979933e-05,2.22966378784534e-06,"PCK1/AHR/ARG2/IL10/CCL2/JAK2/TLR9/B2M/CCR2/IL1A/BCL2/IL6ST/IL4/NLRP3/VSIR/IL1B/IL6/TGFB1/CDKN2A/LGALS3/AKT1/CCL5/HMGB1/IGF2/IGF1/MTOR/IGFBP2/MAP3K8/MIF",29
"GO:0046631","alpha-beta T cell activation","17/462","183/18842",0.092896174863388,3.78863577224233,6.00998469030021,2.81595054443354e-06,1.87444133591931e-05,2.28535500059109e-06,"ARG2/IL10/JAK2/CCR2/STOML2/IL6ST/NLRP3/VSIR/IL6/IL6R/RORA/LGALS3/MYC/JAK1/HMGB1/INS/MTOR",17
"GO:0003300","cardiac muscle hypertrophy","12/462","93/18842",0.129032258064516,5.26239352045804,6.53290242633289,2.82615510699174e-06,1.87444133591931e-05,2.28535500059109e-06,"SMAD3/FOXO1/SLC9A1/HDAC2/PPARA/PPARG/IL6ST/HTR2B/AGT/PARP1/PRKCA/IGF1",12
"GO:0016101","diterpenoid metabolic process","12/462","93/18842",0.129032258064516,5.26239352045804,6.53290242633289,2.82615510699174e-06,1.87444133591931e-05,2.28535500059109e-06,"CYP1A1/LDLR/DGAT1/APOE/RARRES2/UGT1A1/CYP1A2/RETSAT/CYP3A4/AKR1B10/CES1/RBP4",12
"GO:1990266","neutrophil migration","12/462","93/18842",0.129032258064516,5.26239352045804,6.53290242633289,2.82615510699174e-06,1.87444133591931e-05,2.28535500059109e-06,"DNM1L/ITGB2/RAC1/CXCR2/GPR35/CXCL10/RTN4/TREM1/SAA1/CXCL5/LGALS3/CXCL9",12
"GO:0001890","placenta development","10/462","63/18842",0.158730158730159,6.47357933072219,6.89931016745819,2.84658819843317e-06,1.88262992214557e-05,2.29533868272686e-06,"STC2/PPARG/VDR/PTK2/SPP1/PEG10/PARP1/PPARD/IGF2/PDGFB",10
"GO:0034142","toll-like receptor 4 signaling pathway","10/462","63/18842",0.158730158730159,6.47357933072219,6.89931016745819,2.84658819843317e-06,1.88262992214557e-05,2.29533868272686e-06,"NR1H3/PRKCE/RELA/SQSTM1/CD36/NFKBIA/OAS1/HMGB1/CD14/TLR4",10
"GO:0050996","positive regulation of lipid catabolic process","7/462","27/18842",0.259259259259259,10.5735129068462,7.8922585979911,2.95568369016794e-06,1.95200897325134e-05,2.37992695889345e-06,"PPARA/APOA5/IL1B/PRKCD/CPT1A/PLIN5/SCT",7
"GO:0044539","long-chain fatty acid import into cell","6/462","18/18842",0.333333333333333,13.5945165945166,8.47543519416868,3.04028489469975e-06,2.00004417005718e-05,2.43849239656333e-06,"CD36/SPX/SLC27A5/AKT1/FABP3/SLC2A1",6
"GO:1903573","negative regulation of response to endoplasmic reticulum stress","9/462","50/18842",0.18,7.34103896103896,7.11801880354506,3.04130427921066e-06,2.00004417005718e-05,2.43849239656333e-06,"RACK1/NR1H3/PTPN1/NR1H2/PPP1R15A/ALOX5/HSPA5/AKT1/CLU",9
"GO:1905330","regulation of morphogenesis of an epithelium","9/462","50/18842",0.18,7.34103896103896,7.11801880354506,3.04130427921066e-06,2.00004417005718e-05,2.43849239656333e-06,"TNF/GJA1/AGT/CXCL10/TGFB1/CTNNB1/LIF/VEGFA/LCN2",9
"GO:1900101","regulation of endoplasmic reticulum unfolded protein response","8/462","38/18842",0.210526315789474,8.58601048074732,7.4213057506428,3.15074562179331e-06,2.06909331665298e-05,2.52267844679352e-06,"RACK1/BAX/PTPN1/PPP1R15A/ATF6/HSPA5/AKT1/ERN1",8
"GO:0071322","cellular response to carbohydrate stimulus","15/462","147/18842",0.102040816326531,4.16158671260712,6.10100301120093,3.40094273936844e-06,2.23025202739429e-05,2.71916625274603e-06,"RACK1/SMAD3/PCK1/PPARA/RAC1/IGF1R/CYP7A1/UCP2/TGFB1/SLC29A1/PIM3/PPARD/PCK2/ERN1/NR1H4",15
"GO:0030213","hyaluronan biosynthetic process","5/462","11/18842",0.454545454545455,18.5379771743408,9.22442619576033,3.5470604887473e-06,2.31669019616829e-05,2.82455333393345e-06,"NFKB1/IL1B/TGFB1/ABCC5/PDGFB",5
"GO:0070857","regulation of bile acid biosynthetic process","5/462","11/18842",0.454545454545455,18.5379771743408,9.22442619576033,3.5470604887473e-06,2.31669019616829e-05,2.82455333393345e-06,"SIRT1/CYP7A1/FGFR4/NR1H4/CES1",5
"GO:0050768","negative regulation of neurogenesis","12/462","95/18842",0.126315789473684,5.15160628844839,6.43150013507892,3.54768064834191e-06,2.31669019616829e-05,2.82455333393345e-06,"TNF/B2M/LDLR/SPP1/RTN4/TSPO/CDH1/IL1B/IL6/TGFB1/CTNNB1/PTEN",12
"GO:0015914","phospholipid transport","13/462","112/18842",0.116071428571429,4.7338048855906,6.28336012065176,3.66163242829521e-06,2.38775358349334e-05,2.91119518527878e-06,"ABCB4/ABCC1/LDLR/ABCA1/APOA5/APOE/APOA1/ABCG1/SCARB1/CETP/MTTP/PITPNM2/APOC1",13
"GO:0070102","interleukin-6-mediated signaling pathway","7/462","28/18842",0.25,10.1958874458874,7.72026667171644,3.85812505265116e-06,2.51236786645368e-05,3.0631273206042e-06,"JAK2/IL6ST/IL6/IL6R/CEBPA/JAK1/YAP1",7
"GO:0010828","positive regulation of D-glucose transmembrane transport","8/462","39/18842",0.205128205128205,8.36585636585637,7.300324843199,3.87952319062096e-06,2.51925522671286e-05,3.07152452296395e-06,"FGF21/C3/AKT1/INS/IGF1/ADIPOQ/INSR/NFE2L2",8
"GO:0048146","positive regulation of fibroblast proliferation","8/462","39/18842",0.205128205128205,8.36585636585637,7.300324843199,3.87952319062096e-06,2.51925522671286e-05,3.07152452296395e-06,"WNT5A/AGT/CDKN1A/MYC/IGF1/PDGFB/MIF/EGFR",8
"GO:0014897","striated muscle hypertrophy","12/462","96/18842",0.125,5.09794372294372,6.38186347364382,3.96581802926108e-06,2.56812917166058e-05,3.13111257853258e-06,"SMAD3/FOXO1/SLC9A1/HDAC2/PPARA/PPARG/IL6ST/HTR2B/AGT/PARP1/PRKCA/IGF1",12
"GO:1901655","cellular response to ketone","12/462","96/18842",0.125,5.09794372294372,6.38186347364382,3.96581802926108e-06,2.56812917166058e-05,3.13111257853258e-06,"PCK1/AR/AHR/SIRT1/FOS/SPP1/CASP9/TGFB1/PIM3/AKT1/PCK2/PTGER2",12
"GO:0006090","pyruvate metabolic process","13/462","113/18842",0.115044247787611,4.69191280695706,6.24070381775317,4.04679514253336e-06,2.61692752550491e-05,3.19060847197117e-06,"PCK1/PPARA/UCP2/ENO3/PKLR/PCK2/LDHA/GCK/INS/IGF1/MTOR/INSR/PDK4",13
"GO:1902105","regulation of leukocyte differentiation","22/462","295/18842",0.0745762711864407,3.04148506860371,5.60299956679782,4.07223428192828e-06,2.62972577207463e-05,3.20621234083408e-06,"FBXW7/TNF/PCK1/IL10/TLR9/CCR2/GPR55/IL4/TLR3/NLRP3/VSIR/TGFB1/CDKN2A/TRIB1/MYC/LIF/PRKCA/HMGB1/TLR4/MTOR/ADIPOQ/BGLAP",22
"GO:0051785","positive regulation of nuclear division","9/462","52/18842",0.173076923076923,7.05869130869131,6.93613147265222,4.2762098441114e-06,2.75762230390342e-05,3.36214625723475e-06,"TNF/IL1A/IL1B/PDGFRB/INS/IGF2/IGF1/INSR/PDGFB",9
"GO:0009404","toxin metabolic process","6/462","19/18842",0.315789473684211,12.879015721121,8.2132122359652,4.35173695827835e-06,2.77938097088395e-05,3.38867484334585e-06,"PRKCE/CYP1A1/FMO1/CYP1A2/CYP3A4/NFE2L2",6
"GO:0043651","linoleic acid metabolic process","6/462","19/18842",0.315789473684211,12.879015721121,8.2132122359652,4.35173695827835e-06,2.77938097088395e-05,3.38867484334585e-06,"FADS2/ALOX15/FADS1/CYP4A11/GSTA1/GSTP1",6
"GO:0070875","positive regulation of glycogen metabolic process","6/462","19/18842",0.315789473684211,12.879015721121,8.2132122359652,4.35173695827835e-06,2.77938097088395e-05,3.38867484334585e-06,"AKT1/GCK/INS/IGF2/IGF1/INSR",6
"GO:0071605","monocyte chemotactic protein-1 production","6/462","19/18842",0.315789473684211,12.879015721121,8.2132122359652,4.35173695827835e-06,2.77938097088395e-05,3.38867484334585e-06,"IL1B/OAS1/GSTP1/HMGB1/NR1H4/ADIPOQ",6
"GO:0071637","regulation of monocyte chemotactic protein-1 production","6/462","19/18842",0.315789473684211,12.879015721121,8.2132122359652,4.35173695827835e-06,2.77938097088395e-05,3.38867484334585e-06,"IL1B/OAS1/GSTP1/HMGB1/NR1H4/ADIPOQ",6
"GO:1900221","regulation of amyloid-beta clearance","6/462","19/18842",0.315789473684211,12.879015721121,8.2132122359652,4.35173695827835e-06,2.77938097088395e-05,3.38867484334585e-06,"TNF/SREBF2/IL4/APOE/CLU/HMGCR",6
"GO:1903428","positive regulation of reactive oxygen species biosynthetic process","6/462","19/18842",0.315789473684211,12.879015721121,8.2132122359652,4.35173695827835e-06,2.77938097088395e-05,3.38867484334585e-06,"CD36/RAB27A/LCN2/SOD2/FAS/TLR4",6
"GO:0141193","nuclear receptor-mediated signaling pathway","17/462","189/18842",0.0899470899470899,3.66836162074257,5.84522794007211,4.36759261230825e-06,2.78568646615167e-05,3.39636262469443e-06,"AR/JAK2/PIM1/ESR1/HDAC2/SIRT1/PPARA/PPARG/KDM1A/VDR/NR1H2/ALOX15/PARP1/PPARD/PLIN5/NR1H4/CYP24A1",17
"GO:0032526","response to retinoic acid","12/462","97/18842",0.123711340206186,5.04538760208863,6.33291257857956,4.4267309054477e-06,2.81569113330116e-05,3.43294489312671e-06,"TNF/HDAC2/WNT5A/ABCA1/GSK3B/DUSP1/RET/KLF4/IGFBP2/SREBF1/RBP4/MMP2",12
"GO:0097306","cellular response to alcohol","12/462","97/18842",0.123711340206186,5.04538760208863,6.33291257857956,4.4267309054477e-06,2.81569113330116e-05,3.43294489312671e-06,"AHR/ABCA1/CYP7A1/FOS/DNMT3A/CDH1/CTNNB1/PIM3/AKT1/PTGER2/SOD2/CES1",12
"GO:0002819","regulation of adaptive immune response","17/462","190/18842",0.0894736842105263,3.64905445431761,5.81842166844802,4.69038158036273e-06,2.97932014163286e-05,3.63244453350847e-06,"AHR/IL10/B2M/CCR2/SIRT1/MAPK3/IL6ST/IL4/NLRP3/ALOX15/IL1B/IL6/TGFB1/IL1RL1/HMGB1/PVR/SLC11A1",17
"GO:0071398","cellular response to fatty acid","8/462","40/18842",0.2,8.15670995670996,7.18359099296437,4.74627524615454e-06,3.01071628693399e-05,3.67072331891951e-06,"LDLR/PRKCD/CPS1/CPT1A/HMGCS2/NR1H4/SREBF1/PDK4",8
"GO:0010638","positive regulation of organelle organization","29/462","466/18842",0.0622317596566524,2.53803206807499,5.33007189310045,4.76261647317993e-06,3.01697174137765e-05,3.67835008953101e-06,"BAX/DNM1L/LPAR1/SMAD3/TNF/PRKCE/RAC1/IL1A/MAPK3/MMP9/TP53/SYT7/GSK3B/ALOX15/APOA1/IL1B/CTNNB1/MYC/PDGFRB/INS/IGF2/IGF1/BNIP3/KLF4/INSR/CASP1/TNFSF10/PDGFB/HCK",29
"GO:0070555","response to interleukin-1","13/462","115/18842",0.11304347826087,4.6103143233578,6.15687077413925,4.92619449130083e-06,3.10869440418656e-05,3.79018012768746e-06,"CCL2/RELA/IL1A/MAPK3/IL1B/IL6/NFKBIA/PRKCA/CCL5/LCN2/AKAP12/MMP2/EGR1",13
"GO:0014896","muscle hypertrophy","12/462","98/18842",0.122448979591837,4.99390405512854,6.2846303264063,4.93411762176518e-06,3.10869440418656e-05,3.79018012768746e-06,"SMAD3/FOXO1/SLC9A1/HDAC2/PPARA/PPARG/IL6ST/HTR2B/AGT/PARP1/PRKCA/IGF1",12
"GO:0046822","regulation of nucleocytoplasmic transport","12/462","98/18842",0.122448979591837,4.99390405512854,6.2846303264063,4.93411762176518e-06,3.10869440418656e-05,3.79018012768746e-06,"SMAD3/JAK2/CD36/GSK3B/CDH1/IL1B/TGFB1/CDKN2A/PRKCD/NFKBIA/AKT1/MX2",12
"GO:0051781","positive regulation of cell division","12/462","98/18842",0.122448979591837,4.99390405512854,6.2846303264063,4.93411762176518e-06,3.10869440418656e-05,3.79018012768746e-06,"PRKCE/CIT/IL1A/CAT/HTR2B/IL1B/TGFB1/VEGFA/IGF2/BIRC5/CDC25B/PDGFB",12
"GO:0060396","growth hormone receptor signaling pathway","7/462","29/18842",0.241379310344828,9.84430512016719,7.55672985884934,4.9789098339727e-06,3.13267624148336e-05,3.81941924589263e-06,"JAK2/PTPN1/PTK2/HNF4A/GDF15/JAK1/IGF1",7
"GO:0003073","regulation of systemic arterial blood pressure","11/462","82/18842",0.134146341463415,5.47096399535424,6.43267915851439,4.99415108491009e-06,3.13802529707711e-05,3.8259409175584e-06,"TNF/PTPN1/AVPR1A/ACE/AGTR1/SPX/AGT/RARRES2/ENG/NOS3/SOD2",11
"GO:0034198","cellular response to amino acid starvation","9/462","53/18842",0.169811320754717,6.92550845381034,6.8487597653809,5.04030622246341e-06,3.15425615212227e-05,3.84572988882707e-06,"MAPK3/SESN2/MAPK8/UCP2/CDKN1A/ATF3/FAS/MTOR/ATF4",9
"GO:0061900","glial cell activation","9/462","53/18842",0.169811320754717,6.92550845381034,6.8487597653809,5.04030622246341e-06,3.15425615212227e-05,3.84572988882707e-06,"TNF/ITGB2/JAK2/TLR9/LDLR/CX3CR1/IL1B/IL6/CLU",9
"GO:0070227","lymphocyte apoptotic process","9/462","53/18842",0.169811320754717,6.92550845381034,6.8487597653809,5.04030622246341e-06,3.15425615212227e-05,3.84572988882707e-06,"BAX/ARG2/IL10/TP53/LGALS3/AKT1/CCL5/FAS/MIF",9
"GO:0051055","negative regulation of lipid biosynthetic process","10/462","67/18842",0.149253731343284,6.08709698261937,6.61329133133387,5.06081461018221e-06,3.16283930537025e-05,3.85619463467973e-06,"FBXW7/NFKB1/SIRT1/ACADVL/CYP7A1/APOE/ANGPTL4/APOC1/TRIB3/PDGFB",10
"GO:0051960","regulation of nervous system development","24/462","346/18842",0.069364161849711,2.82891674799189,5.443688763591,5.22675326210957e-06,3.26216664723621e-05,3.97729644409831e-06,"TNF/B2M/HDAC2/WNT5A/LDLR/CX3CR1/KDM1A/SPP1/RTN4/TSPO/THBS2/CDH1/IL1B/IL6/TGM2/TGFB1/CTNNB1/PRMT5/PTEN/PRKCA/YAP1/VEGFA/IGF1/S100B",24
"GO:0042391","regulation of membrane potential","27/462","419/18842",0.0644391408114559,2.62805690729318,5.34314088619326,5.37460221971135e-06,3.3499528694747e-05,4.08432709804904e-06,"RACK1/BAX/SMAD3/TNF/ALB/CNR2/IFI6/B2M/SLC9A1/BCL2/CD36/GJA1/ATP1A1/AGT/TRPV1/TSPO/UCP2/GSK3B/PARP1/CDKN2A/SLC29A1/PTEN/AKT1/SOD2/ATP1A2/BNIP3/MTOR",27
"GO:0046683","response to organophosphorus","13/462","116/18842",0.112068965517241,4.57057023436334,6.1156732584416,5.42617111543547e-06,3.37757389217481e-05,4.11800318123154e-06,"LPAR1/AHR/ALAS1/FOS/TRPV1/DUSP1/CPS1/HMGCS2/PKLR/PNPT1/P2RY2/SREBF1/NDUFS4",13
"GO:0098739","import across plasma membrane","21/462","278/18842",0.0755395683453237,3.08077174623937,5.54129497605109,5.51796422004233e-06,3.43012568872058e-05,4.18207534434728e-06,"TNF/SLC5A2/HNF1A/SLC9A1/CD36/FGF21/ATP1A1/TRPV1/SLC22A4/AKT1/SLC2A3/LCN2/INS/PCSK9/ATP1A2/IGF1/ADIPOQ/INSR/SLC2A1/NFE2L2/SLC7A11",21
"GO:0002347","response to tumor cell","9/462","54/18842",0.166666666666667,6.7972582972583,6.76362411683128,5.9185446400405e-06,3.67423251253715e-05,4.47969508831969e-06,"AHR/RELA/MAPK3/TGFB1/HMGB1/PVR/KLF4/TXNIP/GSDME",9
"GO:0071333","cellular response to glucose stimulus","14/462","135/18842",0.103703703703704,4.2294051627385,5.97018178925224,5.95044731845708e-06,3.68911887013797e-05,4.49784482239336e-06,"RACK1/SMAD3/PCK1/RAC1/IGF1R/CYP7A1/UCP2/TGFB1/SLC29A1/PIM3/PPARD/PCK2/ERN1/NR1H4",14
"GO:0072111","cell proliferation involved in kidney development","6/462","20/18842",0.3,12.2350649350649,7.96999243506434,6.08844721769962e-06,3.76464943500789e-05,4.5899331426919e-06,"GPC3/IL6R/MYC/PDGFRB/PDGFB/EGR1",6
"GO:0140354","lipid import into cell","6/462","20/18842",0.3,12.2350649350649,7.96999243506434,6.08844721769962e-06,3.76464943500789e-05,4.5899331426919e-06,"CD36/SPX/SLC27A5/AKT1/FABP3/SLC2A1",6
"GO:0042178","xenobiotic catabolic process","7/462","30/18842",0.233333333333333,9.51616161616162,7.40094618088118,6.35789532608039e-06,3.92084246863978e-05,4.78036669941511e-06,"PRKCE/CYP1A1/NR1I2/GSTM1/CYP1A2/CYP2C19/CYP3A4",7
"GO:0071378","cellular response to growth hormone stimulus","7/462","30/18842",0.233333333333333,9.51616161616162,7.40094618088118,6.35789532608039e-06,3.92084246863978e-05,4.78036669941511e-06,"JAK2/PTPN1/PTK2/HNF4A/GDF15/JAK1/IGF1",7
"GO:0035967","cellular response to topologically incorrect protein","13/462","118/18842",0.110169491525424,4.49310294225548,6.03466659419162,6.56242294325715e-06,4.04161920949805e-05,4.9276200294534e-06,"RACK1/BAX/PTPN1/SIRT1/DDIT3/PPP1R15A/ATF6/HSPA5/AKT1/ERN1/ATF3/ATF4/NFE2L2",13
"GO:0044089","positive regulation of cellular component biogenesis","29/462","475/18842",0.0610526315789474,2.48994303941672,5.21431863630616,6.88252930644719e-06,4.23316465664705e-05,5.16115593004093e-06,"RACK1/BAX/LPAR1/SMAD3/TNF/NRG1/PRKCE/TLR9/RAC1/CD36/TP53/ABCA1/NR1H2/AGT/MAPK8/THBS2/APOE/GSK3B/ALOX15/APOA1/TGFB1/LGALS3/CLU/PRKCA/VEGFA/TLR4/HCK/MMP1/EPHA2",29
"GO:0002673","regulation of acute inflammatory response","8/462","42/18842",0.19047619047619,7.76829519686663,6.96185897553263,6.97798024785092e-06,4.2805633773378e-05,5.21894536376525e-06,"TNF/PTGS2/IL6ST/NLRP3/IL1B/IL6/GSTP1/INS",8
"GO:1905521","regulation of macrophage migration","8/462","42/18842",0.19047619047619,7.76829519686663,6.96185897553263,6.97798024785092e-06,4.2805633773378e-05,5.21894536376525e-06,"CCL2/CX3CR1/MAPK3/PTK2/RTN4/RARRES2/CCL5/MIF",8
"GO:0048762","mesenchymal cell differentiation","19/462","238/18842",0.0798319327731092,3.2558296045691,5.55254151062314,6.99368223249195e-06,4.2845505887477e-05,5.2238066487569e-06,"SMAD3/NRG1/HDAC2/WNT5A/KDM1A/HTR2B/PTK2/AGT/GSK3B/IL1B/IL6/ENG/TGFB1/CTNNB1/PTEN/S100A4/VEGFA/IGF1/MTOR",19
"GO:0032635","interleukin-6 production","15/462","156/18842",0.0961538461538462,3.92149517149517,5.80910877701467,7.08842453473843e-06,4.32551830062151e-05,5.27375527259456e-06,"TNF/IL10/TLR9/WNT5A/RELA/IL1A/TLR3/NOS2/IL1B/IL6/TGFB1/IL6R/HMGB1/NR1H4/TLR4",15
"GO:0032675","regulation of interleukin-6 production","15/462","156/18842",0.0961538461538462,3.92149517149517,5.80910877701467,7.08842453473843e-06,4.32551830062151e-05,5.27375527259456e-06,"TNF/IL10/TLR9/WNT5A/RELA/IL1A/TLR3/NOS2/IL1B/IL6/TGFB1/IL6R/HMGB1/NR1H4/TLR4",15
"GO:0071248","cellular response to metal ion","15/462","156/18842",0.0961538461538462,3.92149517149517,5.80910877701467,7.08842453473843e-06,4.32551830062151e-05,5.27375527259456e-06,"TF/CYP1A1/TLR9/B2M/WNT5A/CPNE2/TSPO/UCP2/ALOX15/CDH1/PARP1/BNIP3/SLC11A1/ATF4/SLC25A24",15
"GO:0043200","response to amino acid","12/462","102/18842",0.117647058823529,4.79806468041762,6.09786574044445,7.51171509057289e-06,4.57782008661091e-05,5.58136647237967e-06,"TNF/PNPLA3/SESN2/CASP3/CPS1/GSTP1/HMGCS2/LCN2/MAT2A/MTOR/NFE2L2/EGFR",12
"GO:0031400","negative regulation of protein modification process","17/462","197/18842",0.0862944162436548,3.51939262091546,5.6357014874571,7.61844396623659e-06,4.63679413160752e-05,5.6532687645749e-06,"PRKCE/PTPN1/ADAR/SIRT1/RELA/IGFBP3/SQSTM1/HDAC8/AGT/TSPO/CDKN2A/CTNNB1/PTEN/CDKN1A/AKT1/P3H1/ADIPOQ",17
"GO:0010563","negative regulation of phosphorus metabolic process","15/462","157/18842",0.0955414012738854,3.89651749524361,5.77802797462502,7.66419234333365e-06,4.65247451767425e-05,5.67238659345654e-06,"PTPN1/ADAR/SIRT1/PPARA/IGFBP3/TP53/AGT/TSPO/PARP1/CDKN2A/PTEN/CDKN1A/APOC1/ADIPOQ/PDGFB",15
"GO:0045936","negative regulation of phosphate metabolic process","15/462","157/18842",0.0955414012738854,3.89651749524361,5.77802797462502,7.66419234333365e-06,4.65247451767425e-05,5.67238659345654e-06,"PTPN1/ADAR/SIRT1/PPARA/IGFBP3/TP53/AGT/TSPO/PARP1/CDKN2A/PTEN/CDKN1A/APOC1/ADIPOQ/PDGFB",15
"GO:0007088","regulation of mitotic nuclear division","13/462","120/18842",0.108333333333333,4.41821789321789,5.95544824526302,7.90373804354743e-06,4.79164118890063e-05,5.8420612810065e-06,"TNF/IL1A/IL1B/DUSP1/SPC25/PRMT5/PDGFRB/INS/IGF2/IGF1/BIRC5/INSR/PDGFB",13
"GO:0005979","regulation of glycogen biosynthetic process","7/462","31/18842",0.225806451612903,9.20918866080156,7.25229315222288,8.03993582407511e-06,4.84268320787758e-05,5.90429269421423e-06,"GSK3B/AKT1/GCK/INS/IGF2/IGF1/INSR",7
"GO:0010661","positive regulation of muscle cell apoptotic process","7/462","31/18842",0.225806451612903,9.20918866080156,7.25229315222288,8.03993582407511e-06,4.84268320787758e-05,5.90429269421423e-06,"FOXO1/PTPN1/MFN2/PPARG/CDKN2A/SOD2/BNIP3",7
"GO:0010962","regulation of glucan biosynthetic process","7/462","31/18842",0.225806451612903,9.20918866080156,7.25229315222288,8.03993582407511e-06,4.84268320787758e-05,5.90429269421423e-06,"GSK3B/AKT1/GCK/INS/IGF2/IGF1/INSR",7
"GO:0046326","positive regulation of D-glucose import across plasma membrane","7/462","31/18842",0.225806451612903,9.20918866080156,7.25229315222288,8.03993582407511e-06,4.84268320787758e-05,5.90429269421423e-06,"FGF21/AKT1/INS/IGF1/ADIPOQ/INSR/NFE2L2",7
"GO:1903672","positive regulation of sprouting angiogenesis","7/462","31/18842",0.225806451612903,9.20918866080156,7.25229315222288,8.03993582407511e-06,4.84268320787758e-05,5.90429269421423e-06,"IL10/TJP1/TGM2/JAK1/VEGFA/HMGB1/KLF4",7
"GO:0032365","intracellular lipid transport","9/462","56/18842",0.160714285714286,6.55449907235622,6.59966607692666,8.07364450111261e-06,4.84418670066757e-05,5.90612578159877e-06,"CPT2/LDLR/ABCA1/SYT7/ABCG1/CPT1A/PCSK9/FABP3/CES1",9
"GO:0071715","icosanoid transport","9/462","56/18842",0.160714285714286,6.55449907235622,6.59966607692666,8.07364450111261e-06,4.84418670066757e-05,5.90612578159877e-06,"ABCC1/ACE/ABCC2/SLC22A11/NOS2/IL1B/CYP4A11/PLA2G12B/MIF",9
"GO:1990928","response to amino acid starvation","9/462","56/18842",0.160714285714286,6.55449907235622,6.59966607692666,8.07364450111261e-06,4.84418670066757e-05,5.90612578159877e-06,"MAPK3/SESN2/MAPK8/UCP2/CDKN1A/ATF3/FAS/MTOR/ATF4",9
"GO:0043254","regulation of protein-containing complex assembly","26/462","404/18842",0.0643564356435644,2.62468389696112,5.2336281444747,8.20852559297859e-06,4.91877672598563e-05,5.9970673779498e-06,"RACK1/BAX/TNF/NRG1/PRKCE/HSPA8/TLR9/CD36/TP53/ABCA1/NR1H2/MAPK8/APOE/GSK3B/ALOX15/TGFB1/HCFC1/PRKCD/LGALS3/HSPA5/CLU/VEGFA/HMGB1/TLR4/HCK/MMP1",26
"GO:0019430","removal of superoxide radicals","6/462","21/18842",0.285714285714286,11.6524427952999,7.74350743587074,8.34796059739936e-06,4.98309032583223e-05,6.07547975832091e-06,"MB/CD36/NOS3/NQO1/SOD2/NFE2L2",6
"GO:0046628","positive regulation of insulin receptor signaling pathway","6/462","21/18842",0.285714285714286,11.6524427952999,7.74350743587074,8.34796059739936e-06,4.98309032583223e-05,6.07547975832091e-06,"PTPN1/CTSD/SIRT1/INS/NR1H4/IGF2",6
"GO:1902004","positive regulation of amyloid-beta formation","6/462","21/18842",0.285714285714286,11.6524427952999,7.74350743587074,8.34796059739936e-06,4.98309032583223e-05,6.07547975832091e-06,"TNF/RELA/APOE/ABCG1/CASP3/CLU",6
"GO:0010959","regulation of metal ion transport","23/462","332/18842",0.0692771084337349,2.82536640066761,5.32005465220665,8.37417035630985e-06,4.99233510614323e-05,6.08675117263954e-06,"PRKCE/CCL2/TLR9/B2M/BCL2/ATP1A1/GPR35/AGT/CXCL10/FFAR1/TSPO/UCP2/TGFB1/CTNNB1/LGALS3/CCL5/PDGFRB/LCN2/PCSK9/ATP1A2/ATF4/PDGFB/CXCL9",23
"GO:0045454","cell redox homeostasis","8/462","43/18842",0.186046511627907,7.58763716903252,6.8564092817775,8.39077623281991e-06,4.99583812532091e-05,6.09102212113041e-06,"PRDX6/DDIT3/GSR/NOS2/NOS3/NQO1/SLC11A1/NFE2L2",8
"GO:0061045","negative regulation of wound healing","10/462","71/18842",0.140845070422535,5.74416194134504,6.34958269586934,8.63384094935782e-06,5.13399277908174e-05,6.25946293748298e-06,"SMAD3/TNF/SERPINB2/APOE/ALOX5/PRKCD/PTEN/SERPINE1/NOS3/PDGFB",10
"GO:1901888","regulation of cell junction assembly","20/462","265/18842",0.0754716981132075,3.07800375724904,5.40109335544657,9.3289593597808e-06,5.54025953815554e-05,6.75479119963309e-06,"SMAD3/TNF/VLDLR/PTPN1/TJP1/SLC9A1/WNT5A/RAC1/ACE/PTK2/AGT/RTN4/THBS2/IL1B/CTNNB1/PTEN/PRKCA/VEGFA/GPBAR1/EPHA2",20
"GO:0043030","regulation of macrophage activation","9/462","57/18842",0.157894736842105,6.43950786056049,6.52066135170492,9.38179995178439e-06,5.56454274847237e-05,6.78439775763229e-06,"NR1H3/IL10/WNT5A/LDLR/IL6/CEBPA/IL1RL1/TLR4/MIF",9
"GO:0043549","regulation of kinase activity","19/462","243/18842",0.0781893004115226,3.18883722587426,5.44467567191584,9.42313269599694e-06,5.5819473069417e-05,6.80561773073507e-06,"NRG1/JAK2/PTPN1/ADAR/WNT5A/SIRT1/SESN2/ELANE/TLR3/AGT/CDKN2A/TRIB1/CDKN1A/PDGFRB/IGF1/MTOR/ADIPOQ/TRIB3/PDGFB",19
"GO:0007586","digestion","13/462","122/18842",0.10655737704918,4.34578809168973,5.87794655926625,9.48116129706073e-06,5.60551709804793e-05,6.83435447428383e-06,"NR1H3/NR1I2/TLR9/LDLR/CD36/ABCG8/NR1H2/NPC1L1/HSPB1/TLR4/RBP4/FABP2/SCT",13
"GO:0010819","regulation of T cell chemotaxis","5/462","13/18842",0.384615384615385,15.6859806859807,8.39771652057617,9.48700058690243e-06,5.60551709804793e-05,6.83435447428383e-06,"CCR2/WNT5A/CXCL10/CCL5/ADAM10",5
"GO:0016032","viral process","25/462","383/18842",0.0652741514360313,2.66211160467035,5.21021557523832,9.60945532003897e-06,5.67067477441083e-05,6.91379596901048e-06,"TNF/VLDLR/CCL2/APOBEC3A/ADAR/LDLR/BCL2/TP53/AGTR1/CTSB/APOE/GSK3B/PEG10/HCFC1/SCARB1/OAS1/CCL5/HMGB1/PVR/JUN/INSR/IL32/OAS2/EGFR/EPHA2",25
"GO:0007204","positive regulation of cytosolic calcium ion concentration","15/462","160/18842",0.09375,3.82345779220779,5.68630062487329,9.64928149068583e-06,5.68696893932066e-05,6.93366212888626e-06,"LPAR1/CCL2/JAK2/ESR1/CCR2/AVPR1A/CX3CR1/CD36/AGTR1/CXCR2/GPR35/FFAR1/SAA1/PTGER2/HMGB1",15
"GO:0010611","regulation of cardiac muscle hypertrophy","10/462","72/18842",0.138888888888889,5.66438191438191,6.28678232787016,9.80972303414291e-06,5.75965579406928e-05,7.02228334300152e-06,"SMAD3/FOXO1/SLC9A1/PPARA/PPARG/IL6ST/AGT/PARP1/PRKCA/IGF1",10
"GO:0140895","cell surface toll-like receptor signaling pathway","10/462","72/18842",0.138888888888889,5.66438191438191,6.28678232787016,9.80972303414291e-06,5.75965579406928e-05,7.02228334300152e-06,"NR1H3/PRKCE/RELA/SQSTM1/CD36/NFKBIA/OAS1/HMGB1/CD14/TLR4",10
"GO:1903578","regulation of ATP metabolic process","10/462","72/18842",0.138888888888889,5.66438191438191,6.28678232787016,9.80972303414291e-06,5.75965579406928e-05,7.02228334300152e-06,"DNM1L/PPARA/IL4/TSPO/PARP1/GCK/INS/IGF1/MTOR/INSR",10
"GO:0045787","positive regulation of cell cycle","22/462","312/18842",0.0705128205128205,2.87576312576313,5.29685141569785,9.9539871014244e-06,5.83699797786297e-05,7.11658042400504e-06,"TNF/IL10/PRKCE/CYP1A1/PIM1/CIT/IL1A/IL1B/TGFB1/HCFC1/AKT1/TERT/PRKCA/PDGFRB/INS/IGF2/IGF1/BIRC5/CDC25B/INSR/PDGFB/EGFR",22
"GO:0005978","glycogen biosynthetic process","8/462","44/18842",0.181818181818182,7.41519086973632,6.75429938725432,1.00375288981553e-05,5.85648302629209e-05,7.14033697056158e-06,"ACADM/GSK3B/AKT1/GCK/INS/IGF2/IGF1/INSR",8
"GO:0009250","glucan biosynthetic process","8/462","44/18842",0.181818181818182,7.41519086973632,6.75429938725432,1.00375288981553e-05,5.85648302629209e-05,7.14033697056158e-06,"ACADM/GSK3B/AKT1/GCK/INS/IGF2/IGF1/INSR",8
"GO:0010907","positive regulation of glucose metabolic process","8/462","44/18842",0.181818181818182,7.41519086973632,6.75429938725432,1.00375288981553e-05,5.85648302629209e-05,7.14033697056158e-06,"FOXO1/SIRT1/AKT1/GCK/INS/IGF2/IGF1/INSR",8
"GO:0071498","cellular response to fluid shear stress","8/462","44/18842",0.181818181818182,7.41519086973632,6.75429938725432,1.00375288981553e-05,5.85648302629209e-05,7.14033697056158e-06,"PTPN1/SREBF2/PTK2/AKT1/MTOR/KLF4/MMP2/NFE2L2",8
"GO:0090025","regulation of monocyte chemotaxis","7/462","32/18842",0.21875,8.92140151515152,7.11021654415583,1.00752164509783e-05,5.87111486805444e-05,7.15817639402e-06,"CCR2/CX3CR1/CXCL10/DUSP1/SERPINE1/CCL5/HMGB1",7
"GO:0032963","collagen metabolic process","12/462","105/18842",0.114285714285714,4.66097711811998,5.96405781260358,1.01555946251887e-05,5.90317710048419e-05,7.19726728569493e-06,"MMP9/CYP7A1/VSIR/CTSB/IL6/TGFB1/IL6R/PPARD/MFAP4/P3H1/MMP2/MMP1",12
"GO:0140888","interferon-mediated signaling pathway","12/462","105/18842",0.114285714285714,4.66097711811998,5.96405781260358,1.01555946251887e-05,5.90317710048419e-05,7.19726728569493e-06,"NR1H3/JAK2/PTPN1/WNT5A/PPARG/TP53/NR1H2/USP18/OAS1/JAK1/OAS2/HCK",12
"GO:0009895","negative regulation of catabolic process","24/462","360/18842",0.0666666666666667,2.71890331890332,5.22069625877023,1.01947555213074e-05,5.91855133506324e-05,7.21601184878272e-06,"ACACB/SMAD3/TNF/IL10/PPARA/BCL2/LEPR/TSPO/NOS2/IL1B/CIDEC/CDKN2A/PLIN5/AKT1/CIDEA/PLIN1/NQO1/INS/MTOR/SLC11A1/APOC1/HMGCR/EGFR/HP",24
"GO:2000058","regulation of ubiquitin-dependent protein catabolic process","15/462","161/18842",0.093167701863354,3.79970960716302,5.65621715174091,1.04058266498153e-05,6.03356524054048e-05,7.35623901886431e-06,"RACK1/FBXW7/TF/SIRT1/PTK2/GSK3B/CDKN2A/CEBPA/PTEN/TRIB1/AKT1/CLU/MTOR/TRIB3/NFE2L2",15
"GO:0050804","modulation of chemical synaptic transmission","29/462","486/18842",0.0596707818930041,2.43358630395667,5.07636875513481,1.06336144243485e-05,6.15797372633911e-05,7.50792024232411e-06,"TNF/CCL2/CNR2/JAK2/CCR2/WNT5A/SQSTM1/CX3CR1/MAPK3/ACE/RETN/SYT7/RTN4/APOE/GSK3B/CDH1/IL1B/CTNNB1/PTEN/FBXO2/INS/ATP1A2/AKAP12/IGF1/S100B/ATF4/ADIPOQ/BGLAP/SCT",29
"GO:0007043","cell-cell junction assembly","14/462","142/18842",0.0985915492957746,4.02091335894153,5.72877608397896,1.07076157383427e-05,6.19312532642529e-05,7.55077775058341e-06,"TNF/TJP1/RAC1/ACE/GJA1/MARVELD3/AGT/CDH1/IL1B/CTNNB1/PRKCA/NR1H4/GPBAR1/EPHA2",14
"GO:0097300","programmed necrotic cell death","9/462","58/18842",0.155172413793103,6.32848186296462,6.44352707778503,1.08668352612614e-05,6.27741749087259e-05,7.65354838193838e-06,"TNF/CASP6/TP53/TLR3/TSPO/PARP1/NOL3/SLC25A4/FAS",9
"GO:0060485","mesenchyme development","21/462","291/18842",0.0721649484536082,2.94314276788504,5.29624115074859,1.11356648337475e-05,6.42474045426619e-05,7.83316737808495e-06,"SMAD3/NRG1/HDAC2/WNT5A/KDM1A/HTR2B/PTK2/AGT/GSK3B/IL1B/IL6/ENG/TGFB1/CTNNB1/PTEN/MYC/S100A4/NOS3/VEGFA/IGF1/MTOR",21
"GO:0009110","vitamin biosynthetic process","6/462","22/18842",0.272727272727273,11.1227863046045,7.53185254028993,1.12417203191925e-05,6.44599135543845e-05,7.85907688633706e-06,"TNF/NFKB1/CYP27A1/CYP3A4/CYP2R1/CYP24A1",6
"GO:0034114","regulation of heterotypic cell-cell adhesion","6/462","22/18842",0.272727272727273,11.1227863046045,7.53185254028993,1.12417203191925e-05,6.44599135543845e-05,7.85907688633706e-06,"TNF/IL10/APOA1/IL1B/KLF4/ADIPOQ",6
"GO:0071450","cellular response to oxygen radical","6/462","22/18842",0.272727272727273,11.1227863046045,7.53185254028993,1.12417203191925e-05,6.44599135543845e-05,7.85907688633706e-06,"MB/CD36/NOS3/NQO1/SOD2/NFE2L2",6
"GO:0071451","cellular response to superoxide","6/462","22/18842",0.272727272727273,11.1227863046045,7.53185254028993,1.12417203191925e-05,6.44599135543845e-05,7.85907688633706e-06,"MB/CD36/NOS3/NQO1/SOD2/NFE2L2",6
"GO:1900078","positive regulation of cellular response to insulin stimulus","6/462","22/18842",0.272727272727273,11.1227863046045,7.53185254028993,1.12417203191925e-05,6.44599135543845e-05,7.85907688633706e-06,"PTPN1/CTSD/SIRT1/INS/NR1H4/IGF2",6
"GO:0099177","regulation of trans-synaptic signaling","29/462","488/18842",0.0594262295081967,2.4236125895962,5.05168865524525,1.14891480666949e-05,6.5797630256496e-05,8.02217388467793e-06,"TNF/CCL2/CNR2/JAK2/CCR2/WNT5A/SQSTM1/CX3CR1/MAPK3/ACE/RETN/SYT7/RTN4/APOE/GSK3B/CDH1/IL1B/CTNNB1/PTEN/FBXO2/INS/ATP1A2/AKAP12/IGF1/S100B/ATF4/ADIPOQ/BGLAP/SCT",29
"GO:0009060","aerobic respiration","20/462","269/18842",0.0743494423791822,3.03223418465054,5.32241913892728,1.16337057335243e-05,6.65436534340163e-05,8.11313046820134e-06,"TNF/MFN2/PPARA/STOML2/SDHB/UCP2/NDUFB10/ENO3/PKLR/SUCLG1/LDHA/GCK/INS/IGF1/MTOR/INSR/NDUFS2/PDK4/NDUFS4/NDUFA2",20
"GO:0031670","cellular response to nutrient","8/462","45/18842",0.177777777777778,7.25040885040885,6.65534573708901,1.19485334605845e-05,6.81769262162761e-05,8.31226223342332e-06,"PIM1/VDR/MAT2A/CYP24A1/FGF23/MTOR/BGLAP/NFE2L2",8
"GO:0046850","regulation of bone remodeling","8/462","45/18842",0.177777777777778,7.25040885040885,6.65534573708901,1.19485334605845e-05,6.81769262162761e-05,8.31226223342332e-06,"LEPR/SPP1/SYT7/IL6/PRKCA/MC4R/BGLAP/PDK4",8
"GO:0061756","leukocyte adhesion to vascular endothelial cell","9/462","59/18842",0.152542372881356,6.22121945850759,6.36818517637202,1.25479325472126e-05,7.15093928271994e-05,8.7185629848865e-06,"TNF/ITGB2/RELA/CX3CR1/ELANE/GPR35/IL6/ALOX5/KLF4",9
"GO:0001823","mesonephros development","10/462","74/18842",0.135135135135135,5.51129051129051,6.16464208132562,1.25811350565602e-05,7.16109594417414e-05,8.73094618226849e-06,"SMAD3/ARG2/GPC3/CAT/AGT/OSR2/TGFB1/MYC/VEGFA/EPCAM",10
"GO:0002698","negative regulation of immune effector process","12/462","108/18842",0.111111111111111,4.53150553150553,5.83521308270282,1.35808198259275e-05,7.72067119774339e-05,9.41319111543644e-06,"TNF/AHR/IL10/CCR2/CX3CR1/MAPK3/APOA1/TGFB1/LGALS3/CLU/INS/PVR",12
"GO:0008630","intrinsic apoptotic signaling pathway in response to DNA damage","11/462","91/18842",0.120879120879121,4.92987964416536,5.957827685546,1.38492047722293e-05,7.86364602676825e-05,9.58750878236432e-06,"BAX/TNF/SIRT1/BCL2/TP53/KDM1A/CASP9/BCL2A1/CLU/MIF/EPHA2",11
"GO:0007566","embryo implantation","8/462","46/18842",0.173913043478261,7.09279126670431,6.55937871998998,1.41569066486194e-05,8.0188025980501e-05,9.77667866421588e-06,"SMAD3/STC2/GJA1/SPP1/IL1B/PPARD/VEGFA/MMP2",8
"GO:0072091","regulation of stem cell proliferation","8/462","46/18842",0.173913043478261,7.09279126670431,6.55937871998998,1.41569066486194e-05,8.0188025980501e-05,9.77667866421588e-06,"PIM1/ACE/KDM1A/GJA1/TGFB1/TERT/YAP1/EPCAM",8
"GO:0014743","regulation of muscle hypertrophy","10/462","75/18842",0.133333333333333,5.43780663780664,6.10522661983147,1.42031565439983e-05,8.03522440690842e-05,9.79670045005358e-06,"SMAD3/FOXO1/SLC9A1/PPARA/PPARG/IL6ST/AGT/PARP1/PRKCA/IGF1",10
"GO:0006959","humoral immune response","21/462","296/18842",0.0709459459459459,2.89342751842752,5.2055859500231,1.44114252626637e-05,8.14125472350775e-05,9.92597465544539e-06,"TF/CCL2/CFB/B2M/BCL2/ELANE/CXCL10/C3/TREM1/RARRES2/IL1B/IL6/CXCL1/ALOX5/CXCL5/LGALS3/CLU/CCL5/SLC11A1/CCL20/CXCL9",21
"GO:0019369","arachidonate metabolic process","9/462","60/18842",0.15,6.11753246753247,6.29456210420758,1.44458275793679e-05,8.14125472350775e-05,9.92597465544539e-06,"PTGS2/CYP1A1/GPX4/ALOX15/CYP2E1/CYP4A11/CYP1A2/ALOX5/CYP2C19",9
"GO:0070141","response to UV-A","5/462","14/18842",0.357142857142857,14.5655534941249,8.05006988014402,1.44605190213507e-05,8.14125472350775e-05,9.92597465544539e-06,"MMP9/AKT1/MMP2/MMP1/EGFR",5
"GO:0090399","replicative senescence","5/462","14/18842",0.357142857142857,14.5655534941249,8.05006988014402,1.44605190213507e-05,8.14125472350775e-05,9.92597465544539e-06,"TP53/CDKN2A/SERPINE1/CDKN1A/TERT",5
"GO:0036120","cellular response to platelet-derived growth factor stimulus","6/462","23/18842",0.260869565217391,10.6391869000565,7.33341490769625,1.48958494611634e-05,8.34597774863742e-05,1.01755769130625e-05,"SMAD3/PTPN1/TGFB1/PDGFRB/TLR4/PDGFB",6
"GO:0090026","positive regulation of monocyte chemotaxis","6/462","23/18842",0.260869565217391,10.6391869000565,7.33341490769625,1.48958494611634e-05,8.34597774863742e-05,1.01755769130625e-05,"CCR2/CX3CR1/CXCL10/SERPINE1/CCL5/HMGB1",6
"GO:0090200","positive regulation of release of cytochrome c from mitochondria","6/462","23/18842",0.260869565217391,10.6391869000565,7.33341490769625,1.48958494611634e-05,8.34597774863742e-05,1.01755769130625e-05,"BAX/MMP9/TP53/BNIP3/CASP1/TNFSF10",6
"GO:1901623","regulation of lymphocyte chemotaxis","6/462","23/18842",0.260869565217391,10.6391869000565,7.33341490769625,1.48958494611634e-05,8.34597774863742e-05,1.01755769130625e-05,"CCL2/CCR2/WNT5A/CXCL10/CCL5/ADAM10",6
"GO:0006873","intracellular monoatomic ion homeostasis","26/462","418/18842",0.062200956937799,2.53677582385716,5.03740544363717,1.49152993932035e-05,8.34683100658119e-05,1.01766172215913e-05,"BAX/TF/STC2/B2M/CCR2/SLC9A1/AVPR1A/WNT5A/BCL2/STOML2/HTR2B/ELANE/ATP1A1/TGM2/HMOX1/MYC/CCL5/LCN2/FTH1/ATP1A2/BNIP3/P2RY2/SLC11A1/ITPR1/CNR1/SLC7A11",26
"GO:0002366","leukocyte activation involved in immune response","20/462","274/18842",0.072992700729927,2.97690144405473,5.22610276521665,1.52294377781753e-05,8.5123964339957e-05,1.03784777814371e-05,"TNF/PCK1/ITGB2/IL10/CCR2/CX3CR1/AP1G1/IL6ST/IL4/NLRP3/IL1B/IL6/TGFB1/IL6R/RORA/LGALS3/JAK1/HMGB1/MTOR/SLC11A1",20
"GO:0030316","osteoclast differentiation","11/462","92/18842",0.119565217391304,4.87629399585921,5.90894836835052,1.53882074335486e-05,8.58053818091045e-05,1.04615575124889e-05,"FBXW7/TNF/TF/GPR55/IL4/TLR3/TLR4/MTOR/GLO1/BGLAP/EPHA2",11
"GO:1903035","negative regulation of response to wounding","11/462","92/18842",0.119565217391304,4.87629399585921,5.90894836835052,1.53882074335486e-05,8.58053818091045e-05,1.04615575124889e-05,"SMAD3/TNF/SERPINB2/SPP1/APOE/ALOX5/PRKCD/PTEN/SERPINE1/NOS3/PDGFB",11
"GO:0032372","negative regulation of sterol transport","7/462","34/18842",0.205882352941176,8.39661319073084,6.84386236792122,1.54348737778254e-05,8.58599430221686e-05,1.04682097207349e-05,"SREBF2/MAPK3/APOE/NFKBIA/PCSK9/APOC1/ADIPOQ",7
"GO:0032375","negative regulation of cholesterol transport","7/462","34/18842",0.205882352941176,8.39661319073084,6.84386236792122,1.54348737778254e-05,8.58599430221686e-05,1.04682097207349e-05,"SREBF2/MAPK3/APOE/NFKBIA/PCSK9/APOC1/ADIPOQ",7
"GO:0090068","positive regulation of cell cycle process","19/462","252/18842",0.0753968253968254,3.07495018209304,5.25736898364349,1.5772451774221e-05,8.76330972085599e-05,1.06843960963251e-05,"TNF/PRKCE/CYP1A1/PIM1/CIT/IL1A/IL1B/TGFB1/AKT1/TERT/PDGFRB/INS/IGF2/IGF1/BIRC5/CDC25B/INSR/PDGFB/EGFR",19
"GO:0005977","glycogen metabolic process","10/462","76/18842",0.131578947368421,5.36625655046708,6.04686676211189,1.60019694713339e-05,8.86966307839652e-05,1.0814064159458e-05,"PYGM/PYGL/ACADM/GSK3B/AKT1/GCK/INS/IGF2/IGF1/INSR",10
"GO:0032436","positive regulation of proteasomal ubiquitin-dependent protein catabolic process","10/462","76/18842",0.131578947368421,5.36625655046708,6.04686676211189,1.60019694713339e-05,8.86966307839652e-05,1.0814064159458e-05,"RACK1/TF/SIRT1/GSK3B/CEBPA/TRIB1/AKT1/CLU/MTOR/TRIB3",10
"GO:1901800","positive regulation of proteasomal protein catabolic process","12/462","110/18842",0.109090909090909,4.4491145218418,5.75191012751649,1.63898017321164e-05,9.0738307805867e-05,1.10629893566452e-05,"RACK1/FBXW7/TF/SIRT1/GSK3B/CEBPA/TRIB1/AKT1/CLU/MTOR/TRIB3/NFE2L2",12
"GO:0034605","cellular response to heat","9/462","61/18842",0.147540983606557,6.01724505003193,6.22258851916364,1.65828891303849e-05,9.15894801792075e-05,1.11667659327643e-05,"RBBP7/HDAC2/SIRT1/IL1A/CXCL10/TRPV1/GSK3B/HMOX1/MTOR",9
"GO:0042088","T-helper 1 type immune response","9/462","61/18842",0.147540983606557,6.01724505003193,6.22258851916364,1.65828891303849e-05,9.15894801792075e-05,1.11667659327643e-05,"IL10/CCR2/IL6ST/IL1B/IL1RL1/HMGB1/TLR4/MTOR/SLC11A1",9
"GO:0002762","negative regulation of myeloid leukocyte differentiation","8/462","47/18842",0.170212765957447,6.94188081422124,6.46624133130102,1.66987392353224e-05,9.21200590991244e-05,1.12314551372011e-05,"FBXW7/GPR55/IL4/TLR3/TRIB1/MYC/TLR4/ADIPOQ",8
"GO:0016241","regulation of macroautophagy","16/462","188/18842",0.0851063829787234,3.47094040711062,5.39828014837936,1.67246998020703e-05,9.21540855366147e-05,1.1235603706035e-05,"FBXW7/DNM1L/SREBF2/SIRT1/SESN2/IL4/MAPK8/TSPO/CASP3/SLC25A4/AKT1/ERN1/FBXO2/BNIP3/MTOR/SREBF1",16
"GO:0044042","glucan metabolic process","10/462","77/18842",0.12987012987013,5.29656490695452,5.98952889205223,1.79932676084006e-05,9.90267777597082e-05,1.20735355867821e-05,"PYGM/PYGL/ACADM/GSK3B/AKT1/GCK/INS/IGF2/IGF1/INSR",10
"GO:0034616","response to laminar fluid shear stress","7/462","35/18842",0.2,8.15670995670996,6.71874078044718,1.88892294597844e-05,0.000103590403256486,1.26299416022721e-05,"SREBF2/ABCA1/TGFB1/AKT1/MTOR/KLF4/NFE2L2",7
"GO:0070873","regulation of glycogen metabolic process","7/462","35/18842",0.2,8.15670995670996,6.71874078044718,1.88892294597844e-05,0.000103590403256486,1.26299416022721e-05,"GSK3B/AKT1/GCK/INS/IGF2/IGF1/INSR",7
"GO:1905332","positive regulation of morphogenesis of an epithelium","7/462","35/18842",0.2,8.15670995670996,6.71874078044718,1.88892294597844e-05,0.000103590403256486,1.26299416022721e-05,"GJA1/AGT/TGFB1/CTNNB1/LIF/VEGFA/LCN2",7
"GO:0007589","body fluid secretion","9/462","62/18842",0.145161290322581,5.92019271051529,6.15219897553372,1.89831992697262e-05,0.000103983265646877,1.26778401420247e-05,"NR1H3/PPARA/NR1H2/SLC29A1/SLC22A4/VEGFA/P2RY2/OAS2/SCT",9
"GO:0033555","multicellular organismal response to stress","8/462","48/18842",0.166666666666667,6.7972582972583,6.37578798967395,1.96132488379e-05,0.000107308209858122,1.30832237480221e-05,"TSPO/APOE/PTEN/HMGCS2/AKT1/RET/ATP1A2/MTOR",8
"GO:0002263","cell activation involved in immune response","20/462","279/18842",0.0716845878136201,2.92355195581002,5.13194684662144,1.97948056796092e-05,0.000108174431037864,1.31888351036195e-05,"TNF/PCK1/ITGB2/IL10/CCR2/CX3CR1/AP1G1/IL6ST/IL4/NLRP3/IL1B/IL6/TGFB1/IL6R/RORA/LGALS3/JAK1/HMGB1/MTOR/SLC11A1",20
"GO:0009755","hormone-mediated signaling pathway","17/462","212/18842",0.080188679245283,3.27037899207711,5.27060016928067,1.99569577496745e-05,0.000108932702558598,1.32812850287522e-05,"AR/NR1H3/JAK2/PIM1/ESR1/HDAC2/SIRT1/PPARA/RELA/PPARG/KDM1A/VDR/NR1H2/PARP1/PPARD/CYP24A1/ADIPOQ",17
"GO:0002753","cytoplasmic pattern recognition receptor signaling pathway","16/462","191/18842",0.0837696335078534,3.41642301851726,5.3215579486438,2.03633440492958e-05,0.000111020760999439,1.35358651379218e-05,"TNF/HSPA8/TLR9/RELA/CD36/TLR3/NLRP3/MAPK8/RTN4/PARP1/OAS1/AKT1/HMGB1/NR1H4/TLR4/EGFR",16
"GO:0000423","mitophagy","11/462","95/18842",0.115789473684211,4.72230576441103,5.76644516924119,2.09286595398978e-05,0.00011396940212604,1.38953691466359e-05,"FBXW7/DNM1L/MAP1LC3B/SREBF2/MFN2/SQSTM1/TSPO/SLC25A4/ATG7/BNIP3/SREBF1",11
"GO:0044092","negative regulation of molecular function","17/462","213/18842",0.07981220657277,3.25502510009552,5.24742958677661,2.12075520736411e-05,0.000115353227166908,1.4064087762497e-05,"RACK1/BAX/IL10/PTPN1/TLR9/CCR2/ADAR/TP53/IL6ST/GPR35/AGT/MAPK8/GSK3B/CDKN2A/PLIN5/JUN/ADIPOQ",17
"GO:0046321","positive regulation of fatty acid oxidation","5/462","15/18842",0.333333333333333,13.5945165945166,7.7363619494948,2.12544381855184e-05,0.0001154733537827,1.40787338309999e-05,"PPARA/CPT1A/PPARD/PLIN5/GDF15",5
"GO:0000422","autophagy of mitochondrion","12/462","113/18842",0.106194690265487,4.33099643719113,5.63062110874567,2.15519108529606e-05,0.000116953026726556,1.42591384079092e-05,"FBXW7/DNM1L/MAP1LC3B/SREBF2/MFN2/SQSTM1/TSPO/CDKN2A/SLC25A4/ATG7/BNIP3/SREBF1",12
"GO:0071479","cellular response to ionizing radiation","9/462","63/18842",0.142857142857143,5.82622139764997,6.08333164595194,2.16726344482751e-05,0.000117471229326157,1.43223186675218e-05,"TNF/SIRT1/TP53/KDM1A/TGFB1/CDKN1A/YAP1/LCN2/EGR1",9
"GO:0051338","regulation of transferase activity","20/462","281/18842",0.0711743772241993,2.90274375683628,5.09486861769835,2.19410067129946e-05,0.000118787589832213,1.44828118772823e-05,"NRG1/JAK2/PTPN1/ADAR/WNT5A/SIRT1/SESN2/ELANE/TLR3/AGT/GSK3B/CDKN2A/TRIB1/CDKN1A/PDGFRB/IGF1/MTOR/ADIPOQ/TRIB3/PDGFB",20
"GO:0060986","endocrine hormone secretion","8/462","49/18842",0.163265306122449,6.65853874017139,6.28788348691204,2.29429325373436e-05,0.000123714969908998,1.5083567552187e-05,"PPARG/AGTR1/GJA1/RETN/AGT/SPP1/TSPO/IL1B",8
"GO:2000772","regulation of cellular senescence","8/462","49/18842",0.163265306122449,6.65853874017139,6.28788348691204,2.29429325373436e-05,0.000123714969908998,1.5083567552187e-05,"ARG2/B2M/SIRT1/TP53/PTEN/TERT/PNPT1/MIF",8
"GO:0006699","bile acid biosynthetic process","7/462","36/18842",0.194444444444444,7.93013468013468,6.59849540042258,2.29574170965152e-05,0.000123714969908998,1.5083567552187e-05,"SIRT1/CYP7A1/SLC27A5/CYP27A1/FGFR4/NR1H4/CES1",7
"GO:0070498","interleukin-1-mediated signaling pathway","7/462","36/18842",0.194444444444444,7.93013468013468,6.59849540042258,2.29574170965152e-05,0.000123714969908998,1.5083567552187e-05,"RELA/IL1A/MAPK3/IL1B/IL6/NFKBIA/EGR1",7
"GO:0030282","bone mineralization","11/462","96/18842",0.114583333333333,4.67311507936508,5.72026375771004,2.31238507942154e-05,0.000124467802656494,1.5175354371605e-05,"SMAD3/VDR/AHSG/SPP1/ALOX15/OSR2/ALOX5/FGF23/IGF1/ATF4/BGLAP",11
"GO:0022411","cellular component disassembly","27/462","455/18842",0.0593406593406593,2.42012273440845,4.86156782771327,2.36128929452657e-05,0.00012695338285584,1.5478401099667e-05,"RACK1/BAX/TNF/MAP1LC3B/HSPA8/IGF1R/CX3CR1/MMP9/ELANE/C3/IL1B/IL6/ENG/TGFB1/CASP3/PLIN2/MYC/CIDEA/PRKCA/FGFR4/HMGA1/BNIP3/ADAM10/INSR/PADI4/MMP2/MMP1",27
"GO:0014074","response to purine-containing compound","13/462","133/18842",0.0977443609022556,3.9863620089184,5.47952855016067,2.41523475418937e-05,0.000129703956349547,1.58137563208671e-05,"AHR/HDAC2/ALAS1/FOS/TRPV1/DUSP1/CPS1/HMGCS2/PKLR/PNPT1/P2RY2/SREBF1/NDUFS4",13
"GO:1904996","positive regulation of leukocyte adhesion to vascular endothelial cell","6/462","25/18842",0.24,9.78805194805195,6.9708804772064,2.50674031430401e-05,0.000134462936675109,1.63939803735662e-05,"TNF/ITGB2/RELA/ELANE/IL6/ALOX5",6
"GO:0034103","regulation of tissue remodeling","10/462","80/18842",0.125,5.09794372294372,5.82333301685475,2.52952178430436e-05,0.000135528808144086,1.65239334771889e-05,"PPARG/LEPR/SPP1/SYT7/IL6/TGFB1/PRKCA/MC4R/BGLAP/PDK4",10
"GO:0019058","viral life cycle","20/462","284/18842",0.0704225352112676,2.87208097067252,5.03985942098944,2.55525908526616e-05,0.000136750417252865,1.66728744139905e-05,"TNF/VLDLR/CCL2/APOBEC3A/ADAR/LDLR/BCL2/AGTR1/CTSB/APOE/SCARB1/OAS1/CCL5/HMGB1/PVR/INSR/IL32/OAS2/EGFR/EPHA2",20
"GO:0042752","regulation of circadian rhythm","12/462","115/18842",0.104347826086957,4.25567476002259,5.55208410813469,2.57329994694549e-05,0.000137557801985973,1.67713123166259e-05,"FBXW7/NR1H3/PPARA/PPARG/TP53/MAPK8/GSK3B/PARP1/RORA/HNF4A/ATG7/MTOR",12
"GO:0048589","developmental growth","24/462","381/18842",0.062992125984252,2.56904250605038,4.90534768089304,2.58508999255637e-05,0.00013802957574934,1.68288318830481e-05,"ACACB/IGFBP1/NRG1/PIM1/PPARA/LEPR/APOA5/SPP1/RTN4/APOE/GSK3B/CDH1/CTNNB1/PTEN/PPARD/CDKN1A/GDF15/YAP1/VEGFA/IGF2/IGF1/S100B/INSR/RBP4",24
"GO:0046324","regulation of D-glucose import across plasma membrane","8/462","50/18842",0.16,6.52536796536797,6.20240205361404,2.6733718872226e-05,0.000142579833985205,1.73836081363265e-05,"TNF/FGF21/AKT1/INS/IGF1/ADIPOQ/INSR/NFE2L2",8
"GO:0030307","positive regulation of cell growth","14/462","154/18842",0.0909090909090909,3.70759543486816,5.3488809255032,2.69254429215182e-05,0.000143438057485799,1.74882443994692e-05,"IGFBP1/NRG1/HBEGF/SLC9A1/AVPR1A/BCL2/AKT1/YAP1/VEGFA/INS/IGF1/MTOR/ADAM10/EGFR",14
"GO:0010632","regulation of epithelial cell migration","9/462","65/18842",0.138461538461538,5.64695304695305,5.94993290771758,2.80318484239232e-05,0.000148821307025982,1.81445805578933e-05,"PRKCE/HBEGF/MMP9/IL4/PTK2/MARVELD3/RTN4/PTEN/MTOR",9
"GO:0018105","peptidyl-serine phosphorylation","9/462","65/18842",0.138461538461538,5.64695304695305,5.94993290771758,2.80318484239232e-05,0.000148821307025982,1.81445805578933e-05,"PCK1/MAPK8/GSK3B/IL6/PRKCD/PTEN/AKT1/LIF/EGFR",9
"GO:0032922","circadian regulation of gene expression","9/462","65/18842",0.138461538461538,5.64695304695305,5.94993290771758,2.80318484239232e-05,0.000148821307025982,1.81445805578933e-05,"AHR/HDAC2/SIRT1/PPARA/GFPT1/PRMT5/RORA/ATF4/EGR1",9
"GO:0042982","amyloid precursor protein metabolic process","11/462","98/18842",0.112244897959184,4.57774538386783,5.6297814943109,2.81175667553527e-05,0.000148994401736873,1.81656845986296e-05,"TNF/RELA/NCSTN/RTN4/APOE/APOA1/ABCG1/CASP3/CLU/IGF1/ADAM10",11
"GO:0043269","regulation of monoatomic ion transport","24/462","383/18842",0.0626631853785901,2.55562714048354,4.87641908872797,2.81284534206854e-05,0.000148994401736873,1.81656845986296e-05,"PRKCE/CCL2/TLR9/B2M/BCL2/MMP9/ATP1A1/GPR35/AGT/CXCL10/FFAR1/TSPO/UCP2/TGFB1/CTNNB1/LGALS3/CCL5/PDGFRB/LCN2/PCSK9/ATP1A2/ATF4/PDGFB/CXCL9",24
"GO:0042157","lipoprotein metabolic process","10/462","81/18842",0.123456790123457,5.03500614611726,5.76977566065371,2.8235334619541e-05,0.000149051834454176,1.81726869062062e-05,"CTSD/PPARA/ABCA1/APOA5/NPC1L1/APOE/APOA1/ATG7/MTTP/APOC1",10
"GO:0051591","response to cAMP","10/462","81/18842",0.123456790123457,5.03500614611726,5.76977566065371,2.8235334619541e-05,0.000149051834454176,1.81726869062062e-05,"AHR/ALAS1/FOS/DUSP1/CPS1/HMGCS2/PKLR/PNPT1/SREBF1/NDUFS4",10
"GO:2000278","regulation of DNA biosynthetic process","10/462","81/18842",0.123456790123457,5.03500614611726,5.76977566065371,2.8235334619541e-05,0.000149051834454176,1.81726869062062e-05,"TNF/TP53/DUSP1/CTNNB1/NOX4/CDKN1A/PDGFRB/VEGFA/FGFR4/PDGFB",10
"GO:0051783","regulation of nuclear division","13/462","135/18842",0.0962962962962963,3.92730479397146,5.41169066495803,2.83149376373449e-05,0.000149302774223644,1.82032819665057e-05,"TNF/IL1A/IL1B/DUSP1/SPC25/PRMT5/PDGFRB/INS/IGF2/IGF1/BIRC5/INSR/PDGFB",13
"GO:0030003","intracellular monoatomic cation homeostasis","25/462","410/18842",0.0609756097560976,2.48680181607011,4.82568522006404,3.02466415715378e-05,0.000159017841729083,1.93877617194421e-05,"BAX/TF/STC2/B2M/CCR2/SLC9A1/AVPR1A/WNT5A/BCL2/STOML2/HTR2B/ELANE/ATP1A1/TGM2/HMOX1/MYC/CCL5/LCN2/FTH1/ATP1A2/BNIP3/SLC11A1/ITPR1/CNR1/SLC7A11",25
"GO:0002703","regulation of leukocyte mediated immunity","17/462","219/18842",0.0776255707762557,3.16584633022989,5.11122600117293,3.02861970480133e-05,0.000159017841729083,1.93877617194421e-05,"AHR/ITGB2/IL10/B2M/CCR2/CX3CR1/AP1G1/MAPK3/IL4/NLRP3/NOS2/IL1B/IL6/TGFB1/CADM1/HMGB1/PVR",17
"GO:0045342","MHC class II biosynthetic process","5/462","16/18842",0.3125,12.7448593073593,7.45124754734163,3.02939917555191e-05,0.000159017841729083,1.93877617194421e-05,"IL10/JAK2/SIRT1/IL4/SLC11A1",5
"GO:0046697","decidualization","5/462","16/18842",0.3125,12.7448593073593,7.45124754734163,3.02939917555191e-05,0.000159017841729083,1.93877617194421e-05,"STC2/VDR/SPP1/PARP1/PPARD",5
"GO:1903531","negative regulation of secretion by cell","13/462","136/18842",0.0955882352941176,3.89842755283932,5.37825819605365,3.06219307741904e-05,0.000160558231626836,1.95755690243831e-05,"FOXO1/NR1H3/CCR2/GJA1/TSPO/UCP2/APOE/IL1B/PIM3/LIF/INS/FGF23/HMGCR",13
"GO:0046902","regulation of mitochondrial membrane permeability","8/462","51/18842",0.156862745098039,6.39741957389016,6.11922652581304,3.10351187633891e-05,0.000162359003328472,1.97951225806557e-05,"CASP6/SLC9A1/BCL2/GSK3B/NOL3/ACAA2/SLC25A4/BNIP3",8
"GO:1902003","regulation of amyloid-beta formation","8/462","51/18842",0.156862745098039,6.39741957389016,6.11922652581304,3.10351187633891e-05,0.000162359003328472,1.97951225806557e-05,"TNF/RELA/RTN4/APOE/ABCG1/CASP3/CLU/IGF1",8
"GO:0002429","immune response-activating cell surface receptor signaling pathway","22/462","336/18842",0.0654761904761905,2.6703514739229,4.89802991699406,3.12633206295539e-05,0.000163369271437938,1.99182964155293e-05,"BAX/NR1H3/PRKCE/NFKB1/RELA/SQSTM1/BCL2/CD36/STOML2/BTN3A1/PTK2/C3/NOS2/PRKCD/NFKBIA/OAS1/LGALS3/AKT1/HMGB1/CD14/TLR4/HCK",22
"GO:0010810","regulation of cell-substrate adhesion","16/462","198/18842",0.0808080808080808,3.29564038654948,5.1483387352065,3.17116428061633e-05,0.000165239045492781,2.01462628716848e-05,"SMAD3/JAK2/PTPN1/SLC9A1/RAC1/CD36/PTK2/GSK3B/ALOX15/APOA1/CDKN2A/PTEN/SERPINE1/VEGFA/SPRY4/PDGFB",16
"GO:0030217","T cell differentiation","19/462","265/18842",0.0716981132075472,2.92410356938659,5.00107998724829,3.17161772290859e-05,0.000165239045492781,2.01462628716848e-05,"PCK1/IL10/CCR2/IL1A/LEPR/IL6ST/IL4/NLRP3/VSIR/IL1B/IL6/TGFB1/CDKN2A/IL6R/RORA/JAK1/HMGB1/MTOR/NFE2L2",19
"GO:0072577","endothelial cell apoptotic process","9/462","66/18842",0.136363636363636,5.56139315230224,5.88529375405873,3.1763089715644e-05,0.000165239045492781,2.01462628716848e-05,"TNF/IL10/CCL2/PTPN1/IL4/TGFB1/SERPINE1/TERT/NFE2L2",9
"GO:2000106","regulation of leukocyte apoptotic process","9/462","66/18842",0.136363636363636,5.56139315230224,5.88529375405873,3.1763089715644e-05,0.000165239045492781,2.01462628716848e-05,"ARG2/IL10/SIRT1/TP53/MERTK/CDKN2A/LGALS3/CCL5/MIF",9
"GO:0033028","myeloid cell apoptotic process","6/462","26/18842",0.230769230769231,9.41158841158841,6.80457875430647,3.19167069956879e-05,0.000165299430224608,2.01536250945614e-05,"SIRT1/IL6/CDKN2A/CCL5/ADIPOQ/MIF",6
"GO:0045723","positive regulation of fatty acid biosynthetic process","6/462","26/18842",0.230769230769231,9.41158841158841,6.80457875430647,3.19167069956879e-05,0.000165299430224608,2.01536250945614e-05,"NR1H3/PTGS2/AVPR1A/APOA5/NR1H2/IL1B",6
"GO:1902993","positive regulation of amyloid precursor protein catabolic process","6/462","26/18842",0.230769230769231,9.41158841158841,6.80457875430647,3.19167069956879e-05,0.000165299430224608,2.01536250945614e-05,"TNF/RELA/APOE/ABCG1/CASP3/CLU",6
"GO:2000191","regulation of fatty acid transport","6/462","26/18842",0.230769230769231,9.41158841158841,6.80457875430647,3.19167069956879e-05,0.000165299430224608,2.01536250945614e-05,"PPARA/IL1B/CYP4A11/AKT1/FABP3/MIF",6
"GO:0046887","positive regulation of hormone secretion","13/462","137/18842",0.0948905109489051,3.86997187727115,5.3451423720337,3.3091447723693e-05,0.000171193089557239,2.08721913985317e-05,"JAK2/RAC1/PPARG/RETN/SPP1/FFAR1/PPARD/PRKCA/GCK/INS/NR1H4/RBP4/SCT",13
"GO:0006766","vitamin metabolic process","7/462","38/18842",0.184210526315789,7.51275917065391,6.37135648683734,3.32692805761567e-05,0.000171922053676566,2.09610681088044e-05,"TNF/NFKB1/CYP27A1/CYP3A4/CYP2R1/CYP24A1/FGF23",7
"GO:0001938","positive regulation of endothelial cell proliferation","11/462","100/18842",0.11,4.48619047619048,5.54170437472504,3.40160507695314e-05,0.000175391730213664,2.13840977588949e-05,"IL10/WNT5A/SIRT1/HTR2B/AGTR1/HMOX1/AKT1/PRKCA/VEGFA/HMGB1/PDGFB",11
"GO:0006754","ATP biosynthetic process","11/462","100/18842",0.11,4.48619047619048,5.54170437472504,3.40160507695314e-05,0.000175391730213664,2.13840977588949e-05,"SLC25A13/PPARA/STOML2/IL4/SDHB/PARP1/TGFB1/NDUFB10/NDUFS2/NDUFS4/NDUFA2",11
"GO:0002822","regulation of adaptive immune response based on somatic recombination of immune receptors built from immunoglobulin superfamily domains","15/462","178/18842",0.0842696629213483,3.43681599299577,5.17881722248606,3.42978013134041e-05,0.000176648852782311,2.15373685651645e-05,"AHR/IL10/B2M/CCR2/MAPK3/IL6ST/IL4/NLRP3/IL1B/IL6/TGFB1/IL1RL1/HMGB1/PVR/SLC11A1",15
"GO:0034762","regulation of transmembrane transport","24/462","388/18842",0.0618556701030928,2.52269380104432,4.80488937754846,3.46345612532386e-05,0.000178186206845391,2.17248057352915e-05,"TNF/PRKCE/PIM1/TLR9/MMP9/FGF21/GPR35/AGT/CXCL10/C3/UCP2/IL1B/TGFB1/AKT1/LCN2/INS/PCSK9/ATP1A2/IGF1/ADIPOQ/TRIB3/INSR/NFE2L2/CXCL9",24
"GO:0002752","cell surface pattern recognition receptor signaling pathway","10/462","83/18842",0.120481927710843,4.91368069681323,5.66525944826956,3.50018224526633e-05,0.000179876915385873,2.19309401788449e-05,"NR1H3/PRKCE/RELA/SQSTM1/CD36/NFKBIA/OAS1/HMGB1/CD14/TLR4",10
"GO:0007200","phospholipase C-activating G protein-coupled receptor signaling pathway","14/462","158/18842",0.0886075949367089,3.61373225930188,5.23064109157141,3.58403097689413e-05,0.000183715251753496,2.23989175459464e-05,"LPAR1/ESR1/WNT5A/CX3CR1/GPR55/HTR2B/AGTR1/CXCR2/AGT/FFAR1/TGM2/VEGFA/P2RY2/ITPR1",14
"GO:0042306","regulation of protein import into nucleus","8/462","52/18842",0.153846153846154,6.27439227439227,6.03824759994716,3.59003749305306e-05,0.000183715251753496,2.23989175459464e-05,"SMAD3/JAK2/CD36/CDH1/TGFB1/PRKCD/NFKBIA/AKT1",8
"GO:0001657","ureteric bud development","9/462","67/18842",0.134328358208955,5.47838728435743,5.82196091546637,3.5906546197526e-05,0.000183715251753496,2.23989175459464e-05,"SMAD3/ARG2/GPC3/CAT/AGT/TGFB1/MYC/VEGFA/EPCAM",9
"GO:0018209","peptidyl-serine modification","9/462","67/18842",0.134328358208955,5.47838728435743,5.82196091546637,3.5906546197526e-05,0.000183715251753496,2.23989175459464e-05,"PCK1/MAPK8/GSK3B/IL6/PRKCD/PTEN/AKT1/LIF/EGFR",9
"GO:0044272","sulfur compound biosynthetic process","12/462","119/18842",0.100840336134454,4.11262686892939,5.40023964906324,3.62531288510931e-05,0.000185081763081896,2.25655252406168e-05,"ACACB/FASN/GSTM1/ACACA/HACD2/FMO1/GSTA1/GSTP1/CBS/MAT2A/NFE2L2/PDK4",12
"GO:0045860","positive regulation of protein kinase activity","12/462","119/18842",0.100840336134454,4.11262686892939,5.40023964906324,3.62531288510931e-05,0.000185081763081896,2.25655252406168e-05,"NRG1/JAK2/WNT5A/SIRT1/SESN2/ELANE/TLR3/CDKN1A/PDGFRB/IGF1/MTOR/PDGFB",12
"GO:0006575","modified amino acid metabolic process","15/462","179/18842",0.0837988826815642,3.41761590364942,5.15256287925719,3.66099642893399e-05,0.000186698788314531,2.27626760732766e-05,"ACADM/CPT2/TYMS/GSTM1/CTSB/GSR/ETHE1/GSTA1/CPT1A/GSTP1/CROT/MTHFD2/DIO1/GLO1/NFE2L2",15
"GO:0046328","regulation of JNK cascade","13/462","139/18842",0.0935251798561151,3.81428882867732,5.27983850577795,3.85568193360044e-05,0.000196411981212732,2.39469272704858e-05,"TNF/PTPN1/TLR9/WNT5A/IGF1R/ERBB3/TLR3/MARVELD3/IL1B/GSTP1/TRIB1/ERN1/HMGB1",13
"GO:0009154","purine ribonucleotide catabolic process","12/462","120/18842",0.1,4.07835497835498,5.36331630306992,3.94030611630424e-05,0.000200503445655875,2.44457665003779e-05,"PPARA/UCP2/XDH/ENO3/PKLR/LDHA/GCK/INS/IGF1/MTOR/INSR/PDE4A",12
"GO:0032094","response to food","7/462","39/18842",0.179487179487179,7.32012432012432,6.26389632034938,3.96982900042427e-05,0.000201126483416489,2.45217284648572e-05,"CYP1A1/PPARA/SPX/CPS1/GDF15/MC4R/SREBF1",7
"GO:0033574","response to testosterone","7/462","39/18842",0.179487179487179,7.32012432012432,6.26389632034938,3.96982900042427e-05,0.000201126483416489,2.45217284648572e-05,"AR/SIRT1/SPP1/TSPO/DUSP1/HMGCS2/BGLAP",7
"GO:0034389","lipid droplet organization","7/462","39/18842",0.179487179487179,7.32012432012432,6.26389632034938,3.96982900042427e-05,0.000201126483416489,2.45217284648572e-05,"PNPLA3/HSD17B13/CIDEC/PLIN2/PLIN5/CIDEA/SQLE",7
"GO:0140353","lipid export from cell","7/462","39/18842",0.179487179487179,7.32012432012432,6.26389632034938,3.96982900042427e-05,0.000201126483416489,2.45217284648572e-05,"AGTR1/RETN/AGT/SPP1/TSPO/NOS2/IL1B",7
"GO:0010758","regulation of macrophage chemotaxis","6/462","27/18842",0.222222222222222,9.06301106301106,6.64702382573061,4.01912850829792e-05,0.000202741737103306,2.47186633072367e-05,"CCL2/MAPK3/PTK2/RARRES2/CCL5/MIF",6
"GO:0045717","negative regulation of fatty acid biosynthetic process","6/462","27/18842",0.222222222222222,9.06301106301106,6.64702382573061,4.01912850829792e-05,0.000202741737103306,2.47186633072367e-05,"SIRT1/ACADVL/CYP7A1/ANGPTL4/APOC1/TRIB3",6
"GO:0046677","response to antibiotic","6/462","27/18842",0.222222222222222,9.06301106301106,6.64702382573061,4.01912850829792e-05,0.000202741737103306,2.47186633072367e-05,"TNF/JAK2/SLC9A1/TP53/SLC29A1/JAK1",6
"GO:1905523","positive regulation of macrophage migration","6/462","27/18842",0.222222222222222,9.06301106301106,6.64702382573061,4.01912850829792e-05,0.000202741737103306,2.47186633072367e-05,"CCL2/MAPK3/PTK2/RTN4/RARRES2/CCL5",6
"GO:0002720","positive regulation of cytokine production involved in immune response","9/462","68/18842",0.132352941176471,5.39782276546982,5.75988724383121,4.04982990669565e-05,0.000203408932530474,2.4800009059522e-05,"B2M/WNT5A/SIRT1/IL4/NLRP3/RTN4/IL1B/IL6/MIF",9
"GO:0072089","stem cell proliferation","9/462","68/18842",0.132352941176471,5.39782276546982,5.75988724383121,4.04982990669565e-05,0.000203408932530474,2.4800009059522e-05,"PIM1/WNT5A/ACE/KDM1A/GJA1/TGFB1/TERT/YAP1/EPCAM",9
"GO:0072163","mesonephric epithelium development","9/462","68/18842",0.132352941176471,5.39782276546982,5.75988724383121,4.04982990669565e-05,0.000203408932530474,2.4800009059522e-05,"SMAD3/ARG2/GPC3/CAT/AGT/TGFB1/MYC/VEGFA/EPCAM",9
"GO:0072164","mesonephric tubule development","9/462","68/18842",0.132352941176471,5.39782276546982,5.75988724383121,4.04982990669565e-05,0.000203408932530474,2.4800009059522e-05,"SMAD3/ARG2/GPC3/CAT/AGT/TGFB1/MYC/VEGFA/EPCAM",9
"GO:0071470","cellular response to osmotic stress","8/462","53/18842",0.150943396226415,6.15600751449808,5.95936316529745,4.13866093675202e-05,0.000207423092804278,2.52894232161093e-05,"PTGS2/NLRP3/ATP1A1/TSPO/CASP3/MTOR/CASP1/SLC2A1",8
"GO:0140894","endolysosomal toll-like receptor signaling pathway","8/462","53/18842",0.150943396226415,6.15600751449808,5.95936316529745,4.13866093675202e-05,0.000207423092804278,2.52894232161093e-05,"TNF/TLR9/TLR3/RTN4/OAS1/HMGB1/NR1H4/EGFR",8
"GO:1901293","nucleoside phosphate biosynthetic process","21/462","318/18842",0.0660377358490566,2.69325328759291,4.82801166097593,4.16539195943582e-05,0.000208538332936916,2.54253954423478e-05,"ACACB/SLC25A13/PPARA/FASN/TYMS/STOML2/IL4/SDHB/ACACA/HACD2/PARP1/ME1/TGFB1/GFPT1/NDUFB10/DHODH/GFPT2/NDUFS2/PDK4/NDUFS4/NDUFA2",21
"GO:0034393","positive regulation of smooth muscle cell apoptotic process","5/462","17/18842",0.294117647058824,11.9951617010441,7.19049515542519,4.20541503678878e-05,0.000210315922785054,2.56421226223665e-05,"FOXO1/MFN2/PPARG/CDKN2A/SOD2",5
"GO:0006096","glycolytic process","10/462","85/18842",0.117647058823529,4.79806468041762,5.56404122521784,4.31086401135768e-05,0.000215127361595727,2.62287425146671e-05,"PPARA/UCP2/ENO3/PKLR/LDHA/GCK/INS/IGF1/MTOR/INSR",10
"GO:0051098","regulation of binding","10/462","85/18842",0.117647058823529,4.79806468041762,5.56404122521784,4.31086401135768e-05,0.000215127361595727,2.62287425146671e-05,"RACK1/BAX/MMP9/MAPK8/GSK3B/RARRES2/HMGB1/IGF1/JUN/H1-0",10
"GO:0043271","negative regulation of monoatomic ion transport","11/462","103/18842",0.106796116504854,4.35552473416551,5.41384802400587,4.48536797994044e-05,0.000223356933846018,2.72321078232807e-05,"PRKCE/TLR9/B2M/MMP9/GPR35/AGT/UCP2/TGFB1/PCSK9/ATP1A2/ATF4",11
"GO:0050829","defense response to Gram-negative bacterium","11/462","103/18842",0.106796116504854,4.35552473416551,5.41384802400587,4.48536797994044e-05,0.000223356933846018,2.72321078232807e-05,"TLR9/B2M/ELANE/TREM1/RARRES2/NOS2/IL6/IL6R/SERPINE1/TLR4/SLC11A1",11
"GO:0046620","regulation of organ growth","9/462","69/18842",0.130434782608696,5.31959345002823,5.69902796817536,4.55767180629231e-05,0.00022671495651813,2.76415244189752e-05,"ACACB/NRG1/PIM1/PPARA/PTEN/YAP1/IGF2/IGF1/RBP4",9
"GO:0009142","nucleoside triphosphate biosynthetic process","12/462","122/18842",0.0983606557377049,4.01149670002129,5.29065684407766,4.64209459520983e-05,0.000230668008914589,2.81234881853907e-05,"SLC25A13/PPARA/TYMS/STOML2/IL4/SDHB/PARP1/TGFB1/NDUFB10/NDUFS2/NDUFS4/NDUFA2",12
"GO:0046627","negative regulation of insulin receptor signaling pathway","7/462","40/18842",0.175,7.13712121212121,6.16017261126952,4.71123537408068e-05,0.000233356509592762,2.84512753692954e-05,"PTPN1/AHSG/BLVRB/IL1B/PRKCD/MTOR/TRIB3",7
"GO:1904706","negative regulation of vascular associated smooth muscle cell proliferation","7/462","40/18842",0.175,7.13712121212121,6.16017261126952,4.71123537408068e-05,0.000233356509592762,2.84512753692954e-05,"IL10/PPARG/PTEN/GSTP1/CDKN1A/SOD2/ADIPOQ",7
"GO:1904994","regulation of leukocyte adhesion to vascular endothelial cell","7/462","40/18842",0.175,7.13712121212121,6.16017261126952,4.71123537408068e-05,0.000233356509592762,2.84512753692954e-05,"TNF/ITGB2/RELA/ELANE/IL6/ALOX5/KLF4",7
"GO:0010001","glial cell differentiation","14/462","162/18842",0.0864197530864197,3.52450430228208,5.11617505082366,4.72441310184736e-05,0.000233760546250811,2.85005362972956e-05,"LPAR1/TNF/HDAC2/LDLR/MAPK3/ERBB3/IL6/TGFB1/PRMT5/PTEN/GSTP1/CLU/BNIP3/S100B",14
"GO:0042572","retinol metabolic process","8/462","54/18842",0.148148148148148,6.04200737534071,5.88247770454244,4.75549684505602e-05,0.00023504876125882,2.86575979536929e-05,"CYP1A1/DGAT1/CYP1A2/RETSAT/CYP3A4/AKR1B10/CES1/RBP4",8
"GO:0002292","T cell differentiation involved in immune response","10/462","86/18842",0.116279069767442,4.74227323064532,5.51461014741894,4.77294203501152e-05,0.000235411208845484,2.87017882619603e-05,"PCK1/IL10/IL6ST/NLRP3/IL6/IL6R/RORA/JAK1/HMGB1/MTOR",10
"GO:0050795","regulation of behavior","10/462","86/18842",0.116279069767442,4.74227323064532,5.51461014741894,4.77294203501152e-05,0.000235411208845484,2.87017882619603e-05,"HDAC2/LEPR/HTR2B/RETN/AIM2/APOE/PARP1/INS/MTOR/MC4R",10
"GO:0002286","T cell activation involved in immune response","12/462","123/18842",0.0975609756097561,3.97888290571217,5.25490506962393,5.03184388237058e-05,0.000247560721877515,3.01830803051109e-05,"PCK1/IL10/IL6ST/NLRP3/IL6/IL6R/RORA/LGALS3/JAK1/HMGB1/MTOR/SLC11A1",12
"GO:0072006","nephron development","12/462","123/18842",0.0975609756097561,3.97888290571217,5.25490506962393,5.03184388237058e-05,0.000247560721877515,3.01830803051109e-05,"GPC3/AGT/TGFB1/IL6R/CTNNB1/MYC/LIF/PDGFRB/VEGFA/RET/PDGFB/EGR1",12
"GO:0051302","regulation of cell division","15/462","184/18842",0.0815217391304348,3.32474590626765,5.02402819247287,5.03522344540393e-05,0.000247560721877515,3.01830803051109e-05,"RACK1/PRKCE/CIT/IL1A/CAT/HTR2B/IL1B/TGFB1/MYC/VEGFA/IGF2/BIRC5/TXNIP/CDC25B/PDGFB",15
"GO:0046032","ADP catabolic process","10/462","87/18842",0.114942528735632,4.68776434293676,5.46593498835761,5.27659201747018e-05,0.000259154139592206,3.15965721354763e-05,"PPARA/UCP2/ENO3/PKLR/LDHA/GCK/INS/IGF1/MTOR/INSR",10
"GO:0034763","negative regulation of transmembrane transport","12/462","124/18842",0.0967741935483871,3.94679514034353,5.21952852202435,5.44958242744994e-05,0.000267368343332001,3.25980636856724e-05,"TNF/PRKCE/TLR9/MMP9/GPR35/AGT/UCP2/IL1B/TGFB1/AKT1/PCSK9/ATP1A2",12
"GO:1900077","negative regulation of cellular response to insulin stimulus","7/462","41/18842",0.170731707317073,6.9630450849963,6.05995997354666,5.56237028072228e-05,0.000272328033933154,3.32027587219761e-05,"PTPN1/AHSG/BLVRB/IL1B/PRKCD/MTOR/TRIB3",7
"GO:1905898","positive regulation of response to endoplasmic reticulum stress","7/462","41/18842",0.170731707317073,6.9630450849963,6.05995997354666,5.56237028072228e-05,0.000272328033933154,3.32027587219761e-05,"BAX/PTPN1/SIRT1/DDIT3/ATF6/ERN1/NFE2L2",7
"GO:0007179","transforming growth factor beta receptor signaling pathway","17/462","230/18842",0.0739130434782609,3.01443628834933,4.87327749094047,5.6198367793152e-05,0.000274852521475752,3.35105491083088e-05,"SMAD3/RBBP7/HDAC2/SIRT1/ADAMTSL2/PPARA/PPARG/PTK2/FOS/PEG10/PARP1/ENG/TGFB1/GDF15/CIDEA/JUN/MIR30A",17
"GO:0001893","maternal placenta development","5/462","18/18842",0.277777777777778,11.3287638287638,6.95070492063784,5.7059483242191e-05,0.000277316235882715,3.38109299168242e-05,"STC2/VDR/SPP1/PARP1/PPARD",5
"GO:0019373","epoxygenase P450 pathway","5/462","18/18842",0.277777777777778,11.3287638287638,6.95070492063784,5.7059483242191e-05,0.000277316235882715,3.38109299168242e-05,"CYP1A1/CYP2E1/CYP4A11/CYP1A2/CYP2C19",5
"GO:0031998","regulation of fatty acid beta-oxidation","5/462","18/18842",0.277777777777778,11.3287638287638,6.95070492063784,5.7059483242191e-05,0.000277316235882715,3.38109299168242e-05,"ACACB/PPARA/CPT1A/PLIN5/AKT1",5
"GO:0034384","high-density lipoprotein particle clearance","5/462","18/18842",0.277777777777778,11.3287638287638,6.95070492063784,5.7059483242191e-05,0.000277316235882715,3.38109299168242e-05,"LDLR/APOE/APOA1/SCARB1/LIPG",5
"GO:0090201","negative regulation of release of cytochrome c from mitochondria","5/462","18/18842",0.277777777777778,11.3287638287638,6.95070492063784,5.7059483242191e-05,0.000277316235882715,3.38109299168242e-05,"IFI6/NOL3/AKT1/CLU/IGF1",5
"GO:0098856","intestinal lipid absorption","5/462","18/18842",0.277777777777778,11.3287638287638,6.95070492063784,5.7059483242191e-05,0.000277316235882715,3.38109299168242e-05,"LDLR/CD36/ABCG8/NPC1L1/FABP2",5
"GO:0006835","dicarboxylic acid transport","10/462","88/18842",0.113636363636364,4.6344942935852,5.41799475908464,5.82481682570444e-05,0.000282798197502397,3.44793012422167e-05,"SLC25A13/TNF/ALB/AVPR1A/ABCC2/GJA1/UCP2/ABCC5/ATP1A2/SLC7A11",10
"GO:0034308","primary alcohol metabolic process","11/462","106/18842",0.10377358490566,4.23225516621743,5.29078777127454,5.85374103398192e-05,0.000283906440148123,3.46144203213655e-05,"CYP1A1/DGAT1/ALDH2/CYP1A2/RETSAT/CYP3A4/IGF1/AKR1B10/CYP17A1/CES1/RBP4",11
"GO:0030168","platelet activation","12/462","125/18842",0.096,3.91522077922078,5.18451990549675,5.89696529773014e-05,0.000285705207348923,3.48337294850333e-05,"JAK2/IL6ST/APOE/IL6/IL6R/HSPB1/SAA1/PRKCD/NOS3/PRKCA/TLR4/PDGFB",12
"GO:0071560","cellular response to transforming growth factor beta stimulus","19/462","278/18842",0.0683453237410072,2.78736491326419,4.75992440407804,6.07315034216987e-05,0.000293935426124147,3.58371736192126e-05,"SMAD3/RBBP7/HDAC2/WNT5A/SIRT1/ADAMTSL2/PPARA/PPARG/IL4/PTK2/FOS/PEG10/PARP1/ENG/TGFB1/GDF15/CIDEA/JUN/MIR30A",19
"GO:0033674","positive regulation of kinase activity","12/462","126/18842",0.0952380952380952,3.88414759843331,5.14987212461634,6.3757226997289e-05,0.000308259240809322,3.7583560710183e-05,"NRG1/JAK2/WNT5A/SIRT1/SESN2/ELANE/TLR3/CDKN1A/PDGFRB/IGF1/MTOR/PDGFB",12
"GO:0071900","regulation of protein serine/threonine kinase activity","11/462","107/18842",0.102803738317757,4.19270137961727,5.25077669596099,6.38307103890424e-05,0.000308294385447491,3.75878456121985e-05,"PTPN1/WNT5A/SIRT1/ELANE/AGT/CDKN2A/TRIB1/PDGFRB/ADIPOQ/TRIB3/PDGFB",11
"GO:0009137","purine nucleoside diphosphate catabolic process","10/462","89/18842",0.112359550561798,4.58242132399436,5.37076928905804,6.42077928620008e-05,0.000309473585471507,3.77316159516559e-05,"PPARA/UCP2/ENO3/PKLR/LDHA/GCK/INS/IGF1/MTOR/INSR",10
"GO:0009181","purine ribonucleoside diphosphate catabolic process","10/462","89/18842",0.112359550561798,4.58242132399436,5.37076928905804,6.42077928620008e-05,0.000309473585471507,3.77316159516559e-05,"PPARA/UCP2/ENO3/PKLR/LDHA/GCK/INS/IGF1/MTOR/INSR",10
"GO:0006084","acetyl-CoA metabolic process","7/462","42/18842",0.166666666666667,6.7972582972583,5.96305177837592,6.53528473190973e-05,0.000314341794543096,3.8325157383574e-05,"ACACB/FASN/ACACA/ACOT12/HMGCS2/HMGCR/PDK4",7
"GO:0070269","pyroptotic inflammatory response","7/462","42/18842",0.166666666666667,6.7972582972583,5.96305177837592,6.53528473190973e-05,0.000314341794543096,3.8325157383574e-05,"CASP6/ELANE/NLRP3/AIM2/CASP3/GSDME/CASP1",7
"GO:0006207","'de novo' pyrimidine nucleobase biosynthetic process","4/462","10/18842",0.4,16.3134199134199,7.67934497993213,6.66320382030398e-05,0.000317217556107723,3.86757757756404e-05,"TYMS/CPS1/MTOR/DHODH",4
"GO:0019372","lipoxygenase pathway","4/462","10/18842",0.4,16.3134199134199,7.67934497993213,6.66320382030398e-05,0.000317217556107723,3.86757757756404e-05,"PTGS2/GPX4/ALOX15/ALOX5",4
"GO:0032025","response to cobalt ion","4/462","10/18842",0.4,16.3134199134199,7.67934497993213,6.66320382030398e-05,0.000317217556107723,3.86757757756404e-05,"ALAS1/CASP9/CASP3/BNIP3",4
"GO:0034115","negative regulation of heterotypic cell-cell adhesion","4/462","10/18842",0.4,16.3134199134199,7.67934497993213,6.66320382030398e-05,0.000317217556107723,3.86757757756404e-05,"IL10/APOA1/KLF4/ADIPOQ",4
"GO:0035425","autocrine signaling","4/462","10/18842",0.4,16.3134199134199,7.67934497993213,6.66320382030398e-05,0.000317217556107723,3.86757757756404e-05,"CX3CR1/IL6ST/IL6/IL6R",4
"GO:0035634","response to stilbenoid","4/462","10/18842",0.4,16.3134199134199,7.67934497993213,6.66320382030398e-05,0.000317217556107723,3.86757757756404e-05,"TNF/CD36/USP18/CIDEA",4
"GO:0038129","ERBB3 signaling pathway","4/462","10/18842",0.4,16.3134199134199,7.67934497993213,6.66320382030398e-05,0.000317217556107723,3.86757757756404e-05,"NRG1/MAPK3/ERBB3/RTN4",4
"GO:0070586","cell-cell adhesion involved in gastrulation","4/462","10/18842",0.4,16.3134199134199,7.67934497993213,6.66320382030398e-05,0.000317217556107723,3.86757757756404e-05,"IL10/APOA1/KLF4/ADIPOQ",4
"GO:0070587","regulation of cell-cell adhesion involved in gastrulation","4/462","10/18842",0.4,16.3134199134199,7.67934497993213,6.66320382030398e-05,0.000317217556107723,3.86757757756404e-05,"IL10/APOA1/KLF4/ADIPOQ",4
"GO:2000425","regulation of apoptotic cell clearance","4/462","10/18842",0.4,16.3134199134199,7.67934497993213,6.66320382030398e-05,0.000317217556107723,3.86757757756404e-05,"CCL2/C3/TGM2/HMGB1",4
"GO:0034504","protein localization to nucleus","19/462","280/18842",0.0678571428571429,2.76745516388374,4.72405827276789,6.68445560921501e-05,0.000317579850168419,3.87199473657259e-05,"SMAD3/JAK2/ADAR/SQSTM1/CD36/SESN2/GSK3B/CDH1/PARP1/TGFB1/CDKN2A/PRKCD/NFKBIA/AKT1/TERT/JAK1/YAP1/INS/MTOR",19
"GO:0051259","protein complex oligomerization","19/462","280/18842",0.0678571428571429,2.76745516388374,4.72405827276789,6.68445560921501e-05,0.000317579850168419,3.87199473657259e-05,"ACACB/DNM1L/B2M/SLC9A1/STOML2/TP53/NLRP3/ACACA/TRPV1/PEG10/ME1/TGM2/OAS1/NOL3/PNPT1/MAT2A/SOD2/ITPR1/MIF",19
"GO:0051924","regulation of calcium ion transport","16/462","211/18842",0.0758293838862559,3.09259145278103,4.84627217120389,6.82533466370373e-05,0.000323942489237559,3.94956925829793e-05,"CCL2/TLR9/BCL2/GPR35/CXCL10/FFAR1/TSPO/UCP2/TGFB1/CTNNB1/LGALS3/CCL5/PDGFRB/ATP1A2/PDGFB/CXCL9",16
"GO:0045637","regulation of myeloid cell differentiation","15/462","189/18842",0.0793650793650794,3.23678966536109,4.8998401664894,6.84307032348861e-05,0.000324453517578034,3.95579981430931e-05,"FBXW7/TNF/GPR55/IL4/TLR3/TGFB1/TRIB1/MYC/MIMS2/LIF/PRKCA/TLR4/MTOR/ADIPOQ/BGLAP",15
"GO:0035710","CD4-positive, alpha-beta T cell activation","12/462","127/18842",0.094488188976378,3.85356375907557,5.11557827725586,6.88766217993119e-05,0.000326235555541807,3.97752676459422e-05,"ARG2/IL10/STOML2/IL6ST/NLRP3/VSIR/IL6/IL6R/RORA/JAK1/HMGB1/MTOR",12
"GO:1905039","carboxylic acid transmembrane transport","13/462","147/18842",0.0884353741496599,3.6067084842595,5.03023885075599,6.90653913475658e-05,0.000326797217595799,3.98437465659883e-05,"SLC25A13/TNF/ABCC1/SLC25A1/CPT2/CD36/UCP2/CPT1A/AKT1/ABCC5/ATP1A2/SLC2A1/SLC7A11",13
"GO:0050767","regulation of neurogenesis","19/462","281/18842",0.0676156583629893,2.75760656899447,4.70624303375438,7.01009203601038e-05,0.000331360289539739,4.04000850912495e-05,"TNF/B2M/HDAC2/LDLR/CX3CR1/KDM1A/SPP1/RTN4/TSPO/CDH1/IL1B/IL6/TGM2/TGFB1/CTNNB1/PRMT5/PTEN/YAP1/VEGFA",19
"GO:0072331","signal transduction by p53 class mediator","14/462","168/18842",0.0833333333333333,3.39862914862915,4.9510724292935,7.02821228450928e-05,0.000331879882319221,4.04634348442722e-05,"CASP6/SIRT1/BCL2/TP53/KDM1A/SESN2/PPP1R15A/CDKN2A/PRMT5/CDKN1A/AKT1/MYC/MTOR/MIF",14
"GO:0019364","pyridine nucleotide catabolic process","10/462","90/18842",0.111111111111111,4.53150553150553,5.32423918536825,7.06780716178551e-05,0.000333411450306721,4.06501665649137e-05,"PPARA/UCP2/ENO3/PKLR/LDHA/GCK/INS/IGF1/MTOR/INSR",10
"GO:0046824","positive regulation of nucleocytoplasmic transport","8/462","57/18842",0.140350877192982,5.72400698716488,5.66294793132554,7.0827589133559e-05,0.000333441107184884,4.06537823886535e-05,"SMAD3/JAK2/GSK3B/CDH1/IL1B/TGFB1/PRKCD/AKT1",8
"GO:0046888","negative regulation of hormone secretion","8/462","57/18842",0.140350877192982,5.72400698716488,5.66294793132554,7.0827589133559e-05,0.000333441107184884,4.06537823886535e-05,"FOXO1/GJA1/TSPO/UCP2/IL1B/PIM3/LIF/FGF23",8
"GO:0022617","extracellular matrix disassembly","9/462","73/18842",0.123287671232877,5.02810887742395,5.46691438577867,7.16091301927552e-05,0.00033677990927017,4.10608555733605e-05,"MMP9/ELANE/IL6/ENG/TGFB1/FGFR4/ADAM10/MMP2/MMP1",9
"GO:0030098","lymphocyte differentiation","22/462","356/18842",0.0617977528089888,2.5203317281969,4.59136789043629,7.40009086683926e-05,0.000347255762660498,4.23380918075531e-05,"PCK1/IL10/CFB/TLR9/CCR2/IL1A/LEPR/IL6ST/IL4/NLRP3/VSIR/NFIL3/IL1B/IL6/TGFB1/CDKN2A/IL6R/RORA/JAK1/HMGB1/MTOR/NFE2L2",22
"GO:0031214","biomineral tissue development","13/462","148/18842",0.0878378378378378,3.58233883233883,5.00026675337905,7.40603462890624e-05,0.000347255762660498,4.23380918075531e-05,"SMAD3/VDR/AHSG/SPP1/ALOX15/OSR2/TGFB1/ALOX5/NOS3/FGF23/IGF1/ATF4/BGLAP",13
"GO:0072523","purine-containing compound catabolic process","13/462","148/18842",0.0878378378378378,3.58233883233883,5.00026675337905,7.40603462890624e-05,0.000347255762660498,4.23380918075531e-05,"PPARA/UCP2/XDH/ENO3/PKLR/SUCLG1/LDHA/GCK/INS/IGF1/MTOR/INSR/PDE4A",13
"GO:0009261","ribonucleotide catabolic process","12/462","128/18842",0.09375,3.82345779220779,5.0816316478283,7.43467083744759e-05,0.000347897763006593,4.24163657269985e-05,"PPARA/UCP2/XDH/ENO3/PKLR/LDHA/GCK/INS/IGF1/MTOR/INSR/PDE4A",12
"GO:0045667","regulation of osteoblast differentiation","12/462","128/18842",0.09375,3.82345779220779,5.0816316478283,7.43467083744759e-05,0.000347897763006593,4.24163657269985e-05,"TNF/PPARG/IL6ST/PTK2/GSK3B/IL6/IL6R/PTEN/YAP1/FGF23/IGF1/ATF4",12
"GO:0002706","regulation of lymphocyte mediated immunity","14/462","169/18842",0.0828402366863905,3.37851891698046,4.92428434427996,7.49485456739273e-05,0.000350361876162455,4.27167951517482e-05,"AHR/IL10/B2M/CCR2/AP1G1/MAPK3/IL4/NLRP3/IL1B/IL6/TGFB1/CADM1/HMGB1/PVR",14
"GO:0045777","positive regulation of blood pressure","6/462","30/18842",0.2,8.15670995670996,6.21951855883869,7.57494432389677e-05,0.000352961444922825,4.30337395848466e-05,"PTPN1/AVPR1A/ACE/SPX/RARRES2/ENG",6
"GO:0090330","regulation of platelet aggregation","6/462","30/18842",0.2,8.15670995670996,6.21951855883869,7.57494432389677e-05,0.000352961444922825,4.30337395848466e-05,"JAK2/IL6ST/IL6/IL6R/PRKCD/PRKCA",6
"GO:1903706","regulation of hemopoiesis","23/462","382/18842",0.0602094240837696,2.45555404455928,4.55663642514298,7.57654444132803e-05,0.000352961444922825,4.30337395848466e-05,"FBXW7/TNF/PCK1/IL10/TLR9/CCR2/GPR55/IL4/TLR3/NLRP3/VSIR/TGFB1/CDKN2A/TRIB1/MYC/MIMS2/LIF/PRKCA/HMGB1/TLR4/MTOR/ADIPOQ/BGLAP",23
"GO:0098801","regulation of renal system process","5/462","19/18842",0.263157894736842,10.7325131009342,6.72910934406447,7.58836783435884e-05,0.000352961444922825,4.30337395848466e-05,"AGTR1/SPX/AGT/ADIPOQ/PDGFB",5
"GO:1903727","positive regulation of phospholipid metabolic process","5/462","19/18842",0.263157894736842,10.7325131009342,6.72910934406447,7.58836783435884e-05,0.000352961444922825,4.30337395848466e-05,"HTR2B/PRKCD/NR1H4/FABP3/PITPNM2",5
"GO:0048729","tissue morphogenesis","24/462","408/18842",0.0588235294117647,2.39903234020881,4.52947902438843,7.6400981983346e-05,0.000354788154344792,4.32564555179687e-05,"TNF/NRG1/GPC3/HBEGF/WNT5A/BCL2/GJA1/AGT/CXCL10/ENG/TGFB1/CTNNB1/PTEN/MYC/LIF/NOS3/YAP1/VEGFA/LCN2/RET/MTOR/KLF4/MMP2/EPHA2",24
"GO:0055078","sodium ion homeostasis","7/462","43/18842",0.162790697674419,6.63918252290345,5.86925818765928,7.64288055858734e-05,0.000354788154344792,4.32564555179687e-05,"SLC9A1/AGTR1/ATP1A1/SPX/AGT/CYP4A11/ATP1A2",7
"GO:0002285","lymphocyte activation involved in immune response","15/462","191/18842",0.0785340314136126,3.20289657985993,4.85132020128955,7.71179999287903e-05,0.00035763088413192,4.36030466120642e-05,"PCK1/IL10/AP1G1/IL6ST/IL4/NLRP3/IL6/TGFB1/IL6R/RORA/LGALS3/JAK1/HMGB1/MTOR/SLC11A1",15
"GO:1904063","negative regulation of cation transmembrane transport","9/462","74/18842",0.121621621621622,4.96016146016146,5.41152868010968,7.97822372116133e-05,0.000369618006425146,4.50645396633837e-05,"PRKCE/TLR9/MMP9/GPR35/AGT/UCP2/TGFB1/PCSK9/ATP1A2",9
"GO:0019748","secondary metabolic process","8/462","58/18842",0.137931034482759,5.62531721152411,5.59321725442056,8.04213097531266e-05,0.00037146985933587,4.52903211391111e-05,"PRKCE/CYP1A1/WNT5A/FMO1/CYP1A2/CYP3A4/AKR1B10/NFE2L2",8
"GO:0033619","membrane protein proteolysis","8/462","58/18842",0.137931034482759,5.62531721152411,5.59321725442056,8.04213097531266e-05,0.00037146985933587,4.52903211391111e-05,"TNF/IL10/NCSTN/APOE/IL1B/TGFB1/RET/ADAM10",8
"GO:0043405","regulation of MAP kinase activity","8/462","58/18842",0.137931034482759,5.62531721152411,5.59321725442056,8.04213097531266e-05,0.00037146985933587,4.52903211391111e-05,"PTPN1/ELANE/AGT/TRIB1/PDGFRB/ADIPOQ/TRIB3/PDGFB",8
"GO:0071559","response to transforming growth factor beta","19/462","284/18842",0.0669014084507042,2.72847692213889,4.65326064228681,8.07297035996106e-05,0.000372524776967083,4.54189387297236e-05,"SMAD3/RBBP7/HDAC2/WNT5A/SIRT1/ADAMTSL2/PPARA/PPARG/IL4/PTK2/FOS/PEG10/PARP1/ENG/TGFB1/GDF15/CIDEA/JUN/MIR30A",19
"GO:0002821","positive regulation of adaptive immune response","11/462","110/18842",0.1,4.07835497835498,5.13361358805672,8.22432270121379e-05,0.000378010330669807,4.60877480088031e-05,"B2M/CCR2/SIRT1/IL6ST/IL4/NLRP3/IL1B/IL6/TGFB1/PVR/SLC11A1",11
"GO:0009145","purine nucleoside triphosphate biosynthetic process","11/462","110/18842",0.1,4.07835497835498,5.13361358805672,8.22432270121379e-05,0.000378010330669807,4.60877480088031e-05,"SLC25A13/PPARA/STOML2/IL4/SDHB/PARP1/TGFB1/NDUFB10/NDUFS2/NDUFS4/NDUFA2",11
"GO:0009206","purine ribonucleoside triphosphate biosynthetic process","11/462","110/18842",0.1,4.07835497835498,5.13361358805672,8.22432270121379e-05,0.000378010330669807,4.60877480088031e-05,"SLC25A13/PPARA/STOML2/IL4/SDHB/PARP1/TGFB1/NDUFB10/NDUFS2/NDUFS4/NDUFA2",11
"GO:0072073","kidney epithelium development","11/462","110/18842",0.1,4.07835497835498,5.13361358805672,8.22432270121379e-05,0.000378010330669807,4.60877480088031e-05,"SMAD3/ARG2/GPC3/CAT/AGT/TGFB1/CTNNB1/MYC/LIF/VEGFA/EPCAM",11
"GO:0034109","homotypic cell-cell adhesion","10/462","92/18842",0.108695652173913,4.43299454169019,5.23319116592963,8.52922461868501e-05,0.000391637769473347,4.77492316102436e-05,"JAK2/IL6ST/IL6/IL6R/HSPB1/CTNNB1/PRKCD/JAK1/PRKCA/CCL5",10
"GO:0001906","cell killing","17/462","238/18842",0.0714285714285714,2.91311069882498,4.70896673584176,8.58060970236882e-05,0.000393609051962849,4.79895741703777e-05,"CX3CR1/AP1G1/ELANE/IL4/CXCL10/MAPK8/TREM1/NOS2/TGFB1/CXCL1/RAB27A/LGALS3/CLU/CADM1/PVR/CCL20/CXCL9",17
"GO:0002064","epithelial cell development","12/462","130/18842",0.0923076923076923,3.76463536463536,5.01475407457734,8.64185518741838e-05,0.000395638915954965,4.82370591002076e-05,"TNF/TLR9/TJP1/IL6ST/GSK3B/IL1B/AKT1/YAP1/VEGFA/ATF4/PDGFB/EPHA2",12
"GO:0006195","purine nucleotide catabolic process","12/462","130/18842",0.0923076923076923,3.76463536463536,5.01475407457734,8.64185518741838e-05,0.000395638915954965,4.82370591002076e-05,"PPARA/UCP2/XDH/ENO3/PKLR/LDHA/GCK/INS/IGF1/MTOR/INSR/PDE4A",12
"GO:0008206","bile acid metabolic process","7/462","44/18842",0.159090909090909,6.48829201101928,5.77840443407165,8.8989317391658e-05,0.000406608696541275,4.95745158900204e-05,"SIRT1/CYP7A1/SLC27A5/CYP27A1/FGFR4/NR1H4/CES1",7
"GO:2000573","positive regulation of DNA biosynthetic process","7/462","44/18842",0.159090909090909,6.48829201101928,5.77840443407165,8.8989317391658e-05,0.000406608696541275,4.95745158900204e-05,"TNF/CTNNB1/NOX4/PDGFRB/VEGFA/FGFR4/PDGFB",7
"GO:1902991","regulation of amyloid precursor protein catabolic process","8/462","59/18842",0.135593220338983,5.52997285200675,5.52508972181046,9.10681140207208e-05,0.000415699155765173,5.06828421975393e-05,"TNF/RELA/RTN4/APOE/ABCG1/CASP3/CLU/IGF1",8
"GO:0021782","glial cell development","10/462","93/18842",0.10752688172043,4.38532793371503,5.18863801897926,9.35113890052138e-05,0.000425600222099976,5.18899992862049e-05,"LPAR1/TNF/LDLR/MAPK3/ERBB3/IL6/TGFB1/PTEN/GSTP1/CLU",10
"GO:0046031","ADP metabolic process","10/462","93/18842",0.10752688172043,4.38532793371503,5.18863801897926,9.35113890052138e-05,0.000425600222099976,5.18899992862049e-05,"PPARA/UCP2/ENO3/PKLR/LDHA/GCK/INS/IGF1/MTOR/INSR",10
"GO:0072526","pyridine-containing compound catabolic process","10/462","93/18842",0.10752688172043,4.38532793371503,5.18863801897926,9.35113890052138e-05,0.000425600222099976,5.18899992862049e-05,"PPARA/UCP2/ENO3/PKLR/LDHA/GCK/INS/IGF1/MTOR/INSR",10
"GO:0010720","positive regulation of cell development","22/462","362/18842",0.0607734806629834,2.47855827413838,4.50341486302402,9.44277207165185e-05,0.00042935104263292,5.23473065540837e-05,"TNF/PCK1/IL10/TLR9/HDAC2/CX3CR1/KDM1A/IL4/NLRP3/VSIR/TSPO/IL1B/IL6/TGM2/TGFB1/CTNNB1/PRMT5/TRIB1/LIF/PRKCA/VEGFA/HMGB1",22
"GO:0032729","positive regulation of type II interferon production","9/462","76/18842",0.118421052631579,4.82963089542037,5.30368921409279,9.84935828050943e-05,0.000447401094185872,5.45480036250985e-05,"TLR9/CCR2/WNT5A/BTN3A1/TLR3/IL1B/CD14/TLR4/SLC11A1",9
"GO:0010759","positive regulation of macrophage chemotaxis","5/462","20/18842",0.25,10.1958874458874,6.52342944175449,9.91487553855512e-05,0.000448190878713715,5.46442956767891e-05,"CCL2/MAPK3/PTK2/RARRES2/CCL5",5
"GO:0071071","regulation of phospholipid biosynthetic process","5/462","20/18842",0.25,10.1958874458874,6.52342944175449,9.91487553855512e-05,0.000448190878713715,5.46442956767891e-05,"HTR2B/NR1H4/FABP3/PITPNM2/PDGFB",5
"GO:0071305","cellular response to vitamin D","5/462","20/18842",0.25,10.1958874458874,6.52342944175449,9.91487553855512e-05,0.000448190878713715,5.46442956767891e-05,"PIM1/VDR/CYP24A1/FGF23/BGLAP",5
"GO:1902001","fatty acid transmembrane transport","5/462","20/18842",0.25,10.1958874458874,6.52342944175449,9.91487553855512e-05,0.000448190878713715,5.46442956767891e-05,"CPT2/CD36/CPT1A/AKT1/SLC2A1",5
"GO:1902692","regulation of neuroblast proliferation","5/462","20/18842",0.25,10.1958874458874,6.52342944175449,9.91487553855512e-05,0.000448190878713715,5.46442956767891e-05,"CX3CR1/KDM1A/TGFB1/CTNNB1/VEGFA",5
"GO:0009191","ribonucleoside diphosphate catabolic process","10/462","94/18842",0.106382978723404,4.33867550888827,5.14470971014569,0.000102391777560367,0.000460135571849919,5.61006156835159e-05,"PPARA/UCP2/ENO3/PKLR/LDHA/GCK/INS/IGF1/MTOR/INSR",10
"GO:0045824","negative regulation of innate immune response","10/462","94/18842",0.106382978723404,4.33867550888827,5.14470971014569,0.000102391777560367,0.000460135571849919,5.61006156835159e-05,"NR1H3/PIM1/PPARG/NR1H2/PARP1/TGFB1/USP18/OAS1/INS/PVR",10
"GO:0034165","positive regulation of toll-like receptor 9 signaling pathway","4/462","11/18842",0.363636363636364,14.8303817394726,7.27434722640708,0.000102680596896921,0.000460135571849919,5.61006156835159e-05,"TLR9/RTN4/HMGB1/EGFR",4
"GO:0034350","regulation of glial cell apoptotic process","4/462","11/18842",0.363636363636364,14.8303817394726,7.27434722640708,0.000102680596896921,0.000460135571849919,5.61006156835159e-05,"CCL2/PRKCD/PRKCA/AKAP12",4
"GO:0034379","very-low-density lipoprotein particle assembly","4/462","11/18842",0.363636363636364,14.8303817394726,7.27434722640708,0.000102680596896921,0.000460135571849919,5.61006156835159e-05,"DGAT1/MTTP/APOB/APOC1",4
"GO:0038060","nitric oxide-cGMP-mediated signaling","4/462","11/18842",0.363636363636364,14.8303817394726,7.27434722640708,0.000102680596896921,0.000460135571849919,5.61006156835159e-05,"CD36/AGT/APOE/INS",4
"GO:0046322","negative regulation of fatty acid oxidation","4/462","11/18842",0.363636363636364,14.8303817394726,7.27434722640708,0.000102680596896921,0.000460135571849919,5.61006156835159e-05,"ACACB/ACADVL/PLIN5/AKT1",4
"GO:0062100","positive regulation of programmed necrotic cell death","4/462","11/18842",0.363636363636364,14.8303817394726,7.27434722640708,0.000102680596896921,0.000460135571849919,5.61006156835159e-05,"CASP6/TP53/TSPO/PARP1",4
"GO:0097267","omega-hydroxylase P450 pathway","4/462","11/18842",0.363636363636364,14.8303817394726,7.27434722640708,0.000102680596896921,0.000460135571849919,5.61006156835159e-05,"CYP1A1/CYP4A11/CYP1A2/CYP2C19",4
"GO:0045670","regulation of osteoclast differentiation","8/462","60/18842",0.133333333333333,5.43780663780664,5.45849970964767,0.000102856158088622,0.000460479107750598,5.61425002425818e-05,"FBXW7/TNF/GPR55/IL4/TLR3/TLR4/MTOR/BGLAP",8
"GO:0010665","regulation of cardiac muscle cell apoptotic process","7/462","45/18842",0.155555555555556,6.34410774410774,5.69032931197218,0.000103181040747382,0.000460604914400586,5.61578388318003e-05,"NRG1/JAK2/PTPN1/GPR35/NOL3/BNIP3/NFE2L2",7
"GO:0042311","vasodilation","7/462","45/18842",0.155555555555556,6.34410774410774,5.69032931197218,0.000103181040747382,0.000460604914400586,5.61578388318003e-05,"TNF/CPS1/SCARB1/PPARD/NOS3/SOD2/INS",7
"GO:0042743","hydrogen peroxide metabolic process","7/462","45/18842",0.155555555555556,6.34410774410774,5.69032931197218,0.000103181040747382,0.000460604914400586,5.61578388318003e-05,"PRDX6/RAC1/CAT/ACOX1/GPX3/SOD2/HP",7
"GO:0071229","cellular response to acid chemical","9/462","77/18842",0.116883116883117,4.76690841625907,5.25117327015798,0.00010914803628701,0.000486775150337469,5.93485644319521e-05,"PNPLA3/AVPR1A/SESN2/HMGCS2/VEGFA/MAT2A/MTOR/NFE2L2/EGFR",9
"GO:0001974","blood vessel remodeling","6/462","32/18842",0.1875,7.64691558441559,5.96624335548719,0.000110905380841826,0.000491318223786433,5.99024647021651e-05,"CCR2/ACE/AGT/TGFB1/NOL3/NOS3",6
"GO:0002837","regulation of immune response to tumor cell","6/462","32/18842",0.1875,7.64691558441559,5.96624335548719,0.000110905380841826,0.000491318223786433,5.99024647021651e-05,"AHR/MAPK3/TGFB1/HMGB1/PVR/GSDME",6
"GO:0031664","regulation of lipopolysaccharide-mediated signaling pathway","6/462","32/18842",0.1875,7.64691558441559,5.96624335548719,0.000110905380841826,0.000491318223786433,5.99024647021651e-05,"SMAD3/CD36/TRIB1/PRKCA/CD14/MIF",6
"GO:0032107","regulation of response to nutrient levels","6/462","32/18842",0.1875,7.64691558441559,5.96624335548719,0.000110905380841826,0.000491318223786433,5.99024647021651e-05,"PPARA/VDR/SPX/GDF15/NR1H4/MC4R",6
"GO:0071548","response to dexamethasone","6/462","32/18842",0.1875,7.64691558441559,5.96624335548719,0.000110905380841826,0.000491318223786433,5.99024647021651e-05,"PCK1/UCP2/CASP9/TGFB1/CPS1/PCK2",6
"GO:0090183","regulation of kidney development","6/462","32/18842",0.1875,7.64691558441559,5.96624335548719,0.000110905380841826,0.000491318223786433,5.99024647021651e-05,"AGT/TGFB1/MYC/VEGFA/RET/ADIPOQ",6
"GO:2000406","positive regulation of T cell migration","6/462","32/18842",0.1875,7.64691558441559,5.96624335548719,0.000110905380841826,0.000491318223786433,5.99024647021651e-05,"CCR2/WNT5A/CXCL10/CCL5/ADAM10/CCL20",6
"GO:0046496","nicotinamide nucleotide metabolic process","13/462","154/18842",0.0844155844155844,3.44276718952044,4.82571016969791,0.000111123261609559,0.000491815500051433,5.99630935827343e-05,"SLC25A13/PPARA/TP53/UCP2/ME1/ENO3/PKLR/LDHA/GCK/INS/IGF1/MTOR/INSR",13
"GO:0002768","immune response-regulating cell surface receptor signaling pathway","23/462","392/18842",0.0586734693877551,2.39291235974909,4.41843885490246,0.000111512378829706,0.000493068979896592,6.01159202611361e-05,"BAX/NR1H3/PRKCE/NFKB1/RELA/SQSTM1/BCL2/CD36/STOML2/BTN3A1/PTK2/MAPK8/C3/NOS2/PRKCD/NFKBIA/OAS1/LGALS3/AKT1/HMGB1/CD14/TLR4/HCK",23
"GO:0009134","nucleoside diphosphate catabolic process","10/462","95/18842",0.105263157894737,4.29300524037366,5.10139020340345,0.000111975673798069,0.000494647758257885,6.03084079615332e-05,"PPARA/UCP2/ENO3/PKLR/LDHA/GCK/INS/IGF1/MTOR/INSR",10
"GO:0002009","morphogenesis of an epithelium","20/462","316/18842",0.0632911392405063,2.58123732807277,4.49417499052236,0.000113018233220879,0.00049877999419565,6.08122181306235e-05,"TNF/GPC3/HBEGF/WNT5A/BCL2/GJA1/AGT/CXCL10/ENG/TGFB1/CTNNB1/PTEN/MYC/LIF/YAP1/VEGFA/LCN2/MTOR/MMP2/EPHA2",20
"GO:1903076","regulation of protein localization to plasma membrane","11/462","114/18842",0.0964912280701754,3.93525480367586,4.9837097573668,0.000113719728381605,0.000501400620591623,6.11317299512365e-05,"RACK1/TNF/AR/PRKCE/SQSTM1/TGFB1/LGALS3/AKT1/INS/EGFR/EPHA2",11
"GO:1903828","negative regulation of protein localization","15/462","198/18842",0.0757575757575758,3.08966286239013,4.68640137235787,0.000115581311489553,0.000509126382493244,6.20736697312076e-05,"FOXO1/NR1H3/JAK2/CD36/UCP2/APOE/GSK3B/IL1B/TGFB1/PIM3/NFKBIA/AKT1/INS/MTOR/HMGCR",15
"GO:0033157","regulation of intracellular protein transport","12/462","134/18842",0.0895522388059701,3.65225818957162,4.88488930431121,0.000115694381837333,0.000509142761658434,6.20756667105931e-05,"SMAD3/JAK2/PTPN1/CD36/GSK3B/CDH1/IL1B/TGFB1/CDKN2A/PRKCD/NFKBIA/AKT1",12
"GO:2000351","regulation of endothelial cell apoptotic process","8/462","61/18842",0.131147540983607,5.34866226669505,5.39338533888922,0.000115878538308733,0.000509471647181736,6.21157650674154e-05,"TNF/CCL2/PTPN1/IL4/TGFB1/SERPINE1/TERT/NFE2L2",8
"GO:0002639","positive regulation of immunoglobulin production","7/462","46/18842",0.152173913043478,6.20619235836627,5.60488384925652,0.000119159731483058,0.000523403499797279,6.3814363387475e-05,"TNF/IL10/TLR9/IL4/IL6/TGFB1/RBP4",7
"GO:0033032","regulation of myeloid cell apoptotic process","5/462","21/18842",0.238095238095238,9.71036899608328,6.33176900232767,0.000127524003756849,0.000558562334423226,6.81009962624353e-05,"SIRT1/CDKN2A/CCL5/ADIPOQ/MIF",5
"GO:0150078","positive regulation of neuroinflammatory response","5/462","21/18842",0.238095238095238,9.71036899608328,6.33176900232767,0.000127524003756849,0.000558562334423226,6.81009962624353e-05,"TNF/MAPK3/IL1B/IL6/CCL5",5
"GO:2000831","regulation of steroid hormone secretion","5/462","21/18842",0.238095238095238,9.71036899608328,6.33176900232767,0.000127524003756849,0.000558562334423226,6.81009962624353e-05,"AGTR1/RETN/AGT/SPP1/TSPO",5
"GO:0002446","neutrophil mediated immunity","6/462","33/18842",0.181818181818182,7.41519086973632,5.84768416367204,0.000132768891234993,0.000579355161752695,7.06360978419427e-05,"ITGB2/ACE/ELANE/TREM1/IL6/IL6R",6
"GO:0002834","regulation of response to tumor cell","6/462","33/18842",0.181818181818182,7.41519086973632,5.84768416367204,0.000132768891234993,0.000579355161752695,7.06360978419427e-05,"AHR/MAPK3/TGFB1/HMGB1/PVR/GSDME",6
"GO:0046457","prostanoid biosynthetic process","6/462","33/18842",0.181818181818182,7.41519086973632,5.84768416367204,0.000132768891234993,0.000579355161752695,7.06360978419427e-05,"PTGS2/AVPR1A/SIRT1/IL1B/CBR1/MIF",6
"GO:0070231","T cell apoptotic process","6/462","33/18842",0.181818181818182,7.41519086973632,5.84768416367204,0.000132768891234993,0.000579355161752695,7.06360978419427e-05,"ARG2/TP53/LGALS3/AKT1/CCL5/FAS",6
"GO:0009201","ribonucleoside triphosphate biosynthetic process","11/462","116/18842",0.0948275862068965,3.86740558292282,4.91129273296989,0.000132973151698883,0.000579703178192884,7.06785286770205e-05,"SLC25A13/PPARA/STOML2/IL4/SDHB/PARP1/TGFB1/NDUFB10/NDUFS2/NDUFS4/NDUFA2",11
"GO:0034766","negative regulation of monoatomic ion transmembrane transport","9/462","79/18842",0.113924050632911,4.64622719053099,5.14880377398209,0.000133367387771456,0.000580877977047615,7.0821762417437e-05,"PRKCE/TLR9/MMP9/GPR35/AGT/UCP2/TGFB1/PCSK9/ATP1A2",9
"GO:0003012","muscle system process","26/462","477/18842",0.0545073375262055,2.22300271356875,4.28934869482273,0.000134531197302795,0.000585399303403564,7.13730112401591e-05,"SMAD3/TNF/FOXO1/SLC9A1/MB/HDAC2/PPARA/PPARG/IL6ST/HTR2B/GJA1/ATP1A1/SPX/AGT/PARP1/IL1B/NOL3/HMOX1/NOS3/PRKCA/PDGFRB/ATP1A2/IGF1/KLF4/RPL4/PDGFB",26
"GO:0071897","DNA biosynthetic process","13/462","157/18842",0.0828025477707006,3.37698182921113,4.74164838531457,0.000135019206754516,0.000586974254574253,7.15650323221021e-05,"TNF/SIRT1/TYMS/TP53/DUSP1/CTNNB1/NOX4/CDKN1A/TERT/PDGFRB/VEGFA/FGFR4/PDGFB",13
"GO:0010659","cardiac muscle cell apoptotic process","7/462","47/18842",0.148936170212766,6.07414571244358,5.52193013503702,0.000137090405126411,0.000591559709238711,7.21240997917844e-05,"NRG1/JAK2/PTPN1/GPR35/NOL3/BNIP3/NFE2L2",7
"GO:0010712","regulation of collagen metabolic process","7/462","47/18842",0.148936170212766,6.07414571244358,5.52193013503702,0.000137090405126411,0.000591559709238711,7.21240997917844e-05,"CYP7A1/VSIR/IL6/TGFB1/IL6R/PPARD/MFAP4",7
"GO:0014015","positive regulation of gliogenesis","7/462","47/18842",0.148936170212766,6.07414571244358,5.52193013503702,0.000137090405126411,0.000591559709238711,7.21240997917844e-05,"TNF/HDAC2/TSPO/IL1B/IL6/TGFB1/PRMT5",7
"GO:0032620","interleukin-17 production","7/462","47/18842",0.148936170212766,6.07414571244358,5.52193013503702,0.000137090405126411,0.000591559709238711,7.21240997917844e-05,"ARG2/DDIT3/VSIR/IL6/TGFB1/NR1H4/TLR4",7
"GO:0032660","regulation of interleukin-17 production","7/462","47/18842",0.148936170212766,6.07414571244358,5.52193013503702,0.000137090405126411,0.000591559709238711,7.21240997917844e-05,"ARG2/DDIT3/VSIR/IL6/TGFB1/NR1H4/TLR4",7
"GO:0032691","negative regulation of interleukin-1 beta production","7/462","47/18842",0.148936170212766,6.07414571244358,5.52193013503702,0.000137090405126411,0.000591559709238711,7.21240997917844e-05,"CX3CR1/NLRP3/FFAR1/APOA1/IL1B/GSTP1/IGF1",7
"GO:0042149","cellular response to glucose starvation","7/462","47/18842",0.148936170212766,6.07414571244358,5.52193013503702,0.000137090405126411,0.000591559709238711,7.21240997917844e-05,"SIRT1/TP53/SESN2/PLIN2/HSPA5/ATF4/NFE2L2",7
"GO:0048247","lymphocyte chemotaxis","7/462","47/18842",0.148936170212766,6.07414571244358,5.52193013503702,0.000137090405126411,0.000591559709238711,7.21240997917844e-05,"CCL2/CCR2/WNT5A/CXCL10/SAA1/CCL5/ADAM10",7
"GO:0050890","cognition","16/462","224/18842",0.0714285714285714,2.91311069882498,4.56665082283732,0.000137628178550035,0.000593330369749038,7.23399821335831e-05,"TNF/VLDLR/B2M/LDLR/FOS/APOE/CASP3/PTEN/PRKCA/LCN2/INS/S100B/INSR/BGLAP/EGR1/EGFR",16
"GO:0007611","learning or memory","14/462","179/18842",0.0782122905027933,3.18977484340613,4.66697483046578,0.000138601124702848,0.000596972096777485,7.27839885111509e-05,"VLDLR/B2M/LDLR/FOS/APOE/CASP3/PTEN/PRKCA/LCN2/S100B/INSR/BGLAP/EGR1/EGFR",14
"GO:0009185","ribonucleoside diphosphate metabolic process","11/462","117/18842",0.094017094017094,3.83435083435083,4.87568716674894,0.000143596526127883,0.000617916289881166,7.53375448975591e-05,"PPARA/UCP2/ENO3/PKLR/LDHA/GCK/INS/IGF1/MTOR/DHODH/INSR",11
"GO:0140115","export across plasma membrane","10/462","98/18842",0.102040816326531,4.16158671260712,4.9749326622155,0.000145400430417055,0.00062510101941072,7.62135209680617e-05,"ABCG2/ABCC1/PIM1/SLC9A1/ABCA1/GJA1/ATP1A1/ABCG1/ABCC5/ATP1A2",10
"GO:0010820","positive regulation of T cell chemotaxis","4/462","12/18842",0.333333333333333,13.5945165945166,6.91906124794933,0.000151041822122012,0.000644002494322426,7.85180252158209e-05,"CCR2/WNT5A/CCL5/ADAM10",4
"GO:0019856","pyrimidine nucleobase biosynthetic process","4/462","12/18842",0.333333333333333,13.5945165945166,6.91906124794933,0.000151041822122012,0.000644002494322426,7.85180252158209e-05,"TYMS/CPS1/MTOR/DHODH",4
"GO:0031649","heat generation","4/462","12/18842",0.333333333333333,13.5945165945166,6.91906124794933,0.000151041822122012,0.000644002494322426,7.85180252158209e-05,"TNF/PTGS2/IL1A/IL1B",4
"GO:0036295","cellular response to increased oxygen levels","4/462","12/18842",0.333333333333333,13.5945165945166,6.91906124794933,0.000151041822122012,0.000644002494322426,7.85180252158209e-05,"FOXO1/ATG7/LCN2/FAS",4
"GO:0070365","hepatocyte differentiation","4/462","12/18842",0.333333333333333,13.5945165945166,6.91906124794933,0.000151041822122012,0.000644002494322426,7.85180252158209e-05,"PCK1/CYP1A1/CPS1/PCK2",4
"GO:0070417","cellular response to cold","4/462","12/18842",0.333333333333333,13.5945165945166,6.91906124794933,0.000151041822122012,0.000644002494322426,7.85180252158209e-05,"FOXO1/SLC9A1/NFKBIA/CIDEA",4
"GO:0072110","glomerular mesangial cell proliferation","4/462","12/18842",0.333333333333333,13.5945165945166,6.91906124794933,0.000151041822122012,0.000644002494322426,7.85180252158209e-05,"IL6R/PDGFRB/PDGFB/EGR1",4
"GO:1901731","positive regulation of platelet aggregation","4/462","12/18842",0.333333333333333,13.5945165945166,6.91906124794933,0.000151041822122012,0.000644002494322426,7.85180252158209e-05,"JAK2/IL6ST/IL6/IL6R",4
"GO:1903898","negative regulation of PERK-mediated unfolded protein response","4/462","12/18842",0.333333333333333,13.5945165945166,6.91906124794933,0.000151041822122012,0.000644002494322426,7.85180252158209e-05,"PTPN1/PPP1R15A/HSPA5/AKT1",4
"GO:0010662","regulation of striated muscle cell apoptotic process","7/462","48/18842",0.145833333333333,5.94760101010101,5.44134028197765,0.000157147480590303,0.000668810484121071,8.15426631415066e-05,"NRG1/JAK2/PTPN1/GPR35/NOL3/BNIP3/NFE2L2",7
"GO:0120163","negative regulation of cold-induced thermogenesis","7/462","48/18842",0.145833333333333,5.94760101010101,5.44134028197765,0.000157147480590303,0.000668810484121071,8.15426631415066e-05,"NR1H3/DDIT3/NR1H2/CIDEA/TLR4/ATF4/ADIPOQ",7
"GO:0030212","hyaluronan metabolic process","6/462","34/18842",0.176470588235294,7.19709702062643,5.73398635242562,0.000157911894975814,0.000671450030143736,8.18644816794673e-05,"SLC9A1/NFKB1/IL1B/TGFB1/ABCC5/PDGFB",6
"GO:0022612","gland morphogenesis","5/462","22/18842",0.227272727272727,9.2689885871704,6.15253555906624,0.000161724675356159,0.000685159316158579,8.35359442506439e-05,"NFKB1/TGFB1/ELF3/MMP2/EPHA2",5
"GO:0032700","negative regulation of interleukin-17 production","5/462","22/18842",0.227272727272727,9.2689885871704,6.15253555906624,0.000161724675356159,0.000685159316158579,8.35359442506439e-05,"ARG2/DDIT3/VSIR/TGFB1/TLR4",5
"GO:0043567","regulation of insulin-like growth factor receptor signaling pathway","5/462","22/18842",0.227272727272727,9.2689885871704,6.15253555906624,0.000161724675356159,0.000685159316158579,8.35359442506439e-05,"IGFBP1/IGFBP3/INPPL1/IGF1/IGFBP2",5
"GO:1900102","negative regulation of endoplasmic reticulum unfolded protein response","5/462","22/18842",0.227272727272727,9.2689885871704,6.15253555906624,0.000161724675356159,0.000685159316158579,8.35359442506439e-05,"RACK1/PTPN1/PPP1R15A/HSPA5/AKT1",5
"GO:0002287","alpha-beta T cell activation involved in immune response","9/462","81/18842",0.111111111111111,4.53150553150553,5.04980511138791,0.000161920594704533,0.000685365717222096,8.35611090660797e-05,"IL10/IL6ST/NLRP3/IL6/IL6R/RORA/JAK1/HMGB1/MTOR",9
"GO:0031647","regulation of protein stability","22/462","376/18842",0.0585106382978723,2.38627152988855,4.30483014296586,0.000162738131184642,0.000688200489369384,8.39067299493902e-05,"FBXW7/SMAD3/TF/PIM1/HSPA8/SIRT1/HDAC8/RTN4/APOA1/CDKN2A/HSPB1/CASP3/HCFC1/USP18/PRKCD/PTEN/TERT/CLU/P3H1/IGF1/MTOR/SREBF1",22
"GO:1903078","positive regulation of protein localization to plasma membrane","8/462","64/18842",0.125,5.09794372294372,5.20632791979251,0.000163359076850718,0.000690199511630618,8.41504545959534e-05,"RACK1/TNF/PRKCE/SQSTM1/LGALS3/AKT1/EGFR/EPHA2",8
"GO:0002460","adaptive immune response based on somatic recombination of immune receptors built from immunoglobulin superfamily domains","22/462","377/18842",0.0583554376657825,2.37994189718328,4.29098532089461,0.000168976932969069,0.00071328794188938,8.69654405086378e-05,"AHR/IL10/B2M/CCR2/MAPK3/IL6ST/IL4/NLRP3/C3/IL1B/IL6/TGFB1/IL6R/RORA/IL1RL1/CLU/JAK1/HMGB1/TLR4/PVR/MTOR/SLC11A1",22
"GO:0002220","innate immune response activating cell surface receptor signaling pathway","10/462","100/18842",0.1,4.07835497835498,4.89340251687795,0.000172065443853102,0.000725010594190084,8.8394688868788e-05,"NR1H3/PRKCE/RELA/SQSTM1/CD36/NFKBIA/OAS1/HMGB1/CD14/TLR4",10
"GO:0002709","regulation of T cell mediated immunity","10/462","100/18842",0.1,4.07835497835498,4.89340251687795,0.000172065443853102,0.000725010594190084,8.8394688868788e-05,"AHR/B2M/CCR2/MAPK3/IL4/NLRP3/IL1B/IL6/HMGB1/PVR",10
"GO:0062208","positive regulation of pattern recognition receptor signaling pathway","9/462","82/18842",0.109756097560976,4.4762432689262,5.00150697907281,0.00017800437362709,0.000749356567457262,9.13629968485687e-05,"NR1H3/TLR9/CD36/MAPK8/RTN4/HMGB1/CD14/TLR4/EGFR",9
"GO:0045453","bone resorption","7/462","49/18842",0.142857142857143,5.82622139764997,5.36299550536356,0.000179514905265796,0.000755032880684325,9.20550638964835e-05,"GPR55/SPP1/IL6/PRKCA/MC4R/BGLAP/PDK4",7
"GO:0050709","negative regulation of protein secretion","8/462","65/18842",0.123076923076923,5.01951381951382,5.14656320089832,0.000182352372068513,0.000765583989495939,9.33414754166698e-05,"FOXO1/NR1H3/UCP2/APOE/IL1B/PIM3/INS/HMGCR",8
"GO:2000401","regulation of lymphocyte migration","8/462","65/18842",0.123076923076923,5.01951381951382,5.14656320089832,0.000182352372068513,0.000765583989495939,9.33414754166698e-05,"CCL2/CCR2/WNT5A/CXCL10/AKT1/CCL5/ADAM10/CCL20",8
"GO:0030224","monocyte differentiation","6/462","35/18842",0.171428571428571,6.99146567717996,5.62480595460997,0.000186675205082579,0.000783026806184223,9.54681372427341e-05,"FASN/IL1A/PPARG/IL1B/MYC/VEGFA",6
"GO:0048598","embryonic morphogenesis","21/462","354/18842",0.0593220338983051,2.41936312275295,4.27415621678111,0.000188990278509466,0.000792024065472612,9.65651004345029e-05,"RACK1/ITGB2/IL10/GPC3/HDAC2/WNT5A/MMP9/HTR2B/GJA1/APOA1/OSR2/ENG/TGFB1/DUSP1/CTNNB1/EFEMP1/IGF2/KLF4/ADIPOQ/RBP4/MMP2",21
"GO:0038128","ERBB2 signaling pathway","5/462","23/18842",0.217391304347826,8.86598908338039,5.98438044680924,0.000202510460326992,0.00084668050136507,0.000103228918431242,"NRG1/HBEGF/MAPK3/ERBB3/EGFR",5
"GO:0045649","regulation of macrophage differentiation","5/462","23/18842",0.217391304347826,8.86598908338039,5.98438044680924,0.000202510460326992,0.00084668050136507,0.000103228918431242,"TGFB1/TRIB1/LIF/PRKCA/ADIPOQ",5
"GO:0030193","regulation of blood coagulation","8/462","66/18842",0.121212121212121,4.94346057982422,5.08801218068704,0.00020312330756546,0.00084668050136507,0.000103228918431242,"SERPINB2/CD36/APOE/PRKCD/SERPINE1/NOS3/PDGFB/NFE2L2",8
"GO:0048640","negative regulation of developmental growth","8/462","66/18842",0.121212121212121,4.94346057982422,5.08801218068704,0.00020312330756546,0.00084668050136507,0.000103228918431242,"PPARA/SPP1/RTN4/CDH1/PTEN/CDKN1A/GDF15/RBP4",8
"GO:0072348","sulfur compound transport","8/462","66/18842",0.121212121212121,4.94346057982422,5.08801218068704,0.00020312330756546,0.00084668050136507,0.000103228918431242,"ABCG2/ABCC1/GJA1/UCP2/SLC22A4/SLC25A47/ABCC5/SLC7A11",8
"GO:1903670","regulation of sprouting angiogenesis","8/462","66/18842",0.121212121212121,4.94346057982422,5.08801218068704,0.00020312330756546,0.00084668050136507,0.000103228918431242,"IL10/TJP1/TGM2/ALOX5/JAK1/VEGFA/HMGB1/KLF4",8
"GO:0010658","striated muscle cell apoptotic process","7/462","50/18842",0.14,5.70969696969697,5.28678530368302,0.000204386261190331,0.000850422191333496,0.000103685112483099,"NRG1/JAK2/PTPN1/GPR35/NOL3/BNIP3/NFE2L2",7
"GO:0120009","intermembrane lipid transfer","7/462","50/18842",0.14,5.70969696969697,5.28678530368302,0.000204386261190331,0.000850422191333496,0.000103685112483099,"TTPA/HSD17B13/CIDEC/FABP1/CIDEA/MTTP/PITPNM2",7
"GO:0009132","nucleoside diphosphate metabolic process","11/462","122/18842",0.0901639344262295,3.67720530835285,4.70336712888907,0.000208197146742543,0.000865505281458284,0.000105524071898926,"PPARA/UCP2/ENO3/PKLR/LDHA/GCK/INS/IGF1/MTOR/DHODH/INSR",11
"GO:0002052","positive regulation of neuroblast proliferation","4/462","13/18842",0.307692307692308,12.5487845487845,6.60380950183896,0.000213955076137617,0.000881570649997118,0.000107482792592021,"CX3CR1/KDM1A/CTNNB1/VEGFA",4
"GO:0019627","urea metabolic process","4/462","13/18842",0.307692307692308,12.5487845487845,6.60380950183896,0.000213955076137617,0.000881570649997118,0.000107482792592021,"ARG2/CPS1/OTC/NR1H4",4
"GO:0030299","intestinal cholesterol absorption","4/462","13/18842",0.307692307692308,12.5487845487845,6.60380950183896,0.000213955076137617,0.000881570649997118,0.000107482792592021,"LDLR/CD36/ABCG8/NPC1L1",4
"GO:0032621","interleukin-18 production","4/462","13/18842",0.307692307692308,12.5487845487845,6.60380950183896,0.000213955076137617,0.000881570649997118,0.000107482792592021,"TNF/IL10/TLR9/CASP1",4
"GO:0032661","regulation of interleukin-18 production","4/462","13/18842",0.307692307692308,12.5487845487845,6.60380950183896,0.000213955076137617,0.000881570649997118,0.000107482792592021,"TNF/IL10/TLR9/CASP1",4
"GO:0033189","response to vitamin A","4/462","13/18842",0.307692307692308,12.5487845487845,6.60380950183896,0.000213955076137617,0.000881570649997118,0.000107482792592021,"CYP1A1/CAT/DNMT3A/PPARD",4
"GO:0034380","high-density lipoprotein particle assembly","4/462","13/18842",0.307692307692308,12.5487845487845,6.60380950183896,0.000213955076137617,0.000881570649997118,0.000107482792592021,"ABCA1/NR1H2/APOE/APOA1",4
"GO:0071639","positive regulation of monocyte chemotactic protein-1 production","4/462","13/18842",0.307692307692308,12.5487845487845,6.60380950183896,0.000213955076137617,0.000881570649997118,0.000107482792592021,"IL1B/OAS1/HMGB1/ADIPOQ",4
"GO:0071941","nitrogen cycle metabolic process","4/462","13/18842",0.307692307692308,12.5487845487845,6.60380950183896,0.000213955076137617,0.000881570649997118,0.000107482792592021,"ARG2/CPS1/OTC/NR1H4",4
"GO:0140052","cellular response to oxidised low-density lipoprotein particle stimulus","4/462","13/18842",0.307692307692308,12.5487845487845,6.60380950183896,0.000213955076137617,0.000881570649997118,0.000107482792592021,"CD36/AKT1/TLR4/TXNIP",4
"GO:0010613","positive regulation of cardiac muscle hypertrophy","6/462","36/18842",0.166666666666667,6.7972582972583,5.51983243834694,0.000219418762679792,0.000898904724383074,0.000109596196347019,"SLC9A1/IL6ST/AGT/PARP1/PRKCA/IGF1",6
"GO:0042092","type 2 immune response","6/462","36/18842",0.166666666666667,6.7972582972583,5.51983243834694,0.000219418762679792,0.000898904724383074,0.000109596196347019,"ARG2/IL10/CCR2/IL4/NLRP3/IL6",6
"GO:0042307","positive regulation of protein import into nucleus","6/462","36/18842",0.166666666666667,6.7972582972583,5.51983243834694,0.000219418762679792,0.000898904724383074,0.000109596196347019,"SMAD3/JAK2/CDH1/TGFB1/PRKCD/AKT1",6
"GO:0046622","positive regulation of organ growth","6/462","36/18842",0.166666666666667,6.7972582972583,5.51983243834694,0.000219418762679792,0.000898904724383074,0.000109596196347019,"ACACB/NRG1/PIM1/YAP1/IGF2/IGF1",6
"GO:1903580","positive regulation of ATP metabolic process","6/462","36/18842",0.166666666666667,6.7972582972583,5.51983243834694,0.000219418762679792,0.000898904724383074,0.000109596196347019,"PPARA/IL4/INS/IGF1/MTOR/INSR",6
"GO:0072676","lymphocyte migration","10/462","103/18842",0.0970873786407767,3.95956794015046,4.77500609116488,0.000219706524129712,0.000898904724383074,0.000109596196347019,"CCL2/CCR2/WNT5A/CXCL10/SAA1/AKT1/CCL5/RET/ADAM10/CCL20",10
"GO:1990868","response to chemokine","10/462","103/18842",0.0970873786407767,3.95956794015046,4.77500609116488,0.000219706524129712,0.000898904724383074,0.000109596196347019,"CCL2/JAK2/CCR2/CX3CR1/CXCR2/GPR35/CXCL10/DUSP1/CCL5/CXCL9",10
"GO:1990869","cellular response to chemokine","10/462","103/18842",0.0970873786407767,3.95956794015046,4.77500609116488,0.000219706524129712,0.000898904724383074,0.000109596196347019,"CCL2/JAK2/CCR2/CX3CR1/CXCR2/GPR35/CXCL10/DUSP1/CCL5/CXCL9",10
"GO:0016052","carbohydrate catabolic process","13/462","165/18842",0.0787878787878788,3.21324937688574,4.5270883725905,0.000221483435645128,0.000905379171522139,0.000110385573419632,"PYGM/PYGL/PPARA/TP53/UCP2/ENO3/PKLR/LDHA/GCK/INS/IGF1/MTOR/INSR",13
"GO:0090303","positive regulation of wound healing","8/462","67/18842",0.119402985074627,4.8696775860955,5.03063049959886,0.000225796766733993,0.000920586467524933,0.000112239676255473,"PRKCE/HBEGF/CD36/PTK2/SERPINE1/HMGB1/MTOR/NFE2L2",8
"GO:0090559","regulation of membrane permeability","8/462","67/18842",0.119402985074627,4.8696775860955,5.03063049959886,0.000225796766733993,0.000920586467524933,0.000112239676255473,"CASP6/SLC9A1/BCL2/GSK3B/NOL3/ACAA2/SLC25A4/BNIP3",8
"GO:1900046","regulation of hemostasis","8/462","67/18842",0.119402985074627,4.8696775860955,5.03063049959886,0.000225796766733993,0.000920586467524933,0.000112239676255473,"SERPINB2/CD36/APOE/PRKCD/SERPINE1/NOS3/PDGFB/NFE2L2",8
"GO:0002931","response to ischemia","7/462","51/18842",0.137254901960784,5.59774212715389,5.21260672774606,0.000231964852030981,0.000941611465611376,0.000114803084541105,"SQSTM1/CX3CR1/GPR35/CASP9/NOL3/NFE2L2/EGR1",7
"GO:0003254","regulation of membrane depolarization","7/462","51/18842",0.137254901960784,5.59774212715389,5.21260672774606,0.000231964852030981,0.000941611465611376,0.000114803084541105,"RACK1/ALB/IFI6/B2M/BCL2/TSPO/PARP1",7
"GO:0071385","cellular response to glucocorticoid stimulus","7/462","51/18842",0.137254901960784,5.59774212715389,5.21260672774606,0.000231964852030981,0.000941611465611376,0.000114803084541105,"PCK1/CASP9/UGT1A1/TGFB1/GSTP1/HMGCS2/PCK2",7
"GO:0071622","regulation of granulocyte chemotaxis","7/462","51/18842",0.137254901960784,5.59774212715389,5.21260672774606,0.000231964852030981,0.000941611465611376,0.000114803084541105,"DNM1L/CCL2/RAC1/MAPK3/PTK2/RARRES2/CCL5",7
"GO:1903146","regulation of autophagy of mitochondrion","7/462","51/18842",0.137254901960784,5.59774212715389,5.21260672774606,0.000231964852030981,0.000941611465611376,0.000114803084541105,"FBXW7/DNM1L/SREBF2/TSPO/SLC25A4/BNIP3/SREBF1",7
"GO:0010631","epithelial cell migration","9/462","85/18842",0.105882352941176,4.31825821237586,4.86114035518395,0.000234437503020313,0.000950819698660781,0.000115925770060401,"PRKCE/HBEGF/MMP9/IL4/PTK2/MARVELD3/RTN4/PTEN/MTOR",9
"GO:0072524","pyridine-containing compound metabolic process","13/462","166/18842",0.0783132530120482,3.1938924529286,4.50119320497512,0.000235059533140388,0.000952512781811704,0.000116132194021036,"SLC25A13/PPARA/TP53/UCP2/ME1/ENO3/PKLR/LDHA/GCK/INS/IGF1/MTOR/INSR",13
"GO:0009135","purine nucleoside diphosphate metabolic process","10/462","104/18842",0.0961538461538462,3.92149517149517,4.73653154741723,0.000237859210382346,0.000962182870147875,0.000117311189826972,"PPARA/UCP2/ENO3/PKLR/LDHA/GCK/INS/IGF1/MTOR/INSR",10
"GO:0009179","purine ribonucleoside diphosphate metabolic process","10/462","104/18842",0.0961538461538462,3.92149517149517,4.73653154741723,0.000237859210382346,0.000962182870147875,0.000117311189826972,"PPARA/UCP2/ENO3/PKLR/LDHA/GCK/INS/IGF1/MTOR/INSR",10
"GO:0051898","negative regulation of phosphatidylinositol 3-kinase/protein kinase B signal transduction","8/462","68/18842",0.117647058823529,4.79806468041762,4.97437606529972,0.000250503229089599,0.00100967443036392,0.000123101452373245,"RACK1/PTPN1/SIRT1/PPARA/DDIT3/AIM2/PTEN/KLF4",8
"GO:0002675","positive regulation of acute inflammatory response","5/462","24/18842",0.208333333333333,8.49657287157287,5.82615272319295,0.000250683771799976,0.00100967443036392,0.000123101452373245,"TNF/PTGS2/IL6ST/IL1B/IL6",5
"GO:0035929","steroid hormone secretion","5/462","24/18842",0.208333333333333,8.49657287157287,5.82615272319295,0.000250683771799976,0.00100967443036392,0.000123101452373245,"AGTR1/RETN/AGT/SPP1/TSPO",5
"GO:0061082","myeloid leukocyte cytokine production","5/462","24/18842",0.208333333333333,8.49657287157287,5.82615272319295,0.000250683771799976,0.00100967443036392,0.000123101452373245,"WNT5A/SIRT1/RTN4/TGFB1/MIF",5
"GO:2000108","positive regulation of leukocyte apoptotic process","5/462","24/18842",0.208333333333333,8.49657287157287,5.82615272319295,0.000250683771799976,0.00100967443036392,0.000123101452373245,"IL10/SIRT1/TP53/CDKN2A/CCL5",5
"GO:0014742","positive regulation of muscle hypertrophy","6/462","37/18842",0.162162162162162,6.61354861354861,5.41878462885562,0.000256521530411296,0.00103140263004749,0.000125750596352795,"SLC9A1/IL6ST/AGT/PARP1/PRKCA/IGF1",6
"GO:0060688","regulation of morphogenesis of a branching structure","6/462","37/18842",0.162162162162162,6.61354861354861,5.41878462885562,0.000256521530411296,0.00103140263004749,0.000125750596352795,"TNF/AGT/RTN4/TGFB1/CTNNB1/VEGFA",6
"GO:0090277","positive regulation of peptide hormone secretion","10/462","105/18842",0.0952380952380952,3.88414759843331,4.69853333198963,0.000257252260342647,0.00103344825207538,0.000126000002532715,"JAK2/RAC1/FFAR1/PPARD/PRKCA/GCK/INS/NR1H4/RBP4/SCT",10
"GO:0007259","cell surface receptor signaling pathway via JAK-STAT","12/462","146/18842",0.0821917808219178,3.3520725849493,4.52327515594754,0.000259638213044059,0.00104034037859995,0.000126840303880952,"TNF/IL10/CCL2/JAK2/CCR2/RAC1/IL6ST/IL4/IL6/IL6R/OCIAD2/JAK1",12
"GO:0030162","regulation of proteolysis","12/462","146/18842",0.0821917808219178,3.3520725849493,4.52327515594754,0.000259638213044059,0.00104034037859995,0.000126840303880952,"TNF/NR1H3/IL10/PTPN1/HDAC2/NR1H2/VSIR/APOE/IL1B/SERPINE1/AKT1/FGFR4",12
"GO:0051170","import into nucleus","12/462","146/18842",0.0821917808219178,3.3520725849493,4.52327515594754,0.000259638213044059,0.00104034037859995,0.000126840303880952,"SMAD3/JAK2/ADAR/SQSTM1/CD36/CDH1/TGFB1/PRKCD/NFKBIA/CDKN1A/AKT1/TERT",12
"GO:0001656","metanephros development","8/462","69/18842",0.115942028985507,4.72852751113621,4.91920890516621,0.000277378837093097,0.0011098998511207,0.000135321128824231,"OSR2/MYC/LIF/PDGFRB/RET/ADIPOQ/PDGFB/EGR1",8
"GO:0002793","positive regulation of peptide secretion","10/462","106/18842",0.0943396226415094,3.8475046965613,4.66100052516705,0.000277951723884608,0.0011098998511207,0.000135321128824231,"JAK2/RAC1/FFAR1/PPARD/PRKCA/GCK/INS/NR1H4/RBP4/SCT",10
"GO:0006637","acyl-CoA metabolic process","10/462","106/18842",0.0943396226415094,3.8475046965613,4.66100052516705,0.000277951723884608,0.0011098998511207,0.000135321128824231,"ACACB/FASN/DGAT1/ACACA/HACD2/ACOT12/HMGCS2/SUCLG1/HMGCR/PDK4",10
"GO:0051224","negative regulation of protein transport","10/462","106/18842",0.0943396226415094,3.8475046965613,4.66100052516705,0.000277951723884608,0.0011098998511207,0.000135321128824231,"FOXO1/NR1H3/CD36/UCP2/APOE/IL1B/PIM3/NFKBIA/INS/HMGCR",10
"GO:0090132","epithelium migration","9/462","87/18842",0.103448275862069,4.21898790864308,4.77112336927166,0.000279740672458004,0.00111608617906124,0.000136075377848902,"PRKCE/HBEGF/MMP9/IL4/PTK2/MARVELD3/RTN4/PTEN/MTOR",9
"GO:0009437","carnitine metabolic process","4/462","14/18842",0.285714285714286,11.6524427952999,6.3213719170058,0.000293752898984123,0.00116302168169224,0.000141797844782785,"ACADM/CPT2/CPT1A/CROT",4
"GO:0010763","positive regulation of fibroblast migration","4/462","14/18842",0.285714285714286,11.6524427952999,6.3213719170058,0.000293752898984123,0.00116302168169224,0.000141797844782785,"PRKCE/PTK2/TGFB1/AKAP12",4
"GO:0010934","macrophage cytokine production","4/462","14/18842",0.285714285714286,11.6524427952999,6.3213719170058,0.000293752898984123,0.00116302168169224,0.000141797844782785,"WNT5A/SIRT1/RTN4/TGFB1",4
"GO:0010935","regulation of macrophage cytokine production","4/462","14/18842",0.285714285714286,11.6524427952999,6.3213719170058,0.000293752898984123,0.00116302168169224,0.000141797844782785,"WNT5A/SIRT1/RTN4/TGFB1",4
"GO:0035791","platelet-derived growth factor receptor-beta signaling pathway","4/462","14/18842",0.285714285714286,11.6524427952999,6.3213719170058,0.000293752898984123,0.00116302168169224,0.000141797844782785,"PTPN1/LOX/PDGFRB/PDGFB",4
"GO:0051547","regulation of keratinocyte migration","4/462","14/18842",0.285714285714286,11.6524427952999,6.3213719170058,0.000293752898984123,0.00116302168169224,0.000141797844782785,"HBEGF/MMP9/PTEN/MTOR",4
"GO:0071073","positive regulation of phospholipid biosynthetic process","4/462","14/18842",0.285714285714286,11.6524427952999,6.3213719170058,0.000293752898984123,0.00116302168169224,0.000141797844782785,"HTR2B/NR1H4/FABP3/PITPNM2",4
"GO:0097254","renal tubular secretion","4/462","14/18842",0.285714285714286,11.6524427952999,6.3213719170058,0.000293752898984123,0.00116302168169224,0.000141797844782785,"ABCG2/AGTR1/SPX/AGT",4
"GO:1900103","positive regulation of endoplasmic reticulum unfolded protein response","4/462","14/18842",0.285714285714286,11.6524427952999,6.3213719170058,0.000293752898984123,0.00116302168169224,0.000141797844782785,"BAX/PTPN1/ATF6/ERN1",4
"GO:0007369","gastrulation","11/462","127/18842",0.0866141732283465,3.53243344581927,4.53988858066591,0.000295867021476015,0.00116935478469932,0.000142569988906431,"RACK1/ITGB2/IL10/GPC3/MMP9/GJA1/APOA1/DUSP1/KLF4/ADIPOQ/MMP2",11
"GO:0060348","bone development","11/462","127/18842",0.0866141732283465,3.53243344581927,4.53988858066591,0.000295867021476015,0.00116935478469932,0.000142569988906431,"FBXW7/TP53/LEPR/GJA1/OSR2/TGM2/TGFB1/INPPL1/P3H1/IGF1/BGLAP",11
"GO:0006749","glutathione metabolic process","7/462","53/18842",0.132075471698113,5.38650657518582,5.06996656521401,0.000296105947414197,0.00116935478469932,0.000142569988906431,"GSTM1/GSR/ETHE1/GSTA1/GSTP1/GLO1/NFE2L2",7
"GO:0010984","regulation of lipoprotein particle clearance","6/462","38/18842",0.157894736842105,6.43950786056049,5.32140722303187,0.000298381327255385,0.00117336440853131,0.000143058849971289,"LDLR/FGF21/NR1H4/PCSK9/APOC1/LIPG",6
"GO:0032689","negative regulation of type II interferon production","6/462","38/18842",0.157894736842105,6.43950786056049,5.32140722303187,0.000298381327255385,0.00117336440853131,0.000143058849971289,"DDIT3/VSIR/IL1RL1/HMGB1/NR1H4/TLR4",6
"GO:0045124","regulation of bone resorption","6/462","38/18842",0.157894736842105,6.43950786056049,5.32140722303187,0.000298381327255385,0.00117336440853131,0.000143058849971289,"SPP1/IL6/PRKCA/MC4R/BGLAP/PDK4",6
"GO:0050873","brown fat cell differentiation","6/462","38/18842",0.157894736842105,6.43950786056049,5.32140722303187,0.000298381327255385,0.00117336440853131,0.000143058849971289,"PTGS2/PIM1/SIRT1/PPARG/INS/ADIPOQ",6
"GO:1902041","regulation of extrinsic apoptotic signaling pathway via death domain receptors","6/462","38/18842",0.157894736842105,6.43950786056049,5.32140722303187,0.000298381327255385,0.00117336440853131,0.000143058849971289,"GSK3B/LGALS3/HMOX1/SERPINE1/NOS3/ATF3",6
"GO:2000142","regulation of DNA-templated transcription initiation","9/462","88/18842",0.102272727272727,4.17104486422668,4.72712379423074,0.000304973995721405,0.00119827757306233,0.000146096311003037,"FOXO1/HNF1A/NFKB1/TP53/CEBPA/NFKBIA/MYC/HMGB1/JUN",9
"GO:0002828","regulation of type 2 immune response","5/462","25/18842",0.2,8.15670995670996,5.67686331546059,0.000307087863964209,0.00120252404929971,0.000146614049569618,"ARG2/CCR2/IL4/NLRP3/IL6",5
"GO:0030277","maintenance of gastrointestinal epithelium","5/462","25/18842",0.2,8.15670995670996,5.67686331546059,0.000307087863964209,0.00120252404929971,0.000146614049569618,"NR1I2/TLR9/HSPB1/TLR4/RBP4",5
"GO:0038096","Fc-gamma receptor signaling pathway involved in phagocytosis","5/462","25/18842",0.2,8.15670995670996,5.67686331546059,0.000307087863964209,0.00120252404929971,0.000146614049569618,"PRKCE/PTK2/NOS2/PRKCD/HCK",5
"GO:2000810","regulation of bicellular tight junction assembly","5/462","25/18842",0.2,8.15670995670996,5.67686331546059,0.000307087863964209,0.00120252404929971,0.000146614049569618,"TNF/TJP1/RAC1/GPBAR1/EPHA2",5
"GO:1905475","regulation of protein localization to membrane","13/462","171/18842",0.0760233918128655,3.10050378471431,4.37459591577461,0.000314138499181237,0.0012290998757881,0.000149854225551454,"RACK1/TNF/AR/PRKCE/GPC3/SQSTM1/TGFB1/LGALS3/AKT1/INS/ADAM10/EGFR/EPHA2",13
"GO:0002637","regulation of immunoglobulin production","7/462","54/18842",0.12962962962963,5.28675645342312,5.0013312922536,0.000333124178323675,0.00130119645492872,0.000158644379423286,"TNF/IL10/TLR9/IL4/IL6/TGFB1/RBP4",7
"GO:1904894","positive regulation of receptor signaling pathway via STAT","7/462","54/18842",0.12962962962963,5.28675645342312,5.0013312922536,0.000333124178323675,0.00130119645492872,0.000158644379423286,"IL10/JAK2/IL6/TGFB1/OCIAD2/LIF/CCL5",7
"GO:0002418","immune response to tumor cell","6/462","39/18842",0.153846153846154,6.27439227439228,5.22746779749976,0.000345414606755592,0.00134244608435228,0.000163673613738024,"AHR/MAPK3/TGFB1/HMGB1/PVR/GSDME",6
"GO:0032309","icosanoid secretion","6/462","39/18842",0.153846153846154,6.27439227439228,5.22746779749976,0.000345414606755592,0.00134244608435228,0.000163673613738024,"ACE/NOS2/IL1B/CYP4A11/PLA2G12B/MIF",6
"GO:0032733","positive regulation of interleukin-10 production","6/462","39/18842",0.153846153846154,6.27439227439228,5.22746779749976,0.000345414606755592,0.00134244608435228,0.000163673613738024,"TLR9/IL6ST/IL4/IL6/HMGB1/TLR4",6
"GO:0045981","positive regulation of nucleotide metabolic process","6/462","39/18842",0.153846153846154,6.27439227439228,5.22746779749976,0.000345414606755592,0.00134244608435228,0.000163673613738024,"PPARA/IL4/INS/IGF1/MTOR/INSR",6
"GO:1900544","positive regulation of purine nucleotide metabolic process","6/462","39/18842",0.153846153846154,6.27439227439228,5.22746779749976,0.000345414606755592,0.00134244608435228,0.000163673613738024,"PPARA/IL4/INS/IGF1/MTOR/INSR",6
"GO:2000403","positive regulation of lymphocyte migration","6/462","39/18842",0.153846153846154,6.27439227439228,5.22746779749976,0.000345414606755592,0.00134244608435228,0.000163673613738024,"CCR2/WNT5A/CXCL10/CCL5/ADAM10/CCL20",6
"GO:0019722","calcium-mediated signaling","15/462","219/18842",0.0684931506849315,2.79339382079108,4.23226754328285,0.000346845295820197,0.00134575974778237,0.000164077621969442,"TNF/CCR2/SLC9A1/AVPR1A/CX3CR1/HTR2B/AGTR1/CXCR2/TRPV1/GSK3B/PDGFRB/ATP1A2/IGF1/ITPR1/CCL20",15
"GO:1901873","regulation of post-translational protein modification","15/462","219/18842",0.0684931506849315,2.79339382079108,4.23226754328285,0.000346845295820197,0.00134575974778237,0.000164077621969442,"FBXW7/PRKCE/RELA/SQSTM1/KDM1A/HDAC8/TSPO/GSK3B/CDKN2A/CTNNB1/HSPA5/AKT1/P3H1/TRIB3/EGR1",15
"GO:1902106","negative regulation of leukocyte differentiation","10/462","109/18842",0.0917431192660551,3.7416100718853,4.5510905697669,0.000348585365849322,0.00135138506527431,0.000164763471519052,"FBXW7/GPR55/IL4/TLR3/CDKN2A/TRIB1/MYC/HMGB1/TLR4/ADIPOQ",10
"GO:0055074","calcium ion homeostasis","14/462","196/18842",0.0714285714285714,2.91311069882498,4.26850215703444,0.000354868196188273,0.00137459760520183,0.000167593589121733,"BAX/STC2/CCR2/WNT5A/BCL2/STOML2/HTR2B/ELANE/TGM2/CCL5/FGF23/BNIP3/ITPR1/CNR1",14
"GO:0002705","positive regulation of leukocyte mediated immunity","11/462","130/18842",0.0846153846153846,3.45091575091575,4.44570011133154,0.000362064855616038,0.00140130836886806,0.00017085021690434,"ITGB2/B2M/AP1G1/IL4/NLRP3/NOS2/IL1B/IL6/TGFB1/CADM1/PVR",11
"GO:0048709","oligodendrocyte differentiation","8/462","72/18842",0.111111111111111,4.53150553150553,4.75986035744389,0.000372468099669589,0.00143851407727994,0.000175386408575974,"LPAR1/HDAC2/TGFB1/PRMT5/PTEN/GSTP1/CLU/BNIP3",8
"GO:0050818","regulation of coagulation","8/462","72/18842",0.111111111111111,4.53150553150553,4.75986035744389,0.000372468099669589,0.00143851407727994,0.000175386408575974,"SERPINB2/CD36/APOE/PRKCD/SERPINE1/NOS3/PDGFB/NFE2L2",8
"GO:0002726","positive regulation of T cell cytokine production","5/462","26/18842",0.192307692307692,7.84299034299034,5.53565681360336,0.000372604806099571,0.00143851407727994,0.000175386408575974,"B2M/IL4/NLRP3/IL1B/IL6",5
"GO:0009395","phospholipid catabolic process","7/462","55/18842",0.127272727272727,5.19063360881543,4.93437927334331,0.000373761134395177,0.00144178280177626,0.000175784937765982,"PRDX6/LDLR/LIPC/PRKCD/SCARB1/APOC1/LIPG",7
"GO:0046777","protein autophosphorylation","10/462","110/18842",0.0909090909090909,3.70759543486816,4.51531704859695,0.000375219579733041,0.00144621056559357,0.000176324779263682,"NRG1/JAK2/IGF1R/MAPK3/GSK3B/PDGFRB/VEGFA/FGFR4/INSR/HCK",10
"GO:0050680","negative regulation of epithelial cell proliferation","11/462","131/18842",0.083969465648855,3.42457288258815,4.41491758666028,0.000386723429739118,0.00148826539006466,0.000181452184510368,"FBXW7/TNF/CCL2/B2M/PPARG/VDR/MARVELD3/APOE/ENG/TGFB1/ALOX5",11
"GO:0090130","tissue migration","9/462","91/18842",0.0989010989010989,4.03353789068075,4.59894390330344,0.000392208481216101,0.00148826539006466,0.000181452184510368,"PRKCE/HBEGF/MMP9/IL4/PTK2/MARVELD3/RTN4/PTEN/MTOR",9
"GO:0006874","intracellular calcium ion homeostasis","13/462","175/18842",0.0742857142857143,3.02963512677798,4.27661288623663,0.000392775794303944,0.00148826539006466,0.000181452184510368,"BAX/STC2/CCR2/WNT5A/BCL2/STOML2/HTR2B/ELANE/TGM2/CCL5/BNIP3/ITPR1/CNR1",13
"GO:1901292","nucleoside phosphate catabolic process","13/462","175/18842",0.0742857142857143,3.02963512677798,4.27661288623663,0.000392775794303944,0.00148826539006466,0.000181452184510368,"PPARA/UCP2/XDH/ENO3/PKLR/SUCLG1/LDHA/GCK/INS/IGF1/MTOR/INSR/PDE4A",13
"GO:0010896","regulation of triglyceride catabolic process","4/462","15/18842",0.266666666666667,10.8756132756133,6.0662366991238,0.000392843248365435,0.00148826539006466,0.000181452184510368,"APOA5/PLIN5/PLIN1/APOC1",4
"GO:0031392","regulation of prostaglandin biosynthetic process","4/462","15/18842",0.266666666666667,10.8756132756133,6.0662366991238,0.000392843248365435,0.00148826539006466,0.000181452184510368,"PTGS2/AVPR1A/SIRT1/IL1B",4
"GO:0033194","response to hydroperoxide","4/462","15/18842",0.266666666666667,10.8756132756133,6.0662366991238,0.000392843248365435,0.00148826539006466,0.000181452184510368,"JAK2/CD36/PRKCD/GPX3",4
"GO:0034145","positive regulation of toll-like receptor 4 signaling pathway","4/462","15/18842",0.266666666666667,10.8756132756133,6.0662366991238,0.000392843248365435,0.00148826539006466,0.000181452184510368,"NR1H3/CD36/HMGB1/CD14",4
"GO:0044241","lipid digestion","4/462","15/18842",0.266666666666667,10.8756132756133,6.0662366991238,0.000392843248365435,0.00148826539006466,0.000181452184510368,"LDLR/CD36/ABCG8/NPC1L1",4
"GO:0045346","regulation of MHC class II biosynthetic process","4/462","15/18842",0.266666666666667,10.8756132756133,6.0662366991238,0.000392843248365435,0.00148826539006466,0.000181452184510368,"IL10/JAK2/SIRT1/IL4",4
"GO:0045651","positive regulation of macrophage differentiation","4/462","15/18842",0.266666666666667,10.8756132756133,6.0662366991238,0.000392843248365435,0.00148826539006466,0.000181452184510368,"TGFB1/TRIB1/LIF/PRKCA",4
"GO:0051791","medium-chain fatty acid metabolic process","4/462","15/18842",0.266666666666667,10.8756132756133,6.0662366991238,0.000392843248365435,0.00148826539006466,0.000181452184510368,"ACADM/CYP4A11/CROT/CES1",4
"GO:0060252","positive regulation of glial cell proliferation","4/462","15/18842",0.266666666666667,10.8756132756133,6.0662366991238,0.000392843248365435,0.00148826539006466,0.000181452184510368,"TNF/TSPO/IL1B/IL6",4
"GO:0071501","cellular response to sterol depletion","4/462","15/18842",0.266666666666667,10.8756132756133,6.0662366991238,0.000392843248365435,0.00148826539006466,0.000181452184510368,"FBXW7/SREBF2/NPC1L1/SREBF1",4
"GO:0072109","glomerular mesangium development","4/462","15/18842",0.266666666666667,10.8756132756133,6.0662366991238,0.000392843248365435,0.00148826539006466,0.000181452184510368,"IL6R/PDGFRB/PDGFB/EGR1",4
"GO:0072224","metanephric glomerulus development","4/462","15/18842",0.266666666666667,10.8756132756133,6.0662366991238,0.000392843248365435,0.00148826539006466,0.000181452184510368,"PDGFRB/RET/PDGFB/EGR1",4
"GO:0072574","hepatocyte proliferation","4/462","15/18842",0.266666666666667,10.8756132756133,6.0662366991238,0.000392843248365435,0.00148826539006466,0.000181452184510368,"FBXW7/TNF/RTN4/IL6",4
"GO:1902166","negative regulation of intrinsic apoptotic signaling pathway in response to DNA damage by p53 class mediator","4/462","15/18842",0.266666666666667,10.8756132756133,6.0662366991238,0.000392843248365435,0.00148826539006466,0.000181452184510368,"SIRT1/BCL2/KDM1A/MIF",4
"GO:1903377","negative regulation of oxidative stress-induced neuron intrinsic apoptotic signaling pathway","4/462","15/18842",0.266666666666667,10.8756132756133,6.0662366991238,0.000392843248365435,0.00148826539006466,0.000181452184510368,"IL10/CTNNB1/AKT1/ATF4",4
"GO:2001138","regulation of phospholipid transport","4/462","15/18842",0.266666666666667,10.8756132756133,6.0662366991238,0.000392843248365435,0.00148826539006466,0.000181452184510368,"ABCB4/APOE/APOA1/CETP",4
"GO:2001140","positive regulation of phospholipid transport","4/462","15/18842",0.266666666666667,10.8756132756133,6.0662366991238,0.000392843248365435,0.00148826539006466,0.000181452184510368,"ABCB4/APOE/APOA1/CETP",4
"GO:0002040","sprouting angiogenesis","14/462","198/18842",0.0707070707070707,2.88368533823079,4.22446400950924,0.000393296827496378,0.00148877238115702,0.000181513997841412,"IL10/PTGS2/TJP1/AGTR1/RTN4/TGM2/TGFB1/ALOX5/HMOX1/AKT1/JAK1/VEGFA/HMGB1/KLF4",14
"GO:0002369","T cell cytokine production","6/462","40/18842",0.15,6.11753246753247,5.13675422957466,0.000398056180817025,0.00149947376851462,0.000182818731611538,"B2M/CCR2/IL4/NLRP3/IL1B/IL6",6
"GO:0002724","regulation of T cell cytokine production","6/462","40/18842",0.15,6.11753246753247,5.13675422957466,0.000398056180817025,0.00149947376851462,0.000182818731611538,"B2M/CCR2/IL4/NLRP3/IL1B/IL6",6
"GO:0032366","intracellular sterol transport","6/462","40/18842",0.15,6.11753246753247,5.13675422957466,0.000398056180817025,0.00149947376851462,0.000182818731611538,"LDLR/ABCA1/SYT7/ABCG1/PCSK9/CES1",6
"GO:0032367","intracellular cholesterol transport","6/462","40/18842",0.15,6.11753246753247,5.13675422957466,0.000398056180817025,0.00149947376851462,0.000182818731611538,"LDLR/ABCA1/SYT7/ABCG1/PCSK9/CES1",6
"GO:0044060","regulation of endocrine process","6/462","40/18842",0.15,6.11753246753247,5.13675422957466,0.000398056180817025,0.00149947376851462,0.000182818731611538,"AGTR1/GJA1/RETN/AGT/SPP1/TSPO",6
"GO:0070228","regulation of lymphocyte apoptotic process","6/462","40/18842",0.15,6.11753246753247,5.13675422957466,0.000398056180817025,0.00149947376851462,0.000182818731611538,"ARG2/IL10/TP53/LGALS3/CCL5/MIF",6
"GO:0009166","nucleotide catabolic process","12/462","153/18842",0.0784313725490196,3.19870978694508,4.32933110789707,0.000399202514072263,0.00150257631812486,0.000183197000439187,"PPARA/UCP2/XDH/ENO3/PKLR/LDHA/GCK/INS/IGF1/MTOR/INSR/PDE4A",12
"GO:0007272","ensheathment of neurons","10/462","111/18842",0.0900900900900901,3.67419367419367,4.47995935317638,0.000403527191886851,0.00151517952050418,0.000184733607161899,"LPAR1/TNF/MAPK3/ERBB3/TGFB1/PTEN/PPARD/CLU/IGF1/S100B",10
"GO:0008366","axon ensheathment","10/462","111/18842",0.0900900900900901,3.67419367419367,4.47995935317638,0.000403527191886851,0.00151517952050418,0.000184733607161899,"LPAR1/TNF/MAPK3/ERBB3/TGFB1/PTEN/PPARD/CLU/IGF1/S100B",10
"GO:1901796","regulation of signal transduction by p53 class mediator","10/462","111/18842",0.0900900900900901,3.67419367419367,4.47995935317638,0.000403527191886851,0.00151517952050418,0.000184733607161899,"SIRT1/BCL2/KDM1A/PPP1R15A/CDKN2A/PRMT5/AKT1/MYC/MTOR/MIF",10
"GO:0002443","leukocyte mediated immunity","23/462","429/18842",0.0536130536130536,2.1865306410761,3.94135484336269,0.000408728750895045,0.00153347386314853,0.000186964088673571,"AHR/ITGB2/IL10/B2M/CCR2/CX3CR1/AP1G1/MAPK3/ACE/ELANE/IL4/NLRP3/C3/TREM1/NOS2/IL1B/IL6/TGFB1/IL6R/CLU/CADM1/HMGB1/PVR",23
"GO:0140374","antiviral innate immune response","8/462","73/18842",0.10958904109589,4.46943011326573,4.70868041898509,0.000409496895912891,0.00153511879820485,0.000187164642325721,"TNF/IFIT2/RELA/CXCL10/USP18/OAS1/IFIT3/OAS2",8
"GO:0002065","columnar/cuboidal epithelial cell differentiation","7/462","56/18842",0.125,5.09794372294372,4.86903676122026,0.000418269350919905,0.00156548400151373,0.000190866826432319,"TLR9/TJP1/IL6ST/TGFB1/CTNNB1/SERPINE1/YAP1",7
"GO:0010656","negative regulation of muscle cell apoptotic process","7/462","56/18842",0.125,5.09794372294372,4.86903676122026,0.000418269350919905,0.00156548400151373,0.000190866826432319,"NRG1/JAK2/ESR1/GPR35/NOL3/IGF1/NFE2L2",7
"GO:0016525","negative regulation of angiogenesis","12/462","154/18842",0.0779220779220779,3.17793894417271,4.30253941389262,0.000423547239632492,0.00158269337698947,0.000192965026655867,"TNF/CCR2/RELA/GTF2I/CD36/PPARG/CXCL10/THBS2/CTNNB1/ALOX5/SERPINE1/KLF4",12
"GO:1904375","regulation of protein localization to cell periphery","12/462","154/18842",0.0779220779220779,3.17793894417271,4.30253941389262,0.000423547239632492,0.00158269337698947,0.000192965026655867,"RACK1/TNF/AR/PRKCE/SQSTM1/TGFB1/LGALS3/AKT1/INS/ADAM10/EGFR/EPHA2",12
"GO:0010818","T cell chemotaxis","5/462","27/18842",0.185185185185185,7.55250921917589,5.40178905347011,0.000448153333603342,0.00167061803143087,0.000203684969971903,"CCR2/WNT5A/CXCL10/CCL5/ADAM10",5
"GO:0045671","negative regulation of osteoclast differentiation","5/462","27/18842",0.185185185185185,7.55250921917589,5.40178905347011,0.000448153333603342,0.00167061803143087,0.000203684969971903,"FBXW7/GPR55/IL4/TLR3/TLR4",5
"GO:0071295","cellular response to vitamin","5/462","27/18842",0.185185185185185,7.55250921917589,5.40178905347011,0.000448153333603342,0.00167061803143087,0.000203684969971903,"PIM1/VDR/CYP24A1/FGF23/BGLAP",5
"GO:0046470","phosphatidylcholine metabolic process","8/462","74/18842",0.108108108108108,4.40903240903241,4.65841527889373,0.000449462309088804,0.00167281895373099,0.000203953310660305,"NR1H3/LDLR/NR1H2/LIPC/APOA1/SCARB1/CETP/APOC1",8
"GO:0070373","negative regulation of ERK1 and ERK2 cascade","8/462","74/18842",0.108108108108108,4.40903240903241,4.65841527889373,0.000449462309088804,0.00167281895373099,0.000203953310660305,"PTPN1/DUSP1/GSTP1/ATF3/TLR4/KLF4/ADIPOQ/SPRY4",8
"GO:0045776","negative regulation of blood pressure","6/462","41/18842",0.146341463414634,5.96832435856826,5.04907246538774,0.000456758891332991,0.00169861773006902,0.000207098747190295,"TNF/PPARA/NOS2/NOS3/SOD2/ADIPOQ",6
"GO:0001763","morphogenesis of a branching structure","9/462","93/18842",0.0967741935483871,3.94679514034353,4.51650581530245,0.000461057536953481,0.00171050509327124,0.000208548077420986,"TNF/AGT/RTN4/ENG/TGFB1/CTNNB1/MYC/VEGFA/EPHA2",9
"GO:0051928","positive regulation of calcium ion transport","9/462","93/18842",0.0967741935483871,3.94679514034353,4.51650581530245,0.000461057536953481,0.00171050509327124,0.000208548077420986,"CCL2/CXCL10/FFAR1/TSPO/LGALS3/CCL5/PDGFRB/PDGFB/CXCL9",9
"GO:0070167","regulation of biomineral tissue development","9/462","93/18842",0.0967741935483871,3.94679514034353,4.51650581530245,0.000461057536953481,0.00171050509327124,0.000208548077420986,"SMAD3/VDR/AHSG/OSR2/TGFB1/ALOX5/NOS3/FGF23/BGLAP",9
"GO:0035265","organ growth","10/462","113/18842",0.0884955752212389,3.60916369765927,4.41045569073068,0.000465489058643488,0.00172557090528987,0.000210384930256812,"ACACB/NRG1/PIM1/PPARA/LEPR/PTEN/YAP1/IGF2/IGF1/RBP4",10
"GO:2000181","negative regulation of blood vessel morphogenesis","12/462","156/18842",0.0769230769230769,3.13719613719614,4.24960648914372,0.00047601071379317,0.00176317094942005,0.000214969200099176,"TNF/CCR2/RELA/GTF2I/CD36/PPARG/CXCL10/THBS2/CTNNB1/ALOX5/SERPINE1/KLF4",12
"GO:0050766","positive regulation of phagocytosis","8/462","75/18842",0.106666666666667,4.35024531024531,4.6090351654403,0.000492535439831248,0.00182292925902567,0.000222255048371248,"CCL2/CFB/AHSG/C3/MERTK/APOA1/RAB27A/SLC11A1",8
"GO:0042093","T-helper cell differentiation","9/462","94/18842",0.0957446808510638,3.90480795799945,4.4761444075182,0.000499033911477458,0.00184361735153402,0.000224777380479521,"IL10/IL6ST/NLRP3/IL6/IL6R/RORA/JAK1/HMGB1/MTOR",9
"GO:1903707","negative regulation of hemopoiesis","10/462","114/18842",0.087719298245614,3.57750436697805,4.37629252740764,0.000499313032707129,0.00184361735153402,0.000224777380479521,"FBXW7/GPR55/IL4/TLR3/CDKN2A/TRIB1/MYC/HMGB1/TLR4/ADIPOQ",10
"GO:1904950","negative regulation of establishment of protein localization","10/462","114/18842",0.087719298245614,3.57750436697805,4.37629252740764,0.000499313032707129,0.00184361735153402,0.000224777380479521,"FOXO1/NR1H3/CD36/UCP2/APOE/IL1B/PIM3/NFKBIA/INS/HMGCR",10
"GO:0061448","connective tissue development","14/462","203/18842",0.0689655172413793,2.81265860576205,4.11673527774451,0.000505241847730022,0.00186403014503247,0.000227266147601958,"SMAD3/WNT5A/SIRT1/PPARG/PARP1/OSR2/TGFB1/IL6R/HMGCS2/EFEMP1/PDGFRB/NR1H4/PDGFB/EGR1",14
"GO:0006309","apoptotic DNA fragmentation","4/462","16/18842",0.25,10.1958874458874,5.8341127793556,0.000513693000568739,0.00188475540634204,0.000229793011402108,"BAX/IL6/CASP3/CIDEA",4
"GO:0034638","phosphatidylcholine catabolic process","4/462","16/18842",0.25,10.1958874458874,5.8341127793556,0.000513693000568739,0.00188475540634204,0.000229793011402108,"LDLR/LIPC/SCARB1/APOC1",4
"GO:1902165","regulation of intrinsic apoptotic signaling pathway in response to DNA damage by p53 class mediator","4/462","16/18842",0.25,10.1958874458874,5.8341127793556,0.000513693000568739,0.00188475540634204,0.000229793011402108,"SIRT1/BCL2/KDM1A/MIF",4
"GO:1903897","regulation of PERK-mediated unfolded protein response","4/462","16/18842",0.25,10.1958874458874,5.8341127793556,0.000513693000568739,0.00188475540634204,0.000229793011402108,"PTPN1/PPP1R15A/HSPA5/AKT1",4
"GO:1905288","vascular associated smooth muscle cell apoptotic process","4/462","16/18842",0.25,10.1958874458874,5.8341127793556,0.000513693000568739,0.00188475540634204,0.000229793011402108,"MFN2/PPARG/SOD2/IGF1",4
"GO:1905459","regulation of vascular associated smooth muscle cell apoptotic process","4/462","16/18842",0.25,10.1958874458874,5.8341127793556,0.000513693000568739,0.00188475540634204,0.000229793011402108,"MFN2/PPARG/SOD2/IGF1",4
"GO:2000193","positive regulation of fatty acid transport","4/462","16/18842",0.25,10.1958874458874,5.8341127793556,0.000513693000568739,0.00188475540634204,0.000229793011402108,"IL1B/CYP4A11/FABP3/MIF",4
"GO:0014855","striated muscle cell proliferation","7/462","58/18842",0.120689655172414,4.92215256008359,4.74290743105609,0.000519958829231132,0.0019032455258649,0.000232047362408103,"NRG1/JAK2/PIM1/FOS/PPARD/YAP1/RBP4",7
"GO:0030888","regulation of B cell proliferation","7/462","58/18842",0.120689655172414,4.92215256008359,4.74290743105609,0.000519958829231132,0.0019032455258649,0.000232047362408103,"AHR/IL10/TLR9/BCL2/IL4/CDKN2A/MIF",7
"GO:0043470","regulation of carbohydrate catabolic process","7/462","58/18842",0.120689655172414,4.92215256008359,4.74290743105609,0.000519958829231132,0.0019032455258649,0.000232047362408103,"PPARA/TP53/GCK/INS/IGF1/MTOR/INSR",7
"GO:0014911","positive regulation of smooth muscle cell migration","6/462","42/18842",0.142857142857143,5.82622139764997,4.9642445812192,0.000521993232001974,0.00190619646133427,0.000232407146147509,"LPAR1/TERT/CCL5/PDGFRB/IGF1/PDGFB",6
"GO:0032728","positive regulation of interferon-beta production","6/462","42/18842",0.142857142857143,5.82622139764997,4.9642445812192,0.000521993232001974,0.00190619646133427,0.000232407146147509,"TLR9/TLR3/OAS1/HMGB1/TLR4/OAS2",6
"GO:2001238","positive regulation of extrinsic apoptotic signaling pathway","6/462","42/18842",0.142857142857143,5.82622139764997,4.9642445812192,0.000521993232001974,0.00190619646133427,0.000232407146147509,"TNF/AGT/ATF3/RET/TLR4/TNFSF10",6
"GO:1901343","negative regulation of vasculature development","12/462","158/18842",0.0759493670886076,3.09748479368733,4.19751874422573,0.000533846009573179,0.00194492249125074,0.000237128698346914,"TNF/CCR2/RELA/GTF2I/CD36/PPARG/CXCL10/THBS2/CTNNB1/ALOX5/SERPINE1/KLF4",12
"GO:0002295","T-helper cell lineage commitment","5/462","28/18842",0.178571428571429,7.28277674706246,5.27460913496429,0.000534686595532849,0.00194492249125074,0.000237128698346914,"IL6ST/IL6/IL6R/JAK1/MTOR",5
"GO:0007595","lactation","5/462","28/18842",0.178571428571429,7.28277674706246,5.27460913496429,0.000534686595532849,0.00194492249125074,0.000237128698346914,"PPARA/SLC29A1/SLC22A4/VEGFA/OAS2",5
"GO:0009409","response to cold","5/462","28/18842",0.178571428571429,7.28277674706246,5.27460913496429,0.000534686595532849,0.00194492249125074,0.000237128698346914,"FOXO1/SLC9A1/UCP2/NFKBIA/CIDEA",5
"GO:1902230","negative regulation of intrinsic apoptotic signaling pathway in response to DNA damage","5/462","28/18842",0.178571428571429,7.28277674706246,5.27460913496429,0.000534686595532849,0.00194492249125074,0.000237128698346914,"SIRT1/BCL2/KDM1A/CLU/MIF",5
"GO:0030198","extracellular matrix organization","17/462","278/18842",0.0611510791366906,2.49395808028902,3.97855383210499,0.000537056068362965,0.00195201643582979,0.000237993605741293,"SMAD3/ADAMTSL2/P4HA1/MMP9/PPARG/ELANE/AGT/LOX/IL6/ENG/TGM2/TGFB1/MFAP4/FGFR4/ADAM10/MMP2/MMP1",17
"GO:0014013","regulation of gliogenesis","8/462","76/18842",0.105263157894737,4.29300524037366,4.56051166607369,0.000538893305363737,0.00195411778019748,0.000238249805696267,"TNF/HDAC2/LDLR/TSPO/IL1B/IL6/TGFB1/PRMT5",8
"GO:1903036","positive regulation of response to wounding","8/462","76/18842",0.105263157894737,4.29300524037366,4.56051166607369,0.000538893305363737,0.00195411778019748,0.000238249805696267,"PRKCE/HBEGF/CD36/PTK2/SERPINE1/HMGB1/MTOR/NFE2L2",8
"GO:1904377","positive regulation of protein localization to cell periphery","8/462","76/18842",0.105263157894737,4.29300524037366,4.56051166607369,0.000538893305363737,0.00195411778019748,0.000238249805696267,"RACK1/TNF/PRKCE/SQSTM1/LGALS3/AKT1/EGFR/EPHA2",8
"GO:0070098","chemokine-mediated signaling pathway","9/462","95/18842",0.0947368421052632,3.8637047163363,4.43633523756572,0.000539540006118325,0.00195494028676025,0.000238350087281518,"CCL2/JAK2/CCR2/CX3CR1/CXCR2/GPR35/CXCL10/CCL5/CXCL9",9
"GO:0043062","extracellular structure organization","17/462","279/18842",0.0609318996415771,2.48501916243852,3.96196182007441,0.000559300541524404,0.00202496370243983,0.000246887477068823,"SMAD3/ADAMTSL2/P4HA1/MMP9/PPARG/ELANE/AGT/LOX/IL6/ENG/TGM2/TGFB1/MFAP4/FGFR4/ADAM10/MMP2/MMP1",17
"GO:0045600","positive regulation of fat cell differentiation","7/462","59/18842",0.11864406779661,4.83872624550591,4.68199426724889,0.000577694117817149,0.00208831041347566,0.000254610830158757,"PTGS2/PIM1/PPARG/RARRES2/PPARD/AKT1/INS",7
"GO:0060420","regulation of heart growth","7/462","59/18842",0.11864406779661,4.83872624550591,4.68199426724889,0.000577694117817149,0.00208831041347566,0.000254610830158757,"ACACB/NRG1/PIM1/PPARA/YAP1/IGF1/RBP4",7
"GO:0045229","external encapsulating structure organization","17/462","280/18842",0.0607142857142857,2.47614409400124,3.94544136765595,0.000582332595508514,0.00210151864336227,0.000256221203001154,"SMAD3/ADAMTSL2/P4HA1/MMP9/PPARG/ELANE/AGT/LOX/IL6/ENG/TGM2/TGFB1/MFAP4/FGFR4/ADAM10/MMP2/MMP1",17
"GO:0046330","positive regulation of JNK cascade","9/462","96/18842",0.09375,3.82345779220779,4.39706432584247,0.000582702012152209,0.00210151864336227,0.000256221203001154,"TNF/PTPN1/TLR9/WNT5A/ERBB3/TLR3/IL1B/ERN1/HMGB1",9
"GO:0060395","SMAD protein signal transduction","9/462","96/18842",0.09375,3.82345779220779,4.39706432584247,0.000582702012152209,0.00210151864336227,0.000256221203001154,"SMAD3/JAK2/PPARG/FOS/PARP1/ENG/TGFB1/GDF15/JUN",9
"GO:1901136","carbohydrate derivative catabolic process","16/462","255/18842",0.0627450980392157,2.55896782955606,3.97377069857343,0.0005878772114241,0.0021182959325868,0.000258266722436248,"SLC9A1/PPARA/UCP2/XDH/TGFB1/PRKCD/ENO3/PKLR/LDHA/FBXO2/GCK/INS/IGF1/MTOR/INSR/PDE4A",16
"GO:0035270","endocrine system development","8/462","77/18842",0.103896103896104,4.23725192556361,4.51281764826373,0.000588718843807415,0.0021182959325868,0.000258266722436248,"SMAD3/TSPO/GSK3B/CDH1/IL6/IL6R/AKT1/INSR",8
"GO:0048754","branching morphogenesis of an epithelial tube","8/462","77/18842",0.103896103896104,4.23725192556361,4.51281764826373,0.000588718843807415,0.0021182959325868,0.000258266722436248,"TNF/AGT/ENG/TGFB1/CTNNB1/MYC/VEGFA/EPHA2",8
"GO:0010761","fibroblast migration","6/462","43/18842",0.13953488372093,5.69072787677439,4.88210709354106,0.000594246922772152,0.00213653565438389,0.000260490544468956,"PRKCE/RAC1/PTK2/TGFB1/AKT1/AKAP12",6
"GO:0051899","membrane depolarization","9/462","97/18842",0.0927835051546392,3.78404070156647,4.35831819159303,0.000628650000651741,0.00225848333567477,0.000275358640786941,"RACK1/ALB/IFI6/B2M/BCL2/TSPO/PARP1/CDKN2A/ATP1A2",9
"GO:0006783","heme biosynthetic process","5/462","29/18842",0.172413793103448,7.03164651440513,5.15354487369475,0.000633189816757112,0.00226431012812682,0.000276069054551966,"ALB/ALAS1/FECH/TSPO/COX15",5
"GO:0034162","toll-like receptor 9 signaling pathway","5/462","29/18842",0.172413793103448,7.03164651440513,5.15354487369475,0.000633189816757112,0.00226431012812682,0.000276069054551966,"TLR9/RTN4/HMGB1/NR1H4/EGFR",5
"GO:0035357","peroxisome proliferator activated receptor signaling pathway","5/462","29/18842",0.172413793103448,7.03164651440513,5.15354487369475,0.000633189816757112,0.00226431012812682,0.000276069054551966,"SIRT1/PPARA/PPARG/ALOX15/PLIN5",5
"GO:0036336","dendritic cell migration","5/462","29/18842",0.172413793103448,7.03164651440513,5.15354487369475,0.000633189816757112,0.00226431012812682,0.000276069054551966,"CCR2/CXCR2/ALOX5/CCL5/HMGB1",5
"GO:0043032","positive regulation of macrophage activation","5/462","29/18842",0.172413793103448,7.03164651440513,5.15354487369475,0.000633189816757112,0.00226431012812682,0.000276069054551966,"IL10/WNT5A/CEBPA/IL1RL1/TLR4",5
"GO:1902882","regulation of response to oxidative stress","5/462","29/18842",0.172413793103448,7.03164651440513,5.15354487369475,0.000633189816757112,0.00226431012812682,0.000276069054551966,"FADS2/CD36/SESN2/ALOX5/NFE2L2",5
"GO:0006650","glycerophospholipid metabolic process","18/462","308/18842",0.0584415584415584,2.38345420812953,3.88110843424709,0.000635680324142199,0.00227147167245286,0.000276942203837774,"NR1H3/HADHA/PNPLA3/PRDX6/LDLR/HTR2B/NR1H2/LIPC/ALOX15/APOA1/SCARB1/INPPL1/PTEN/CETP/NR1H4/PITPNM2/APOC1/PDGFB",18
"GO:0032613","interleukin-10 production","7/462","60/18842",0.116666666666667,4.75808080808081,4.62243731508777,0.000640408565328463,0.00228136364205763,0.000278148251835583,"TLR9/IL6ST/IL4/VSIR/IL6/HMGB1/TLR4",7
"GO:0032653","regulation of interleukin-10 production","7/462","60/18842",0.116666666666667,4.75808080808081,4.62243731508777,0.000640408565328463,0.00228136364205763,0.000278148251835583,"TLR9/IL6ST/IL4/VSIR/IL6/HMGB1/TLR4",7
"GO:0034113","heterotypic cell-cell adhesion","7/462","60/18842",0.116666666666667,4.75808080808081,4.62243731508777,0.000640408565328463,0.00228136364205763,0.000278148251835583,"TNF/ITGB2/IL10/APOA1/IL1B/KLF4/ADIPOQ",7
"GO:0071384","cellular response to corticosteroid stimulus","7/462","60/18842",0.116666666666667,4.75808080808081,4.62243731508777,0.000640408565328463,0.00228136364205763,0.000278148251835583,"PCK1/CASP9/UGT1A1/TGFB1/GSTP1/HMGCS2/PCK2",7
"GO:0006816","calcium ion transport","22/462","416/18842",0.0528846153846154,2.15682234432234,3.78266611859574,0.000650725288221669,0.00231634322779823,0.000282413030340998,"CCL2/TLR9/BCL2/DDIT3/HTR2B/GPR35/CXCL10/TRPV1/FFAR1/TSPO/UCP2/TGFB1/CTNNB1/NOL3/LGALS3/CCL5/PDGFRB/GCK/ATP1A2/ITPR1/PDGFB/CXCL9",22
"GO:0002523","leukocyte migration involved in inflammatory response","4/462","17/18842",0.235294117647059,9.59612936083524,5.62160231973894,0.000658812646784387,0.00231854246668791,0.000282681165784754,"ITGB2/ELANE/RTN4/ALOX5",4
"GO:0006206","pyrimidine nucleobase metabolic process","4/462","17/18842",0.235294117647059,9.59612936083524,5.62160231973894,0.000658812646784387,0.00231854246668791,0.000282681165784754,"TYMS/CPS1/MTOR/DHODH",4
"GO:0006991","response to sterol depletion","4/462","17/18842",0.235294117647059,9.59612936083524,5.62160231973894,0.000658812646784387,0.00231854246668791,0.000282681165784754,"FBXW7/SREBF2/NPC1L1/SREBF1",4
"GO:0010544","negative regulation of platelet activation","4/462","17/18842",0.235294117647059,9.59612936083524,5.62160231973894,0.000658812646784387,0.00231854246668791,0.000282681165784754,"APOE/PRKCD/NOS3/PDGFB",4
"GO:0032096","negative regulation of response to food","4/462","17/18842",0.235294117647059,9.59612936083524,5.62160231973894,0.000658812646784387,0.00231854246668791,0.000282681165784754,"PPARA/SPX/GDF15/MC4R",4
"GO:0032099","negative regulation of appetite","4/462","17/18842",0.235294117647059,9.59612936083524,5.62160231973894,0.000658812646784387,0.00231854246668791,0.000282681165784754,"PPARA/SPX/GDF15/MC4R",4
"GO:0032108","negative regulation of response to nutrient levels","4/462","17/18842",0.235294117647059,9.59612936083524,5.62160231973894,0.000658812646784387,0.00231854246668791,0.000282681165784754,"PPARA/SPX/GDF15/MC4R",4
"GO:0032966","negative regulation of collagen biosynthetic process","4/462","17/18842",0.235294117647059,9.59612936083524,5.62160231973894,0.000658812646784387,0.00231854246668791,0.000282681165784754,"CYP7A1/IL6/IL6R/PPARD",4
"GO:0036005","response to macrophage colony-stimulating factor","4/462","17/18842",0.235294117647059,9.59612936083524,5.62160231973894,0.000658812646784387,0.00231854246668791,0.000282681165784754,"TNF/SPP1/TLR4/BGLAP",4
"GO:0043117","positive regulation of vascular permeability","4/462","17/18842",0.235294117647059,9.59612936083524,5.62160231973894,0.000658812646784387,0.00231854246668791,0.000282681165784754,"TJP1/APOE/TGFB1/VEGFA",4
"GO:0044320","cellular response to leptin stimulus","4/462","17/18842",0.235294117647059,9.59612936083524,5.62160231973894,0.000658812646784387,0.00231854246668791,0.000282681165784754,"SIRT1/LEPR/GCK/FGF23",4
"GO:0045542","positive regulation of cholesterol biosynthetic process","4/462","17/18842",0.235294117647059,9.59612936083524,5.62160231973894,0.000658812646784387,0.00231854246668791,0.000282681165784754,"SREBF2/CYP7A1/ABCG1/SREBF1",4
"GO:0106120","positive regulation of sterol biosynthetic process","4/462","17/18842",0.235294117647059,9.59612936083524,5.62160231973894,0.000658812646784387,0.00231854246668791,0.000282681165784754,"SREBF2/CYP7A1/ABCG1/SREBF1",4
"GO:0140131","positive regulation of lymphocyte chemotaxis","4/462","17/18842",0.235294117647059,9.59612936083524,5.62160231973894,0.000658812646784387,0.00231854246668791,0.000282681165784754,"CCR2/WNT5A/CCL5/ADAM10",4
"GO:2001279","regulation of unsaturated fatty acid biosynthetic process","4/462","17/18842",0.235294117647059,9.59612936083524,5.62160231973894,0.000658812646784387,0.00231854246668791,0.000282681165784754,"PTGS2/AVPR1A/SIRT1/IL1B",4
"GO:0030900","forebrain development","16/462","258/18842",0.062015503875969,2.52921238967751,3.92110319040356,0.000666935756271115,0.00234535716102592,0.000285950464995157,"LPAR1/B2M/AVPR1A/WNT5A/RAC1/FOS/RTN4/GSK3B/CDH1/CASP3/CTNNB1/PTEN/ATP1A2/BNIP3/SLC2A1/SCT",16
"GO:0006509","membrane protein ectodomain proteolysis","6/462","44/18842",0.136363636363636,5.56139315230224,4.80250948088897,0.000674024439411177,0.00236314592612834,0.000288119305518578,"TNF/IL10/NCSTN/APOE/IL1B/ADAM10",6
"GO:0010634","positive regulation of epithelial cell migration","6/462","44/18842",0.136363636363636,5.56139315230224,4.80250948088897,0.000674024439411177,0.00236314592612834,0.000288119305518578,"PRKCE/HBEGF/MMP9/PTK2/RTN4/MTOR",6
"GO:0062098","regulation of programmed necrotic cell death","6/462","44/18842",0.136363636363636,5.56139315230224,4.80250948088897,0.000674024439411177,0.00236314592612834,0.000288119305518578,"CASP6/TP53/TSPO/PARP1/NOL3/SLC25A4",6
"GO:2000404","regulation of T cell migration","6/462","44/18842",0.136363636363636,5.56139315230224,4.80250948088897,0.000674024439411177,0.00236314592612834,0.000288119305518578,"CCR2/WNT5A/CXCL10/CCL5/ADAM10/CCL20",6
"GO:0043279","response to alkaloid","8/462","79/18842",0.10126582278481,4.12997972491643,4.419815490924,0.00069953426496018,0.00244889589297338,0.000298574106731854,"SMAD3/CASP6/HDAC2/TRPV1/DNMT3A/TGM2/CASP3/CPT1A",8
"GO:0051057","positive regulation of small GTPase mediated signal transduction","8/462","79/18842",0.10126582278481,4.12997972491643,4.419815490924,0.00069953426496018,0.00244889589297338,0.000298574106731854,"LPAR1/WNT5A/RAC1/GPR55/RTN4/APOA1/TGM2/IGF1",8
"GO:0031341","regulation of cell killing","9/462","99/18842",0.0909090909090909,3.70759543486816,4.28234869125861,0.000729443677737985,0.00255168276750417,0.000311106080563346,"CX3CR1/AP1G1/IL4/MAPK8/NOS2/TGFB1/CLU/CADM1/PVR",9
"GO:0006024","glycosaminoglycan biosynthetic process","5/462","30/18842",0.166666666666667,6.7972582972583,5.0380909367962,0.000744677891460741,0.0025874778079412,0.000315470280876875,"NFKB1/IL1B/TGFB1/ABCC5/PDGFB",5
"GO:0032098","regulation of appetite","5/462","30/18842",0.166666666666667,6.7972582972583,5.0380909367962,0.000744677891460741,0.0025874778079412,0.000315470280876875,"PPARA/SPX/GDF15/MC4R/SCT",5
"GO:0032607","interferon-alpha production","5/462","30/18842",0.166666666666667,6.7972582972583,5.0380909367962,0.000744677891460741,0.0025874778079412,0.000315470280876875,"IL10/TLR9/TLR3/HMGB1/TLR4",5
"GO:0032647","regulation of interferon-alpha production","5/462","30/18842",0.166666666666667,6.7972582972583,5.0380909367962,0.000744677891460741,0.0025874778079412,0.000315470280876875,"IL10/TLR9/TLR3/HMGB1/TLR4",5
"GO:0033135","regulation of peptidyl-serine phosphorylation","5/462","30/18842",0.166666666666667,6.7972582972583,5.0380909367962,0.000744677891460741,0.0025874778079412,0.000315470280876875,"IL6/PTEN/AKT1/LIF/EGFR",5
"GO:0046618","xenobiotic export from cell","5/462","30/18842",0.166666666666667,6.7972582972583,5.0380909367962,0.000744677891460741,0.0025874778079412,0.000315470280876875,"ABCG2/PIM1/ABCC2/ABCG1/ABCC5",5
"GO:0060135","maternal process involved in female pregnancy","5/462","30/18842",0.166666666666667,6.7972582972583,5.0380909367962,0.000744677891460741,0.0025874778079412,0.000315470280876875,"STC2/VDR/SPP1/PARP1/PPARD",5
"GO:1902253","regulation of intrinsic apoptotic signaling pathway by p53 class mediator","5/462","30/18842",0.166666666666667,6.7972582972583,5.0380909367962,0.000744677891460741,0.0025874778079412,0.000315470280876875,"SIRT1/BCL2/KDM1A/MYC/MIF",5
"GO:2000648","positive regulation of stem cell proliferation","5/462","30/18842",0.166666666666667,6.7972582972583,5.0380909367962,0.000744677891460741,0.0025874778079412,0.000315470280876875,"KDM1A/GJA1/TGFB1/TERT/EPCAM",5
"GO:0030512","negative regulation of transforming growth factor beta receptor signaling pathway","10/462","120/18842",0.0833333333333333,3.39862914862915,4.17905241868371,0.000747822485246585,0.00259646643647137,0.000316566191789968,"RBBP7/HDAC2/SIRT1/ADAMTSL2/PPARA/PPARG/PEG10/ENG/GDF15/CIDEA",10
"GO:0032024","positive regulation of insulin secretion","8/462","80/18842",0.1,4.07835497835498,4.37445884937057,0.000760919552520498,0.00262947168826122,0.000320590255695213,"JAK2/RAC1/FFAR1/PPARD/PRKCA/GCK/NR1H4/RBP4",8
"GO:0032481","positive regulation of type I interferon production","8/462","80/18842",0.1,4.07835497835498,4.37445884937057,0.000760919552520498,0.00262947168826122,0.000320590255695213,"TLR9/TLR3/GSK3B/OAS1/HMGB1/CD14/TLR4/OAS2",8
"GO:0050730","regulation of peptidyl-tyrosine phosphorylation","8/462","80/18842",0.1,4.07835497835498,4.37445884937057,0.000760919552520498,0.00262947168826122,0.000320590255695213,"NRG1/ITGB2/IL10/JAK2/IL4/IL6/LIF/EGFR",8
"GO:1901184","regulation of ERBB signaling pathway","8/462","80/18842",0.1,4.07835497835498,4.37445884937057,0.000760919552520498,0.00262947168826122,0.000320590255695213,"FBXW7/IFI6/MMP9/AGT/RTN4/TGFB1/SPRY4/EGFR",8
"GO:0033628","regulation of cell adhesion mediated by integrin","6/462","45/18842",0.133333333333333,5.43780663780664,4.72531288685535,0.000761846500744069,0.00262947168826122,0.000320590255695213,"PTK2/SERPINE1/LIF/CCL5/RET/EPHA2",6
"GO:0051403","stress-activated MAPK cascade","6/462","45/18842",0.133333333333333,5.43780663780664,4.72531288685535,0.000761846500744069,0.00262947168826122,0.000320590255695213,"FOXO1/MAPK3/MAPK8/GSTP1/MYC/FAS",6
"GO:0085029","extracellular matrix assembly","6/462","45/18842",0.133333333333333,5.43780663780664,4.72531288685535,0.000761846500744069,0.00262947168826122,0.000320590255695213,"SMAD3/PPARG/AGT/LOX/TGFB1/MFAP4",6
"GO:1990000","amyloid fibril formation","6/462","45/18842",0.133333333333333,5.43780663780664,4.72531288685535,0.000761846500744069,0.00262947168826122,0.000320590255695213,"B2M/LDLR/CD36/APOE/CDKN2A/CLU",6
"GO:0006606","protein import into nucleus","11/462","142/18842",0.0774647887323944,3.15928906773977,4.09481573943553,0.000764480585378913,0.00263660859668461,0.000321460401324292,"SMAD3/JAK2/ADAR/SQSTM1/CD36/CDH1/TGFB1/PRKCD/NFKBIA/AKT1/TERT",11
"GO:0001952","regulation of cell-matrix adhesion","10/462","121/18842",0.0826446280991736,3.3705413044256,4.14739977188286,0.000797751468783868,0.00274931964371406,0.000335202349392476,"SMAD3/SLC9A1/RAC1/CD36/PTK2/GSK3B/CDKN2A/PTEN/SERPINE1/VEGFA",10
"GO:0019730","antimicrobial humoral response","13/462","189/18842",0.0687830687830688,2.80521770997961,3.95445239290668,0.000812602932763586,0.00279843140158821,0.000341190149559637,"TF/CCL2/B2M/ELANE/CXCL10/RARRES2/CXCL1/CXCL5/LGALS3/CCL5/SLC11A1/CCL20/CXCL9",13
"GO:0061138","morphogenesis of a branching epithelium","8/462","81/18842",0.0987654320987654,4.02800491689381,4.32983456212211,0.000826563273924987,0.00284198039707165,0.000346499727015684,"TNF/AGT/ENG/TGFB1/CTNNB1/MYC/VEGFA/EPHA2",8
"GO:0006577","amino-acid betaine metabolic process","4/462","18/18842",0.222222222222222,9.06301106301106,5.425974647107,0.000830742122082155,0.00284198039707165,0.000346499727015684,"ACADM/CPT2/CPT1A/CROT",4
"GO:0010713","negative regulation of collagen metabolic process","4/462","18/18842",0.222222222222222,9.06301106301106,5.425974647107,0.000830742122082155,0.00284198039707165,0.000346499727015684,"CYP7A1/IL6/IL6R/PPARD",4
"GO:0016264","gap junction assembly","4/462","18/18842",0.222222222222222,9.06301106301106,5.425974647107,0.000830742122082155,0.00284198039707165,0.000346499727015684,"ACE/GJA1/AGT/IL1B",4
"GO:0034163","regulation of toll-like receptor 9 signaling pathway","4/462","18/18842",0.222222222222222,9.06301106301106,5.425974647107,0.000830742122082155,0.00284198039707165,0.000346499727015684,"TLR9/RTN4/HMGB1/EGFR",4
"GO:0035743","CD4-positive, alpha-beta T cell cytokine production","4/462","18/18842",0.222222222222222,9.06301106301106,5.425974647107,0.000830742122082155,0.00284198039707165,0.000346499727015684,"IL4/NLRP3/IL1B/IL6",4
"GO:0051546","keratinocyte migration","4/462","18/18842",0.222222222222222,9.06301106301106,5.425974647107,0.000830742122082155,0.00284198039707165,0.000346499727015684,"HBEGF/MMP9/PTEN/MTOR",4
"GO:0071549","cellular response to dexamethasone stimulus","4/462","18/18842",0.222222222222222,9.06301106301106,5.425974647107,0.000830742122082155,0.00284198039707165,0.000346499727015684,"PCK1/CASP9/TGFB1/PCK2",4
"GO:1900407","regulation of cellular response to oxidative stress","4/462","18/18842",0.222222222222222,9.06301106301106,5.425974647107,0.000830742122082155,0.00284198039707165,0.000346499727015684,"FADS2/CD36/ALOX5/NFE2L2",4
"GO:0016236","macroautophagy","20/462","369/18842",0.0542005420054201,2.21049050317343,3.72311167888829,0.00083693523518485,0.00286106494494909,0.00034882655187224,"FBXW7/DNM1L/MAP1LC3B/SREBF2/MFN2/SIRT1/SQSTM1/SESN2/IL4/MAPK8/TSPO/CASP3/SLC25A4/AKT1/ERN1/FBXO2/ATG7/BNIP3/MTOR/SREBF1",20
"GO:0048872","homeostasis of number of cells","14/462","214/18842",0.0654205607476635,2.66808269612008,3.8908237510289,0.000849795098506931,0.00289864174259946,0.000353407987458986,"JAK2/CX3CR1/AIM2/IL6/CASP3/OCIAD2/HMOX1/AKT1/MIMS2/NOS3/VEGFA/HMGB1/FAS/MIF",14
"GO:0051962","positive regulation of nervous system development","14/462","214/18842",0.0654205607476635,2.66808269612008,3.8908237510289,0.000849795098506931,0.00289864174259946,0.000353407987458986,"TNF/HDAC2/CX3CR1/KDM1A/TSPO/THBS2/IL1B/IL6/TGM2/TGFB1/CTNNB1/PRMT5/PRKCA/VEGFA",14
"GO:1903320","regulation of protein modification by small protein conjugation or removal","14/462","214/18842",0.0654205607476635,2.66808269612008,3.8908237510289,0.000849795098506931,0.00289864174259946,0.000353407987458986,"FBXW7/PRKCE/RELA/SQSTM1/KDM1A/HDAC8/TSPO/GSK3B/CDKN2A/CTNNB1/HSPA5/AKT1/TRIB3/EGR1",14
"GO:0072522","purine-containing compound biosynthetic process","16/462","264/18842",0.0606060606060606,2.47173028991211,3.81795602100754,0.000852582114858871,0.0029060192729011,0.000354307470171182,"ACACB/SLC25A13/PPARA/FASN/STOML2/IL4/SDHB/ACACA/HACD2/PARP1/TGFB1/NDUFB10/NDUFS2/PDK4/NDUFS4/NDUFA2",16
"GO:0048863","stem cell differentiation","13/462","190/18842",0.068421052631579,2.79045340624288,3.93257785933799,0.000853319559047304,0.00290640516965929,0.000354354519447632,"NRG1/RBBP7/ESR1/HDAC2/TP53/ACE/HTR2B/GSK3B/CTNNB1/GATAD2A/EPCAM/BGLAP/NFE2L2",13
"GO:0006111","regulation of gluconeogenesis","6/462","46/18842",0.130434782608696,5.31959345002823,4.65038897852306,0.00085824951613322,0.00291042224844594,0.00035484428943493,"FOXO1/ACADM/SIRT1/GCK/INS/ADIPOQ",6
"GO:0045912","negative regulation of carbohydrate metabolic process","6/462","46/18842",0.130434782608696,5.31959345002823,4.65038897852306,0.00085824951613322,0.00291042224844594,0.00035484428943493,"PPARA/GSK3B/TGFB1/GCK/INS/ADIPOQ",6
"GO:0070266","necroptotic process","6/462","46/18842",0.130434782608696,5.31959345002823,4.65038897852306,0.00085824951613322,0.00291042224844594,0.00035484428943493,"TNF/CASP6/TLR3/PARP1/SLC25A4/FAS",6
"GO:1900016","negative regulation of cytokine production involved in inflammatory response","6/462","46/18842",0.130434782608696,5.31959345002823,4.65038897852306,0.00085824951613322,0.00291042224844594,0.00035484428943493,"JAK2/NFKB1/PPARA/RELA/NFKBIA/HMOX1",6
"GO:1901524","regulation of mitophagy","6/462","46/18842",0.130434782608696,5.31959345002823,4.65038897852306,0.00085824951613322,0.00291042224844594,0.00035484428943493,"FBXW7/DNM1L/SREBF2/TSPO/SLC25A4/SREBF1",6
"GO:1904019","epithelial cell apoptotic process","6/462","46/18842",0.130434782608696,5.31959345002823,4.65038897852306,0.00085824951613322,0.00291042224844594,0.00035484428943493,"JAK2/CASP6/PPARA/DNMT3A/IL6/YAP1",6
"GO:0015800","acidic amino acid transport","7/462","63/18842",0.111111111111111,4.53150553150553,4.45137460293943,0.000861483993168943,0.00291714143432334,0.000355663505526177,"SLC25A13/TNF/AVPR1A/GJA1/UCP2/ATP1A2/SLC7A11",7
"GO:0071300","cellular response to retinoic acid","7/462","63/18842",0.111111111111111,4.53150553150553,4.45137460293943,0.000861483993168943,0.00291714143432334,0.000355663505526177,"TNF/HDAC2/WNT5A/ABCA1/GSK3B/RET/KLF4",7
"GO:0001516","prostaglandin biosynthetic process","5/462","31/18842",0.161290322580645,6.57799190057255,4.92779909625405,0.000870192923468856,0.00293382929157928,0.000357698121243308,"PTGS2/AVPR1A/SIRT1/IL1B/MIF",5
"GO:0010039","response to iron ion","5/462","31/18842",0.161290322580645,6.57799190057255,4.92779909625405,0.000870192923468856,0.00293382929157928,0.000357698121243308,"TF/CYP1A1/B2M/BCL2/LCN2",5
"GO:0010667","negative regulation of cardiac muscle cell apoptotic process","5/462","31/18842",0.161290322580645,6.57799190057255,4.92779909625405,0.000870192923468856,0.00293382929157928,0.000357698121243308,"NRG1/JAK2/GPR35/NOL3/NFE2L2",5
"GO:0043373","CD4-positive, alpha-beta T cell lineage commitment","5/462","31/18842",0.161290322580645,6.57799190057255,4.92779909625405,0.000870192923468856,0.00293382929157928,0.000357698121243308,"IL6ST/IL6/IL6R/JAK1/MTOR",5
"GO:0048261","negative regulation of receptor-mediated endocytosis","5/462","31/18842",0.161290322580645,6.57799190057255,4.92779909625405,0.000870192923468856,0.00293382929157928,0.000357698121243308,"B2M/RAC1/PCSK9/APOC1/ADIPOQ",5
"GO:0071499","cellular response to laminar fluid shear stress","5/462","31/18842",0.161290322580645,6.57799190057255,4.92779909625405,0.000870192923468856,0.00293382929157928,0.000357698121243308,"SREBF2/AKT1/MTOR/KLF4/NFE2L2",5
"GO:0003007","heart morphogenesis","13/462","191/18842",0.0680628272251309,2.77584370254527,3.91084470658105,0.000895734898477144,0.00301775809501417,0.00036793088270391,"NRG1/PIM1/WNT5A/RAC1/HTR2B/PTK2/ENG/TGFB1/CTNNB1/NOS3/VEGFA/INSR/RBP4",13
"GO:0045638","negative regulation of myeloid cell differentiation","8/462","82/18842",0.0975609756097561,3.97888290571217,4.28592088935202,0.00089667774963287,0.00301875025472931,0.00036805184872845,"FBXW7/GPR55/IL4/TLR3/TRIB1/MYC/TLR4/ADIPOQ",8
"GO:0030203","glycosaminoglycan metabolic process","7/462","64/18842",0.109375,4.46070075757576,4.39672777235481,0.000947218632015039,0.00318659678516042,0.000388516021188905,"SLC9A1/NFKB1/IL1B/TGFB1/ABCC5/CHST9/PDGFB",7
"GO:0031098","stress-activated protein kinase signaling cascade","6/462","47/18842",0.127659574468085,5.20641061066593,4.57761893877302,0.000963784995792754,0.00323918459110228,0.000394927627835448,"FOXO1/MAPK3/MAPK8/GSTP1/MYC/FAS",6
"GO:0002456","T cell mediated immunity","10/462","124/18842",0.0806451612903226,3.28899595028627,4.05439777124264,0.00096424180482555,0.00323918459110228,0.000394927627835448,"AHR/B2M/CCR2/MAPK3/IL4/NLRP3/IL1B/IL6/HMGB1/PVR",10
"GO:0007548","sex differentiation","12/462","169/18842",0.0710059171597633,2.89587335741182,3.9250558093069,0.000968229142092748,0.00325023423618157,0.000396274821858157,"AR/TLR9/WNT5A/RAC1/ACE/RETN/CASP3/VEGFA/INSR/CYP17A1/RBP4/MMP2",12
"GO:0002824","positive regulation of adaptive immune response based on somatic recombination of immune receptors built from immunoglobulin superfamily domains","9/462","103/18842",0.087378640776699,3.56361114613542,4.13616415832388,0.00097061863823152,0.00325590805447115,0.000396966584718486,"B2M/CCR2/IL4/NLRP3/IL1B/IL6/TGFB1/PVR/SLC11A1",9
"GO:1901568","fatty acid derivative metabolic process","8/462","83/18842",0.0963855421686747,3.93094455745058,4.24269699875406,0.000971481074842035,0.00325645492042082,0.000397033259668978,"FASN/DGAT1/ACACA/HACD2/ALOX15/CYP4A11/ALOX5/HMGCS2",8
"GO:1901605","alpha-amino acid metabolic process","13/462","193/18842",0.0673575129533679,2.74707848282978,3.86779550195623,0.000985883796725239,0.0033023560845703,0.000402629618061838,"ARG2/GPT/NOS2/CPS1/NOX4/HNF4A/GPT2/CBS/OTC/NOS3/NR1H4/ATF4/HDC",13
"GO:0002363","alpha-beta T cell lineage commitment","5/462","32/18842",0.15625,6.37242965367965,4.82227016681855,0.00101080172765905,0.0033592382897791,0.000409564806143082,"IL6ST/IL6/IL6R/JAK1/MTOR",5
"GO:0006779","porphyrin-containing compound biosynthetic process","5/462","32/18842",0.15625,6.37242965367965,4.82227016681855,0.00101080172765905,0.0033592382897791,0.000409564806143082,"ALB/ALAS1/FECH/TSPO/COX15",5
"GO:0008053","mitochondrial fusion","5/462","32/18842",0.15625,6.37242965367965,4.82227016681855,0.00101080172765905,0.0033592382897791,0.000409564806143082,"BAX/MFN2/STOML2/BCL2A1/BNIP3",5
"GO:0010893","positive regulation of steroid biosynthetic process","5/462","32/18842",0.15625,6.37242965367965,4.82227016681855,0.00101080172765905,0.0033592382897791,0.000409564806143082,"TNF/SREBF2/CYP7A1/ABCG1/SREBF1",5
"GO:0014003","oligodendrocyte development","5/462","32/18842",0.15625,6.37242965367965,4.82227016681855,0.00101080172765905,0.0033592382897791,0.000409564806143082,"LPAR1/TGFB1/PTEN/GSTP1/CLU",5
"GO:0032872","regulation of stress-activated MAPK cascade","5/462","32/18842",0.15625,6.37242965367965,4.82227016681855,0.00101080172765905,0.0033592382897791,0.000409564806143082,"FOXO1/MAPK3/GSTP1/MYC/FAS",5
"GO:0033014","tetrapyrrole biosynthetic process","5/462","32/18842",0.15625,6.37242965367965,4.82227016681855,0.00101080172765905,0.0033592382897791,0.000409564806143082,"ALB/ALAS1/FECH/TSPO/COX15",5
"GO:0036314","response to sterol","5/462","32/18842",0.15625,6.37242965367965,4.82227016681855,0.00101080172765905,0.0033592382897791,0.000409564806143082,"ABCA1/CYP7A1/TGFB1/RORA/CES1",5
"GO:0043369","CD4-positive or CD8-positive, alpha-beta T cell lineage commitment","5/462","32/18842",0.15625,6.37242965367965,4.82227016681855,0.00101080172765905,0.0033592382897791,0.000409564806143082,"IL6ST/IL6/IL6R/JAK1/MTOR",5
"GO:0051602","response to electrical stimulus","5/462","32/18842",0.15625,6.37242965367965,4.82227016681855,0.00101080172765905,0.0033592382897791,0.000409564806143082,"SLC9A1/PTEN/SOD2/AKAP12/MMP2",5
"GO:1902229","regulation of intrinsic apoptotic signaling pathway in response to DNA damage","5/462","32/18842",0.15625,6.37242965367965,4.82227016681855,0.00101080172765905,0.0033592382897791,0.000409564806143082,"SIRT1/BCL2/KDM1A/CLU/MIF",5
"GO:0032434","regulation of proteasomal ubiquitin-dependent protein catabolic process","10/462","125/18842",0.08,3.26268398268398,4.02402803646638,0.00102568376328529,0.00340626505125272,0.00041529839953093,"RACK1/TF/SIRT1/GSK3B/CEBPA/TRIB1/AKT1/CLU/MTOR/TRIB3",10
"GO:0002281","macrophage activation involved in immune response","4/462","19/18842",0.210526315789474,8.58601048074732,5.24500645216374,0.00103203770707911,0.00341518661276498,0.00041638613350395,"TNF/CX3CR1/IL1B/HMGB1",4
"GO:0033490","cholesterol biosynthetic process via lathosterol","4/462","19/18842",0.210526315789474,8.58601048074732,5.24500645216374,0.00103203770707911,0.00341518661276498,0.00041638613350395,"DHCR24/MSMO1/SQLE/HMGCR",4
"GO:0050765","negative regulation of phagocytosis","4/462","19/18842",0.210526315789474,8.58601048074732,5.24500645216374,0.00103203770707911,0.00341518661276498,0.00041638613350395,"RACK1/TGFB1/HMGB1/ADIPOQ",4
"GO:0061081","positive regulation of myeloid leukocyte cytokine production involved in immune response","4/462","19/18842",0.210526315789474,8.58601048074732,5.24500645216374,0.00103203770707911,0.00341518661276498,0.00041638613350395,"WNT5A/SIRT1/RTN4/MIF",4
"GO:2000774","positive regulation of cellular senescence","4/462","19/18842",0.210526315789474,8.58601048074732,5.24500645216374,0.00103203770707911,0.00341518661276498,0.00041638613350395,"ARG2/B2M/SIRT1/TP53",4
"GO:0050871","positive regulation of B cell activation","7/462","65/18842",0.107692307692308,4.39207459207459,4.34319349407905,0.001039530077181,0.00343677551923469,0.000419018294586422,"IL10/TLR9/BCL2/IL4/IL6/TGFB1/MIF",7
"GO:1904892","regulation of receptor signaling pathway via STAT","9/462","104/18842",0.0865384615384615,3.52934565434565,4.10075142448363,0.00104003795244881,0.00343677551923469,0.000419018294586422,"IL10/JAK2/RAC1/PPARG/IL6/TGFB1/OCIAD2/LIF/CCL5",9
"GO:1901874","negative regulation of post-translational protein modification","8/462","84/18842",0.0952380952380952,3.88414759843331,4.2001429171377,0.00105119706663275,0.00347118690939156,0.000423213797591254,"PRKCE/RELA/SQSTM1/HDAC8/TSPO/CTNNB1/AKT1/P3H1",8
"GO:0061136","regulation of proteasomal protein catabolic process","14/462","219/18842",0.0639269406392694,2.60716756607168,3.79278831433781,0.0010622776698264,0.00350529045408344,0.00042737176748372,"RACK1/FBXW7/TF/SIRT1/APOE/GSK3B/CEBPA/TRIB1/AKT1/CLU/PSMD2/MTOR/TRIB3/NFE2L2",14
"GO:0006110","regulation of glycolytic process","6/462","48/18842",0.125,5.09794372294372,4.50689257428135,0.00107901892653596,0.0035479605381013,0.000432574186360064,"PPARA/GCK/INS/IGF1/MTOR/INSR",6
"GO:0030195","negative regulation of blood coagulation","6/462","48/18842",0.125,5.09794372294372,4.50689257428135,0.00107901892653596,0.0035479605381013,0.000432574186360064,"SERPINB2/APOE/PRKCD/SERPINE1/NOS3/PDGFB",6
"GO:0030811","regulation of nucleotide catabolic process","6/462","48/18842",0.125,5.09794372294372,4.50689257428135,0.00107901892653596,0.0035479605381013,0.000432574186360064,"PPARA/GCK/INS/IGF1/MTOR/INSR",6
"GO:0033121","regulation of purine nucleotide catabolic process","6/462","48/18842",0.125,5.09794372294372,4.50689257428135,0.00107901892653596,0.0035479605381013,0.000432574186360064,"PPARA/GCK/INS/IGF1/MTOR/INSR",6
"GO:1900047","negative regulation of hemostasis","6/462","48/18842",0.125,5.09794372294372,4.50689257428135,0.00107901892653596,0.0035479605381013,0.000432574186360064,"SERPINB2/APOE/PRKCD/SERPINE1/NOS3/PDGFB",6
"GO:0062207","regulation of pattern recognition receptor signaling pathway","13/462","195/18842",0.0666666666666667,2.71890331890332,3.82529100672753,0.00108350572607539,0.00356019947819831,0.000434066381523319,"NR1H3/HSPA8/TLR9/SQSTM1/CD36/MAPK8/RTN4/PARP1/AKT1/HMGB1/CD14/TLR4/EGFR",13
"GO:0034329","cell junction assembly","24/462","490/18842",0.0489795918367347,1.99756162205142,3.5472866257367,0.001097661114116,0.00360416794592672,0.000439427101843871,"SMAD3/TNF/VLDLR/PTPN1/TJP1/SLC9A1/WNT5A/RAC1/ACE/GJA1/PTK2/MARVELD3/AGT/RTN4/THBS2/CDH1/IL1B/CTNNB1/PTEN/PRKCA/VEGFA/NR1H4/GPBAR1/EPHA2",24
"GO:0006520","amino acid metabolic process","16/462","271/18842",0.0590405904059041,2.40788485806936,3.70113006696109,0.00112308149638854,0.00368503696066599,0.000449286807969942,"ARG2/GPT/NOS2/CPS1/NOX4/HNF4A/GPT2/CBS/OTC/NOS3/DARS1/NR1H4/DIO1/YARS1/ATF4/HDC",16
"GO:0034764","positive regulation of transmembrane transport","12/462","172/18842",0.0697674418604651,2.84536393838719,3.85455549774141,0.00112794596024938,0.00369839182459232,0.000450915058717053,"PIM1/FGF21/CXCL10/C3/AKT1/LCN2/INS/IGF1/ADIPOQ/INSR/NFE2L2/CXCL9",12
"GO:0002431","Fc receptor mediated stimulatory signaling pathway","5/462","33/18842",0.151515151515152,6.17932572478027,4.72114729464653,0.00116759330559191,0.00381495749532347,0.000465126969935498,"PRKCE/PTK2/NOS2/PRKCD/HCK",5
"GO:0043393","regulation of protein binding","5/462","33/18842",0.151515151515152,6.17932572478027,4.72114729464653,0.00116759330559191,0.00381495749532347,0.000465126969935498,"RACK1/BAX/MAPK8/GSK3B/RARRES2",5
"GO:0045540","regulation of cholesterol biosynthetic process","5/462","33/18842",0.151515151515152,6.17932572478027,4.72114729464653,0.00116759330559191,0.00381495749532347,0.000465126969935498,"SREBF2/CYP7A1/APOE/ABCG1/SREBF1",5
"GO:0070302","regulation of stress-activated protein kinase signaling cascade","5/462","33/18842",0.151515151515152,6.17932572478027,4.72114729464653,0.00116759330559191,0.00381495749532347,0.000465126969935498,"FOXO1/MAPK3/GSTP1/MYC/FAS",5
"GO:0106118","regulation of sterol biosynthetic process","5/462","33/18842",0.151515151515152,6.17932572478027,4.72114729464653,0.00116759330559191,0.00381495749532347,0.000465126969935498,"SREBF2/CYP7A1/APOE/ABCG1/SREBF1",5
"GO:0009260","ribonucleotide biosynthetic process","12/462","173/18842",0.069364161849711,2.82891674799189,3.83139271960152,0.00118581104630789,0.0038717645382956,0.000472052994091996,"SLC25A13/PPARA/STOML2/IL4/SDHB/PARP1/TGFB1/NDUFB10/DHODH/NDUFS2/NDUFS4/NDUFA2",12
"GO:0010811","positive regulation of cell-substrate adhesion","9/462","106/18842",0.0849056603773585,3.46275422690517,4.03121327905956,0.00119094216762802,0.00388579308512687,0.000473763381557184,"SMAD3/JAK2/RAC1/CD36/GSK3B/ALOX15/APOA1/VEGFA/PDGFB",9
"GO:0002686","negative regulation of leukocyte migration","6/462","49/18842",0.122448979591837,4.99390405512854,4.43810752381509,0.0012045311155504,0.00391914526485162,0.000477829743584843,"CCL2/DUSP1/HMOX1/AKT1/GDF15/MIF",6
"GO:0003044","regulation of systemic arterial blood pressure mediated by a chemical signal","6/462","49/18842",0.122448979591837,4.99390405512854,4.43810752381509,0.0012045311155504,0.00391914526485162,0.000477829743584843,"AVPR1A/ACE/AGTR1/AGT/NOS3/SOD2",6
"GO:0009299","mRNA transcription","6/462","49/18842",0.122448979591837,4.99390405512854,4.43810752381509,0.0012045311155504,0.00391914526485162,0.000477829743584843,"NR1H3/PPARG/TP53/VDR/NR1H2/ATF4",6
"GO:0010043","response to zinc ion","6/462","49/18842",0.122448979591837,4.99390405512854,4.43810752381509,0.0012045311155504,0.00391914526485162,0.000477829743584843,"TSPO/PARP1/CPS1/OTC/SOD2/BGLAP",6
"GO:0097194","execution phase of apoptosis","8/462","86/18842",0.0930232558139535,3.79381858451626,4.11696831488817,0.00122629055464447,0.00398437461439264,0.000485782631589511,"BAX/CTSD/TP53/IL6/CASP9/CIDEC/CASP3/CIDEA",8
"GO:1905477","positive regulation of protein localization to membrane","8/462","86/18842",0.0930232558139535,3.79381858451626,4.11696831488817,0.00122629055464447,0.00398437461439264,0.000485782631589511,"RACK1/TNF/PRKCE/SQSTM1/LGALS3/AKT1/EGFR/EPHA2",8
"GO:0050866","negative regulation of cell activation","13/462","198/18842",0.0656565656565657,2.67770781407145,3.76252664666061,0.00124499563457087,0.00404042720106159,0.000492616670979553,"NR1H3/ARG2/IL10/CNR2/LDLR/VSIR/APOE/CDKN2A/PRKCD/LGALS3/NOS3/HMGB1/PDGFB",13
"GO:0070527","platelet aggregation","7/462","67/18842",0.104477611940299,4.26096788783356,4.23930008373135,0.00124527771338561,0.00404042720106159,0.000492616670979553,"JAK2/IL6ST/IL6/IL6R/HSPB1/PRKCD/PRKCA",7
"GO:0006925","inflammatory cell apoptotic process","4/462","20/18842",0.2,8.15670995670996,5.07686644844464,0.0012652599450025,0.00409385010697125,0.000499130094623557,"SIRT1/IL6/CDKN2A/CCL5",4
"GO:0033489","cholesterol biosynthetic process via desmosterol","4/462","20/18842",0.2,8.15670995670996,5.07686644844464,0.0012652599450025,0.00409385010697125,0.000499130094623557,"DHCR24/MSMO1/SQLE/HMGCR",4
"GO:0038166","angiotensin-activated signaling pathway","4/462","20/18842",0.2,8.15670995670996,5.07686644844464,0.0012652599450025,0.00409385010697125,0.000499130094623557,"ACE/AGTR1/AGT/PRKCA",4
"GO:2000047","regulation of cell-cell adhesion mediated by cadherin","4/462","20/18842",0.2,8.15670995670996,5.07686644844464,0.0012652599450025,0.00409385010697125,0.000499130094623557,"TJP1/TGFB1/VEGFA/EPCAM",4
"GO:0043367","CD4-positive, alpha-beta T cell differentiation","9/462","107/18842",0.0841121495327103,3.43039203786867,3.99706842486465,0.00127276099428207,0.00411240471157343,0.000501392307774697,"IL10/IL6ST/NLRP3/IL6/IL6R/RORA/JAK1/HMGB1/MTOR",9
"GO:0050864","regulation of B cell activation","9/462","107/18842",0.0841121495327103,3.43039203786867,3.99706842486465,0.00127276099428207,0.00411240471157343,0.000501392307774697,"AHR/IL10/TLR9/BCL2/IL4/IL6/TGFB1/CDKN2A/MIF",9
"GO:0046718","symbiont entry into host cell","10/462","129/18842",0.0775193798449612,3.16151548709688,3.90554554689091,0.00130436146349435,0.00421158597366832,0.000513484678389344,"VLDLR/LDLR/AGTR1/CTSB/SCARB1/HMGB1/PVR/INSR/EGFR/EPHA2",10
"GO:0050769","positive regulation of neurogenesis","12/462","175/18842",0.0685714285714286,2.79658627087199,3.78555923470051,0.00130893832106792,0.00422051026516082,0.000514572745206816,"TNF/HDAC2/CX3CR1/KDM1A/TSPO/IL1B/IL6/TGM2/TGFB1/CTNNB1/PRMT5/VEGFA",12
"GO:2000045","regulation of G1/S transition of mitotic cell cycle","12/462","175/18842",0.0685714285714286,2.79658627087199,3.78555923470051,0.00130893832106792,0.00422051026516082,0.000514572745206816,"CYP1A1/CCL2/PIM1/TP53/KLF11/CDKN2A/PTEN/CDKN1A/AKT1/TERT/KLF4/EGFR",12
"GO:0036230","granulocyte activation","6/462","50/18842",0.12,4.89402597402597,4.371168553752,0.00134091450478132,0.00429041544461409,0.000523095719405547,"TNF/ITGB2/CCR2/CXCR2/PRKCD/CCL5",6
"GO:1904738","vascular associated smooth muscle cell migration","6/462","50/18842",0.12,4.89402597402597,4.371168553752,0.00134091450478132,0.00429041544461409,0.000523095719405547,"PTPN1/DDIT3/TERT/ADIPOQ/PDGFB/NFE2L2",6
"GO:0002825","regulation of T-helper 1 type immune response","5/462","34/18842",0.147058823529412,5.99758085052203,4.62411033693002,0.00134167630742228,0.00429041544461409,0.000523095719405547,"CCR2/IL6ST/IL1B/IL1RL1/SLC11A1",5
"GO:0009112","nucleobase metabolic process","5/462","34/18842",0.147058823529412,5.99758085052203,4.62411033693002,0.00134167630742228,0.00429041544461409,0.000523095719405547,"TYMS/XDH/CPS1/MTOR/DHODH",5
"GO:0010664","negative regulation of striated muscle cell apoptotic process","5/462","34/18842",0.147058823529412,5.99758085052203,4.62411033693002,0.00134167630742228,0.00429041544461409,0.000523095719405547,"NRG1/JAK2/GPR35/NOL3/NFE2L2",5
"GO:0031342","negative regulation of cell killing","5/462","34/18842",0.147058823529412,5.99758085052203,4.62411033693002,0.00134167630742228,0.00429041544461409,0.000523095719405547,"CX3CR1/IL4/TGFB1/CLU/PVR",5
"GO:0035794","positive regulation of mitochondrial membrane permeability","5/462","34/18842",0.147058823529412,5.99758085052203,4.62411033693002,0.00134167630742228,0.00429041544461409,0.000523095719405547,"CASP6/SLC9A1/GSK3B/ACAA2/BNIP3",5
"GO:0050892","intestinal absorption","5/462","34/18842",0.147058823529412,5.99758085052203,4.62411033693002,0.00134167630742228,0.00429041544461409,0.000523095719405547,"LDLR/CD36/ABCG8/NPC1L1/FABP2",5
"GO:0060421","positive regulation of heart growth","5/462","34/18842",0.147058823529412,5.99758085052203,4.62411033693002,0.00134167630742228,0.00429041544461409,0.000523095719405547,"ACACB/NRG1/PIM1/YAP1/IGF1",5
"GO:0071392","cellular response to estradiol stimulus","5/462","34/18842",0.147058823529412,5.99758085052203,4.62411033693002,0.00134167630742228,0.00429041544461409,0.000523095719405547,"IL10/ESR1/MIMS2/MMP2/EGFR",5
"GO:0071542","dopaminergic neuron differentiation","5/462","34/18842",0.147058823529412,5.99758085052203,4.62411033693002,0.00134167630742228,0.00429041544461409,0.000523095719405547,"WNT5A/RAC1/GSK3B/CTNNB1/VEGFA",5
"GO:1901186","positive regulation of ERBB signaling pathway","5/462","34/18842",0.147058823529412,5.99758085052203,4.62411033693002,0.00134167630742228,0.00429041544461409,0.000523095719405547,"FBXW7/MMP9/AGT/RTN4/TGFB1",5
"GO:0002708","positive regulation of lymphocyte mediated immunity","9/462","108/18842",0.0833333333333333,3.39862914862915,3.96332727324547,0.00135905325309176,0.00433528503297891,0.00052856630609071,"B2M/AP1G1/IL4/NLRP3/IL1B/IL6/TGFB1/CADM1/PVR",9
"GO:0051289","protein homotetramerization","7/462","68/18842",0.102941176470588,4.19830659536542,4.18886488676823,0.00135943216240318,0.00433528503297891,0.00052856630609071,"ACACB/B2M/ACACA/TRPV1/ME1/SOD2/ITPR1",7
"GO:0072332","intrinsic apoptotic signaling pathway by p53 class mediator","7/462","68/18842",0.102941176470588,4.19830659536542,4.18886488676823,0.00135943216240318,0.00433528503297891,0.00052856630609071,"CASP6/SIRT1/BCL2/TP53/KDM1A/MYC/MIF",7
"GO:0072678","T cell migration","7/462","68/18842",0.102941176470588,4.19830659536542,4.18886488676823,0.00135943216240318,0.00433528503297891,0.00052856630609071,"CCL2/CCR2/WNT5A/CXCL10/CCL5/ADAM10/CCL20",7
"GO:0048285","organelle fission","23/462","470/18842",0.048936170212766,1.99579073408861,3.46608333664324,0.00139939153777432,0.00445966255980646,0.000543730653859273,"DNM1L/TNF/SIRT1/IL1A/PPARG/PTTG1/UCP2/IL1B/ACOX1/TGFB1/DUSP1/SPC25/PRMT5/PTEN/KIF22/PDGFRB/INS/IGF2/IGF1/BNIP3/BIRC5/INSR/PDGFB",23
"GO:0043648","dicarboxylic acid metabolic process","8/462","88/18842",0.0909090909090909,3.70759543486816,4.03625282937683,0.0014238606784259,0.00453453852171751,0.000552859675434844,"PCK1/SDHB/ME1/GPT2/SUCLG1/MTHFD2/PCK2/NR1H4",8
"GO:0009165","nucleotide biosynthetic process","14/462","226/18842",0.0619469026548673,2.52641458836149,3.66002246876416,0.00143337091703811,0.00456170539284309,0.000556171912717895,"SLC25A13/PPARA/TYMS/STOML2/IL4/SDHB/PARP1/ME1/TGFB1/NDUFB10/DHODH/NDUFS2/NDUFS4/NDUFA2",14
"GO:0042552","myelination","9/462","109/18842",0.0825688073394495,3.36744906469677,3.92998086169699,0.00144999536294358,0.00461146066247629,0.000562238171078883,"LPAR1/TNF/MAPK3/ERBB3/TGFB1/PTEN/CLU/IGF1/S100B",9
"GO:0090257","regulation of muscle system process","15/462","252/18842",0.0595238095238095,2.42759224902082,3.6171370648143,0.0014638897301092,0.00465247138797844,0.00056723827776711,"SMAD3/FOXO1/SLC9A1/PPARA/PPARG/IL6ST/SPX/AGT/PARP1/NOL3/NOS3/PRKCA/ATP1A2/IGF1/KLF4",15
"GO:0038061","non-canonical NF-kappaB signal transduction","10/462","131/18842",0.0763358778625954,3.11324807508014,3.84802459791929,0.00146521368090668,0.00465350265914153,0.000567364012334758,"TNF/NFKB1/RELA/TLR3/NLRP3/IL1B/NFKBIA/NOL3/MAP3K14/HMGB1",10
"GO:0046660","female sex differentiation","7/462","69/18842",0.101449275362319,4.13746157224418,4.13938984215706,0.00148159947332529,0.00469593406930057,0.000572537331634267,"RAC1/RETN/CASP3/VEGFA/INSR/RBP4/MMP2",7
"GO:0071230","cellular response to amino acid stimulus","7/462","69/18842",0.101449275362319,4.13746157224418,4.13938984215706,0.00148159947332529,0.00469593406930057,0.000572537331634267,"PNPLA3/SESN2/HMGCS2/MAT2A/MTOR/NFE2L2/EGFR",7
"GO:0120193","tight junction organization","7/462","69/18842",0.101449275362319,4.13746157224418,4.13938984215706,0.00148159947332529,0.00469593406930057,0.000572537331634267,"TNF/TJP1/RAC1/MARVELD3/IL1B/GPBAR1/EPHA2",7
"GO:0006968","cellular defense response","6/462","51/18842",0.117647058823529,4.79806468041762,4.30598692967909,0.00148877445848137,0.00470905834150085,0.000574137468193746,"CCR2/RELA/CX3CR1/LGALS3BP/CXCR2/CXCL9",6
"GO:1903350","response to dopamine","6/462","51/18842",0.117647058823529,4.79806468041762,4.30598692967909,0.00148877445848137,0.00470905834150085,0.000574137468193746,"HDAC2/HTR2B/GSK3B/TGM2/PRMT5/AKT1",6
"GO:1903351","cellular response to dopamine","6/462","51/18842",0.117647058823529,4.79806468041762,4.30598692967909,0.00148877445848137,0.00470905834150085,0.000574137468193746,"HDAC2/HTR2B/GSK3B/TGM2/PRMT5/AKT1",6
"GO:0006525","arginine metabolic process","4/462","21/18842",0.19047619047619,7.76829519686663,4.92003056878459,0.00153296251941324,0.00477260829251286,0.000581885600693257,"ARG2/NOS2/OTC/NOS3",4
"GO:0030813","positive regulation of nucleotide catabolic process","4/462","21/18842",0.19047619047619,7.76829519686663,4.92003056878459,0.00153296251941324,0.00477260829251286,0.000581885600693257,"INS/IGF1/MTOR/INSR",4
"GO:0033123","positive regulation of purine nucleotide catabolic process","4/462","21/18842",0.19047619047619,7.76829519686663,4.92003056878459,0.00153296251941324,0.00477260829251286,0.000581885600693257,"INS/IGF1/MTOR/INSR",4
"GO:0033630","positive regulation of cell adhesion mediated by integrin","4/462","21/18842",0.19047619047619,7.76829519686663,4.92003056878459,0.00153296251941324,0.00477260829251286,0.000581885600693257,"PTK2/LIF/CCL5/RET",4
"GO:0043388","positive regulation of DNA binding","4/462","21/18842",0.19047619047619,7.76829519686663,4.92003056878459,0.00153296251941324,0.00477260829251286,0.000581885600693257,"MMP9/HMGB1/IGF1/H1-0",4
"GO:0044321","response to leptin","4/462","21/18842",0.19047619047619,7.76829519686663,4.92003056878459,0.00153296251941324,0.00477260829251286,0.000581885600693257,"SIRT1/LEPR/GCK/FGF23",4
"GO:0045821","positive regulation of glycolytic process","4/462","21/18842",0.19047619047619,7.76829519686663,4.92003056878459,0.00153296251941324,0.00477260829251286,0.000581885600693257,"INS/IGF1/MTOR/INSR",4
"GO:0046112","nucleobase biosynthetic process","4/462","21/18842",0.19047619047619,7.76829519686663,4.92003056878459,0.00153296251941324,0.00477260829251286,0.000581885600693257,"TYMS/CPS1/MTOR/DHODH",4
"GO:0097062","dendritic spine maintenance","4/462","21/18842",0.19047619047619,7.76829519686663,4.92003056878459,0.00153296251941324,0.00477260829251286,0.000581885600693257,"IGF1R/APOE/INS/INSR",4
"GO:1901201","regulation of extracellular matrix assembly","4/462","21/18842",0.19047619047619,7.76829519686663,4.92003056878459,0.00153296251941324,0.00477260829251286,0.000581885600693257,"SMAD3/PPARG/AGT/TGFB1",4
"GO:1902254","negative regulation of intrinsic apoptotic signaling pathway by p53 class mediator","4/462","21/18842",0.19047619047619,7.76829519686663,4.92003056878459,0.00153296251941324,0.00477260829251286,0.000581885600693257,"SIRT1/BCL2/KDM1A/MIF",4
"GO:0002360","T cell lineage commitment","5/462","35/18842",0.142857142857143,5.82622139764997,4.53087112877275,0.00153417649114556,0.00477260829251286,0.000581885600693257,"IL6ST/IL6/IL6R/JAK1/MTOR",5
"GO:0006839","mitochondrial transport","5/462","35/18842",0.142857142857143,5.82622139764997,4.53087112877275,0.00153417649114556,0.00477260829251286,0.000581885600693257,"SLC25A13/CPT2/UCP2/CPT1A/SLC25A24",5
"GO:0010804","negative regulation of tumor necrosis factor-mediated signaling pathway","5/462","35/18842",0.142857142857143,5.82622139764997,4.53087112877275,0.00153417649114556,0.00477260829251286,0.000581885600693257,"APOA1/GSTP1/NOL3/NR1H4/ADIPOQ",5
"GO:0032892","positive regulation of organic acid transport","5/462","35/18842",0.142857142857143,5.82622139764997,4.53087112877275,0.00153417649114556,0.00477260829251286,0.000581885600693257,"AVPR1A/IL1B/CYP4A11/FABP3/MIF",5
"GO:0072210","metanephric nephron development","5/462","35/18842",0.142857142857143,5.82622139764997,4.53087112877275,0.00153417649114556,0.00477260829251286,0.000581885600693257,"LIF/PDGFRB/RET/PDGFB/EGR1",5
"GO:1900017","positive regulation of cytokine production involved in inflammatory response","5/462","35/18842",0.142857142857143,5.82622139764997,4.53087112877275,0.00153417649114556,0.00477260829251286,0.000581885600693257,"TNF/RELA/TLR3/IL6/TLR4",5
"GO:0002674","negative regulation of acute inflammatory response","3/462","10/18842",0.3,12.2350649350649,5.63413920574938,0.00154564392779602,0.00477260829251286,0.000581885600693257,"NLRP3/GSTP1/INS",3
"GO:0006784","heme A biosynthetic process","3/462","10/18842",0.3,12.2350649350649,5.63413920574938,0.00154564392779602,0.00477260829251286,0.000581885600693257,"ALAS1/FECH/COX15",3
"GO:0010616","negative regulation of cardiac muscle adaptation","3/462","10/18842",0.3,12.2350649350649,5.63413920574938,0.00154564392779602,0.00477260829251286,0.000581885600693257,"SMAD3/FOXO1/PPARG",3
"GO:0032000","positive regulation of fatty acid beta-oxidation","3/462","10/18842",0.3,12.2350649350649,5.63413920574938,0.00154564392779602,0.00477260829251286,0.000581885600693257,"PPARA/CPT1A/PLIN5",3
"GO:0032627","interleukin-23 production","3/462","10/18842",0.3,12.2350649350649,5.63413920574938,0.00154564392779602,0.00477260829251286,0.000581885600693257,"RAC1/TGFB1/TLR4",3
"GO:0032667","regulation of interleukin-23 production","3/462","10/18842",0.3,12.2350649350649,5.63413920574938,0.00154564392779602,0.00477260829251286,0.000581885600693257,"RAC1/TGFB1/TLR4",3
"GO:0034351","negative regulation of glial cell apoptotic process","3/462","10/18842",0.3,12.2350649350649,5.63413920574938,0.00154564392779602,0.00477260829251286,0.000581885600693257,"CCL2/PRKCD/PRKCA",3
"GO:0036500","ATF6-mediated unfolded protein response","3/462","10/18842",0.3,12.2350649350649,5.63413920574938,0.00154564392779602,0.00477260829251286,0.000581885600693257,"DDIT3/ATF6/HSPA5",3
"GO:0070106","interleukin-27-mediated signaling pathway","3/462","10/18842",0.3,12.2350649350649,5.63413920574938,0.00154564392779602,0.00477260829251286,0.000581885600693257,"IL6ST/OAS1/OAS2",3
"GO:0070561","vitamin D receptor signaling pathway","3/462","10/18842",0.3,12.2350649350649,5.63413920574938,0.00154564392779602,0.00477260829251286,0.000581885600693257,"PIM1/VDR/CYP24A1",3
"GO:0071670","smooth muscle cell chemotaxis","3/462","10/18842",0.3,12.2350649350649,5.63413920574938,0.00154564392779602,0.00477260829251286,0.000581885600693257,"LPAR1/GSTP1/PDGFRB",3
"GO:0097278","complement-dependent cytotoxicity","3/462","10/18842",0.3,12.2350649350649,5.63413920574938,0.00154564392779602,0.00477260829251286,0.000581885600693257,"IL4/RAB27A/CLU",3
"GO:1901031","regulation of response to reactive oxygen species","3/462","10/18842",0.3,12.2350649350649,5.63413920574938,0.00154564392779602,0.00477260829251286,0.000581885600693257,"CD36/SESN2/NFE2L2",3
"GO:1903243","negative regulation of cardiac muscle hypertrophy in response to stress","3/462","10/18842",0.3,12.2350649350649,5.63413920574938,0.00154564392779602,0.00477260829251286,0.000581885600693257,"SMAD3/FOXO1/PPARG",3
"GO:1903596","regulation of gap junction assembly","3/462","10/18842",0.3,12.2350649350649,5.63413920574938,0.00154564392779602,0.00477260829251286,0.000581885600693257,"ACE/AGT/IL1B",3
"GO:1990859","cellular response to endothelin","3/462","10/18842",0.3,12.2350649350649,5.63413920574938,0.00154564392779602,0.00477260829251286,0.000581885600693257,"KLF11/KLF4/KLF5",3
"GO:2000109","regulation of macrophage apoptotic process","3/462","10/18842",0.3,12.2350649350649,5.63413920574938,0.00154564392779602,0.00477260829251286,0.000581885600693257,"SIRT1/CDKN2A/CCL5",3
"GO:2000345","regulation of hepatocyte proliferation","3/462","10/18842",0.3,12.2350649350649,5.63413920574938,0.00154564392779602,0.00477260829251286,0.000581885600693257,"FBXW7/TNF/RTN4",3
"GO:1903900","regulation of viral life cycle","9/462","110/18842",0.0818181818181818,3.33683589138135,3.89702050913719,0.00154576746243759,0.00477260829251286,0.000581885600693257,"TNF/APOBEC3A/ADAR/BCL2/OAS1/CCL5/HMGB1/IL32/OAS2",9
"GO:1902806","regulation of cell cycle G1/S phase transition","13/462","203/18842",0.0640394088669951,2.61175441963619,3.66046108036294,0.00155852187680298,0.00480879911093086,0.000586298055020961,"FBXW7/CYP1A1/CCL2/PIM1/TP53/KLF11/CDKN2A/PTEN/CDKN1A/AKT1/TERT/KLF4/EGFR",13
"GO:0046390","ribose phosphate biosynthetic process","12/462","179/18842",0.0670391061452514,2.73409272291954,3.69579873288296,0.00158702695153036,0.00489350826908964,0.000596625958833383,"SLC25A13/PPARA/STOML2/IL4/SDHB/PARP1/TGFB1/NDUFB10/DHODH/NDUFS2/NDUFS4/NDUFA2",12
"GO:0140014","mitotic nuclear division","16/462","281/18842",0.0569395017793594,2.32219500546903,3.54036628192246,0.00163309390403031,0.00503222052757454,0.000613538024711203,"TNF/SIRT1/IL1A/IL1B/TGFB1/DUSP1/SPC25/PRMT5/KIF22/PDGFRB/INS/IGF2/IGF1/BIRC5/INSR/PDGFB",16
"GO:0090316","positive regulation of intracellular protein transport","8/462","90/18842",0.0888888888888889,3.62520442520443,3.95786333776939,0.00164589674445136,0.00506698197436957,0.00061777620729598,"SMAD3/JAK2/GSK3B/CDH1/IL1B/TGFB1/PRKCD/AKT1",8
"GO:0006826","iron ion transport","6/462","52/18842",0.115384615384615,4.70579420579421,4.24247985453702,0.00164872802645401,0.00506698197436957,0.00061777620729598,"TF/B2M/ABCC5/LCN2/FTH1/SLC11A1",6
"GO:0044546","NLRP3 inflammasome complex assembly","6/462","52/18842",0.115384615384615,4.70579420579421,4.24247985453702,0.00164872802645401,0.00506698197436957,0.00061777620729598,"HSPA8/TLR9/CD36/NLRP3/MAPK8/TLR4",6
"GO:0050819","negative regulation of coagulation","6/462","52/18842",0.115384615384615,4.70579420579421,4.24247985453702,0.00164872802645401,0.00506698197436957,0.00061777620729598,"SERPINB2/APOE/PRKCD/SERPINE1/NOS3/PDGFB",6
"GO:0021537","telencephalon development","12/462","180/18842",0.0666666666666667,2.71890331890332,3.67374340269324,0.00166366721882211,0.00510952148472014,0.000622962706379169,"LPAR1/AVPR1A/WNT5A/FOS/RTN4/GSK3B/CASP3/PTEN/ATP1A2/BNIP3/SLC2A1/SCT",12
"GO:0009152","purine ribonucleotide biosynthetic process","11/462","157/18842",0.0700636942675159,2.85744616317865,3.70526879600411,0.00173119754867443,0.0053134184486672,0.000647822217169525,"SLC25A13/PPARA/STOML2/IL4/SDHB/PARP1/TGFB1/NDUFB10/NDUFS2/NDUFS4/NDUFA2",11
"GO:0044409","symbiont entry into host","10/462","134/18842",0.0746268656716418,3.04354849130969,3.76377692311031,0.00173637691349143,0.00532580428802115,0.000649332322573288,"VLDLR/LDLR/AGTR1/CTSB/SCARB1/HMGB1/PVR/INSR/EGFR/EPHA2",10
"GO:0006023","aminoglycan biosynthetic process","5/462","36/18842",0.138888888888889,5.66438191438191,4.4411694762713,0.0017462341892852,0.00534196214540859,0.000651302319685046,"NFKB1/IL1B/TGFB1/ABCC5/PDGFB",5
"GO:0010762","regulation of fibroblast migration","5/462","36/18842",0.138888888888889,5.66438191438191,4.4411694762713,0.0017462341892852,0.00534196214540859,0.000651302319685046,"PRKCE/RAC1/PTK2/TGFB1/AKAP12",5
"GO:0038094","Fc-gamma receptor signaling pathway","5/462","36/18842",0.138888888888889,5.66438191438191,4.4411694762713,0.0017462341892852,0.00534196214540859,0.000651302319685046,"PRKCE/PTK2/NOS2/PRKCD/HCK",5
"GO:0045730","respiratory burst","5/462","36/18842",0.138888888888889,5.66438191438191,4.4411694762713,0.0017462341892852,0.00534196214540859,0.000651302319685046,"RAC1/INS/SLC11A1/INSR/HCK",5
"GO:0010803","regulation of tumor necrosis factor-mediated signaling pathway","7/462","71/18842",0.0985915492957746,4.02091335894153,4.04318811769259,0.00175149688039735,0.0053475209672984,0.000651980061962696,"APOA1/GSTP1/NOL3/NR1H4/ADAM10/ADIPOQ/CASP1",7
"GO:0042310","vasoconstriction","7/462","71/18842",0.0985915492957746,4.02091335894153,4.04318811769259,0.00175149688039735,0.0053475209672984,0.000651980061962696,"AVPR1A/ACE/HTR2B/AGTR1/AGT/MMP2/CRP",7
"GO:2000144","positive regulation of DNA-templated transcription initiation","7/462","71/18842",0.0985915492957746,4.02091335894153,4.04318811769259,0.00175149688039735,0.0053475209672984,0.000651980061962696,"HNF1A/NFKB1/TP53/CEBPA/NFKBIA/MYC/JUN",7
"GO:1901992","positive regulation of mitotic cell cycle phase transition","8/462","91/18842",0.0879120879120879,3.58536701393844,3.91950201218216,0.00176673416741379,0.00539050739415374,0.000657221049967435,"CYP1A1/PIM1/TGFB1/AKT1/TERT/BIRC5/CDC25B/EGFR",8
"GO:0010508","positive regulation of autophagy","11/462","158/18842",0.069620253164557,2.83936106088005,3.68095757055289,0.00182079528289289,0.00553915952423033,0.000675345004145624,"FOXO1/TLR9/SIRT1/SQSTM1/SESN2/IL4/GSK3B/ATF6/SLC25A4/HMGB1/BNIP3",11
"GO:0070830","bicellular tight junction assembly","6/462","53/18842",0.113207547169811,4.61700563587356,4.18056996513057,0.00182140318548038,0.00553915952423033,0.000675345004145624,"TNF/TJP1/RAC1/MARVELD3/GPBAR1/EPHA2",6
"GO:0072028","nephron morphogenesis","6/462","53/18842",0.113207547169811,4.61700563587356,4.18056996513057,0.00182140318548038,0.00553915952423033,0.000675345004145624,"GPC3/AGT/TGFB1/MYC/LIF/VEGFA",6
"GO:0072088","nephron epithelium morphogenesis","6/462","53/18842",0.113207547169811,4.61700563587356,4.18056996513057,0.00182140318548038,0.00553915952423033,0.000675345004145624,"GPC3/AGT/TGFB1/MYC/LIF/VEGFA",6
"GO:1901570","fatty acid derivative biosynthetic process","6/462","53/18842",0.113207547169811,4.61700563587356,4.18056996513057,0.00182140318548038,0.00553915952423033,0.000675345004145624,"FASN/ACACA/HACD2/ALOX15/ALOX5/HMGCS2",6
"GO:0008406","gonad development","10/462","135/18842",0.0740740740740741,3.02100368767035,3.73621729207541,0.00183529289517632,0.00555239946768706,0.000676959243567608,"AR/TLR9/WNT5A/RAC1/ACE/RETN/CASP3/VEGFA/INSR/MMP2",10
"GO:0030518","nuclear receptor-mediated steroid hormone signaling pathway","10/462","135/18842",0.0740740740740741,3.02100368767035,3.73621729207541,0.00183529289517632,0.00555239946768706,0.000676959243567608,"AR/JAK2/ESR1/HDAC2/SIRT1/PPARA/KDM1A/VDR/PARP1/PPARD",10
"GO:0039531","regulation of cytoplasmic pattern recognition receptor signaling pathway","10/462","135/18842",0.0740740740740741,3.02100368767035,3.73621729207541,0.00183529289517632,0.00555239946768706,0.000676959243567608,"HSPA8/TLR9/CD36/MAPK8/RTN4/PARP1/AKT1/HMGB1/TLR4/EGFR",10
"GO:0043401","steroid hormone receptor signaling pathway","10/462","135/18842",0.0740740740740741,3.02100368767035,3.73621729207541,0.00183529289517632,0.00555239946768706,0.000676959243567608,"AR/JAK2/ESR1/HDAC2/SIRT1/PPARA/KDM1A/VDR/PARP1/PPARD",10
"GO:0033138","positive regulation of peptidyl-serine phosphorylation","4/462","22/18842",0.181818181818182,7.41519086973632,4.77321857784255,0.00183768204031481,0.00555239946768706,0.000676959243567608,"IL6/AKT1/LIF/EGFR",4
"GO:0033233","regulation of protein sumoylation","4/462","22/18842",0.181818181818182,7.41519086973632,4.77321857784255,0.00183768204031481,0.00555239946768706,0.000676959243567608,"RELA/CDKN2A/CTNNB1/EGR1",4
"GO:0036315","cellular response to sterol","4/462","22/18842",0.181818181818182,7.41519086973632,4.77321857784255,0.00183768204031481,0.00555239946768706,0.000676959243567608,"ABCA1/CYP7A1/RORA/CES1",4
"GO:0042953","lipoprotein transport","4/462","22/18842",0.181818181818182,7.41519086973632,4.77321857784255,0.00183768204031481,0.00555239946768706,0.000676959243567608,"CD36/PPARG/APOE/APOB",4
"GO:0048147","negative regulation of fibroblast proliferation","4/462","22/18842",0.181818181818182,7.41519086973632,4.77321857784255,0.00183768204031481,0.00555239946768706,0.000676959243567608,"TP53/GSTP1/MYC/FTH1",4
"GO:0071480","cellular response to gamma radiation","4/462","22/18842",0.181818181818182,7.41519086973632,4.77321857784255,0.00183768204031481,0.00555239946768706,0.000676959243567608,"TP53/KDM1A/YAP1/EGR1",4
"GO:1901264","carbohydrate derivative transport","8/462","92/18842",0.0869565217391304,3.54639563335216,3.88167676108786,0.00189447184479663,0.00572027296327699,0.000697426703672195,"VLDLR/SLC5A2/SLC29A1/ABCG1/SCARB1/SLC25A4/ABCC5/SLC25A24",8
"GO:0030330","DNA damage response, signal transduction by p53 class mediator","7/462","72/18842",0.0972222222222222,3.96506734006734,3.99639937223075,0.00190000767216803,0.00572955681451706,0.000698558608707025,"SIRT1/TP53/KDM1A/SESN2/CDKN2A/CDKN1A/MIF",7
"GO:0030500","regulation of bone mineralization","7/462","72/18842",0.0972222222222222,3.96506734006734,3.99639937223075,0.00190000767216803,0.00572955681451706,0.000698558608707025,"SMAD3/VDR/AHSG/OSR2/ALOX5/FGF23/BGLAP",7
"GO:0034143","regulation of toll-like receptor 4 signaling pathway","5/462","37/18842",0.135135135135135,5.51129051129051,4.35476974758572,0.00197900179223425,0.00596004679472358,0.000726660391289235,"NR1H3/SQSTM1/CD36/HMGB1/CD14",5
"GO:1902108","regulation of mitochondrial membrane permeability involved in apoptotic process","5/462","37/18842",0.135135135135135,5.51129051129051,4.35476974758572,0.00197900179223425,0.00596004679472358,0.000726660391289235,"CASP6/GSK3B/NOL3/ACAA2/BNIP3",5
"GO:0032386","regulation of intracellular transport","15/462","260/18842",0.0576923076923077,2.3528971028971,3.48261464468352,0.00198668695673564,0.00597932415679453,0.000729010724423852,"SMAD3/JAK2/PTPN1/CD36/MAPK3/GSK3B/CDH1/IL1B/TGFB1/CDKN2A/PRKCD/NFKBIA/AKT1/PCSK9/MX2",15
"GO:0050731","positive regulation of peptidyl-tyrosine phosphorylation","6/462","54/18842",0.111111111111111,4.53150553150553,4.12018487996476,0.00200743806137496,0.00603008491210441,0.00073519957353629,"NRG1/IL10/JAK2/IL4/IL6/LIF",6
"GO:0055021","regulation of cardiac muscle tissue growth","6/462","54/18842",0.111111111111111,4.53150553150553,4.12018487996476,0.00200743806137496,0.00603008491210441,0.00073519957353629,"NRG1/PIM1/PPARA/YAP1/IGF1/RBP4",6
"GO:0140632","canonical inflammasome complex assembly","6/462","54/18842",0.111111111111111,4.53150553150553,4.12018487996476,0.00200743806137496,0.00603008491210441,0.00073519957353629,"HSPA8/TLR9/CD36/NLRP3/MAPK8/TLR4",6
"GO:0000050","urea cycle","3/462","11/18842",0.272727272727273,11.1227863046045,5.32426825705384,0.00208675517688318,0.00618061838649368,0.000753552904838768,"ARG2/CPS1/OTC",3
"GO:0002835","negative regulation of response to tumor cell","3/462","11/18842",0.272727272727273,11.1227863046045,5.32426825705384,0.00208675517688318,0.00618061838649368,0.000753552904838768,"AHR/MAPK3/TGFB1",3
"GO:0002838","negative regulation of immune response to tumor cell","3/462","11/18842",0.272727272727273,11.1227863046045,5.32426825705384,0.00208675517688318,0.00618061838649368,0.000753552904838768,"AHR/MAPK3/TGFB1",3
"GO:0007567","parturition","3/462","11/18842",0.272727272727273,11.1227863046045,5.32426825705384,0.00208675517688318,0.00618061838649368,0.000753552904838768,"CYP1A1/MAFF/MMP2",3
"GO:0031650","regulation of heat generation","3/462","11/18842",0.272727272727273,11.1227863046045,5.32426825705384,0.00208675517688318,0.00618061838649368,0.000753552904838768,"TNF/PTGS2/IL1B",3
"GO:0031666","positive regulation of lipopolysaccharide-mediated signaling pathway","3/462","11/18842",0.272727272727273,11.1227863046045,5.32426825705384,0.00208675517688318,0.00618061838649368,0.000753552904838768,"PRKCA/CD14/MIF",3
"GO:0032782","bile acid secretion","3/462","11/18842",0.272727272727273,11.1227863046045,5.32426825705384,0.00208675517688318,0.00618061838649368,0.000753552904838768,"ABCB4/TNF/CES1",3
"GO:0033079","immature T cell proliferation","3/462","11/18842",0.272727272727273,11.1227863046045,5.32426825705384,0.00208675517688318,0.00618061838649368,0.000753552904838768,"IL1A/IL1B/CDKN2A",3
"GO:0038083","peptidyl-tyrosine autophosphorylation","3/462","11/18842",0.272727272727273,11.1227863046045,5.32426825705384,0.00208675517688318,0.00618061838649368,0.000753552904838768,"NRG1/IGF1R/MAPK3",3
"GO:0042939","tripeptide transport","3/462","11/18842",0.272727272727273,11.1227863046045,5.32426825705384,0.00208675517688318,0.00618061838649368,0.000753552904838768,"ABCC1/GJA1/ABCC5",3
"GO:0045348","positive regulation of MHC class II biosynthetic process","3/462","11/18842",0.272727272727273,11.1227863046045,5.32426825705384,0.00208675517688318,0.00618061838649368,0.000753552904838768,"JAK2/SIRT1/IL4",3
"GO:0060397","growth hormone receptor signaling pathway via JAK-STAT","3/462","11/18842",0.272727272727273,11.1227863046045,5.32426825705384,0.00208675517688318,0.00618061838649368,0.000753552904838768,"JAK2/PTPN1/JAK1",3
"GO:0061517","macrophage proliferation","3/462","11/18842",0.272727272727273,11.1227863046045,5.32426825705384,0.00208675517688318,0.00618061838649368,0.000753552904838768,"MAPK3/PTK2/CLU",3
"GO:0071492","cellular response to UV-A","3/462","11/18842",0.272727272727273,11.1227863046045,5.32426825705384,0.00208675517688318,0.00618061838649368,0.000753552904838768,"MMP9/MMP2/MMP1",3
"GO:0072124","regulation of glomerular mesangial cell proliferation","3/462","11/18842",0.272727272727273,11.1227863046045,5.32426825705384,0.00208675517688318,0.00618061838649368,0.000753552904838768,"IL6R/PDGFB/EGR1",3
"GO:0097284","hepatocyte apoptotic process","3/462","11/18842",0.272727272727273,11.1227863046045,5.32426825705384,0.00208675517688318,0.00618061838649368,0.000753552904838768,"CASP6/PPARA/DNMT3A",3
"GO:1900222","negative regulation of amyloid-beta clearance","3/462","11/18842",0.272727272727273,11.1227863046045,5.32426825705384,0.00208675517688318,0.00618061838649368,0.000753552904838768,"TNF/SREBF2/HMGCR",3
"GO:1902306","negative regulation of sodium ion transmembrane transport","3/462","11/18842",0.272727272727273,11.1227863046045,5.32426825705384,0.00208675517688318,0.00618061838649368,0.000753552904838768,"PRKCE/AGT/PCSK9",3
"GO:1990839","response to endothelin","3/462","11/18842",0.272727272727273,11.1227863046045,5.32426825705384,0.00208675517688318,0.00618061838649368,0.000753552904838768,"KLF11/KLF4/KLF5",3
"GO:2000048","negative regulation of cell-cell adhesion mediated by cadherin","3/462","11/18842",0.272727272727273,11.1227863046045,5.32426825705384,0.00208675517688318,0.00618061838649368,0.000753552904838768,"TGFB1/VEGFA/EPCAM",3
"GO:2000252","negative regulation of feeding behavior","3/462","11/18842",0.272727272727273,11.1227863046045,5.32426825705384,0.00208675517688318,0.00618061838649368,0.000753552904838768,"RETN/INS/MC4R",3
"GO:2001280","positive regulation of unsaturated fatty acid biosynthetic process","3/462","11/18842",0.272727272727273,11.1227863046045,5.32426825705384,0.00208675517688318,0.00618061838649368,0.000753552904838768,"PTGS2/AVPR1A/IL1B",3
"GO:0045137","development of primary sexual characteristics","10/462","138/18842",0.072463768115942,2.95532969446013,3.65504308770566,0.0021596645437162,0.0063924972126781,0.000779385579655579,"AR/TLR9/WNT5A/RAC1/ACE/RETN/CASP3/VEGFA/INSR/MMP2",10
"GO:0007588","excretion","4/462","23/18842",0.173913043478261,7.09279126670431,4.63534598592223,0.0021819286887333,0.00642165611551342,0.000782940689283685,"ABCG2/AGTR1/SPX/AGT",4
"GO:0032095","regulation of response to food","4/462","23/18842",0.173913043478261,7.09279126670431,4.63534598592223,0.0021819286887333,0.00642165611551342,0.000782940689283685,"PPARA/SPX/GDF15/MC4R",4
"GO:0035902","response to immobilization stress","4/462","23/18842",0.173913043478261,7.09279126670431,4.63534598592223,0.0021819286887333,0.00642165611551342,0.000782940689283685,"CYP1A1/FOS/TGFB1/SOD2",4
"GO:0038203","TORC2 signaling","4/462","23/18842",0.173913043478261,7.09279126670431,4.63534598592223,0.0021819286887333,0.00642165611551342,0.000782940689283685,"SESN2/GSK3B/AKT1/MTOR",4
"GO:0044872","lipoprotein localization","4/462","23/18842",0.173913043478261,7.09279126670431,4.63534598592223,0.0021819286887333,0.00642165611551342,0.000782940689283685,"CD36/PPARG/APOE/APOB",4
"GO:0048265","response to pain","4/462","23/18842",0.173913043478261,7.09279126670431,4.63534598592223,0.0021819286887333,0.00642165611551342,0.000782940689283685,"TSPO/AKT1/RET/MTOR",4
"GO:0061042","vascular wound healing","4/462","23/18842",0.173913043478261,7.09279126670431,4.63534598592223,0.0021819286887333,0.00642165611551342,0.000782940689283685,"TNF/ALOX5/SERPINE1/VEGFA",4
"GO:0061450","trophoblast cell migration","4/462","23/18842",0.173913043478261,7.09279126670431,4.63534598592223,0.0021819286887333,0.00642165611551342,0.000782940689283685,"SMAD3/GJA1/VEGFA/MMP2",4
"GO:2000773","negative regulation of cellular senescence","4/462","23/18842",0.173913043478261,7.09279126670431,4.63534598592223,0.0021819286887333,0.00642165611551342,0.000782940689283685,"SIRT1/PTEN/TERT/MIF",4
"GO:0046148","pigment biosynthetic process","6/462","55/18842",0.109090909090909,4.4491145218418,4.06125679232893,0.00220748013406637,0.00649275268743715,0.00079160892034844,"ALB/WNT5A/ALAS1/FECH/TSPO/COX15",6
"GO:0042058","regulation of epidermal growth factor receptor signaling pathway","7/462","74/18842",0.0945945945945946,3.85790335790336,3.90530187767779,0.00222615795254857,0.00653666479625765,0.000796962769282326,"FBXW7/IFI6/MMP9/AGT/TGFB1/SPRY4/EGFR",7
"GO:0072080","nephron tubule development","7/462","74/18842",0.0945945945945946,3.85790335790336,3.90530187767779,0.00222615795254857,0.00653666479625765,0.000796962769282326,"GPC3/AGT/TGFB1/CTNNB1/MYC/LIF/VEGFA",7
"GO:0050821","protein stabilization","14/462","237/18842",0.0590717299578059,2.40915483953459,3.46113278671585,0.00223152921181202,0.00653666479625765,0.000796962769282326,"FBXW7/SMAD3/PIM1/RTN4/APOA1/CDKN2A/HSPB1/HCFC1/PRKCD/PTEN/CLU/P3H1/IGF1/MTOR",14
"GO:0007405","neuroblast proliferation","5/462","38/18842",0.131578947368421,5.36625655046708,4.27145795922641,0.00223364125662498,0.00653666479625765,0.000796962769282326,"CX3CR1/KDM1A/TGFB1/CTNNB1/VEGFA",5
"GO:0010669","epithelial structure maintenance","5/462","38/18842",0.131578947368421,5.36625655046708,4.27145795922641,0.00223364125662498,0.00653666479625765,0.000796962769282326,"NR1I2/TLR9/HSPB1/TLR4/RBP4",5
"GO:0042771","intrinsic apoptotic signaling pathway in response to DNA damage by p53 class mediator","5/462","38/18842",0.131578947368421,5.36625655046708,4.27145795922641,0.00223364125662498,0.00653666479625765,0.000796962769282326,"SIRT1/BCL2/TP53/KDM1A/MIF",5
"GO:0046475","glycerophospholipid catabolic process","5/462","38/18842",0.131578947368421,5.36625655046708,4.27145795922641,0.00223364125662498,0.00653666479625765,0.000796962769282326,"PRDX6/LDLR/LIPC/SCARB1/APOC1",5
"GO:1901889","negative regulation of cell junction assembly","5/462","38/18842",0.131578947368421,5.36625655046708,4.27145795922641,0.00223364125662498,0.00653666479625765,0.000796962769282326,"TNF/WNT5A/ACE/IL1B/PTEN",5
"GO:0030856","regulation of epithelial cell differentiation","10/462","139/18842",0.0719424460431655,2.93406832975178,3.62847208011284,0.00227749896267659,0.00666082611194861,0.000812100756172438,"TNF/TLR9/MAFF/MMP9/VDR/IL1B/CTNNB1/SERPINE1/LIF/VEGFA",10
"GO:0031345","negative regulation of cell projection organization","11/462","163/18842",0.0674846625766871,2.75226409582238,3.56218739448291,0.00232729073079353,0.00680217554461687,0.000829334351408999,"LPAR1/PTPN1/HDAC2/SPP1/RTN4/APOE/CDH1/PRKCD/PTEN/AKT1/YAP1",11
"GO:0045931","positive regulation of mitotic cell cycle","9/462","117/18842",0.0769230769230769,3.13719613719614,3.67643259001817,0.00236730373889395,0.00691478432138658,0.000843063830490023,"CYP1A1/PIM1/TGFB1/AKT1/TERT/PRKCA/BIRC5/CDC25B/EGFR",9
"GO:0048167","regulation of synaptic plasticity","12/462","188/18842",0.0638297872340425,2.60320530533297,3.50253342761737,0.00239319364084616,0.00698602482243242,0.000851749609670723,"SQSTM1/CX3CR1/ACE/SYT7/APOE/GSK3B/CTNNB1/PTEN/INS/S100B/ATF4/SCT",12
"GO:0042100","B cell proliferation","7/462","75/18842",0.0933333333333333,3.80646464646465,3.86093943824472,0.00240461909356359,0.00701497900979453,0.000855279759993812,"AHR/IL10/TLR9/BCL2/IL4/CDKN2A/MIF",7
"GO:0071870","cellular response to catecholamine stimulus","6/462","56/18842",0.107142857142857,4.36966604823748,4.00372210336706,0.00242218542804394,0.00706180047149192,0.000860988322837291,"HDAC2/HTR2B/GSK3B/TGM2/PRMT5/AKT1",6
"GO:0044344","cellular response to fibroblast growth factor stimulus","8/462","96/18842",0.0833333333333333,3.39862914862915,3.73546460990869,0.00247992886768573,0.00722562503626081,0.000880962129493161,"CCL2/PTPN1/FGF21/CPS1/CCL5/FGFR4/FGF23/SPRY4",8
"GO:0010639","negative regulation of organelle organization","18/462","348/18842",0.0517241379310345,2.10949395432154,3.31206876076306,0.00249088689194449,0.00725301398930179,0.000884301443431331,"LPAR1/IFI6/TJP1/PPARG/TP53/PARP1/DUSP1/SPC25/PRKCD/NOL3/ACAA2/AKT1/CLU/YAP1/IGF1/BNIP3/MTOR/BIRC5",18
"GO:0051101","regulation of DNA binding","5/462","39/18842",0.128205128205128,5.22866022866023,4.19103927465015,0.00251132164631165,0.00729882246268854,0.000889886500787768,"MMP9/HMGB1/IGF1/JUN/H1-0",5
"GO:1903170","negative regulation of calcium ion transmembrane transport","5/462","39/18842",0.128205128205128,5.22866022866023,4.19103927465015,0.00251132164631165,0.00729882246268854,0.000889886500787768,"TLR9/GPR35/UCP2/TGFB1/ATP1A2",5
"GO:1905710","positive regulation of membrane permeability","5/462","39/18842",0.128205128205128,5.22866022866023,4.19103927465015,0.00251132164631165,0.00729882246268854,0.000889886500787768,"CASP6/SLC9A1/GSK3B/ACAA2/BNIP3",5
"GO:0002407","dendritic cell chemotaxis","4/462","24/18842",0.166666666666667,6.7972582972583,4.50548707979648,0.00256817767211996,0.00742236824419028,0.000904949440563286,"CCR2/CXCR2/CCL5/HMGB1",4
"GO:0010988","regulation of low-density lipoprotein particle clearance","4/462","24/18842",0.166666666666667,6.7972582972583,4.50548707979648,0.00256817767211996,0.00742236824419028,0.000904949440563286,"LDLR/FGF21/NR1H4/PCSK9",4
"GO:0030262","apoptotic nuclear changes","4/462","24/18842",0.166666666666667,6.7972582972583,4.50548707979648,0.00256817767211996,0.00742236824419028,0.000904949440563286,"BAX/IL6/CASP3/CIDEA",4
"GO:0036498","IRE1-mediated unfolded protein response","4/462","24/18842",0.166666666666667,6.7972582972583,4.50548707979648,0.00256817767211996,0.00742236824419028,0.000904949440563286,"BAX/PTPN1/HSPA5/ERN1",4
"GO:0042104","positive regulation of activated T cell proliferation","4/462","24/18842",0.166666666666667,6.7972582972583,4.50548707979648,0.00256817767211996,0.00742236824419028,0.000904949440563286,"HMGB1/IGF2/IGF1/IGFBP2",4
"GO:0045980","negative regulation of nucleotide metabolic process","4/462","24/18842",0.166666666666667,6.7972582972583,4.50548707979648,0.00256817767211996,0.00742236824419028,0.000904949440563286,"PPARA/TP53/TSPO/PARP1",4
"GO:0070232","regulation of T cell apoptotic process","4/462","24/18842",0.166666666666667,6.7972582972583,4.50548707979648,0.00256817767211996,0.00742236824419028,0.000904949440563286,"ARG2/TP53/LGALS3/CCL5",4
"GO:0090280","positive regulation of calcium ion import","4/462","24/18842",0.166666666666667,6.7972582972583,4.50548707979648,0.00256817767211996,0.00742236824419028,0.000904949440563286,"CCL2/LGALS3/PDGFRB/PDGFB",4
"GO:1900543","negative regulation of purine nucleotide metabolic process","4/462","24/18842",0.166666666666667,6.7972582972583,4.50548707979648,0.00256817767211996,0.00742236824419028,0.000904949440563286,"PPARA/TP53/TSPO/PARP1",4
"GO:0006879","intracellular iron ion homeostasis","7/462","76/18842",0.0921052631578947,3.75637958532695,3.81733411805459,0.00259389562280125,0.00748740112818514,0.000912878375109942,"TF/B2M/HMOX1/MYC/LCN2/FTH1/SLC11A1",7
"GO:0061326","renal tubule development","7/462","76/18842",0.0921052631578947,3.75637958532695,3.81733411805459,0.00259389562280125,0.00748740112818514,0.000912878375109942,"GPC3/AGT/TGFB1/CTNNB1/MYC/LIF/VEGFA",7
"GO:0044331","cell-cell adhesion mediated by cadherin","6/462","57/18842",0.105263157894737,4.29300524037366,3.94752109056678,0.00265221769045264,0.00764626970077246,0.000932247937647951,"TJP1/CDH1/TGFB1/CTNNB1/VEGFA/EPCAM",6
"GO:0071869","response to catecholamine","6/462","57/18842",0.105263157894737,4.29300524037366,3.94752109056678,0.00265221769045264,0.00764626970077246,0.000932247937647951,"HDAC2/HTR2B/GSK3B/TGM2/PRMT5/AKT1",6
"GO:0042326","negative regulation of phosphorylation","9/462","119/18842",0.0756302521008403,3.08447015169704,3.61644322769566,0.00265657005158462,0.00765407806941708,0.000933199949001228,"PTPN1/ADAR/SIRT1/IGFBP3/AGT/CDKN2A/PTEN/CDKN1A/ADIPOQ",9
"GO:0061844","antimicrobial humoral immune response mediated by antimicrobial peptide","10/462","142/18842",0.0704225352112676,2.87208097067252,3.55016229125439,0.00266231503970664,0.0076658867191553,0.000934639682334692,"CCL2/B2M/ELANE/CXCL10/CXCL1/CXCL5/LGALS3/CCL5/CCL20/CXCL9",10
"GO:1902600","proton transmembrane transport","12/462","191/18842",0.06282722513089,2.56231726388795,3.44060695922681,0.00272640411741783,0.00782297615630836,0.000953792329251844,"SLC25A13/SLC9A1/ATP1A1/UCP2/NDUFB10/SLC25A4/ATP1A2/SLC11A1/NDUFS2/SLC7A11/NDUFS4/NDUFA2",12
"GO:0032489","regulation of Cdc42 protein signal transduction","3/462","12/18842",0.25,10.1958874458874,5.05195320438464,0.00273199296180356,0.00782297615630836,0.000953792329251844,"ABCA1/APOE/APOA1",3
"GO:0033539","fatty acid beta-oxidation using acyl-CoA dehydrogenase","3/462","12/18842",0.25,10.1958874458874,5.05195320438464,0.00273199296180356,0.00782297615630836,0.000953792329251844,"ACADM/ACADVL/ETFDH",3
"GO:0035745","T-helper 2 cell cytokine production","3/462","12/18842",0.25,10.1958874458874,5.05195320438464,0.00273199296180356,0.00782297615630836,0.000953792329251844,"IL4/NLRP3/IL6",3
"GO:0043653","mitochondrial fragmentation involved in apoptotic process","3/462","12/18842",0.25,10.1958874458874,5.05195320438464,0.00273199296180356,0.00782297615630836,0.000953792329251844,"BAX/DNM1L/BNIP3",3
"GO:0051549","positive regulation of keratinocyte migration","3/462","12/18842",0.25,10.1958874458874,5.05195320438464,0.00273199296180356,0.00782297615630836,0.000953792329251844,"HBEGF/MMP9/MTOR",3
"GO:0070344","regulation of fat cell proliferation","3/462","12/18842",0.25,10.1958874458874,5.05195320438464,0.00273199296180356,0.00782297615630836,0.000953792329251844,"IL6ST/IL6/IL6R",3
"GO:1990253","cellular response to leucine starvation","3/462","12/18842",0.25,10.1958874458874,5.05195320438464,0.00273199296180356,0.00782297615630836,0.000953792329251844,"SESN2/MTOR/ATF4",3
"GO:2000551","regulation of T-helper 2 cell cytokine production","3/462","12/18842",0.25,10.1958874458874,5.05195320438464,0.00273199296180356,0.00782297615630836,0.000953792329251844,"IL4/NLRP3/IL6",3
"GO:0006022","aminoglycan metabolic process","7/462","77/18842",0.0909090909090909,3.70759543486816,3.77446202636949,0.00279441330070064,0.00798697871581472,0.000973787837369136,"SLC9A1/NFKB1/IL1B/TGFB1/ABCC5/CHST9/PDGFB",7
"GO:0045069","regulation of viral genome replication","7/462","77/18842",0.0909090909090909,3.70759543486816,3.77446202636949,0.00279441330070064,0.00798697871581472,0.000973787837369136,"TNF/APOBEC3A/ADAR/BCL2/OAS1/CCL5/OAS2",7
"GO:0060419","heart growth","7/462","77/18842",0.0909090909090909,3.70759543486816,3.77446202636949,0.00279441330070064,0.00798697871581472,0.000973787837369136,"ACACB/NRG1/PIM1/PPARA/YAP1/IGF1/RBP4",7
"GO:0048608","reproductive structure development","11/462","167/18842",0.0658682634730539,2.68634160250927,3.47035332556703,0.00280992031781207,0.00801611812414166,0.00097734057018921,"AR/TLR9/WNT5A/RAC1/ACE/RETN/CASP3/VEGFA/INSR/RBP4/MMP2",11
"GO:1903844","regulation of cellular response to transforming growth factor beta stimulus","11/462","167/18842",0.0658682634730539,2.68634160250927,3.47035332556703,0.00280992031781207,0.00801611812414166,0.00097734057018921,"RBBP7/HDAC2/SIRT1/ADAMTSL2/PPARA/PPARG/IL4/PEG10/ENG/GDF15/CIDEA",11
"GO:0009595","detection of biotic stimulus","5/462","40/18842",0.125,5.09794372294372,4.11333584787981,0.00281321671281089,0.00801611812414166,0.00097734057018921,"TLR9/NLRP3/TSPO/SCARB1/TLR4",5
"GO:0043368","positive T cell selection","5/462","40/18842",0.125,5.09794372294372,4.11333584787981,0.00281321671281089,0.00801611812414166,0.00097734057018921,"IL6ST/IL6/IL6R/JAK1/MTOR",5
"GO:0072337","modified amino acid transport","5/462","40/18842",0.125,5.09794372294372,4.11333584787981,0.00281321671281089,0.00801611812414166,0.00097734057018921,"ABCC1/GJA1/SLC22A4/ABCC5/SLC7A11",5
"GO:0043124","negative regulation of canonical NF-kappaB signal transduction","8/462","98/18842",0.0816326530612245,3.3292693700857,3.66523499802469,0.00282134200326949,0.00803435374142065,0.00097956389179116,"ESR1/SIRT1/RORA/NFKBIA/GSTP1/NR1H4/KLF4/ADIPOQ",8
"GO:0008585","female gonad development","6/462","58/18842",0.103448275862069,4.21898790864308,3.89259760769162,0.00289824755905512,0.00822819550912234,0.00100319745367712,"RAC1/RETN/CASP3/VEGFA/INSR/MMP2",6
"GO:0032608","interferon-beta production","6/462","58/18842",0.103448275862069,4.21898790864308,3.89259760769162,0.00289824755905512,0.00822819550912234,0.00100319745367712,"TLR9/TLR3/OAS1/HMGB1/TLR4/OAS2",6
"GO:0032648","regulation of interferon-beta production","6/462","58/18842",0.103448275862069,4.21898790864308,3.89259760769162,0.00289824755905512,0.00822819550912234,0.00100319745367712,"TLR9/TLR3/OAS1/HMGB1/TLR4/OAS2",6
"GO:0071868","cellular response to monoamine stimulus","6/462","58/18842",0.103448275862069,4.21898790864308,3.89259760769162,0.00289824755905512,0.00822819550912234,0.00100319745367712,"HDAC2/HTR2B/GSK3B/TGM2/PRMT5/AKT1",6
"GO:2000177","regulation of neural precursor cell proliferation","6/462","58/18842",0.103448275862069,4.21898790864308,3.89259760769162,0.00289824755905512,0.00822819550912234,0.00100319745367712,"WNT5A/CX3CR1/KDM1A/TGFB1/CTNNB1/VEGFA",6
"GO:0061458","reproductive system development","11/462","168/18842",0.0654761904761905,2.6703514739229,3.44781565524453,0.00294237918623846,0.00834839578983929,0.00101785250354958,"AR/TLR9/WNT5A/RAC1/ACE/RETN/CASP3/VEGFA/INSR/RBP4/MMP2",11
"GO:0007189","adenylate cyclase-activating G protein-coupled receptor signaling pathway","12/462","193/18842",0.0621761658031088,2.53576475338133,3.39997548110721,0.00296879385844916,0.00841821206147337,0.00102636463793565,"RACK1/LPAR1/CNR2/ABCA1/CXCL10/PRKCA/PTGER2/GPBAR1/MC4R/CNR1/CXCL9/SCT",12
"GO:0048639","positive regulation of developmental growth","9/462","121/18842",0.0743801652892562,3.03348717398304,3.5577039833725,0.00297313905608591,0.00842540197512843,0.00102724124606473,"ACACB/NRG1/PIM1/PPARD/YAP1/VEGFA/IGF2/IGF1/INSR",9
"GO:0016540","protein autoprocessing","4/462","25/18842",0.16,6.52536796536797,4.38284615371478,0.00299886144510201,0.00846737349205274,0.00103235849429476,"CASP6/PARP1/PCSK9/CASP1",4
"GO:0032727","positive regulation of interferon-alpha production","4/462","25/18842",0.16,6.52536796536797,4.38284615371478,0.00299886144510201,0.00846737349205274,0.00103235849429476,"TLR9/TLR3/HMGB1/TLR4",4
"GO:0042744","hydrogen peroxide catabolic process","4/462","25/18842",0.16,6.52536796536797,4.38284615371478,0.00299886144510201,0.00846737349205274,0.00103235849429476,"PRDX6/CAT/GPX3/HP",4
"GO:0051043","regulation of membrane protein ectodomain proteolysis","4/462","25/18842",0.16,6.52536796536797,4.38284615371478,0.00299886144510201,0.00846737349205274,0.00103235849429476,"TNF/IL10/APOE/IL1B",4
"GO:0072540","T-helper 17 cell lineage commitment","4/462","25/18842",0.16,6.52536796536797,4.38284615371478,0.00299886144510201,0.00846737349205274,0.00103235849429476,"IL6ST/IL6/IL6R/JAK1",4
"GO:0097345","mitochondrial outer membrane permeabilization","4/462","25/18842",0.16,6.52536796536797,4.38284615371478,0.00299886144510201,0.00846737349205274,0.00103235849429476,"CASP6/GSK3B/ACAA2/BNIP3",4
"GO:0070509","calcium ion import","7/462","78/18842",0.0897435897435897,3.66006216006216,3.73230033293694,0.003006603254683,0.00848408772957821,0.00103439632634519,"CCL2/TRPV1/CTNNB1/LGALS3/PDGFRB/GCK/PDGFB",7
"GO:0006913","nucleocytoplasmic transport","16/462","299/18842",0.0535117056856187,2.1823973128321,3.26745216353274,0.00304062441686035,0.00856970174630858,0.00104483455225849,"SMAD3/JAK2/ADAR/SQSTM1/CD36/GSK3B/CDH1/IL1B/TGFB1/CDKN2A/PRKCD/NFKBIA/CDKN1A/AKT1/TERT/MX2",16
"GO:0051169","nuclear transport","16/462","299/18842",0.0535117056856187,2.1823973128321,3.26745216353274,0.00304062441686035,0.00856970174630858,0.00104483455225849,"SMAD3/JAK2/ADAR/SQSTM1/CD36/GSK3B/CDH1/IL1B/TGFB1/CDKN2A/PRKCD/NFKBIA/CDKN1A/AKT1/TERT/MX2",16
"GO:0001990","regulation of systemic arterial blood pressure by hormone","5/462","41/18842",0.121951219512195,4.97360363214022,4.03818495722882,0.00314050252134948,0.00882928082724288,0.00107648293406133,"AVPR1A/ACE/AGTR1/AGT/NOS3",5
"GO:0014009","glial cell proliferation","5/462","41/18842",0.121951219512195,4.97360363214022,4.03818495722882,0.00314050252134948,0.00882928082724288,0.00107648293406133,"TNF/TSPO/IL1B/IL6/CLU",5
"GO:0050798","activated T cell proliferation","5/462","41/18842",0.121951219512195,4.97360363214022,4.03818495722882,0.00314050252134948,0.00882928082724288,0.00107648293406133,"BTN3A1/HMGB1/IGF2/IGF1/IGFBP2",5
"GO:0051099","positive regulation of binding","5/462","41/18842",0.121951219512195,4.97360363214022,4.03818495722882,0.00314050252134948,0.00882928082724288,0.00107648293406133,"MMP9/GSK3B/HMGB1/IGF1/H1-0",5
"GO:0003014","renal system process","9/462","122/18842",0.0737704918032787,3.00862252501597,3.52878769851189,0.00314220754526234,0.00882928082724288,0.00107648293406133,"ABCG2/SLC5A2/HNF1A/AGTR1/SPX/AGT/CYP4A11/ADIPOQ/PDGFB",9
"GO:0038093","Fc receptor signaling pathway","6/462","59/18842",0.101694915254237,4.14747963900506,3.83889881268733,0.00316095172221414,0.0088605606373444,0.0010802966287907,"PRKCE/PTK2/MAPK8/NOS2/PRKCD/HCK",6
"GO:0042246","tissue regeneration","6/462","59/18842",0.101694915254237,4.14747963900506,3.83889881268733,0.00316095172221414,0.0088605606373444,0.0010802966287907,"IGFBP1/APOA5/PPARD/CDKN1A/YAP1/IGF1",6
"GO:0071867","response to monoamine","6/462","59/18842",0.101694915254237,4.14747963900506,3.83889881268733,0.00316095172221414,0.0088605606373444,0.0010802966287907,"HDAC2/HTR2B/GSK3B/TGM2/PRMT5/AKT1",6
"GO:0141084","inflammasome-mediated signaling pathway","6/462","59/18842",0.101694915254237,4.14747963900506,3.83889881268733,0.00316095172221414,0.0088605606373444,0.0010802966287907,"HSPA8/TLR9/CD36/NLRP3/MAPK8/TLR4",6
"GO:0061351","neural precursor cell proliferation","8/462","100/18842",0.08,3.26268398268398,3.59679880118375,0.00319834742713147,0.00895999134820945,0.00109241941268013,"WNT5A/CX3CR1/KDM1A/TGFB1/CTNNB1/RORA/VEGFA/NDUFS2",8
"GO:1902107","positive regulation of leukocyte differentiation","11/462","170/18842",0.0647058823529412,2.63893557422969,3.40322867901557,0.00322237659655923,0.00901645759229554,0.00109930388597967,"TNF/PCK1/IL10/IL4/NLRP3/VSIR/TGFB1/TRIB1/LIF/PRKCA/HMGB1",11
"GO:1903708","positive regulation of hemopoiesis","11/462","170/18842",0.0647058823529412,2.63893557422969,3.40322867901557,0.00322237659655923,0.00901645759229554,0.00109930388597967,"TNF/PCK1/IL10/IL4/NLRP3/VSIR/TGFB1/TRIB1/LIF/PRKCA/HMGB1",11
"GO:0060260","regulation of transcription initiation by RNA polymerase II","7/462","79/18842",0.0886075949367089,3.61373225930188,3.69082720786591,0.00323090162868383,0.00903488167156271,0.00110155018523042,"FOXO1/HNF1A/NFKB1/TP53/NFKBIA/MYC/HMGB1",7
"GO:0141091","transforming growth factor beta receptor superfamily signaling pathway","18/462","357/18842",0.0504201680672269,2.05631343446469,3.1946066615135,0.00326613018438469,0.00912791244807629,0.0011128926767899,"SMAD3/RBBP7/HDAC2/SIRT1/ADAMTSL2/PPARA/MAPK3/PPARG/PTK2/FOS/PEG10/PARP1/ENG/TGFB1/GDF15/CIDEA/JUN/MIR30A",18
"GO:0048568","embryonic organ development","14/462","248/18842",0.0564516129032258,2.30229716520039,3.27302808084308,0.00336621754120169,0.00940198492611582,0.00114630812149918,"TNF/WNT5A/RARRES2/OSR2/ENG/TGFB1/CTNNB1/EFEMP1/VEGFA/IGF2/ATF4/PDGFB/RBP4/SCT",14
"GO:0046173","polyol biosynthetic process","6/462","60/18842",0.1,4.07835497835498,3.78637492052786,0.00344101207297922,0.00959299379484204,0.00116959629088255,"PCK1/CYP27A1/CYP3A4/PCK2/CYP2R1/CYP24A1",6
"GO:0046545","development of primary female sexual characteristics","6/462","60/18842",0.1,4.07835497835498,3.78637492052786,0.00344101207297922,0.00959299379484204,0.00116959629088255,"RAC1/RETN/CASP3/VEGFA/INSR/MMP2",6
"GO:0033627","cell adhesion mediated by integrin","7/462","80/18842",0.0875,3.56856060606061,3.65002176562847,0.00346774922502825,0.00959299379484204,0.00116959629088255,"ITGB2/PTK2/SERPINE1/LIF/CCL5/RET/EPHA2",7
"GO:0002719","negative regulation of cytokine production involved in immune response","4/462","26/18842",0.153846153846154,6.27439227439227,4.26673487290025,0.00347636265219336,0.00959299379484204,0.00116959629088255,"TNF/IL10/APOA1/TGFB1",4
"GO:0006921","cellular component disassembly involved in execution phase of apoptosis","4/462","26/18842",0.153846153846154,6.27439227439227,4.26673487290025,0.00347636265219336,0.00959299379484204,0.00116959629088255,"BAX/IL6/CASP3/CIDEA",4
"GO:0061180","mammary gland epithelium development","4/462","26/18842",0.153846153846154,6.27439227439227,4.26673487290025,0.00347636265219336,0.00959299379484204,0.00116959629088255,"JAK2/RTN4/AKT1/EPHA2",4
"GO:0090335","regulation of brown fat cell differentiation","4/462","26/18842",0.153846153846154,6.27439227439227,4.26673487290025,0.00347636265219336,0.00959299379484204,0.00116959629088255,"PTGS2/PIM1/SIRT1/INS",4
"GO:1904177","regulation of adipose tissue development","4/462","26/18842",0.153846153846154,6.27439227439227,4.26673487290025,0.00347636265219336,0.00959299379484204,0.00116959629088255,"SIRT1/PPARG/PARP1/NR1H4",4
"GO:0009791","post-embryonic development","3/462","13/18842",0.230769230769231,9.41158841158841,4.80990248310176,0.00348740432750335,0.00959299379484204,0.00116959629088255,"JAK2/VEGFA/KLF4",3
"GO:0032305","positive regulation of icosanoid secretion","3/462","13/18842",0.230769230769231,9.41158841158841,4.80990248310176,0.00348740432750335,0.00959299379484204,0.00116959629088255,"IL1B/CYP4A11/MIF",3
"GO:0032490","detection of molecule of bacterial origin","3/462","13/18842",0.230769230769231,9.41158841158841,4.80990248310176,0.00348740432750335,0.00959299379484204,0.00116959629088255,"TLR9/SCARB1/TLR4",3
"GO:0034116","positive regulation of heterotypic cell-cell adhesion","3/462","13/18842",0.230769230769231,9.41158841158841,4.80990248310176,0.00348740432750335,0.00959299379484204,0.00116959629088255,"TNF/IL10/IL1B",3
"GO:0044027","negative regulation of gene expression via chromosomal CpG island methylation","3/462","13/18842",0.230769230769231,9.41158841158841,4.80990248310176,0.00348740432750335,0.00959299379484204,0.00116959629088255,"DNMT3A/PRMT5/MYC",3
"GO:0045475","locomotor rhythm","3/462","13/18842",0.230769230769231,9.41158841158841,4.80990248310176,0.00348740432750335,0.00959299379484204,0.00116959629088255,"PTEN/MTOR/EGR1",3
"GO:0048266","behavioral response to pain","3/462","13/18842",0.230769230769231,9.41158841158841,4.80990248310176,0.00348740432750335,0.00959299379484204,0.00116959629088255,"TSPO/AKT1/MTOR",3
"GO:0051341","regulation of oxidoreductase activity","3/462","13/18842",0.230769230769231,9.41158841158841,4.80990248310176,0.00348740432750335,0.00959299379484204,0.00116959629088255,"ESR1/IL1B/INS",3
"GO:0055081","monoatomic anion homeostasis","3/462","13/18842",0.230769230769231,9.41158841158841,4.80990248310176,0.00348740432750335,0.00959299379484204,0.00116959629088255,"CA12/CPS1/OTC",3
"GO:0060330","regulation of response to type II interferon","3/462","13/18842",0.230769230769231,9.41158841158841,4.80990248310176,0.00348740432750335,0.00959299379484204,0.00116959629088255,"NR1H3/PPARG/NR1H2",3
"GO:0060334","regulation of type II interferon-mediated signaling pathway","3/462","13/18842",0.230769230769231,9.41158841158841,4.80990248310176,0.00348740432750335,0.00959299379484204,0.00116959629088255,"NR1H3/PPARG/NR1H2",3
"GO:0060575","intestinal epithelial cell differentiation","3/462","13/18842",0.230769230769231,9.41158841158841,4.80990248310176,0.00348740432750335,0.00959299379484204,0.00116959629088255,"TLR9/IL6ST/YAP1",3
"GO:0070230","positive regulation of lymphocyte apoptotic process","3/462","13/18842",0.230769230769231,9.41158841158841,4.80990248310176,0.00348740432750335,0.00959299379484204,0.00116959629088255,"IL10/TP53/CCL5",3
"GO:0071888","macrophage apoptotic process","3/462","13/18842",0.230769230769231,9.41158841158841,4.80990248310176,0.00348740432750335,0.00959299379484204,0.00116959629088255,"SIRT1/CDKN2A/CCL5",3
"GO:1904179","positive regulation of adipose tissue development","3/462","13/18842",0.230769230769231,9.41158841158841,4.80990248310176,0.00348740432750335,0.00959299379484204,0.00116959629088255,"SIRT1/PPARG/NR1H4",3
"GO:1905268","negative regulation of chromatin organization","3/462","13/18842",0.230769230769231,9.41158841158841,4.80990248310176,0.00348740432750335,0.00959299379484204,0.00116959629088255,"KDM1A/ELANE/PADI4",3
"GO:2000696","regulation of epithelial cell differentiation involved in kidney development","3/462","13/18842",0.230769230769231,9.41158841158841,4.80990248310176,0.00348740432750335,0.00959299379484204,0.00116959629088255,"MMP9/CTNNB1/LIF",3
"GO:0032965","regulation of collagen biosynthetic process","5/462","42/18842",0.119047619047619,4.85518449804164,3.96543738406249,0.00349435512801806,0.00959299379484204,0.00116959629088255,"CYP7A1/IL6/TGFB1/IL6R/PPARD",5
"GO:0042119","neutrophil activation","5/462","42/18842",0.119047619047619,4.85518449804164,3.96543738406249,0.00349435512801806,0.00959299379484204,0.00116959629088255,"TNF/ITGB2/CXCR2/PRKCD/CCL5",5
"GO:0050922","negative regulation of chemotaxis","5/462","42/18842",0.119047619047619,4.85518449804164,3.96543738406249,0.00349435512801806,0.00959299379484204,0.00116959629088255,"CCL2/ELANE/DUSP1/GSTP1/MIF",5
"GO:0060391","positive regulation of SMAD protein signal transduction","5/462","42/18842",0.119047619047619,4.85518449804164,3.96543738406249,0.00349435512801806,0.00959299379484204,0.00116959629088255,"SMAD3/JAK2/PARP1/ENG/TGFB1",5
"GO:0031396","regulation of protein ubiquitination","11/462","172/18842",0.063953488372093,2.60825027685493,3.35927771072256,0.00352338089752755,0.00966697787795419,0.00117861657287615,"FBXW7/PRKCE/SQSTM1/KDM1A/HDAC8/TSPO/GSK3B/CTNNB1/HSPA5/AKT1/TRIB3",11
"GO:0007178","cell surface receptor protein serine/threonine kinase signaling pathway","19/462","389/18842",0.0488431876606684,1.99199857554613,3.13438663885918,0.00360428306672461,0.00988312247271484,0.00120496933841867,"SMAD3/RBBP7/JAK2/HDAC2/SIRT1/ADAMTSL2/PPARA/MAPK3/PPARG/PTK2/FOS/PEG10/PARP1/ENG/TGFB1/GDF15/CIDEA/JUN/MIR30A",19
"GO:0051262","protein tetramerization","8/462","102/18842",0.0784313725490196,3.19870978694508,3.53007076264907,0.00361337579716808,0.00990222349123871,0.00120729817140818,"ACACB/B2M/TP53/ACACA/TRPV1/ME1/SOD2/ITPR1",8
"GO:0046632","alpha-beta T cell differentiation","9/462","125/18842",0.072,2.93641558441558,3.44378210195119,0.00369523677021987,0.0101206014130257,0.00123392322848578,"IL10/IL6ST/NLRP3/IL6/IL6R/RORA/JAK1/HMGB1/MTOR",9
"GO:0031589","cell-substrate adhesion","17/462","333/18842",0.0510510510510511,2.08204308204308,3.15846014284703,0.00370157376792515,0.0101319973330156,0.00123531264101292,"SMAD3/ITGB2/JAK2/PTPN1/SLC9A1/RAC1/CD36/PTK2/GSK3B/ALOX15/APOA1/CDKN2A/PTEN/SERPINE1/VEGFA/SPRY4/PDGFB",17
"GO:0060390","regulation of SMAD protein signal transduction","7/462","81/18842",0.0864197530864197,3.52450430228208,3.60986401285631,0.0037175911393218,0.0101638898089738,0.00123920103314425,"SMAD3/JAK2/PPARG/PARP1/ENG/TGFB1/GDF15",7
"GO:1903321","negative regulation of protein modification by small protein conjugation or removal","7/462","81/18842",0.0864197530864197,3.52450430228208,3.60986401285631,0.0037175911393218,0.0101638898089738,0.00123920103314425,"PRKCE/RELA/SQSTM1/HDAC8/TSPO/CTNNB1/AKT1",7
"GO:0120192","tight junction assembly","6/462","61/18842",0.0983606557377049,4.01149670002129,3.73497897834039,0.00373911485929033,0.0102167363760891,0.00124564418845174,"TNF/TJP1/RAC1/MARVELD3/GPBAR1/EPHA2",6
"GO:0071774","response to fibroblast growth factor","8/462","103/18842",0.0776699029126214,3.16765435212037,3.49732222548289,0.00383592376844694,0.0104751091295536,0.00127714549248467,"CCL2/PTPN1/FGF21/CPS1/CCL5/FGFR4/FGF23/SPRY4",8
"GO:0030574","collagen catabolic process","5/462","43/18842",0.116279069767442,4.74227323064532,3.89495599942284,0.00387594831291884,0.0105720066461336,0.00128895942444495,"MMP9/VSIR/CTSB/MMP2/MMP1",5
"GO:0043457","regulation of cellular respiration","5/462","43/18842",0.116279069767442,4.74227323064532,3.89495599942284,0.00387594831291884,0.0105720066461336,0.00128895942444495,"TNF/IL4/NOS2/OAS1/PNPT1",5
"GO:0006910","phagocytosis, recognition","4/462","27/18842",0.148148148148148,6.04200737534071,4.15655428120962,0.00400300775107858,0.0108930473927656,0.00132810133097727,"CFB/C3/SCARB1/CRP",4
"GO:0060055","angiogenesis involved in wound healing","4/462","27/18842",0.148148148148148,6.04200737534071,4.15655428120962,0.00400300775107858,0.0108930473927656,0.00132810133097727,"TNF/ALOX5/SERPINE1/VEGFA",4
"GO:0070723","response to cholesterol","4/462","27/18842",0.148148148148148,6.04200737534071,4.15655428120962,0.00400300775107858,0.0108930473927656,0.00132810133097727,"ABCA1/CYP7A1/TGFB1/CES1",4
"GO:1990961","xenobiotic detoxification by transmembrane export across the plasma membrane","4/462","27/18842",0.148148148148148,6.04200737534071,4.15655428120962,0.00400300775107858,0.0108930473927656,0.00132810133097727,"ABCG2/PIM1/ABCG1/ABCC5",4
"GO:0042446","hormone biosynthetic process","6/462","62/18842",0.0967741935483871,3.94679514034353,3.68466666047122,0.00405594983223813,0.0110242279152952,0.00134409511309243,"STC2/TSPO/DIO1/CHST9/CYP17A1/EGR1",6
"GO:0043297","apical junction assembly","6/462","62/18842",0.0967741935483871,3.94679514034353,3.68466666047122,0.00405594983223813,0.0110242279152952,0.00134409511309243,"TNF/TJP1/RAC1/MARVELD3/GPBAR1/EPHA2",6
"GO:0002444","myeloid leukocyte mediated immunity","8/462","104/18842",0.0769230769230769,3.13719613719614,3.46497130155003,0.00406891425311346,0.0110465683746334,0.001346818904949,"ITGB2/CCR2/CX3CR1/ACE/ELANE/TREM1/IL6/IL6R",8
"GO:0030278","regulation of ossification","8/462","104/18842",0.0769230769230769,3.13719613719614,3.46497130155003,0.00406891425311346,0.0110465683746334,0.001346818904949,"SMAD3/WNT5A/VDR/AHSG/OSR2/ALOX5/FGF23/BGLAP",8
"GO:0016485","protein processing","13/462","227/18842",0.0572687224669604,2.33562179377157,3.2097049670942,0.00410932047747973,0.0111497646521828,0.00135940079398551,"CASP6/STOML2/ACE/VSIR/NCSTN/PARP1/CASP9/CASP3/SERPINE1/PCSK9/ADAM10/CASP1/HP",13
"GO:0001942","hair follicle development","5/462","44/18842",0.113636363636364,4.6344942935852,3.8266145277063,0.00428645137362496,0.0115831210653499,0.00141223644303418,"TNF/HDAC2/WNT5A/BCL2/CTNNB1",5
"GO:0006911","phagocytosis, engulfment","5/462","44/18842",0.113636363636364,4.6344942935852,3.8266145277063,0.00428645137362496,0.0115831210653499,0.00141223644303418,"ITGB2/RAC1/CD36/C3/ALOX15",5
"GO:0008347","glial cell migration","5/462","44/18842",0.113636363636364,4.6344942935852,3.8266145277063,0.00428645137362496,0.0115831210653499,0.00141223644303418,"CCL2/CCR2/CX3CR1/RTN4/TSPO",5
"GO:0042789","mRNA transcription by RNA polymerase II","5/462","44/18842",0.113636363636364,4.6344942935852,3.8266145277063,0.00428645137362496,0.0115831210653499,0.00141223644303418,"NR1H3/PPARG/VDR/NR1H2/ATF4",5
"GO:0048512","circadian behavior","5/462","44/18842",0.113636363636364,4.6344942935852,3.8266145277063,0.00428645137362496,0.0115831210653499,0.00141223644303418,"TP53/PARP1/PTEN/MTOR/EGR1",5
"GO:0071902","positive regulation of protein serine/threonine kinase activity","5/462","44/18842",0.113636363636364,4.6344942935852,3.8266145277063,0.00428645137362496,0.0115831210653499,0.00141223644303418,"WNT5A/SIRT1/ELANE/PDGFRB/PDGFB",5
"GO:0072171","mesonephric tubule morphogenesis","5/462","44/18842",0.113636363636364,4.6344942935852,3.8266145277063,0.00428645137362496,0.0115831210653499,0.00141223644303418,"GPC3/AGT/TGFB1/MYC/VEGFA",5
"GO:0070585","protein localization to mitochondrion","9/462","128/18842",0.0703125,2.86759334415584,3.36127618734999,0.00432183265866642,0.0116719564145887,0.00142306742001499,"FBXW7/DNM1L/SREBF2/DDIT3/MAPK8/TSPO/CDKN2A/AKT1/SREBF1",9
"GO:0050806","positive regulation of synaptic transmission","10/462","152/18842",0.0657894736842105,2.68312827523354,3.30319770539849,0.00433456399959011,0.0116826201492106,0.00142436756309103,"TNF/CCL2/CCR2/SQSTM1/RETN/APOE/GSK3B/INS/S100B/BGLAP",10
"GO:0002830","positive regulation of type 2 immune response","3/462","14/18842",0.214285714285714,8.73933209647495,4.59267395386758,0.00435840017164495,0.0116826201492106,0.00142436756309103,"IL4/NLRP3/IL6",3
"GO:0010766","negative regulation of sodium ion transport","3/462","14/18842",0.214285714285714,8.73933209647495,4.59267395386758,0.00435840017164495,0.0116826201492106,0.00142436756309103,"PRKCE/AGT/PCSK9",3
"GO:0032933","SREBP signaling pathway","3/462","14/18842",0.214285714285714,8.73933209647495,4.59267395386758,0.00435840017164495,0.0116826201492106,0.00142436756309103,"FBXW7/SREBF2/SREBF1",3
"GO:0042363","fat-soluble vitamin catabolic process","3/462","14/18842",0.214285714285714,8.73933209647495,4.59267395386758,0.00435840017164495,0.0116826201492106,0.00142436756309103,"CYP3A4/CYP24A1/FGF23",3
"GO:0042447","hormone catabolic process","3/462","14/18842",0.214285714285714,8.73933209647495,4.59267395386758,0.00435840017164495,0.0116826201492106,0.00142436756309103,"ACE/SPP1/DIO1",3
"GO:0045780","positive regulation of bone resorption","3/462","14/18842",0.214285714285714,8.73933209647495,4.59267395386758,0.00435840017164495,0.0116826201492106,0.00142436756309103,"SPP1/PRKCA/MC4R",3
"GO:0050872","white fat cell differentiation","3/462","14/18842",0.214285714285714,8.73933209647495,4.59267395386758,0.00435840017164495,0.0116826201492106,0.00142436756309103,"PNPLA3/SIRT1/PPARG",3
"GO:0060457","negative regulation of digestive system process","3/462","14/18842",0.214285714285714,8.73933209647495,4.59267395386758,0.00435840017164495,0.0116826201492106,0.00142436756309103,"NR1H3/ABCG8/SCT",3
"GO:0061043","regulation of vascular wound healing","3/462","14/18842",0.214285714285714,8.73933209647495,4.59267395386758,0.00435840017164495,0.0116826201492106,0.00142436756309103,"TNF/ALOX5/SERPINE1",3
"GO:1905907","negative regulation of amyloid fibril formation","3/462","14/18842",0.214285714285714,8.73933209647495,4.59267395386758,0.00435840017164495,0.0116826201492106,0.00142436756309103,"LDLR/APOE/CLU",3
"GO:2000644","regulation of receptor catabolic process","3/462","14/18842",0.214285714285714,8.73933209647495,4.59267395386758,0.00435840017164495,0.0116826201492106,0.00142436756309103,"PTPN1/APOE/PCSK9",3
"GO:2000660","negative regulation of interleukin-1-mediated signaling pathway","3/462","14/18842",0.214285714285714,8.73933209647495,4.59267395386758,0.00435840017164495,0.0116826201492106,0.00142436756309103,"IL1A/IL1B/IL6",3
"GO:0001933","negative regulation of protein phosphorylation","8/462","106/18842",0.0754716981132075,3.07800375724904,3.40142603295206,0.00456750061738633,0.012216163405341,0.00148941818511176,"PTPN1/ADAR/IGFBP3/AGT/CDKN2A/PTEN/CDKN1A/ADIPOQ",8
"GO:0010977","negative regulation of neuron projection development","8/462","106/18842",0.0754716981132075,3.07800375724904,3.40142603295206,0.00456750061738633,0.012216163405341,0.00148941818511176,"LPAR1/PTPN1/HDAC2/SPP1/RTN4/APOE/CDH1/PTEN",8
"GO:0007616","long-term memory","4/462","28/18842",0.142857142857143,5.82622139764997,4.05178036658822,0.00458106127700287,0.012216163405341,0.00148941818511176,"LDLR/APOE/LCN2/EGR1",4
"GO:0015813","L-glutamate transmembrane transport","4/462","28/18842",0.142857142857143,5.82622139764997,4.05178036658822,0.00458106127700287,0.012216163405341,0.00148941818511176,"SLC25A13/TNF/ATP1A2/SLC7A11",4
"GO:0045879","negative regulation of smoothened signaling pathway","4/462","28/18842",0.142857142857143,5.82622139764997,4.05178036658822,0.00458106127700287,0.012216163405341,0.00148941818511176,"RACK1/GPC3/GSK3B/PRKCD",4
"GO:0070168","negative regulation of biomineral tissue development","4/462","28/18842",0.142857142857143,5.82622139764997,4.05178036658822,0.00458106127700287,0.012216163405341,0.00148941818511176,"AHSG/TGFB1/NOS3/FGF23",4
"GO:0072012","glomerulus vasculature development","4/462","28/18842",0.142857142857143,5.82622139764997,4.05178036658822,0.00458106127700287,0.012216163405341,0.00148941818511176,"IL6R/PDGFRB/PDGFB/EGR1",4
"GO:0097699","vascular endothelial cell response to fluid shear stress","4/462","28/18842",0.142857142857143,5.82622139764997,4.05178036658822,0.00458106127700287,0.012216163405341,0.00148941818511176,"PTPN1/PTK2/AKT1/MTOR",4
"GO:1902042","negative regulation of extrinsic apoptotic signaling pathway via death domain receptors","4/462","28/18842",0.142857142857143,5.82622139764997,4.05178036658822,0.00458106127700287,0.012216163405341,0.00148941818511176,"GSK3B/HMOX1/SERPINE1/NOS3",4
"GO:0001501","skeletal system development","17/462","341/18842",0.0498533724340176,2.03319749654061,3.05255250117918,0.00468822527796672,0.0124947778444265,0.00152338739446493,"FBXW7/SMAD3/WNT5A/TP53/LEPR/GJA1/AHSG/OSR2/TGM2/TGFB1/CTNNB1/INPPL1/EFEMP1/P3H1/IGF1/RBP4/BGLAP",17
"GO:0007622","rhythmic behavior","5/462","45/18842",0.111111111111111,4.53150553150553,3.76029646173853,0.00472702698273507,0.0125694104121156,0.0015324867409479,"TP53/PARP1/PTEN/MTOR/EGR1",5
"GO:0022404","molting cycle process","5/462","45/18842",0.111111111111111,4.53150553150553,3.76029646173853,0.00472702698273507,0.0125694104121156,0.0015324867409479,"TNF/HDAC2/WNT5A/BCL2/CTNNB1",5
"GO:0022405","hair cycle process","5/462","45/18842",0.111111111111111,4.53150553150553,3.76029646173853,0.00472702698273507,0.0125694104121156,0.0015324867409479,"TNF/HDAC2/WNT5A/BCL2/CTNNB1",5
"GO:0090279","regulation of calcium ion import","5/462","45/18842",0.111111111111111,4.53150553150553,3.76029646173853,0.00472702698273507,0.0125694104121156,0.0015324867409479,"CCL2/CTNNB1/LGALS3/PDGFRB/PDGFB",5
"GO:0060993","kidney morphogenesis","6/462","64/18842",0.09375,3.82345779220779,3.58712762491712,0.0047485877489589,0.0126195345657264,0.00153859797435434,"GPC3/AGT/TGFB1/MYC/LIF/VEGFA",6
"GO:0007265","Ras protein signal transduction","8/462","108/18842",0.0740740740740741,3.02100368767035,3.33936533675969,0.00511171731909173,0.0135768145109476,0.00165531139012543,"MFN2/SQSTM1/TP53/DHCR24/CDKN2A/CDKN1A/IGF1/SPRY4",8
"GO:0002704","negative regulation of leukocyte mediated immunity","6/462","65/18842",0.0923076923076923,3.76463536463536,3.53982378725979,0.00512578005456344,0.013583171277204,0.00165608641931804,"AHR/CCR2/CX3CR1/MAPK3/TGFB1/PVR",6
"GO:0051893","regulation of focal adhesion assembly","6/462","65/18842",0.0923076923076923,3.76463536463536,3.53982378725979,0.00512578005456344,0.013583171277204,0.00165608641931804,"SMAD3/SLC9A1/RAC1/PTK2/PTEN/VEGFA",6
"GO:0090109","regulation of cell-substrate junction assembly","6/462","65/18842",0.0923076923076923,3.76463536463536,3.53982378725979,0.00512578005456344,0.013583171277204,0.00165608641931804,"SMAD3/SLC9A1/RAC1/PTK2/PTEN/VEGFA",6
"GO:0141156","cAMP/PKA signal transduction","6/462","65/18842",0.0923076923076923,3.76463536463536,3.53982378725979,0.00512578005456344,0.013583171277204,0.00165608641931804,"LPAR1/AKAP12/ADIPOQ/MIF/SCT/PDE4A",6
"GO:0002377","immunoglobulin production","7/462","86/18842",0.0813953488372093,3.31959126145173,3.41814739862278,0.00517754710555043,0.0137047523157719,0.00167090981384866,"TNF/IL10/TLR9/IL4/IL6/TGFB1/RBP4",7
"GO:0007631","feeding behavior","7/462","86/18842",0.0813953488372093,3.31959126145173,3.41814739862278,0.00517754710555043,0.0137047523157719,0.00167090981384866,"LEPR/RETN/FOS/CPT1A/GDF15/INS/MC4R",7
"GO:0032147","activation of protein kinase activity","5/462","46/18842",0.108695652173913,4.43299454169019,3.6958941077896,0.00519882911280847,0.0137532661075206,0.00167682470883341,"NRG1/JAK2/SESN2/TLR3/IGF1",5
"GO:0060251","regulation of glial cell proliferation","4/462","29/18842",0.137931034482759,5.62531721152411,3.95195238111745,0.00521272071064219,0.0137743630129115,0.00167939688419619,"TNF/TSPO/IL1B/IL6",4
"GO:1900227","positive regulation of NLRP3 inflammasome complex assembly","4/462","29/18842",0.137931034482759,5.62531721152411,3.95195238111745,0.00521272071064219,0.0137743630129115,0.00167939688419619,"TLR9/CD36/MAPK8/TLR4",4
"GO:1901990","regulation of mitotic cell cycle phase transition","17/462","345/18842",0.0492753623188406,2.00962419223289,3.00067428649227,0.0052569592117,0.0138833817865429,0.00169268866317601,"CYP1A1/CCL2/PIM1/TP53/KLF11/TGFB1/DUSP1/CDKN2A/SPC25/PTEN/CDKN1A/AKT1/TERT/KLF4/BIRC5/CDC25B/EGFR",17
"GO:0006541","glutamine metabolic process","3/462","15/18842",0.2,8.15670995670996,4.3961114487528,0.00534978940246483,0.014025123568624,0.00170997009440911,"UCP2/CPS1/NR1H4",3
"GO:0014856","skeletal muscle cell proliferation","3/462","15/18842",0.2,8.15670995670996,4.3961114487528,0.00534978940246483,0.014025123568624,0.00170997009440911,"JAK2/FOS/PPARD",3
"GO:0032303","regulation of icosanoid secretion","3/462","15/18842",0.2,8.15670995670996,4.3961114487528,0.00534978940246483,0.014025123568624,0.00170997009440911,"IL1B/CYP4A11/MIF",3
"GO:0032488","Cdc42 protein signal transduction","3/462","15/18842",0.2,8.15670995670996,4.3961114487528,0.00534978940246483,0.014025123568624,0.00170997009440911,"ABCA1/APOE/APOA1",3
"GO:0033629","negative regulation of cell adhesion mediated by integrin","3/462","15/18842",0.2,8.15670995670996,4.3961114487528,0.00534978940246483,0.014025123568624,0.00170997009440911,"PTK2/SERPINE1/EPHA2",3
"GO:0036196","zymosterol metabolic process","3/462","15/18842",0.2,8.15670995670996,4.3961114487528,0.00534978940246483,0.014025123568624,0.00170997009440911,"MSMO1/SQLE/HMGCR",3
"GO:0036197","zymosterol biosynthetic process","3/462","15/18842",0.2,8.15670995670996,4.3961114487528,0.00534978940246483,0.014025123568624,0.00170997009440911,"MSMO1/SQLE/HMGCR",3
"GO:0043518","negative regulation of DNA damage response, signal transduction by p53 class mediator","3/462","15/18842",0.2,8.15670995670996,4.3961114487528,0.00534978940246483,0.014025123568624,0.00170997009440911,"SIRT1/KDM1A/MIF",3
"GO:0048521","negative regulation of behavior","3/462","15/18842",0.2,8.15670995670996,4.3961114487528,0.00534978940246483,0.014025123568624,0.00170997009440911,"RETN/INS/MC4R",3
"GO:0050667","homocysteine metabolic process","3/462","15/18842",0.2,8.15670995670996,4.3961114487528,0.00534978940246483,0.014025123568624,0.00170997009440911,"CPS1/NOX4/CBS",3
"GO:0051044","positive regulation of membrane protein ectodomain proteolysis","3/462","15/18842",0.2,8.15670995670996,4.3961114487528,0.00534978940246483,0.014025123568624,0.00170997009440911,"TNF/APOE/IL1B",3
"GO:0051412","response to corticosterone","3/462","15/18842",0.2,8.15670995670996,4.3961114487528,0.00534978940246483,0.014025123568624,0.00170997009440911,"AVPR1A/FOS/PRKCA",3
"GO:1904181","positive regulation of membrane depolarization","3/462","15/18842",0.2,8.15670995670996,4.3961114487528,0.00534978940246483,0.014025123568624,0.00170997009440911,"RACK1/TSPO/PARP1",3
"GO:0000082","G1/S transition of mitotic cell cycle","13/462","235/18842",0.0553191489361702,2.2561112646219,3.07202023263564,0.00547942853553594,0.0143569044802788,0.00175042146255924,"CYP1A1/CCL2/PIM1/TP53/KLF11/CDKN2A/PTEN/CDKN1A/AKT1/TERT/MYC/KLF4/EGFR",13
"GO:0007613","memory","7/462","87/18842",0.0804597701149425,3.28143504005573,3.38150013109976,0.00551489490289989,0.0144262401831226,0.00175887500507226,"VLDLR/LDLR/FOS/APOE/LCN2/INSR/EGR1",7
"GO:0002711","positive regulation of T cell mediated immunity","6/462","66/18842",0.0909090909090909,3.70759543486816,3.49344903394367,0.00552448158215369,0.0144262401831226,0.00175887500507226,"B2M/IL4/NLRP3/IL1B/IL6/PVR",6
"GO:0042303","molting cycle","6/462","66/18842",0.0909090909090909,3.70759543486816,3.49344903394367,0.00552448158215369,0.0144262401831226,0.00175887500507226,"TNF/HDAC2/WNT5A/BCL2/CTNNB1/TERT",6
"GO:0042633","hair cycle","6/462","66/18842",0.0909090909090909,3.70759543486816,3.49344903394367,0.00552448158215369,0.0144262401831226,0.00175887500507226,"TNF/HDAC2/WNT5A/BCL2/CTNNB1/TERT",6
"GO:0045123","cellular extravasation","6/462","66/18842",0.0909090909090909,3.70759543486816,3.49344903394367,0.00552448158215369,0.0144262401831226,0.00175887500507226,"TNF/ITGB2/CCL2/CCR2/CX3CR1/ELANE",6
"GO:0140962","multicellular organismal-level chemical homeostasis","6/462","66/18842",0.0909090909090909,3.70759543486816,3.49344903394367,0.00552448158215369,0.0144262401831226,0.00175887500507226,"TF/CYP4A11/OAS1/HMOX1/VEGFA/SLC11A1",6
"GO:1900225","regulation of NLRP3 inflammasome complex assembly","5/462","47/18842",0.106382978723404,4.33867550888827,3.63330774250902,0.00570300103150082,0.0148704847156037,0.00181303815461105,"HSPA8/TLR9/CD36/MAPK8/TLR4",5
"GO:0019079","viral genome replication","8/462","110/18842",0.0727272727272727,2.96607634789453,3.27872396967742,0.00570418507346824,0.0148704847156037,0.00181303815461105,"TNF/CCL2/APOBEC3A/ADAR/BCL2/OAS1/CCL5/OAS2",8
"GO:1901989","positive regulation of cell cycle phase transition","8/462","110/18842",0.0727272727272727,2.96607634789453,3.27872396967742,0.00570418507346824,0.0148704847156037,0.00181303815461105,"CYP1A1/PIM1/TGFB1/AKT1/TERT/BIRC5/CDC25B/EGFR",8
"GO:0008654","phospholipid biosynthetic process","14/462","264/18842",0.053030303030303,2.16276400367309,3.01643708719187,0.00581962003359533,0.0151629271832232,0.00184869330385219,"PNPLA3/HTR2B/ALOX15/APOA1/FADS1/INPPL1/PTEN/PPARD/HMGCS2/NR1H4/FABP3/PITPNM2/PDGFB/HMGCR",14
"GO:0060562","epithelial tube morphogenesis","11/462","184/18842",0.0597826086956522,2.43814699792961,3.10799173494134,0.00583418146417023,0.0151923651550205,0.00185228243810595,"TNF/GPC3/AGT/CXCL10/ENG/TGFB1/CTNNB1/MYC/VEGFA/LCN2/EPHA2",11
"GO:0006308","DNA catabolic process","4/462","30/18842",0.133333333333333,5.43780663780664,3.85666331475371,0.00590011191359319,0.0152701062088326,0.00186176077720764,"BAX/IL6/CASP3/CIDEA",4
"GO:0030851","granulocyte differentiation","4/462","30/18842",0.133333333333333,5.43780663780664,3.85666331475371,0.00590011191359319,0.0152701062088326,0.00186176077720764,"FASN/CEBPA/TRIB1/ADIPOQ",4
"GO:0032801","receptor catabolic process","4/462","30/18842",0.133333333333333,5.43780663780664,3.85666331475371,0.00590011191359319,0.0152701062088326,0.00186176077720764,"PTPN1/APOE/TGFB1/PCSK9",4
"GO:0032941","secretion by tissue","4/462","30/18842",0.133333333333333,5.43780663780664,3.85666331475371,0.00590011191359319,0.0152701062088326,0.00186176077720764,"NR1H3/NR1H2/P2RY2/SCT",4
"GO:0035025","positive regulation of Rho protein signal transduction","4/462","30/18842",0.133333333333333,5.43780663780664,3.85666331475371,0.00590011191359319,0.0152701062088326,0.00186176077720764,"LPAR1/RAC1/GPR55/APOA1",4
"GO:0055023","positive regulation of cardiac muscle tissue growth","4/462","30/18842",0.133333333333333,5.43780663780664,3.85666331475371,0.00590011191359319,0.0152701062088326,0.00186176077720764,"NRG1/PIM1/YAP1/IGF1",4
"GO:0061437","renal system vasculature development","4/462","30/18842",0.133333333333333,5.43780663780664,3.85666331475371,0.00590011191359319,0.0152701062088326,0.00186176077720764,"IL6R/PDGFRB/PDGFB/EGR1",4
"GO:0061440","kidney vasculature development","4/462","30/18842",0.133333333333333,5.43780663780664,3.85666331475371,0.00590011191359319,0.0152701062088326,0.00186176077720764,"IL6R/PDGFRB/PDGFB/EGR1",4
"GO:0071901","negative regulation of protein serine/threonine kinase activity","4/462","30/18842",0.133333333333333,5.43780663780664,3.85666331475371,0.00590011191359319,0.0152701062088326,0.00186176077720764,"PTPN1/AGT/CDKN2A/ADIPOQ",4
"GO:0141087","positive regulation of inflammasome-mediated signaling pathway","4/462","30/18842",0.133333333333333,5.43780663780664,3.85666331475371,0.00590011191359319,0.0152701062088326,0.00186176077720764,"TLR9/CD36/MAPK8/TLR4",4
"GO:1902110","positive regulation of mitochondrial membrane permeability involved in apoptotic process","4/462","30/18842",0.133333333333333,5.43780663780664,3.85666331475371,0.00590011191359319,0.0152701062088326,0.00186176077720764,"CASP6/GSK3B/ACAA2/BNIP3",4
"GO:0044843","cell cycle G1/S phase transition","14/462","265/18842",0.0528301886792453,2.15460263007433,3.00101314625689,0.00601112146024126,0.0155487675104907,0.00189573570013599,"FBXW7/CYP1A1/CCL2/PIM1/TP53/KLF11/CDKN2A/PTEN/CDKN1A/AKT1/TERT/MYC/KLF4/EGFR",14
"GO:0007188","adenylate cyclase-modulating G protein-coupled receptor signaling pathway","15/462","294/18842",0.0510204081632653,2.08079335630356,2.96120174763981,0.00622967541058745,0.0160978255996688,0.00196267792050175,"RACK1/LPAR1/CNR2/ABCA1/GPR35/CXCL10/PRMT5/PRKCA/PTGER2/AKAP12/GPBAR1/MC4R/CNR1/CXCL9/SCT",15
"GO:0006862","nucleotide transport","5/462","48/18842",0.104166666666667,4.24828643578644,3.57244486658505,0.00624067336928741,0.0160978255996688,0.00196267792050175,"ABCC1/SLC25A4/SLC25A47/ABCC5/SLC25A24",5
"GO:0042698","ovulation cycle","5/462","48/18842",0.104166666666667,4.24828643578644,3.57244486658505,0.00624067336928741,0.0160978255996688,0.00196267792050175,"CA12/RETN/CASP3/MMP2/EGR1",5
"GO:0045071","negative regulation of viral genome replication","5/462","48/18842",0.104166666666667,4.24828643578644,3.57244486658505,0.00624067336928741,0.0160978255996688,0.00196267792050175,"TNF/APOBEC3A/OAS1/CCL5/OAS2",5
"GO:1903747","regulation of protein localization to mitochondrion","5/462","48/18842",0.104166666666667,4.24828643578644,3.57244486658505,0.00624067336928741,0.0160978255996688,0.00196267792050175,"FBXW7/SREBF2/MAPK8/CDKN2A/SREBF1",5
"GO:0051260","protein homooligomerization","12/462","212/18842",0.0566037735849057,2.30850281793678,3.03764049869591,0.0062577380357175,0.0161329060322817,0.00196695499445218,"ACACB/B2M/NLRP3/ACACA/TRPV1/PEG10/ME1/TGM2/PNPT1/SOD2/ITPR1/MIF",12
"GO:0010975","regulation of neuron projection development","18/462","381/18842",0.047244094488189,1.92678187953779,2.89742777901416,0.00635955636461278,0.0163863278548075,0.00199785267144372,"LPAR1/SMAD3/VLDLR/PTPN1/HDAC2/WNT5A/SPP1/RTN4/APOE/GSK3B/CDH1/PTEN/AKT1/VEGFA/RET/INS/P3H1/NFE2L2",18
"GO:0019233","sensory perception of pain","6/462","68/18842",0.0882352941176471,3.59854851031322,3.40335370823674,0.00638918895023568,0.0164353943382858,0.0020038349516693,"TNF/CCL2/CCR2/MAPK3/SPX/TRPV1",6
"GO:0030324","lung development","6/462","68/18842",0.0882352941176471,3.59854851031322,3.40335370823674,0.00638918895023568,0.0164353943382858,0.0020038349516693,"TNF/CEBPA/HMGCS2/VEGFA/SREBF1/RBP4",6
"GO:0042776","proton motive force-driven mitochondrial ATP synthesis","6/462","68/18842",0.0882352941176471,3.59854851031322,3.40335370823674,0.00638918895023568,0.0164353943382858,0.0020038349516693,"STOML2/SDHB/NDUFB10/NDUFS2/NDUFS4/NDUFA2",6
"GO:0008361","regulation of cell size","9/462","136/18842",0.0661764705882353,2.69891138273491,3.15246246524673,0.00640146206073373,0.016448789930892,0.00200546816813554,"SPP1/RTN4/APOE/GSK3B/CDH1/PTEN/VEGFA/MTOR/SCT",9
"GO:0050792","regulation of viral process","9/462","136/18842",0.0661764705882353,2.69891138273491,3.15246246524673,0.00640146206073373,0.016448789930892,0.00200546816813554,"TNF/APOBEC3A/ADAR/BCL2/OAS1/CCL5/HMGB1/IL32/OAS2",9
"GO:0002827","positive regulation of T-helper 1 type immune response","3/462","16/18842",0.1875,7.64691558441559,4.21697801136957,0.00646581164905624,0.0164867574140229,0.002010097236849,"CCR2/IL1B/SLC11A1",3
"GO:0009111","vitamin catabolic process","3/462","16/18842",0.1875,7.64691558441559,4.21697801136957,0.00646581164905624,0.0164867574140229,0.002010097236849,"CYP3A4/CYP24A1/FGF23",3
"GO:0010042","response to manganese ion","3/462","16/18842",0.1875,7.64691558441559,4.21697801136957,0.00646581164905624,0.0164867574140229,0.002010097236849,"TSPO/SOD2/ATF4",3
"GO:0030325","adrenal gland development","3/462","16/18842",0.1875,7.64691558441559,4.21697801136957,0.00646581164905624,0.0164867574140229,0.002010097236849,"SMAD3/TSPO/INSR",3
"GO:0035672","oligopeptide transmembrane transport","3/462","16/18842",0.1875,7.64691558441559,4.21697801136957,0.00646581164905624,0.0164867574140229,0.002010097236849,"ABCC1/GJA1/ABCC5",3
"GO:0035795","negative regulation of mitochondrial membrane permeability","3/462","16/18842",0.1875,7.64691558441559,4.21697801136957,0.00646581164905624,0.0164867574140229,0.002010097236849,"NOL3/ACAA2/BNIP3",3
"GO:0048641","regulation of skeletal muscle tissue development","3/462","16/18842",0.1875,7.64691558441559,4.21697801136957,0.00646581164905624,0.0164867574140229,0.002010097236849,"TGFB1/CTNNB1/IGF2",3
"GO:0060586","multicellular organismal-level iron ion homeostasis","3/462","16/18842",0.1875,7.64691558441559,4.21697801136957,0.00646581164905624,0.0164867574140229,0.002010097236849,"TF/HMOX1/SLC11A1",3
"GO:0071895","odontoblast differentiation","3/462","16/18842",0.1875,7.64691558441559,4.21697801136957,0.00646581164905624,0.0164867574140229,0.002010097236849,"TGFB1/CTNNB1/SERPINE1",3
"GO:1900034","regulation of cellular response to heat","3/462","16/18842",0.1875,7.64691558441559,4.21697801136957,0.00646581164905624,0.0164867574140229,0.002010097236849,"SIRT1/GSK3B/MTOR",3
"GO:1903894","regulation of IRE1-mediated unfolded protein response","3/462","16/18842",0.1875,7.64691558441559,4.21697801136957,0.00646581164905624,0.0164867574140229,0.002010097236849,"BAX/PTPN1/HSPA5",3
"GO:1904321","response to forskolin","3/462","16/18842",0.1875,7.64691558441559,4.21697801136957,0.00646581164905624,0.0164867574140229,0.002010097236849,"AHR/FOS/PIM3",3
"GO:2000659","regulation of interleukin-1-mediated signaling pathway","3/462","16/18842",0.1875,7.64691558441559,4.21697801136957,0.00646581164905624,0.0164867574140229,0.002010097236849,"IL1A/IL1B/IL6",3
"GO:2000846","regulation of corticosteroid hormone secretion","3/462","16/18842",0.1875,7.64691558441559,4.21697801136957,0.00646581164905624,0.0164867574140229,0.002010097236849,"AGTR1/AGT/TSPO",3
"GO:0072009","nephron epithelium development","7/462","90/18842",0.0777777777777778,3.17205387205387,3.27467541396996,0.00662599203102624,0.0168859435667532,0.00205876678189302,"GPC3/AGT/TGFB1/CTNNB1/MYC/LIF/VEGFA",7
"GO:0046717","acid secretion","4/462","31/18842",0.129032258064516,5.26239352045804,3.76555206826964,0.00664528509731531,0.0168888905093341,0.00205912607881176,"ABCB4/TNF/CES1/SCT",4
"GO:0071312","cellular response to alkaloid","4/462","31/18842",0.129032258064516,5.26239352045804,3.76555206826964,0.00664528509731531,0.0168888905093341,0.00205912607881176,"CASP6/TRPV1/TGM2/CASP3",4
"GO:1902430","negative regulation of amyloid-beta formation","4/462","31/18842",0.129032258064516,5.26239352045804,3.76555206826964,0.00664528509731531,0.0168888905093341,0.00205912607881176,"RTN4/APOE/CLU/IGF1",4
"GO:1902932","positive regulation of alcohol biosynthetic process","4/462","31/18842",0.129032258064516,5.26239352045804,3.76555206826964,0.00664528509731531,0.0168888905093341,0.00205912607881176,"SREBF2/CYP7A1/ABCG1/SREBF1",4
"GO:1903055","positive regulation of extracellular matrix organization","4/462","31/18842",0.129032258064516,5.26239352045804,3.76555206826964,0.00664528509731531,0.0168888905093341,0.00205912607881176,"SMAD3/AGT/IL6/TGFB1",4
"GO:0032479","regulation of type I interferon production","9/462","137/18842",0.0656934306569343,2.67921129964926,3.12742558226295,0.00670765013763619,0.0170287999132138,0.00207618410296323,"IL10/TLR9/TLR3/GSK3B/OAS1/HMGB1/CD14/TLR4/OAS2",9
"GO:0032606","type I interferon production","9/462","137/18842",0.0656934306569343,2.67921129964926,3.12742558226295,0.00670765013763619,0.0170287999132138,0.00207618410296323,"IL10/TLR9/TLR3/GSK3B/OAS1/HMGB1/CD14/TLR4/OAS2",9
"GO:0070849","response to epidermal growth factor","5/462","49/18842",0.102040816326531,4.16158671260712,3.51321954226661,0.00681296226175754,0.0172773160624962,0.00210648367081883,"MAPK3/FOS/GSTP1/AKT1/EGFR",5
"GO:1904752","regulation of vascular associated smooth muscle cell migration","5/462","49/18842",0.102040816326531,4.16158671260712,3.51321954226661,0.00681296226175754,0.0172773160624962,0.00210648367081883,"PTPN1/TERT/ADIPOQ/PDGFB/NFE2L2",5
"GO:0045862","positive regulation of proteolysis","6/462","69/18842",0.0869565217391304,3.54639563335216,3.35957077914791,0.00685657842422714,0.0173784589783351,0.0021188152100384,"TNF/HDAC2/VSIR/APOE/IL1B/FGFR4",6
"GO:0017015","regulation of transforming growth factor beta receptor signaling pathway","10/462","164/18842",0.0609756097560976,2.48680181607011,3.03186619298422,0.00732955415629016,0.0185671404524956,0.00226374154616993,"RBBP7/HDAC2/SIRT1/ADAMTSL2/PPARA/PPARG/PEG10/ENG/GDF15/CIDEA",10
"GO:0021761","limbic system development","6/462","70/18842",0.0857142857142857,3.49573283858998,3.31659200684381,0.00734824276318969,0.0185740598835023,0.00226458517653324,"GSK3B/CASP3/CTNNB1/PTEN/ATP1A2/SCT",6
"GO:0030323","respiratory tube development","6/462","70/18842",0.0857142857142857,3.49573283858998,3.31659200684381,0.00734824276318969,0.0185740598835023,0.00226458517653324,"TNF/CEBPA/HMGCS2/VEGFA/SREBF1/RBP4",6
"GO:0055017","cardiac muscle tissue growth","6/462","70/18842",0.0857142857142857,3.49573283858998,3.31659200684381,0.00734824276318969,0.0185740598835023,0.00226458517653324,"NRG1/PIM1/PPARA/YAP1/IGF1/RBP4",6
"GO:0060840","artery development","6/462","70/18842",0.0857142857142857,3.49573283858998,3.31659200684381,0.00734824276318969,0.0185740598835023,0.00226458517653324,"LDLR/DDIT3/RTN4/ENG/PDGFRB/VEGFA",6
"GO:0043114","regulation of vascular permeability","5/462","50/18842",0.1,4.07835497835498,3.45555180382098,0.00742096756808821,0.0187192612526686,0.00228228840729102,"TJP1/APOE/TGFB1/VEGFA/AKAP12",5
"GO:0141161","regulation of cAMP/PKA signal transduction","5/462","50/18842",0.1,4.07835497835498,3.45555180382098,0.00742096756808821,0.0187192612526686,0.00228228840729102,"LPAR1/ADIPOQ/MIF/SCT/PDE4A",5
"GO:0003015","heart process","13/462","244/18842",0.0532786885245902,2.17289404584487,2.92361904387214,0.0074341358028147,0.0187192612526686,0.00228228840729102,"DNM1L/TNF/PTPN1/SLC9A1/AVPR1A/ACE/GJA1/ATP1A1/SPX/AGT/NOX4/YAP1/ATP1A2",13
"GO:0031018","endocrine pancreas development","4/462","32/18842",0.125,5.09794372294372,3.67829697814992,0.0074502112929805,0.0187192612526686,0.00228228840729102,"GSK3B/IL6/IL6R/AKT1",4
"GO:0043276","anoikis","4/462","32/18842",0.125,5.09794372294372,3.67829697814992,0.0074502112929805,0.0187192612526686,0.00228228840729102,"BCL2/PTK2/AKT1/MTOR",4
"GO:0045742","positive regulation of epidermal growth factor receptor signaling pathway","4/462","32/18842",0.125,5.09794372294372,3.67829697814992,0.0074502112929805,0.0187192612526686,0.00228228840729102,"FBXW7/MMP9/AGT/TGFB1",4
"GO:0070972","protein localization to endoplasmic reticulum","4/462","32/18842",0.125,5.09794372294372,3.67829697814992,0.0074502112929805,0.0187192612526686,0.00228228840729102,"PPP1R15A/RTN4/HSPA5/AKT1",4
"GO:0099170","postsynaptic modulation of chemical synaptic transmission","4/462","32/18842",0.125,5.09794372294372,3.67829697814992,0.0074502112929805,0.0187192612526686,0.00228228840729102,"WNT5A/CDH1/FBXO2/IGF1",4
"GO:1900181","negative regulation of protein localization to nucleus","4/462","32/18842",0.125,5.09794372294372,3.67829697814992,0.0074502112929805,0.0187192612526686,0.00228228840729102,"CD36/GSK3B/NFKBIA/MTOR",4
"GO:1902686","mitochondrial outer membrane permeabilization involved in programmed cell death","4/462","32/18842",0.125,5.09794372294372,3.67829697814992,0.0074502112929805,0.0187192612526686,0.00228228840729102,"CASP6/GSK3B/ACAA2/BNIP3",4
"GO:0008593","regulation of Notch signaling pathway","7/462","92/18842",0.0760869565217391,3.10309617918314,3.20591955866697,0.00745393263798273,0.0187192612526686,0.00228228840729102,"FBXW7/SREBF2/IL6ST/AKT1/NOS3/YAP1/ADAM10",7
"GO:0106027","neuron projection organization","7/462","92/18842",0.0760869565217391,3.10309617918314,3.20591955866697,0.00745393263798273,0.0187192612526686,0.00228228840729102,"SMAD3/IGF1R/APOE/GSK3B/PTEN/INS/INSR",7
"GO:0001773","myeloid dendritic cell activation","3/462","17/18842",0.176470588235294,7.19709702062643,4.0527094840527,0.0077101685781145,0.0192279297802363,0.00234430625446733,"BATF3/IL4/HMGB1",3
"GO:0001783","B cell apoptotic process","3/462","17/18842",0.176470588235294,7.19709702062643,4.0527094840527,0.0077101685781145,0.0192279297802363,0.00234430625446733,"BAX/IL10/MIF",3
"GO:0010224","response to UV-B","3/462","17/18842",0.176470588235294,7.19709702062643,4.0527094840527,0.0077101685781145,0.0192279297802363,0.00234430625446733,"RELA/CDKN1A/MFAP4",3
"GO:0010248","establishment or maintenance of transmembrane electrochemical gradient","3/462","17/18842",0.176470588235294,7.19709702062643,4.0527094840527,0.0077101685781145,0.0192279297802363,0.00234430625446733,"BAX/ATP1A1/ATP1A2",3
"GO:0010310","regulation of hydrogen peroxide metabolic process","3/462","17/18842",0.176470588235294,7.19709702062643,4.0527094840527,0.0077101685781145,0.0192279297802363,0.00234430625446733,"RAC1/SOD2/HP",3
"GO:0045721","negative regulation of gluconeogenesis","3/462","17/18842",0.176470588235294,7.19709702062643,4.0527094840527,0.0077101685781145,0.0192279297802363,0.00234430625446733,"GCK/INS/ADIPOQ",3
"GO:0060263","regulation of respiratory burst","3/462","17/18842",0.176470588235294,7.19709702062643,4.0527094840527,0.0077101685781145,0.0192279297802363,0.00234430625446733,"RAC1/INS/INSR",3
"GO:0071397","cellular response to cholesterol","3/462","17/18842",0.176470588235294,7.19709702062643,4.0527094840527,0.0077101685781145,0.0192279297802363,0.00234430625446733,"ABCA1/CYP7A1/CES1",3
"GO:0090190","positive regulation of branching involved in ureteric bud morphogenesis","3/462","17/18842",0.176470588235294,7.19709702062643,4.0527094840527,0.0077101685781145,0.0192279297802363,0.00234430625446733,"AGT/TGFB1/VEGFA",3
"GO:0090336","positive regulation of brown fat cell differentiation","3/462","17/18842",0.176470588235294,7.19709702062643,4.0527094840527,0.0077101685781145,0.0192279297802363,0.00234430625446733,"PTGS2/PIM1/INS",3
"GO:1901550","regulation of endothelial cell development","3/462","17/18842",0.176470588235294,7.19709702062643,4.0527094840527,0.0077101685781145,0.0192279297802363,0.00234430625446733,"TNF/IL1B/VEGFA",3
"GO:1903140","regulation of establishment of endothelial barrier","3/462","17/18842",0.176470588235294,7.19709702062643,4.0527094840527,0.0077101685781145,0.0192279297802363,0.00234430625446733,"TNF/IL1B/VEGFA",3
"GO:1904948","midbrain dopaminergic neuron differentiation","3/462","17/18842",0.176470588235294,7.19709702062643,4.0527094840527,0.0077101685781145,0.0192279297802363,0.00234430625446733,"WNT5A/RAC1/CTNNB1",3
"GO:0051209","release of sequestered calcium ion into cytosol","8/462","116/18842",0.0689655172413793,2.81265860576205,3.10472194476233,0.0077977377010173,0.0194359029635635,0.00236966274578011,"DDIT3/HTR2B/CXCL10/TGFB1/NOL3/ATP1A2/ITPR1/CXCL9",8
"GO:0043112","receptor metabolic process","6/462","71/18842",0.0845070422535211,3.44649716480702,3.274389924967,0.00786486546006284,0.0195927306485033,0.00238878347936298,"PTPN1/CTSD/LDLR/APOE/TGFB1/PCSK9",6
"GO:0048738","cardiac muscle tissue development","11/462","192/18842",0.0572916666666667,2.33655753968254,2.95120287619637,0.00794384943511544,0.0197789106790896,0.00241148290749429,"NRG1/PIM1/PPARA/GJA1/ENG/TGFB1/YAP1/PDGFRB/VEGFA/IGF1/RBP4",11
"GO:0072659","protein localization to plasma membrane","14/462","274/18842",0.0510948905109489,2.08383101083831,2.86519707889537,0.00797187337967956,0.0198380772077969,0.00241869660469878,"RACK1/TNF/AR/PRKCE/SQSTM1/SESN2/CDH1/TGFB1/LGALS3/AKT1/KRT18/INS/EGFR/EPHA2",14
"GO:0045685","regulation of glial cell differentiation","5/462","51/18842",0.0980392156862745,3.99838723368135,3.39936713161212,0.00806577116695853,0.0200182465636242,0.00244066319977982,"HDAC2/LDLR/IL6/TGFB1/PRMT5",5
"GO:0045778","positive regulation of ossification","5/462","51/18842",0.0980392156862745,3.99838723368135,3.39936713161212,0.00806577116695853,0.0200182465636242,0.00244066319977982,"SMAD3/WNT5A/VDR/OSR2/ALOX5",5
"GO:0060612","adipose tissue development","5/462","51/18842",0.0980392156862745,3.99838723368135,3.39936713161212,0.00806577116695853,0.0200182465636242,0.00244066319977982,"SIRT1/PPARG/PARP1/HMGCS2/NR1H4",5
"GO:0072078","nephron tubule morphogenesis","5/462","51/18842",0.0980392156862745,3.99838723368135,3.39936713161212,0.00806577116695853,0.0200182465636242,0.00244066319977982,"GPC3/AGT/TGFB1/MYC/VEGFA",5
"GO:1900087","positive regulation of G1/S transition of mitotic cell cycle","5/462","51/18842",0.0980392156862745,3.99838723368135,3.39936713161212,0.00806577116695853,0.0200182465636242,0.00244066319977982,"CYP1A1/PIM1/AKT1/TERT/EGFR",5
"GO:0006164","purine nucleotide biosynthetic process","11/462","193/18842",0.0569948186528497,2.32445102393289,2.9321554602582,0.00824453960733153,0.0204510263248458,0.002493428542312,"SLC25A13/PPARA/STOML2/IL4/SDHB/PARP1/TGFB1/NDUFB10/NDUFS2/NDUFS4/NDUFA2",11
"GO:0000096","sulfur amino acid metabolic process","4/462","33/18842",0.121212121212121,4.94346057982422,3.59461042562103,0.00831677929124098,0.0205644845353256,0.00250726158598796,"FMO1/CPS1/NOX4/CBS",4
"GO:0046633","alpha-beta T cell proliferation","4/462","33/18842",0.121212121212121,4.94346057982422,3.59461042562103,0.00831677929124098,0.0205644845353256,0.00250726158598796,"ARG2/CCR2/VSIR/MYC",4
"GO:0071676","negative regulation of mononuclear cell migration","4/462","33/18842",0.121212121212121,4.94346057982422,3.59461042562103,0.00831677929124098,0.0205644845353256,0.00250726158598796,"CCL2/DUSP1/AKT1/MIF",4
"GO:1902992","negative regulation of amyloid precursor protein catabolic process","4/462","33/18842",0.121212121212121,4.94346057982422,3.59461042562103,0.00831677929124098,0.0205644845353256,0.00250726158598796,"RTN4/APOE/CLU/IGF1",4
"GO:2000179","positive regulation of neural precursor cell proliferation","4/462","33/18842",0.121212121212121,4.94346057982422,3.59461042562103,0.00831677929124098,0.0205644845353256,0.00250726158598796,"CX3CR1/KDM1A/CTNNB1/VEGFA",4
"GO:2000352","negative regulation of endothelial cell apoptotic process","4/462","33/18842",0.121212121212121,4.94346057982422,3.59461042562103,0.00831677929124098,0.0205644845353256,0.00250726158598796,"IL4/SERPINE1/TERT/NFE2L2",4
"GO:0090287","regulation of cellular response to growth factor stimulus","16/462","333/18842",0.048048048048048,1.95956995956996,2.80096377110277,0.0083927536330549,0.0207413274498427,0.00252882261493383,"RBBP7/PTPN1/HDAC2/SIRT1/ADAMTSL2/PPARA/PPARG/IL4/AGT/PEG10/IL1B/ENG/GDF15/CIDEA/VEGFA/SPRY4",16
"GO:0043086","negative regulation of catalytic activity","9/462","142/18842",0.0633802816901408,2.58487287360527,3.00550884307325,0.00841040764250043,0.0207739299647119,0.00253279757637756,"PTPN1/CCR2/ADAR/TP53/AGT/GSK3B/CDKN2A/PLIN5/ADIPOQ",9
"GO:0051701","biological process involved in interaction with host","10/462","168/18842",0.0595238095238095,2.42759224902082,2.94673006389488,0.00862063135897492,0.0212818979890706,0.00259473001685265,"VLDLR/LDLR/AGTR1/CTSB/SCARB1/HMGB1/PVR/INSR/EGFR/EPHA2",10
"GO:0014706","striated muscle tissue development","14/462","277/18842",0.0505415162454874,2.06126244393392,2.82108006760656,0.00872778325811509,0.0215350073395781,0.00262558959665352,"NRG1/PIM1/PPARA/GJA1/ENG/TGFB1/CTNNB1/YAP1/PDGFRB/VEGFA/IGF2/IGF1/S100B/RBP4",14
"GO:0141085","regulation of inflammasome-mediated signaling pathway","5/462","52/18842",0.0961538461538462,3.92149517149517,3.34459598183196,0.00874843533084199,0.0215745311972459,0.00263040842154993,"HSPA8/TLR9/CD36/MAPK8/TLR4",5
"GO:0018958","phenol-containing compound metabolic process","7/462","95/18842",0.0736842105263158,3.00510366826156,3.10622530589025,0.00883598631116909,0.0217673821506896,0.00265392118145207,"ITGB2/WNT5A/ALDH2/CTSB/CYP2E1/DIO1/HDC",7
"GO:1901890","positive regulation of cell junction assembly","7/462","95/18842",0.0736842105263158,3.00510366826156,3.10622530589025,0.00883598631116909,0.0217673821506896,0.00265392118145207,"SMAD3/RAC1/AGT/THBS2/PRKCA/VEGFA/EPHA2",7
"GO:0050807","regulation of synapse organization","15/462","306/18842",0.0490196078431373,1.99919361684068,2.79384663833389,0.00884989727092177,0.0217901225242791,0.00265669373162487,"SMAD3/TNF/VLDLR/IL10/PTPN1/WNT5A/RAC1/RTN4/THBS2/APOE/CTNNB1/AKT1/PRKCA/INS/ADAM10",15
"GO:0045165","cell fate commitment","11/462","195/18842",0.0564102564102564,2.3006105006105,2.89441156842666,0.00887237123437108,0.0218339114520252,0.00266203256208478,"RBBP7/HDAC2/WNT5A/PPARG/IL6ST/IL6/IL6R/JAK1/MTOR/KLF4/GATAD2A",11
"GO:0150116","regulation of cell-substrate junction organization","6/462","73/18842",0.0821917808219178,3.3520725849493,3.19221248539792,0.0089756953882631,0.0220765122703397,0.00269161092138886,"SMAD3/SLC9A1/RAC1/PTK2/PTEN/VEGFA",6
"GO:0003159","morphogenesis of an endothelium","3/462","18/18842",0.166666666666667,6.7972582972583,3.90124437357615,0.00908605386932096,0.0222305133029734,0.00271038702407511,"CXCL10/CTNNB1/LCN2",3
"GO:0006855","xenobiotic transmembrane transport","3/462","18/18842",0.166666666666667,6.7972582972583,3.90124437357615,0.00908605386932096,0.0222305133029734,0.00271038702407511,"ABCC2/SLC29A1/ABCC5",3
"GO:0006857","oligopeptide transport","3/462","18/18842",0.166666666666667,6.7972582972583,3.90124437357615,0.00908605386932096,0.0222305133029734,0.00271038702407511,"ABCC1/GJA1/ABCC5",3
"GO:0010288","response to lead ion","3/462","18/18842",0.166666666666667,6.7972582972583,3.90124437357615,0.00908605386932096,0.0222305133029734,0.00271038702407511,"CAT/DNMT3A/UCP2",3
"GO:0010633","negative regulation of epithelial cell migration","3/462","18/18842",0.166666666666667,6.7972582972583,3.90124437357615,0.00908605386932096,0.0222305133029734,0.00271038702407511,"IL4/MARVELD3/PTEN",3
"GO:0035930","corticosteroid hormone secretion","3/462","18/18842",0.166666666666667,6.7972582972583,3.90124437357615,0.00908605386932096,0.0222305133029734,0.00271038702407511,"AGTR1/AGT/TSPO",3
"GO:0035994","response to muscle stretch","3/462","18/18842",0.166666666666667,6.7972582972583,3.90124437357615,0.00908605386932096,0.0222305133029734,0.00271038702407511,"SLC9A1/PTK2/CTNNB1",3
"GO:0061154","endothelial tube morphogenesis","3/462","18/18842",0.166666666666667,6.7972582972583,3.90124437357615,0.00908605386932096,0.0222305133029734,0.00271038702407511,"CXCL10/CTNNB1/LCN2",3
"GO:0090520","sphingolipid mediated signaling pathway","3/462","18/18842",0.166666666666667,6.7972582972583,3.90124437357615,0.00908605386932096,0.0222305133029734,0.00271038702407511,"RAC1/SCARB1/AKT1",3
"GO:1905906","regulation of amyloid fibril formation","3/462","18/18842",0.166666666666667,6.7972582972583,3.90124437357615,0.00908605386932096,0.0222305133029734,0.00271038702407511,"LDLR/APOE/CLU",3
"GO:0099175","regulation of postsynapse organization","9/462","144/18842",0.0625,2.54897186147186,2.95819913559377,0.00917649163315807,0.0224282126215139,0.00273449090599352,"SMAD3/PTPN1/WNT5A/RAC1/RTN4/APOE/AKT1/INS/ADAM10",9
"GO:1903038","negative regulation of leukocyte cell-cell adhesion","9/462","144/18842",0.0625,2.54897186147186,2.95819913559377,0.00917649163315807,0.0224282126215139,0.00273449090599352,"ARG2/IL10/PPARA/VSIR/CDKN2A/LGALS3/AKT1/HMGB1/KLF4",9
"GO:0002701","negative regulation of production of molecular mediator of immune response","4/462","34/18842",0.117647058823529,4.79806468041762,3.51423432143442,0.00924679302241681,0.0225408734619752,0.00274822673278016,"TNF/IL10/APOA1/TGFB1",4
"GO:0035633","maintenance of blood-brain barrier","4/462","34/18842",0.117647058823529,4.79806468041762,3.51423432143442,0.00924679302241681,0.0225408734619752,0.00274822673278016,"TJP1/GJA1/IL6/VEGFA",4
"GO:0050771","negative regulation of axonogenesis","4/462","34/18842",0.117647058823529,4.79806468041762,3.51423432143442,0.00924679302241681,0.0225408734619752,0.00274822673278016,"SPP1/RTN4/CDH1/PTEN",4
"GO:0051938","L-glutamate import","4/462","34/18842",0.117647058823529,4.79806468041762,3.51423432143442,0.00924679302241681,0.0225408734619752,0.00274822673278016,"SLC25A13/TNF/ATP1A2/SLC7A11",4
"GO:0070884","regulation of calcineurin-NFAT signaling cascade","4/462","34/18842",0.117647058823529,4.79806468041762,3.51423432143442,0.00924679302241681,0.0225408734619752,0.00274822673278016,"TNF/SLC9A1/GSK3B/IGF1",4
"GO:0170035","L-amino acid catabolic process","7/462","96/18842",0.0729166666666667,2.97380050505051,3.07386489397491,0.00933590094155542,0.0227461825138054,0.00277325840804657,"GPT/NOS2/GPT2/CBS/OTC/NOS3/HDC",7
"GO:0031016","pancreas development","5/462","53/18842",0.0943396226415094,3.8475046965613,3.29117336504713,0.00947000117931717,0.0230247130500787,0.0028072173878072,"HNF1A/GSK3B/IL6/IL6R/AKT1",5
"GO:0032615","interleukin-12 production","5/462","53/18842",0.0943396226415094,3.8475046965613,3.29117336504713,0.00947000117931717,0.0230247130500787,0.0028072173878072,"IL10/TLR9/TLR3/HMGB1/TLR4",5
"GO:0032655","regulation of interleukin-12 production","5/462","53/18842",0.0943396226415094,3.8475046965613,3.29117336504713,0.00947000117931717,0.0230247130500787,0.0028072173878072,"IL10/TLR9/TLR3/HMGB1/TLR4",5
"GO:0051926","negative regulation of calcium ion transport","5/462","53/18842",0.0943396226415094,3.8475046965613,3.29117336504713,0.00947000117931717,0.0230247130500787,0.0028072173878072,"TLR9/GPR35/UCP2/TGFB1/ATP1A2",5
"GO:0048525","negative regulation of viral process","6/462","74/18842",0.0810810810810811,3.30677430677431,3.15218847646185,0.00957124280906142,0.023246586603542,0.00283426863903547,"TNF/APOBEC3A/OAS1/CCL5/IL32/OAS2",6
"GO:0098773","skin epidermis development","6/462","74/18842",0.0810810810810811,3.30677430677431,3.15218847646185,0.00957124280906142,0.023246586603542,0.00283426863903547,"TNF/HDAC2/WNT5A/BCL2/CTNNB1/KLF4",6
"GO:0002449","lymphocyte mediated immunity","16/462","339/18842",0.0471976401179941,1.92488730541828,2.72438074569062,0.00985163796633202,0.0239151336659238,0.00291577918529087,"AHR/IL10/B2M/CCR2/AP1G1/MAPK3/IL4/NLRP3/C3/IL1B/IL6/TGFB1/CLU/CADM1/HMGB1/PVR",16
"GO:0050803","regulation of synapse structure or activity","15/462","311/18842",0.0482315112540193,1.96705224036414,2.72634562145577,0.0101714534815486,0.0246786281449141,0.00300886590355982,"SMAD3/TNF/VLDLR/IL10/PTPN1/WNT5A/RAC1/RTN4/THBS2/APOE/CTNNB1/AKT1/PRKCA/INS/ADAM10",15
"GO:0001776","leukocyte homeostasis","6/462","75/18842",0.08,3.26268398268398,3.11284371104914,0.0101944274799743,0.0246825099840037,0.00300933918486263,"AIM2/IL6/AKT1/HMGB1/FAS/MIF",6
"GO:1903053","regulation of extracellular matrix organization","6/462","75/18842",0.08,3.26268398268398,3.11284371104914,0.0101944274799743,0.0246825099840037,0.00300933918486263,"SMAD3/PPARG/AGT/IL6/TGFB1/FGFR4",6
"GO:0060828","regulation of canonical Wnt signaling pathway","13/462","254/18842",0.0511811023622047,2.08734703616593,2.76610658454675,0.0102132183533628,0.0246825099840037,0.00300933918486263,"IGFBP1/SMAD3/GPC3/WNT5A/NFKB1/DDIT3/APOE/GSK3B/TGFB1/CTNNB1/IGFBP2/EGR1/EGFR",13
"GO:0006611","protein export from nucleus","5/462","54/18842",0.0925925925925926,3.77625460958794,3.23903846767592,0.0102314872117602,0.0246825099840037,0.00300933918486263,"ADAR/GSK3B/IL1B/TGFB1/CDKN2A",5
"GO:0061333","renal tubule morphogenesis","5/462","54/18842",0.0925925925925926,3.77625460958794,3.23903846767592,0.0102314872117602,0.0246825099840037,0.00300933918486263,"GPC3/AGT/TGFB1/MYC/VEGFA",5
"GO:0072539","T-helper 17 cell differentiation","5/462","54/18842",0.0925925925925926,3.77625460958794,3.23903846767592,0.0102314872117602,0.0246825099840037,0.00300933918486263,"IL6ST/IL6/IL6R/RORA/JAK1",5
"GO:0099024","plasma membrane invagination","5/462","54/18842",0.0925925925925926,3.77625460958794,3.23903846767592,0.0102314872117602,0.0246825099840037,0.00300933918486263,"ITGB2/RAC1/CD36/C3/ALOX15",5
"GO:0170041","non-proteinogenic amino acid metabolic process","5/462","54/18842",0.0925925925925926,3.77625460958794,3.23903846767592,0.0102314872117602,0.0246825099840037,0.00300933918486263,"CPS1/NOX4/HNF4A/CBS/OTC",5
"GO:0030890","positive regulation of B cell proliferation","4/462","35/18842",0.114285714285714,4.66097711811998,3.43693630293554,0.0102419693490325,0.0246825099840037,0.00300933918486263,"TLR9/BCL2/IL4/MIF",4
"GO:0032735","positive regulation of interleukin-12 production","4/462","35/18842",0.114285714285714,4.66097711811998,3.43693630293554,0.0102419693490325,0.0246825099840037,0.00300933918486263,"TLR9/TLR3/HMGB1/TLR4",4
"GO:0044058","regulation of digestive system process","4/462","35/18842",0.114285714285714,4.66097711811998,3.43693630293554,0.0102419693490325,0.0246825099840037,0.00300933918486263,"NR1H3/ABCG8/NR1H2/SCT",4
"GO:0051385","response to mineralocorticoid","4/462","35/18842",0.114285714285714,4.66097711811998,3.43693630293554,0.0102419693490325,0.0246825099840037,0.00300933918486263,"AVPR1A/FOS/PARP1/PRKCA",4
"GO:0106056","regulation of calcineurin-mediated signaling","4/462","35/18842",0.114285714285714,4.66097711811998,3.43693630293554,0.0102419693490325,0.0246825099840037,0.00300933918486263,"TNF/SLC9A1/GSK3B/IGF1",4
"GO:0010612","regulation of cardiac muscle adaptation","3/462","19/18842",0.157894736842105,6.43950786056049,3.76090356026302,0.0105961818997413,0.025391571243024,0.00309578930005029,"SMAD3/FOXO1/PPARG",3
"GO:0031053","primary miRNA processing","3/462","19/18842",0.157894736842105,6.43950786056049,3.76090356026302,0.0105961818997413,0.025391571243024,0.00309578930005029,"SMAD3/IL6/TGFB1",3
"GO:0035461","vitamin transmembrane transport","3/462","19/18842",0.157894736842105,6.43950786056049,3.76090356026302,0.0105961818997413,0.025391571243024,0.00309578930005029,"GC/SCARB1/ABCC5",3
"GO:0042659","regulation of cell fate specification","3/462","19/18842",0.157894736842105,6.43950786056049,3.76090356026302,0.0105961818997413,0.025391571243024,0.00309578930005029,"RBBP7/HDAC2/GATAD2A",3
"GO:0043116","negative regulation of vascular permeability","3/462","19/18842",0.157894736842105,6.43950786056049,3.76090356026302,0.0105961818997413,0.025391571243024,0.00309578930005029,"APOE/VEGFA/AKAP12",3
"GO:0043407","negative regulation of MAP kinase activity","3/462","19/18842",0.157894736842105,6.43950786056049,3.76090356026302,0.0105961818997413,0.025391571243024,0.00309578930005029,"PTPN1/AGT/ADIPOQ",3
"GO:0141163","positive regulation of cAMP/PKA signal transduction","3/462","19/18842",0.157894736842105,6.43950786056049,3.76090356026302,0.0105961818997413,0.025391571243024,0.00309578930005029,"ADIPOQ/MIF/SCT",3
"GO:0150079","negative regulation of neuroinflammatory response","3/462","19/18842",0.157894736842105,6.43950786056049,3.76090356026302,0.0105961818997413,0.025391571243024,0.00309578930005029,"LDLR/IL4/IGF1",3
"GO:1901028","regulation of mitochondrial outer membrane permeabilization involved in apoptotic signaling pathway","3/462","19/18842",0.157894736842105,6.43950786056049,3.76090356026302,0.0105961818997413,0.025391571243024,0.00309578930005029,"CASP6/GSK3B/ACAA2",3
"GO:1903242","regulation of cardiac muscle hypertrophy in response to stress","3/462","19/18842",0.157894736842105,6.43950786056049,3.76090356026302,0.0105961818997413,0.025391571243024,0.00309578930005029,"SMAD3/FOXO1/PPARG",3
"GO:1905709","negative regulation of membrane permeability","3/462","19/18842",0.157894736842105,6.43950786056049,3.76090356026302,0.0105961818997413,0.025391571243024,0.00309578930005029,"NOL3/ACAA2/BNIP3",3
"GO:0015986","proton motive force-driven ATP synthesis","6/462","76/18842",0.0789473684210526,3.21975393028025,3.07415657003549,0.0108459016391606,0.0259766039258907,0.00316711761220806,"STOML2/SDHB/NDUFB10/NDUFS2/NDUFS4/NDUFA2",6
"GO:2000241","regulation of reproductive process","9/462","148/18842",0.0608108108108108,2.48008073008073,2.86592850413698,0.0108657254475247,0.0260107031792674,0.00317127505889511,"HDAC2/GJA1/RETN/DUSP1/VEGFA/ASPM/IGF1/CDC25B/INSR",9
"GO:0043270","positive regulation of monoatomic ion transport","10/462","174/18842",0.0574712643678161,2.34388217146838,2.82349569243214,0.0108759933910587,0.0260219040230059,0.00317264068734973,"CCL2/CXCL10/FFAR1/TSPO/LGALS3/CCL5/PDGFRB/LCN2/PDGFB/CXCL9",10
"GO:0008360","regulation of cell shape","8/462","123/18842",0.0650406504065041,2.65258860380812,2.91525263228761,0.0109163180945318,0.0261049702353056,0.00318276828003677,"LPAR1/ITGB2/CCL2/RAC1/PTK2/VEGFA/S100B/HCK",8
"GO:0002715","regulation of natural killer cell mediated immunity","5/462","55/18842",0.0909090909090909,3.70759543486816,3.18813431131456,0.0110338879195296,0.0263185359392059,0.00320880662223562,"B2M/AP1G1/TGFB1/CADM1/PVR",5
"GO:0032964","collagen biosynthetic process","5/462","55/18842",0.0909090909090909,3.70759543486816,3.18813431131456,0.0110338879195296,0.0263185359392059,0.00320880662223562,"CYP7A1/IL6/TGFB1/IL6R/PPARD",5
"GO:0034332","adherens junction organization","5/462","55/18842",0.0909090909090909,3.70759543486816,3.18813431131456,0.0110338879195296,0.0263185359392059,0.00320880662223562,"TJP1/CDH1/CTNNB1/VEGFA/ADAM10",5
"GO:0050805","negative regulation of synaptic transmission","5/462","55/18842",0.0909090909090909,3.70759543486816,3.18813431131456,0.0110338879195296,0.0263185359392059,0.00320880662223562,"CNR2/IL1B/CTNNB1/PTEN/ADIPOQ",5
"GO:1902930","regulation of alcohol biosynthetic process","5/462","55/18842",0.0909090909090909,3.70759543486816,3.18813431131456,0.0110338879195296,0.0263185359392059,0.00320880662223562,"SREBF2/CYP7A1/APOE/ABCG1/SREBF1",5
"GO:0014075","response to amine","4/462","36/18842",0.111111111111111,4.53150553150553,3.36250651419566,0.0113039362440009,0.0268663232016682,0.00327559390095909,"TNF/CNR2/HDAC2/CPS1",4
"GO:0043243","positive regulation of protein-containing complex disassembly","4/462","36/18842",0.111111111111111,4.53150553150553,3.36250651419566,0.0113039362440009,0.0268663232016682,0.00327559390095909,"TNF/IGF1R/BNIP3/INSR",4
"GO:0043516","regulation of DNA damage response, signal transduction by p53 class mediator","4/462","36/18842",0.111111111111111,4.53150553150553,3.36250651419566,0.0113039362440009,0.0268663232016682,0.00327559390095909,"SIRT1/KDM1A/CDKN2A/MIF",4
"GO:0046164","alcohol catabolic process","4/462","36/18842",0.111111111111111,4.53150553150553,3.36250651419566,0.0113039362440009,0.0268663232016682,0.00327559390095909,"CYP7A1/ALDH2/CYP27A1/AKR1B10",4
"GO:0051100","negative regulation of binding","4/462","36/18842",0.111111111111111,4.53150553150553,3.36250651419566,0.0113039362440009,0.0268663232016682,0.00327559390095909,"RACK1/BAX/MAPK8/JUN",4
"GO:1904035","regulation of epithelial cell apoptotic process","4/462","36/18842",0.111111111111111,4.53150553150553,3.36250651419566,0.0113039362440009,0.0268663232016682,0.00327559390095909,"JAK2/PPARA/IL6/YAP1",4
"GO:2000107","negative regulation of leukocyte apoptotic process","4/462","36/18842",0.111111111111111,4.53150553150553,3.36250651419566,0.0113039362440009,0.0268663232016682,0.00327559390095909,"ARG2/MERTK/CCL5/MIF",4
"GO:0021543","pallium development","8/462","124/18842",0.0645161290322581,2.63119676022902,2.88926702046093,0.0114275794145877,0.0271463315073064,0.0033097330532086,"FOS/RTN4/GSK3B/CASP3/PTEN/BNIP3/SLC2A1/SCT",8
"GO:0001937","negative regulation of endothelial cell proliferation","6/462","77/18842",0.0779220779220779,3.17793894417271,3.03610640447524,0.0115263091043825,0.0273669021876619,0.00333662545563671,"TNF/CCL2/PPARG/APOE/ENG/ALOX5",6
"GO:0046634","regulation of alpha-beta T cell activation","7/462","100/18842",0.07,2.85484848484848,2.94849694333665,0.0115439799299829,0.027394888151886,0.00334003755832887,"ARG2/JAK2/CCR2/NLRP3/VSIR/LGALS3/HMGB1",7
"GO:0008544","epidermis development","14/462","287/18842",0.0487804878048781,1.98944145285609,2.67793961174401,0.0116639052654502,0.02766538100659,0.00337301656846251,"TNF/HDAC2/WNT5A/BCL2/MAFF/VDR/CASP3/CTNNB1/LAMC2/PPARD/KLF4/KRT7/TXNIP/EPHA2",14
"GO:0040029","epigenetic regulation of gene expression","16/462","346/18842",0.046242774566474,1.88594449866126,2.63697410930426,0.0118005756322341,0.02797529538884,0.00341080192720689,"RBBP7/APOBEC3A/HDAC2/SIRT1/TP53/KDM1A/HDAC8/ELANE/DNMT3A/PRMT5/MYC/HMGB1/IGF2/PADI4/EGR1/H1-0",16
"GO:0001954","positive regulation of cell-matrix adhesion","5/462","56/18842",0.0892857142857143,3.64138837353123,3.13840744551386,0.0118781724775184,0.028073487845343,0.00342277374073817,"SMAD3/RAC1/CD36/GSK3B/VEGFA",5
"GO:0002763","positive regulation of myeloid leukocyte differentiation","5/462","56/18842",0.0892857142857143,3.64138837353123,3.13840744551386,0.0118781724775184,0.028073487845343,0.00342277374073817,"TNF/TGFB1/TRIB1/LIF/PRKCA",5
"GO:0007187","G protein-coupled receptor signaling pathway, coupled to cyclic nucleotide second messenger","5/462","56/18842",0.0892857142857143,3.64138837353123,3.13840744551386,0.0118781724775184,0.028073487845343,0.00342277374073817,"CCL2/CNR2/HTR2B/AGT/CNR1",5
"GO:0048844","artery morphogenesis","5/462","56/18842",0.0892857142857143,3.64138837353123,3.13840744551386,0.0118781724775184,0.028073487845343,0.00342277374073817,"LDLR/RTN4/ENG/PDGFRB/VEGFA",5
"GO:0061178","regulation of insulin secretion involved in cellular response to glucose stimulus","5/462","56/18842",0.0892857142857143,3.64138837353123,3.13840744551386,0.0118781724775184,0.028073487845343,0.00342277374073817,"RAC1/UCP2/PIM3/PPARD/NR1H4",5
"GO:0071616","acyl-CoA biosynthetic process","5/462","56/18842",0.0892857142857143,3.64138837353123,3.13840744551386,0.0118781724775184,0.028073487845343,0.00342277374073817,"ACACB/FASN/ACACA/HACD2/PDK4",5
"GO:0003158","endothelium development","8/462","125/18842",0.064,2.61014718614719,2.86353616743601,0.0119562866039462,0.0282151395985675,0.00344004419547957,"TNF/NRG1/TJP1/CXCL10/IL1B/CTNNB1/VEGFA/LCN2",8
"GO:0042177","negative regulation of protein catabolic process","8/462","125/18842",0.064,2.61014718614719,2.86353616743601,0.0119562866039462,0.0282151395985675,0.00344004419547957,"SMAD3/IL10/NOS2/CDKN2A/NQO1/INS/HMGCR/EGFR",8
"GO:0051592","response to calcium ion","8/462","125/18842",0.064,2.61014718614719,2.86353616743601,0.0119562866039462,0.0282151395985675,0.00344004419547957,"SLC25A13/WNT5A/CPNE2/ALOX15/DUSP1/MTTP/TXNIP/SLC25A24",8
"GO:1901606","alpha-amino acid catabolic process","7/462","101/18842",0.0693069306930693,2.82658265826583,2.91812469375896,0.0121503754366373,0.0286586362882388,0.00349411616658177,"GPT/NOS2/GPT2/CBS/OTC/NOS3/HDC",7
"GO:0061387","regulation of extent of cell growth","6/462","78/18842",0.0769230769230769,3.13719613719614,2.99867347995443,0.0122362845918575,0.028702189076243,0.00349942620642925,"SPP1/RTN4/APOE/GSK3B/CDH1/VEGFA",6
"GO:0001975","response to amphetamine","3/462","20/18842",0.15,6.11753246753247,3.63030345513479,0.0122428151858717,0.028702189076243,0.00349942620642925,"TNF/CNR2/HDAC2",3
"GO:0002689","negative regulation of leukocyte chemotaxis","3/462","20/18842",0.15,6.11753246753247,3.63030345513479,0.0122428151858717,0.028702189076243,0.00349942620642925,"CCL2/DUSP1/MIF",3
"GO:0002840","regulation of T cell mediated immune response to tumor cell","3/462","20/18842",0.15,6.11753246753247,3.63030345513479,0.0122428151858717,0.028702189076243,0.00349942620642925,"AHR/MAPK3/HMGB1",3
"GO:0032091","negative regulation of protein binding","3/462","20/18842",0.15,6.11753246753247,3.63030345513479,0.0122428151858717,0.028702189076243,0.00349942620642925,"RACK1/BAX/MAPK8",3
"GO:0035358","regulation of peroxisome proliferator activated receptor signaling pathway","3/462","20/18842",0.15,6.11753246753247,3.63030345513479,0.0122428151858717,0.028702189076243,0.00349942620642925,"SIRT1/ALOX15/PLIN5",3
"GO:0035455","response to interferon-alpha","3/462","20/18842",0.15,6.11753246753247,3.63030345513479,0.0122428151858717,0.028702189076243,0.00349942620642925,"ADAR/OAS1/MX2",3
"GO:0045472","response to ether","3/462","20/18842",0.15,6.11753246753247,3.63030345513479,0.0122428151858717,0.028702189076243,0.00349942620642925,"ABCB4/CYP1A1/AKT1",3
"GO:0045662","negative regulation of myoblast differentiation","3/462","20/18842",0.15,6.11753246753247,3.63030345513479,0.0122428151858717,0.028702189076243,0.00349942620642925,"DDIT3/TGFB1/PPARD",3
"GO:0070886","positive regulation of calcineurin-NFAT signaling cascade","3/462","20/18842",0.15,6.11753246753247,3.63030345513479,0.0122428151858717,0.028702189076243,0.00349942620642925,"TNF/SLC9A1/IGF1",3
"GO:0090189","regulation of branching involved in ureteric bud morphogenesis","3/462","20/18842",0.15,6.11753246753247,3.63030345513479,0.0122428151858717,0.028702189076243,0.00349942620642925,"AGT/TGFB1/VEGFA",3
"GO:0106058","positive regulation of calcineurin-mediated signaling","3/462","20/18842",0.15,6.11753246753247,3.63030345513479,0.0122428151858717,0.028702189076243,0.00349942620642925,"TNF/SLC9A1/IGF1",3
"GO:0032717","negative regulation of interleukin-8 production","4/462","37/18842",0.108108108108108,4.40903240903241,3.29075486631581,0.0124342313290635,0.0291216202555934,0.00355056406413458,"IL10/ELANE/IL6R/KLF4",4
"GO:0060043","regulation of cardiac muscle cell proliferation","4/462","37/18842",0.108108108108108,4.40903240903241,3.29075486631581,0.0124342313290635,0.0291216202555934,0.00355056406413458,"NRG1/PIM1/YAP1/RBP4",4
"GO:0001570","vasculogenesis","5/462","57/18842",0.087719298245614,3.57750436697805,3.0898076701874,0.0127652835147363,0.0298519136336575,0.00363960284019416,"RTN4/ENG/TGFB1/PDGFRB/VEGFA",5
"GO:0045668","negative regulation of osteoblast differentiation","5/462","57/18842",0.087719298245614,3.57750436697805,3.0898076701874,0.0127652835147363,0.0298519136336575,0.00363960284019416,"TNF/PPARG/GSK3B/PTEN/FGF23",5
"GO:0048010","vascular endothelial growth factor receptor signaling pathway","5/462","57/18842",0.087719298245614,3.57750436697805,3.0898076701874,0.0127652835147363,0.0298519136336575,0.00363960284019416,"PTPN1/PTK2/IL1B/HSPB1/VEGFA",5
"GO:0019751","polyol metabolic process","7/462","102/18842",0.0686274509803922,2.79887106357695,2.88812201820023,0.0127794175153351,0.0298699638310242,0.00364180355504307,"PCK1/CYP27A1/CYP3A4/PCK2/NOS3/CYP2R1/CYP24A1",7
"GO:0070664","negative regulation of leukocyte proliferation","6/462","79/18842",0.0759493670886076,3.09748479368733,2.96183892480782,0.0129764530545841,0.0303152862128166,0.0036960981180471,"ARG2/IL10/VSIR/CDKN2A/GSTP1/CRP",6
"GO:0043010","camera-type eye development","11/462","206/18842",0.0533980582524272,2.17776236708276,2.69472928180605,0.0130114917147027,0.030381898407049,0.00370421960514153,"CYP1A1/HDAC2/WNT5A/FOS/OSR2/EFEMP1/PDGFRB/VEGFA/ATF4/RBP4/EPHA2",11
"GO:0030111","regulation of Wnt signaling pathway","15/462","321/18842",0.0467289719626168,1.90577335437148,2.59501606047443,0.0132786797160367,0.0309902419838931,0.00377839002641728,"RACK1/IGFBP1/SMAD3/GPC3/WNT5A/NFKB1/DDIT3/APOE/GSK3B/TGFB1/CTNNB1/TERT/IGFBP2/EGR1/EGFR",15
"GO:0006367","transcription initiation at RNA polymerase II promoter","11/462","207/18842",0.0531400966183575,2.16724177593743,2.67720425093414,0.0134500490835346,0.0313744631928543,0.00382523501667684,"FOXO1/ESR1/HNF1A/APOBEC3A/NFKB1/TP53/KDM1A/NFKBIA/MYC/HMGB1/EGR1",11
"GO:0048588","developmental cell growth","10/462","180/18842",0.0555555555555556,2.26575276575277,2.70524282633402,0.0135533063793784,0.031583680932125,0.00385074324664875,"PPARA/SPP1/RTN4/APOE/GSK3B/CDH1/CTNNB1/VEGFA/IGF1/S100B",10
"GO:0071695","anatomical structure maturation","10/462","180/18842",0.0555555555555556,2.26575276575277,2.70524282633402,0.0135533063793784,0.031583680932125,0.00385074324664875,"WNT5A/CX3CR1/DDIT3/PPARG/KDM1A/C3/CTNNB1/MIMS2/VEGFA/IGF1",10
"GO:0001658","branching involved in ureteric bud morphogenesis","4/462","38/18842",0.105263157894737,4.29300524037366,3.22150869542095,0.0136343007493504,0.0317089432012864,0.00386601546390771,"AGT/TGFB1/MYC/VEGFA",4
"GO:0031103","axon regeneration","4/462","38/18842",0.105263157894737,4.29300524037366,3.22150869542095,0.0136343007493504,0.0317089432012864,0.00386601546390771,"JAK2/SPP1/TSPO/MMP2",4
"GO:0045745","positive regulation of G protein-coupled receptor signaling pathway","4/462","38/18842",0.105263157894737,4.29300524037366,3.22150869542095,0.0136343007493504,0.0317089432012864,0.00386601546390771,"C3/PRMT5/PRKCA/CCL5",4
"GO:0060259","regulation of feeding behavior","4/462","38/18842",0.105263157894737,4.29300524037366,3.22150869542095,0.0136343007493504,0.0317089432012864,0.00386601546390771,"LEPR/RETN/INS/MC4R",4
"GO:0008037","cell recognition","8/462","128/18842",0.0625,2.54897186147186,2.78782436719055,0.0136504046762518,0.0317305462669137,0.00386864935130196,"CFB/C3/RTN4/CASP3/SCARB1/LGALS3/CADM1/CRP",8
"GO:0002224","toll-like receptor signaling pathway","6/462","80/18842",0.075,3.05876623376623,2.92558468188638,0.0137474290407643,0.0319242042961589,0.0038922605114412,"PRKCE/TLR9/RELA/CD36/TLR3/TLR4",6
"GO:0060337","type I interferon-mediated signaling pathway","6/462","80/18842",0.075,3.05876623376623,2.92558468188638,0.0137474290407643,0.0319242042961589,0.0038922605114412,"PTPN1/WNT5A/USP18/OAS1/JAK1/OAS2",6
"GO:0043588","skin development","12/462","236/18842",0.0508474576271186,2.07373981950253,2.63165383087683,0.0139335782831551,0.0323403491955984,0.00394299769956654,"TNF/HDAC2/WNT5A/BCL2/VDR/DHCR24/CASP3/CTNNB1/KLF4/KRT7/TXNIP/EPHA2",12
"GO:0036376","sodium ion export across plasma membrane","3/462","21/18842",0.142857142857143,5.82622139764997,3.50829213524152,0.0140277906302814,0.0324135946275882,0.0039519279237918,"SLC9A1/ATP1A1/ATP1A2",3
"GO:0042634","regulation of hair cycle","3/462","21/18842",0.142857142857143,5.82622139764997,3.50829213524152,0.0140277906302814,0.0324135946275882,0.0039519279237918,"TNF/WNT5A/TERT",3
"GO:0048245","eosinophil chemotaxis","3/462","21/18842",0.142857142857143,5.82622139764997,3.50829213524152,0.0140277906302814,0.0324135946275882,0.0039519279237918,"CCL2/LGALS3/CCL5",3
"GO:0048566","embryonic digestive tract development","3/462","21/18842",0.142857142857143,5.82622139764997,3.50829213524152,0.0140277906302814,0.0324135946275882,0.0039519279237918,"TNF/RARRES2/SCT",3
"GO:0070229","negative regulation of lymphocyte apoptotic process","3/462","21/18842",0.142857142857143,5.82622139764997,3.50829213524152,0.0140277906302814,0.0324135946275882,0.0039519279237918,"ARG2/CCL5/MIF",3
"GO:0071425","hematopoietic stem cell proliferation","3/462","21/18842",0.142857142857143,5.82622139764997,3.50829213524152,0.0140277906302814,0.0324135946275882,0.0039519279237918,"PIM1/WNT5A/ACE",3
"GO:0098883","synapse pruning","3/462","21/18842",0.142857142857143,5.82622139764997,3.50829213524152,0.0140277906302814,0.0324135946275882,0.0039519279237918,"CX3CR1/C3/CASP3",3
"GO:1903579","negative regulation of ATP metabolic process","3/462","21/18842",0.142857142857143,5.82622139764997,3.50829213524152,0.0140277906302814,0.0324135946275882,0.0039519279237918,"PPARA/TSPO/PARP1",3
"GO:2001169","regulation of ATP biosynthetic process","3/462","21/18842",0.142857142857143,5.82622139764997,3.50829213524152,0.0140277906302814,0.0324135946275882,0.0039519279237918,"PPARA/IL4/PARP1",3
"GO:0044403","biological process involved in symbiotic interaction","10/462","181/18842",0.0552486187845304,2.25323479467126,2.6859905731238,0.0140436704986191,0.032434191389668,0.00395443912071821,"VLDLR/LDLR/AGTR1/CTSB/SCARB1/HMGB1/PVR/INSR/EGFR/EPHA2",10
"GO:0150063","visual system development","13/462","265/18842",0.0490566037735849,2.00070244221188,2.60099977805862,0.0141421381938205,0.0326454117156314,0.00398019150991902,"CYP1A1/HDAC2/WNT5A/FOS/C3/OSR2/ATF6/EFEMP1/PDGFRB/VEGFA/ATF4/RBP4/EPHA2",13
"GO:0099173","postsynapse organization","12/462","237/18842",0.0506329113924051,2.06498986245822,2.61580291041088,0.0143634490832588,0.0331398508085496,0.00404047447700021,"SMAD3/PTPN1/WNT5A/RAC1/IGF1R/RTN4/APOE/PTEN/AKT1/INS/ADAM10/INSR",12
"GO:0006352","DNA-templated transcription initiation","13/462","266/18842",0.0488721804511278,1.9931810044592,2.586385940606,0.0145498394010174,0.0335532700599985,0.00409087934886973,"FOXO1/ESR1/HNF1A/APOBEC3A/NFKB1/TP53/KDM1A/CEBPA/NFKBIA/MYC/HMGB1/JUN/EGR1",13
"GO:0019229","regulation of vasoconstriction","5/462","59/18842",0.0847457627118644,3.45623303250422,2.99580335812577,0.0146716159857161,0.0338173485294527,0.00412307630479204,"AVPR1A/ACE/AGTR1/AGT/MMP2",5
"GO:0042113","B cell activation","12/462","238/18842",0.0504201680672269,2.0563134344647,2.60002979888832,0.0148033394298647,0.0341040813386689,0.00415803532147711,"AHR/IL10/CFB/TLR9/BCL2/IL6ST/IL4/C3/IL6/TGFB1/CDKN2A/MIF",12
"GO:0000266","mitochondrial fission","4/462","39/18842",0.102564102564103,4.18292818292818,3.15461075180053,0.0149054983611262,0.0342546892247797,0.00417639772520008,"DNM1L/PPARG/UCP2/BNIP3",4
"GO:0035850","epithelial cell differentiation involved in kidney development","4/462","39/18842",0.102564102564103,4.18292818292818,3.15461075180053,0.0149054983611262,0.0342546892247797,0.00417639772520008,"MMP9/CTNNB1/LIF/PDGFB",4
"GO:0051503","adenine nucleotide transport","4/462","39/18842",0.102564102564103,4.18292818292818,3.15461075180053,0.0149054983611262,0.0342546892247797,0.00417639772520008,"SLC25A4/SLC25A47/ABCC5/SLC25A24",4
"GO:0070633","transepithelial transport","4/462","39/18842",0.102564102564103,4.18292818292818,3.15461075180053,0.0149054983611262,0.0342546892247797,0.00417639772520008,"ABCG2/ABCC1/ABCC2/ITPR1",4
"GO:0072530","purine-containing compound transmembrane transport","4/462","39/18842",0.102564102564103,4.18292818292818,3.15461075180053,0.0149054983611262,0.0342546892247797,0.00417639772520008,"SLC29A1/SLC25A4/SLC25A47/SLC25A24",4
"GO:0090092","regulation of transmembrane receptor protein serine/threonine kinase signaling pathway","14/462","297/18842",0.0471380471380471,1.92245689215386,2.5404525923778,0.0153186270526719,0.0351867427514752,0.00429003548740871,"SMAD3/RBBP7/JAK2/HDAC2/SIRT1/ADAMTSL2/PPARA/PPARG/PEG10/PARP1/ENG/TGFB1/GDF15/CIDEA",14
"GO:0007626","locomotory behavior","6/462","82/18842",0.0731707317073171,2.98416217928413,2.85474870991044,0.0153842060479208,0.0352851543640981,0.00430203402087647,"APOE/CASP3/PTEN/ATP1A2/MTOR/EGR1",6
"GO:0043537","negative regulation of blood vessel endothelial cell migration","6/462","82/18842",0.0731707317073171,2.98416217928413,2.85474870991044,0.0153842060479208,0.0352851543640981,0.00430203402087647,"TNF/PPARG/APOE/TGFB1/HMGB1/KLF4",6
"GO:0097061","dendritic spine organization","6/462","82/18842",0.0731707317073171,2.98416217928413,2.85474870991044,0.0153842060479208,0.0352851543640981,0.00430203402087647,"SMAD3/IGF1R/APOE/PTEN/INS/INSR",6
"GO:0045861","negative regulation of proteolysis","5/462","60/18842",0.0833333333333333,3.39862914862915,2.95031252596795,0.0156925799777831,0.0359747180583743,0.00438610695539524,"NR1H3/IL10/NR1H2/SERPINE1/AKT1",5
"GO:0060537","muscle tissue development","14/462","298/18842",0.0469798657718121,1.91600569452918,2.52699745958163,0.0157275949380813,0.0360372450943437,0.00439373037212142,"NRG1/PIM1/PPARA/GJA1/ENG/TGFB1/CTNNB1/YAP1/PDGFRB/VEGFA/IGF2/IGF1/S100B/RBP4",14
"GO:0001569","branching involved in blood vessel morphogenesis","3/462","22/18842",0.136363636363636,5.56139315230224,3.39390159661886,0.0159525446181709,0.0364271935959802,0.00444127364494147,"ENG/CTNNB1/VEGFA",3
"GO:0006907","pinocytosis","3/462","22/18842",0.136363636363636,5.56139315230224,3.39390159661886,0.0159525446181709,0.0364271935959802,0.00444127364494147,"NR1H3/AHSG/NR1H2",3
"GO:0008228","opsonization","3/462","22/18842",0.136363636363636,5.56139315230224,3.39390159661886,0.0159525446181709,0.0364271935959802,0.00444127364494147,"CFB/C3/CRP",3
"GO:0015732","prostaglandin transport","3/462","22/18842",0.136363636363636,5.56139315230224,3.39390159661886,0.0159525446181709,0.0364271935959802,0.00444127364494147,"SLC22A11/NOS2/IL1B",3
"GO:0032469","endoplasmic reticulum calcium ion homeostasis","3/462","22/18842",0.136363636363636,5.56139315230224,3.39390159661886,0.0159525446181709,0.0364271935959802,0.00444127364494147,"BAX/BCL2/TGM2",3
"GO:0034755","iron ion transmembrane transport","3/462","22/18842",0.136363636363636,5.56139315230224,3.39390159661886,0.0159525446181709,0.0364271935959802,0.00444127364494147,"ABCC5/LCN2/SLC11A1",3
"GO:0045822","negative regulation of heart contraction","3/462","22/18842",0.136363636363636,5.56139315230224,3.39390159661886,0.0159525446181709,0.0364271935959802,0.00444127364494147,"TNF/SPX/ATP1A2",3
"GO:0090101","negative regulation of transmembrane receptor protein serine/threonine kinase signaling pathway","10/462","185/18842",0.0540540540540541,2.2045162045162,2.61022421604126,0.0161387587591869,0.0368343435209677,0.00449091414844669,"RBBP7/HDAC2/SIRT1/ADAMTSL2/PPARA/PPARG/PEG10/ENG/GDF15/CIDEA",10
"GO:0031623","receptor internalization","8/462","132/18842",0.0606060606060606,2.47173028991211,2.69016246699091,0.0161734491261896,0.036891997970394,0.0044979434900312,"LPAR1/NRG1/ITGB2/CD36/CXCR2/VEGFA/PCSK9/INSR",8
"GO:0010614","negative regulation of cardiac muscle hypertrophy","4/462","40/18842",0.1,4.07835497835498,3.08991746618495,0.016249085210939,0.036891997970394,0.0044979434900312,"SMAD3/FOXO1/PPARA/PPARG",4
"GO:0015865","purine nucleotide transport","4/462","40/18842",0.1,4.07835497835498,3.08991746618495,0.016249085210939,0.036891997970394,0.0044979434900312,"SLC25A4/SLC25A47/ABCC5/SLC25A24",4
"GO:0032743","positive regulation of interleukin-2 production","4/462","40/18842",0.1,4.07835497835498,3.08991746618495,0.016249085210939,0.036891997970394,0.0044979434900312,"CCR2/IL1A/STOML2/IL1B",4
"GO:0046006","regulation of activated T cell proliferation","4/462","40/18842",0.1,4.07835497835498,3.08991746618495,0.016249085210939,0.036891997970394,0.0044979434900312,"HMGB1/IGF2/IGF1/IGFBP2",4
"GO:0046686","response to cadmium ion","4/462","40/18842",0.1,4.07835497835498,3.08991746618495,0.016249085210939,0.036891997970394,0.0044979434900312,"CAT/TERT/SOD2/SLC11A1",4
"GO:0150146","cell junction disassembly","4/462","40/18842",0.1,4.07835497835498,3.08991746618495,0.016249085210939,0.036891997970394,0.0044979434900312,"CX3CR1/C3/IL1B/CASP3",4
"GO:1901797","negative regulation of signal transduction by p53 class mediator","4/462","40/18842",0.1,4.07835497835498,3.08991746618495,0.016249085210939,0.036891997970394,0.0044979434900312,"SIRT1/BCL2/KDM1A/MIF",4
"GO:0048041","focal adhesion assembly","6/462","83/18842",0.072289156626506,2.94820841808794,2.82013454923855,0.0162511786592092,0.036891997970394,0.0044979434900312,"SMAD3/SLC9A1/RAC1/PTK2/PTEN/VEGFA",6
"GO:0050848","regulation of calcium-mediated signaling","6/462","83/18842",0.072289156626506,2.94820841808794,2.82013454923855,0.0162511786592092,0.036891997970394,0.0044979434900312,"TNF/SLC9A1/GSK3B/PDGFRB/IGF1/ITPR1",6
"GO:0060541","respiratory system development","6/462","83/18842",0.072289156626506,2.94820841808794,2.82013454923855,0.0162511786592092,0.036891997970394,0.0044979434900312,"TNF/CEBPA/HMGCS2/VEGFA/SREBF1/RBP4",6
"GO:0048880","sensory system development","13/462","271/18842",0.0479704797047971,1.95640644718136,2.51425721188058,0.0167248688563046,0.0379488252412057,0.00462679390758379,"CYP1A1/HDAC2/WNT5A/FOS/C3/OSR2/ATF6/EFEMP1/PDGFRB/VEGFA/ATF4/RBP4/EPHA2",13
"GO:0010324","membrane invagination","5/462","61/18842",0.0819672131147541,3.34291391668441,2.90577579806598,0.0167598536490771,0.0379726903114857,0.00462970358294458,"ITGB2/RAC1/CD36/C3/ALOX15",5
"GO:0032835","glomerulus development","5/462","61/18842",0.0819672131147541,3.34291391668441,2.90577579806598,0.0167598536490771,0.0379726903114857,0.00462970358294458,"IL6R/PDGFRB/RET/PDGFB/EGR1",5
"GO:0045669","positive regulation of osteoblast differentiation","5/462","61/18842",0.0819672131147541,3.34291391668441,2.90577579806598,0.0167598536490771,0.0379726903114857,0.00462970358294458,"IL6ST/IL6/IL6R/YAP1/IGF1",5
"GO:0000280","nuclear division","18/462","422/18842",0.042654028436019,1.73958269218933,2.43611822478647,0.0168321853540004,0.0381180228639231,0.00464742280781959,"TNF/SIRT1/IL1A/PTTG1/IL1B/TGFB1/DUSP1/SPC25/PRMT5/PTEN/KIF22/PDGFRB/INS/IGF2/IGF1/BIRC5/INSR/PDGFB",18
"GO:0032204","regulation of telomere maintenance","7/462","108/18842",0.0648148148148148,2.64337822671156,2.71540340027391,0.0170536081473331,0.0386006803762679,0.00470626934189205,"MAPK3/TP53/HDAC8/PARP1/CTNNB1/MYC/KLF4",7
"GO:1902905","positive regulation of supramolecular fiber organization","9/462","160/18842",0.05625,2.29407467532468,2.60620068599554,0.0173385961282407,0.0392266781210344,0.00478259219334363,"LPAR1/SMAD3/PRKCE/RAC1/APOE/ALOX15/APOA1/CLU/HCK",9
"GO:0001909","leukocyte mediated cytotoxicity","8/462","134/18842",0.0597014925373134,2.43483879304775,2.6426645419094,0.0175539917662642,0.0396946992053066,0.00483965422589847,"CX3CR1/AP1G1/ELANE/TREM1/NOS2/TGFB1/CADM1/PVR",8
"GO:0030501","positive regulation of bone mineralization","4/462","41/18842",0.0975609756097561,3.97888290571217,3.02729744906991,0.0176662292854893,0.0398517265277316,0.00485879929966827,"SMAD3/VDR/OSR2/ALOX5",4
"GO:0031102","neuron projection regeneration","4/462","41/18842",0.0975609756097561,3.97888290571217,3.02729744906991,0.0176662292854893,0.0398517265277316,0.00485879929966827,"JAK2/SPP1/TSPO/MMP2",4
"GO:0046636","negative regulation of alpha-beta T cell activation","4/462","41/18842",0.0975609756097561,3.97888290571217,3.02729744906991,0.0176662292854893,0.0398517265277316,0.00485879929966827,"ARG2/VSIR/LGALS3/HMGB1",4
"GO:0060338","regulation of type I interferon-mediated signaling pathway","4/462","41/18842",0.0975609756097561,3.97888290571217,3.02729744906991,0.0176662292854893,0.0398517265277316,0.00485879929966827,"PTPN1/WNT5A/USP18/OAS1",4
"GO:2000378","negative regulation of reactive oxygen species metabolic process","4/462","41/18842",0.0975609756097561,3.97888290571217,3.02729744906991,0.0176662292854893,0.0398517265277316,0.00485879929966827,"PPARA/PLIN5/INS/HP",4
"GO:0031343","positive regulation of cell killing","5/462","62/18842",0.0806451612903226,3.28899595028627,2.86215588878371,0.01787423117687,0.04026241913861,0.00490887173426471,"AP1G1/MAPK8/NOS2/CADM1/PVR",5
"GO:0043627","response to estrogen","5/462","62/18842",0.0806451612903226,3.28899595028627,2.86215588878371,0.01787423117687,0.04026241913861,0.00490887173426471,"AR/ESR1/IGFBP2/BGLAP/MMP2",5
"GO:0060261","positive regulation of transcription initiation by RNA polymerase II","5/462","62/18842",0.0806451612903226,3.28899595028627,2.86215588878371,0.01787423117687,0.04026241913861,0.00490887173426471,"HNF1A/NFKB1/TP53/NFKBIA/MYC",5
"GO:0002424","T cell mediated immune response to tumor cell","3/462","23/18842",0.130434782608696,5.31959345002823,3.28631152503522,0.0180181370075865,0.0404495881906089,0.00493169174579267,"AHR/MAPK3/HMGB1",3
"GO:0010985","negative regulation of lipoprotein particle clearance","3/462","23/18842",0.130434782608696,5.31959345002823,3.28631152503522,0.0180181370075865,0.0404495881906089,0.00493169174579267,"LDLR/PCSK9/APOC1",3
"GO:0034138","toll-like receptor 3 signaling pathway","3/462","23/18842",0.130434782608696,5.31959345002823,3.28631152503522,0.0180181370075865,0.0404495881906089,0.00493169174579267,"TNF/TLR3/OAS1",3
"GO:0045191","regulation of isotype switching","3/462","23/18842",0.130434782608696,5.31959345002823,3.28631152503522,0.0180181370075865,0.0404495881906089,0.00493169174579267,"IL10/IL4/TGFB1",3
"GO:0060976","coronary vasculature development","3/462","23/18842",0.130434782608696,5.31959345002823,3.28631152503522,0.0180181370075865,0.0404495881906089,0.00493169174579267,"GPC3/PDGFRB/VEGFA",3
"GO:0110096","cellular response to aldehyde","3/462","23/18842",0.130434782608696,5.31959345002823,3.28631152503522,0.0180181370075865,0.0404495881906089,0.00493169174579267,"ALDH2/TGFB1/AKR1B10",3
"GO:1903589","positive regulation of blood vessel endothelial cell proliferation involved in sprouting angiogenesis","3/462","23/18842",0.130434782608696,5.31959345002823,3.28631152503522,0.0180181370075865,0.0404495881906089,0.00493169174579267,"AGTR1/HMOX1/VEGFA",3
"GO:0035051","cardiocyte differentiation","8/462","135/18842",0.0592592592592593,2.41680295013628,2.61923504348699,0.0182751167205679,0.0410067197354044,0.00499961829742631,"NRG1/PPARA/TGFB1/PDGFRB/VEGFA/IGF1/MTOR/EGFR",8
"GO:0060070","canonical Wnt signaling pathway","14/462","304/18842",0.0460526315789474,1.87818979266348,2.44733796212913,0.0183598366161418,0.0411769746073007,0.0050203760995195,"IGFBP1/SMAD3/GPC3/WNT5A/NFKB1/DDIT3/APOE/GSK3B/TGFB1/CTNNB1/KLF4/IGFBP2/EGR1/EGFR",14
"GO:0090090","negative regulation of canonical Wnt signaling pathway","8/462","136/18842",0.0588235294117647,2.39903234020881,2.596013532545,0.0190172201368076,0.0426308025791892,0.00519762960763877,"IGFBP1/WNT5A/DDIT3/APOE/GSK3B/CTNNB1/IGFBP2/EGR1",8
"GO:0035773","insulin secretion involved in cellular response to glucose stimulus","5/462","63/18842",0.0793650793650794,3.23678966536109,2.81941755992692,0.0190364744339928,0.042632912440919,0.00519788684604694,"RAC1/UCP2/PIM3/PPARD/NR1H4",5
"GO:0048678","response to axon injury","5/462","63/18842",0.0793650793650794,3.23678966536109,2.81941755992692,0.0190364744339928,0.042632912440919,0.00519788684604694,"JAK2/SPP1/TSPO/BNIP3/MMP2",5
"GO:0008210","estrogen metabolic process","4/462","42/18842",0.0952380952380952,3.88414759843331,2.96663018690577,0.0191580055125915,0.0427816180655281,0.00521601732238162,"CYP1A1/UGT1A1/CYP1A2/CYP3A4",4
"GO:0014741","negative regulation of muscle hypertrophy","4/462","42/18842",0.0952380952380952,3.88414759843331,2.96663018690577,0.0191580055125915,0.0427816180655281,0.00521601732238162,"SMAD3/FOXO1/PPARA/PPARG",4
"GO:0033173","calcineurin-NFAT signaling cascade","4/462","42/18842",0.0952380952380952,3.88414759843331,2.96663018690577,0.0191580055125915,0.0427816180655281,0.00521601732238162,"TNF/SLC9A1/GSK3B/IGF1",4
"GO:0042220","response to cocaine","4/462","42/18842",0.0952380952380952,3.88414759843331,2.96663018690577,0.0191580055125915,0.0427816180655281,0.00521601732238162,"SMAD3/HDAC2/DNMT3A/TGM2",4
"GO:0060675","ureteric bud morphogenesis","4/462","42/18842",0.0952380952380952,3.88414759843331,2.96663018690577,0.0191580055125915,0.0427816180655281,0.00521601732238162,"AGT/TGFB1/MYC/VEGFA",4
"GO:1900271","regulation of long-term synaptic potentiation","4/462","42/18842",0.0952380952380952,3.88414759843331,2.96663018690577,0.0191580055125915,0.0427816180655281,0.00521601732238162,"SQSTM1/APOE/GSK3B/INS",4
"GO:0009063","amino acid catabolic process","7/462","111/18842",0.0630630630630631,2.57193557193557,2.63339470736232,0.0195309957662119,0.0435518756166105,0.00530992860743371,"GPT/NOS2/GPT2/CBS/OTC/NOS3/HDC",7
"GO:0031640","killing of cells of another organism","7/462","111/18842",0.0630630630630631,2.57193557193557,2.63339470736232,0.0195309957662119,0.0435518756166105,0.00530992860743371,"ELANE/CXCL10/TREM1/CXCL1/LGALS3/CCL20/CXCL9",7
"GO:0141061","disruption of cell in another organism","7/462","111/18842",0.0630630630630631,2.57193557193557,2.63339470736232,0.0195309957662119,0.0435518756166105,0.00530992860743371,"ELANE/CXCL10/TREM1/CXCL1/LGALS3/CCL20/CXCL9",7
"GO:0007219","Notch signaling pathway","8/462","137/18842",0.0583941605839416,2.38152115524378,2.57299638482027,0.0197806043228027,0.0440873593714549,0.00537521581879734,"FBXW7/SREBF2/IL6ST/NCSTN/AKT1/NOS3/YAP1/ADAM10",8
"GO:0051492","regulation of stress fiber assembly","6/462","87/18842",0.0689655172413793,2.81265860576205,2.68668851201381,0.0200560316843615,0.0446798485753049,0.00544745324436344,"LPAR1/SMAD3/TJP1/SLC9A1/RAC1/APOA1",6
"GO:0006730","one-carbon metabolic process","3/462","24/18842",0.125,5.09794372294372,3.18482143640001,0.0202252740555104,0.0446996140426674,0.00544986308823587,"TYMS/MTHFD2/MAT2A",3
"GO:0008211","glucocorticoid metabolic process","3/462","24/18842",0.125,5.09794372294372,3.18482143640001,0.0202252740555104,0.0446996140426674,0.00544986308823587,"CBR1/HSD11B1/CYP17A1",3
"GO:0010463","mesenchymal cell proliferation","3/462","24/18842",0.125,5.09794372294372,3.18482143640001,0.0202252740555104,0.0446996140426674,0.00544986308823587,"GPC3/WNT5A/MYC",3
"GO:0010640","regulation of platelet-derived growth factor receptor signaling pathway","3/462","24/18842",0.125,5.09794372294372,3.18482143640001,0.0202252740555104,0.0446996140426674,0.00544986308823587,"APOE/IL1B/ADIPOQ",3
"GO:0014850","response to muscle activity","3/462","24/18842",0.125,5.09794372294372,3.18482143640001,0.0202252740555104,0.0446996140426674,0.00544986308823587,"ABCG8/AGT/RBP4",3
"GO:0048143","astrocyte activation","3/462","24/18842",0.125,5.09794372294372,3.18482143640001,0.0202252740555104,0.0446996140426674,0.00544986308823587,"TNF/LDLR/IL6",3
"GO:0051450","myoblast proliferation","3/462","24/18842",0.125,5.09794372294372,3.18482143640001,0.0202252740555104,0.0446996140426674,0.00544986308823587,"FOS/PPARD/IGF1",3
"GO:0060563","neuroepithelial cell differentiation","3/462","24/18842",0.125,5.09794372294372,3.18482143640001,0.0202252740555104,0.0446996140426674,0.00544986308823587,"TGFB1/CTNNB1/SERPINE1",3
"GO:0061384","heart trabecula morphogenesis","3/462","24/18842",0.125,5.09794372294372,3.18482143640001,0.0202252740555104,0.0446996140426674,0.00544986308823587,"NRG1/ENG/RBP4",3
"GO:0061687","detoxification of inorganic compound","3/462","24/18842",0.125,5.09794372294372,3.18482143640001,0.0202252740555104,0.0446996140426674,0.00544986308823587,"ABCG2/CAT/SLC11A1",3
"GO:0072677","eosinophil migration","3/462","24/18842",0.125,5.09794372294372,3.18482143640001,0.0202252740555104,0.0446996140426674,0.00544986308823587,"CCL2/LGALS3/CCL5",3
"GO:1900037","regulation of cellular response to hypoxia","3/462","24/18842",0.125,5.09794372294372,3.18482143640001,0.0202252740555104,0.0446996140426674,0.00544986308823587,"DNMT3A/NOL3/NFE2L2",3
"GO:1903523","negative regulation of blood circulation","3/462","24/18842",0.125,5.09794372294372,3.18482143640001,0.0202252740555104,0.0446996140426674,0.00544986308823587,"TNF/SPX/ATP1A2",3
"GO:1904753","negative regulation of vascular associated smooth muscle cell migration","3/462","24/18842",0.125,5.09794372294372,3.18482143640001,0.0202252740555104,0.0446996140426674,0.00544986308823587,"PTPN1/ADIPOQ/NFE2L2",3
"GO:0010812","negative regulation of cell-substrate adhesion","5/462","64/18842",0.078125,3.18621482683983,2.77752747747943,0.0202473122886567,0.0446996140426674,0.00544986308823587,"PTPN1/CDKN2A/PTEN/SERPINE1/SPRY4",5
"GO:0032623","interleukin-2 production","5/462","64/18842",0.078125,3.18621482683983,2.77752747747943,0.0202473122886567,0.0446996140426674,0.00544986308823587,"CCR2/IL1A/STOML2/IL1B/NR1H4",5
"GO:0032663","regulation of interleukin-2 production","5/462","64/18842",0.078125,3.18621482683983,2.77752747747943,0.0202473122886567,0.0446996140426674,0.00544986308823587,"CCR2/IL1A/STOML2/IL1B/NR1H4",5
"GO:0045058","T cell selection","5/462","64/18842",0.078125,3.18621482683983,2.77752747747943,0.0202473122886567,0.0446996140426674,0.00544986308823587,"IL6ST/IL6/IL6R/JAK1/MTOR",5
"GO:1902808","positive regulation of cell cycle G1/S phase transition","5/462","64/18842",0.078125,3.18621482683983,2.77752747747943,0.0202473122886567,0.0446996140426674,0.00544986308823587,"CYP1A1/PIM1/AKT1/TERT/EGFR",5
"GO:0030178","negative regulation of Wnt signaling pathway","9/462","165/18842",0.0545454545454545,2.2245572609209,2.50476922997569,0.0207329644235351,0.0457500864246348,0.00557793870549356,"RACK1/IGFBP1/WNT5A/DDIT3/APOE/GSK3B/CTNNB1/IGFBP2/EGR1",9
"GO:0072657","protein localization to membrane","18/462","432/18842",0.0416666666666667,1.69931457431457,2.33124419431987,0.0207614469435218,0.0457912349450674,0.00558295561240527,"RACK1/TNF/AR/ITGB2/PRKCE/GPC3/SQSTM1/SESN2/APOE/CDH1/TGFB1/LGALS3/AKT1/KRT18/INS/ADAM10/EGFR/EPHA2",18
"GO:0045619","regulation of lymphocyte differentiation","10/462","193/18842",0.0518134715025907,2.11313729448444,2.46433543940919,0.0210121810856402,0.046322308302434,0.00564770509960878,"PCK1/IL10/TLR9/CCR2/IL4/NLRP3/VSIR/TGFB1/CDKN2A/HMGB1",10
"GO:0002820","negative regulation of adaptive immune response","5/462","65/18842",0.0769230769230769,3.13719613719614,2.73645408044052,0.0215074399748312,0.0473692717704891,0.00577535290331998,"AHR/MAPK3/IL6ST/ALOX15/IL1RL1",5
"GO:2000134","negative regulation of G1/S transition of mitotic cell cycle","5/462","65/18842",0.0769230769230769,3.13719613719614,2.73645408044052,0.0215074399748312,0.0473692717704891,0.00577535290331998,"CCL2/TP53/PTEN/CDKN1A/KLF4",5
"GO:0044772","mitotic cell cycle phase transition","18/462","434/18842",0.0414746543778802,1.6914836315758,2.3105941802943,0.0216255369488454,0.0476068558079547,0.00580431960703473,"CYP1A1/CCL2/PIM1/TP53/KLF11/TGFB1/DUSP1/CDKN2A/SPC25/PTEN/CDKN1A/AKT1/TERT/MYC/KLF4/BIRC5/CDC25B/EGFR",18
"GO:0001910","regulation of leukocyte mediated cytotoxicity","6/462","89/18842",0.0674157303370786,2.74945279439661,2.62278121165429,0.0221680394045453,0.0487550266733883,0.00594430681167908,"CX3CR1/AP1G1/NOS2/TGFB1/CADM1/PVR",6
"GO:0010507","negative regulation of autophagy","6/462","89/18842",0.0674157303370786,2.74945279439661,2.62278121165429,0.0221680394045453,0.0487550266733883,0.00594430681167908,"IL10/BCL2/LEPR/TSPO/AKT1/MTOR",6
"GO:0060038","cardiac muscle cell proliferation","4/462","44/18842",0.0909090909090909,3.70759543486816,2.85071957452363,0.0223692904567076,0.0491048639162804,0.00598695964253145,"NRG1/PIM1/YAP1/RBP4",4
"GO:0061005","cell differentiation involved in kidney development","4/462","44/18842",0.0909090909090909,3.70759543486816,2.85071957452363,0.0223692904567076,0.0491048639162804,0.00598695964253145,"MMP9/CTNNB1/LIF/PDGFB",4
"GO:0072528","pyrimidine-containing compound biosynthetic process","4/462","44/18842",0.0909090909090909,3.70759543486816,2.85071957452363,0.0223692904567076,0.0491048639162804,0.00598695964253145,"TYMS/CPS1/MTOR/DHODH",4
"GO:1903307","positive regulation of regulated secretory pathway","4/462","44/18842",0.0909090909090909,3.70759543486816,2.85071957452363,0.0223692904567076,0.0491048639162804,0.00598695964253145,"ITGB2/AP1G1/SYT7/RAB27A",4
"GO:0003299","muscle hypertrophy in response to stress","3/462","25/18842",0.12,4.89402597402597,3.08882899196898,0.022574330320566,0.0492300149754358,0.00600221830085216,"SMAD3/FOXO1/PPARG",3
"GO:0008209","androgen metabolic process","3/462","25/18842",0.12,4.89402597402597,3.08882899196898,0.022574330320566,0.0492300149754358,0.00600221830085216,"SPP1/CYP3A4/CYP17A1",3
"GO:0014887","cardiac muscle adaptation","3/462","25/18842",0.12,4.89402597402597,3.08882899196898,0.022574330320566,0.0492300149754358,0.00600221830085216,"SMAD3/FOXO1/PPARG",3
"GO:0014898","cardiac muscle hypertrophy in response to stress","3/462","25/18842",0.12,4.89402597402597,3.08882899196898,0.022574330320566,0.0492300149754358,0.00600221830085216,"SMAD3/FOXO1/PPARG",3
"GO:0016114","terpenoid biosynthetic process","3/462","25/18842",0.12,4.89402597402597,3.08882899196898,0.022574330320566,0.0492300149754358,0.00600221830085216,"CYP1A1/HMGCS2/HMGCR",3
"GO:0030808","regulation of nucleotide biosynthetic process","3/462","25/18842",0.12,4.89402597402597,3.08882899196898,0.022574330320566,0.0492300149754358,0.00600221830085216,"PPARA/IL4/PARP1",3
"GO:0035313","wound healing, spreading of epidermal cells","3/462","25/18842",0.12,4.89402597402597,3.08882899196898,0.022574330320566,0.0492300149754358,0.00600221830085216,"HBEGF/PTEN/MTOR",3
"GO:0051894","positive regulation of focal adhesion assembly","3/462","25/18842",0.12,4.89402597402597,3.08882899196898,0.022574330320566,0.0492300149754358,0.00600221830085216,"SMAD3/RAC1/VEGFA",3
"GO:0060045","positive regulation of cardiac muscle cell proliferation","3/462","25/18842",0.12,4.89402597402597,3.08882899196898,0.022574330320566,0.0492300149754358,0.00600221830085216,"NRG1/PIM1/YAP1",3
"GO:0086064","cell communication by electrical coupling involved in cardiac conduction","3/462","25/18842",0.12,4.89402597402597,3.08882899196898,0.022574330320566,0.0492300149754358,0.00600221830085216,"GJA1/ATP1A1/ATP1A2",3
"GO:0097396","response to interleukin-17","3/462","25/18842",0.12,4.89402597402597,3.08882899196898,0.022574330320566,0.0492300149754358,0.00600221830085216,"NFKB1/CXCL10/IL1B",3
"GO:0097398","cellular response to interleukin-17","3/462","25/18842",0.12,4.89402597402597,3.08882899196898,0.022574330320566,0.0492300149754358,0.00600221830085216,"NFKB1/CXCL10/IL1B",3
"GO:1900371","regulation of purine nucleotide biosynthetic process","3/462","25/18842",0.12,4.89402597402597,3.08882899196898,0.022574330320566,0.0492300149754358,0.00600221830085216,"PPARA/IL4/PARP1",3
"GO:1990542","mitochondrial transmembrane transport","3/462","25/18842",0.12,4.89402597402597,3.08882899196898,0.022574330320566,0.0492300149754358,0.00600221830085216,"CPT2/UCP2/CPT1A",3
"GO:0006469","negative regulation of protein kinase activity","5/462","66/18842",0.0757575757575758,3.08966286239013,2.69616746057198,0.022817518531608,0.0497370628666512,0.00606403855692114,"PTPN1/ADAR/AGT/CDKN2A/ADIPOQ",5
