time_ns,rec_rmsd_vs_crystal_A,rec_rmsd_vs_f0_A,lig_rmsd_vs_crystal_A,lig_rmsd_vs_f0_A,lig_internal_rmsd_A,n_contacts,n_polar,hbond_count,min_lig_prot_dist_A
0.000000000000000000e+00,2.095599412918090820e+00,0.000000000000000000e+00,4.398111343383789062e+00,0.000000000000000000e+00,9.398014799084863924e-01,4.450000000000000000e+02,5.000000000000000000e+00,3.000000000000000000e+00,1.778342845734965705e+00
5.000000000000000278e-02,2.230678558349609375e+00,1.507608771324157715e+00,4.113960266113281250e+00,5.776400566101074219e-01,9.781617695158285608e-01,4.880000000000000000e+02,4.000000000000000000e+00,4.000000000000000000e+00,1.708562003810417895e+00
1.000000000000000056e-01,2.391153335571289062e+00,1.382023096084594727e+00,3.870660781860351562e+00,6.287426352500915527e-01,9.435935858768697004e-01,4.640000000000000000e+02,4.000000000000000000e+00,4.000000000000000000e+00,1.855729810840691885e+00
1.500000000000000222e-01,2.764813423156738281e+00,1.832600831985473633e+00,3.815697431564331055e+00,6.941354274749755859e-01,8.535662863102712050e-01,4.820000000000000000e+02,5.000000000000000000e+00,5.000000000000000000e+00,1.677510169485654234e+00
2.000000000000000111e-01,2.449724197387695312e+00,1.902490258216857910e+00,3.494945526123046875e+00,1.288117885589599609e+00,9.454099488683580521e-01,4.530000000000000000e+02,4.000000000000000000e+00,3.000000000000000000e+00,1.633970057682661903e+00
2.500000000000000000e-01,2.242751359939575195e+00,1.813622951507568359e+00,3.158737421035766602e+00,1.605323553085327148e+00,7.160553572742947015e-01,4.720000000000000000e+02,6.000000000000000000e+00,3.000000000000000000e+00,1.740048325037955257e+00
3.000000000000000444e-01,2.468083143234252930e+00,1.833802580833435059e+00,2.972960948944091797e+00,1.714871406555175781e+00,5.680561336687626195e-01,4.560000000000000000e+02,6.000000000000000000e+00,4.000000000000000000e+00,1.617726018374206376e+00
3.500000000000000333e-01,2.670615673065185547e+00,1.873830437660217285e+00,3.220396995544433594e+00,1.730644702911376953e+00,5.392474407339014064e-01,4.850000000000000000e+02,7.000000000000000000e+00,4.000000000000000000e+00,1.626219966751241142e+00
4.000000000000000222e-01,2.510144233703613281e+00,1.794355988502502441e+00,3.216348171234130859e+00,1.746295094490051270e+00,5.554933417166981746e-01,4.940000000000000000e+02,1.000000000000000000e+01,5.000000000000000000e+00,1.861538546782088410e+00
4.500000000000000111e-01,2.480307340621948242e+00,1.907161474227905273e+00,3.031264305114746094e+00,2.116375446319580078e+00,7.266770112076671451e-01,4.750000000000000000e+02,5.000000000000000000e+00,4.000000000000000000e+00,1.737757751501020964e+00
5.000000000000000000e-01,2.445516824722290039e+00,1.897601008415222168e+00,3.218430280685424805e+00,1.729262590408325195e+00,8.499251625197261628e-01,4.930000000000000000e+02,5.000000000000000000e+00,3.000000000000000000e+00,1.677060470361839695e+00
5.500000000000000444e-01,2.508682250976562500e+00,1.999976873397827148e+00,3.107451915740966797e+00,1.815556406974792480e+00,4.939381226817338710e-01,4.840000000000000000e+02,5.000000000000000000e+00,3.000000000000000000e+00,1.870485966478195206e+00
6.000000000000000888e-01,2.694599628448486328e+00,2.214423179626464844e+00,3.644096374511718750e+00,1.282756328582763672e+00,6.992222560011012167e-01,4.950000000000000000e+02,7.000000000000000000e+00,5.000000000000000000e+00,1.725975097263549252e+00
6.500000000000000222e-01,2.787977218627929688e+00,2.254782438278198242e+00,3.631982564926147461e+00,1.180565834045410156e+00,8.965284977721678095e-01,4.850000000000000000e+02,5.000000000000000000e+00,4.000000000000000000e+00,1.570234059147681549e+00
7.000000000000000666e-01,2.511882543563842773e+00,1.900137662887573242e+00,3.649369239807128906e+00,1.082542061805725098e+00,7.654949326391937703e-01,4.660000000000000000e+02,6.000000000000000000e+00,4.000000000000000000e+00,1.572182447303961172e+00
7.500000000000000000e-01,2.521559715270996094e+00,2.028433799743652344e+00,3.864316701889038086e+00,1.046774625778198242e+00,8.016765209158172034e-01,4.770000000000000000e+02,5.000000000000000000e+00,4.000000000000000000e+00,1.763783579916967659e+00
8.000000000000000444e-01,2.612169981002807617e+00,2.127854108810424805e+00,3.841068983078002930e+00,1.214808940887451172e+00,8.313021347861975219e-01,4.890000000000000000e+02,4.000000000000000000e+00,3.000000000000000000e+00,1.616774133819183223e+00
8.500000000000000888e-01,2.671502828598022461e+00,2.267053604125976562e+00,4.123472690582275391e+00,1.146090388298034668e+00,7.635114976063038794e-01,4.970000000000000000e+02,5.000000000000000000e+00,5.000000000000000000e+00,1.684909354692324390e+00
9.000000000000000222e-01,2.579126596450805664e+00,2.372096061706542969e+00,4.136473178863525391e+00,1.600288867950439453e+00,8.097273125789079540e-01,5.070000000000000000e+02,5.000000000000000000e+00,4.000000000000000000e+00,1.785733253105786567e+00
9.500000000000000666e-01,2.526044845581054688e+00,2.163028717041015625e+00,4.001782417297363281e+00,1.307640075683593750e+00,8.112467690757068084e-01,4.810000000000000000e+02,4.000000000000000000e+00,4.000000000000000000e+00,1.723309173582831644e+00
1.000000000000000000e+00,2.350989341735839844e+00,2.095593929290771484e+00,4.168462753295898438e+00,1.361801385879516602e+00,7.986579117769698755e-01,4.880000000000000000e+02,4.000000000000000000e+00,3.000000000000000000e+00,1.842002598108776645e+00
1.050000000000000044e+00,2.416697025299072266e+00,2.149329662322998047e+00,3.777749776840209961e+00,1.447637677192687988e+00,8.172157972899367628e-01,4.630000000000000000e+02,5.000000000000000000e+00,3.000000000000000000e+00,1.814231511289471355e+00
1.100000000000000089e+00,2.313788414001464844e+00,2.036072969436645508e+00,3.893604278564453125e+00,1.081406354904174805e+00,8.721758010482798529e-01,4.900000000000000000e+02,4.000000000000000000e+00,4.000000000000000000e+00,1.859233590977214190e+00
1.150000000000000133e+00,2.458019971847534180e+00,2.254304647445678711e+00,3.772031068801879883e+00,1.117755055427551270e+00,8.214898580475658019e-01,5.100000000000000000e+02,6.000000000000000000e+00,5.000000000000000000e+00,1.733109281295783788e+00
1.200000000000000178e+00,2.346252441406250000e+00,2.123725175857543945e+00,4.035161972045898438e+00,9.960857629776000977e-01,7.238263219714059504e-01,5.080000000000000000e+02,7.000000000000000000e+00,5.000000000000000000e+00,1.721745064938712932e+00
1.250000000000000000e+00,2.426204681396484375e+00,2.177948236465454102e+00,4.361278533935546875e+00,1.324915409088134766e+00,8.116779914800603679e-01,4.660000000000000000e+02,6.000000000000000000e+00,5.000000000000000000e+00,1.611420329494255510e+00
1.300000000000000044e+00,2.399473905563354492e+00,2.106244087219238281e+00,3.933891773223876953e+00,1.175395727157592773e+00,9.169114758756120587e-01,4.820000000000000000e+02,4.000000000000000000e+00,3.000000000000000000e+00,1.819087127979857499e+00
1.350000000000000089e+00,2.259806156158447266e+00,2.092335939407348633e+00,3.269905805587768555e+00,1.967315673828125000e+00,8.108910762626551083e-01,5.020000000000000000e+02,4.000000000000000000e+00,1.000000000000000000e+00,1.782179949368225103e+00
1.400000000000000133e+00,2.363201141357421875e+00,2.150539875030517578e+00,3.713027954101562500e+00,1.740594863891601562e+00,8.018252721981138365e-01,4.890000000000000000e+02,5.000000000000000000e+00,3.000000000000000000e+00,1.960668030196962786e+00
1.450000000000000178e+00,2.379774332046508789e+00,2.037127494812011719e+00,3.845377922058105469e+00,1.554654598236083984e+00,6.256513962936942619e-01,4.830000000000000000e+02,7.000000000000000000e+00,6.000000000000000000e+00,1.835709346251013008e+00
1.500000000000000000e+00,2.332458734512329102e+00,2.094086170196533203e+00,3.594386339187622070e+00,1.241297960281372070e+00,6.862801098255427723e-01,5.170000000000000000e+02,7.000000000000000000e+00,6.000000000000000000e+00,1.688345910125922389e+00
1.550000000000000044e+00,2.463569879531860352e+00,2.137118339538574219e+00,3.820771694183349609e+00,1.474298954010009766e+00,7.441159363009892669e-01,4.930000000000000000e+02,6.000000000000000000e+00,5.000000000000000000e+00,1.677997675990772652e+00
1.600000000000000089e+00,2.500730514526367188e+00,2.158612728118896484e+00,4.157328128814697266e+00,1.256601333618164062e+00,7.627428711037685938e-01,5.190000000000000000e+02,4.000000000000000000e+00,4.000000000000000000e+00,1.644530592795717894e+00
1.650000000000000133e+00,2.538267612457275391e+00,2.211154937744140625e+00,3.681356668472290039e+00,1.583315372467041016e+00,8.005051961270919225e-01,4.940000000000000000e+02,5.000000000000000000e+00,4.000000000000000000e+00,1.793323098683607508e+00
1.700000000000000178e+00,2.366980552673339844e+00,2.201250553131103516e+00,4.181354522705078125e+00,1.019372224807739258e+00,7.669977838193895447e-01,5.160000000000000000e+02,4.000000000000000000e+00,4.000000000000000000e+00,1.697890183399695108e+00
1.750000000000000000e+00,2.431054830551147461e+00,2.186190843582153320e+00,3.962167501449584961e+00,1.303586244583129883e+00,7.686501019883850150e-01,5.080000000000000000e+02,6.000000000000000000e+00,5.000000000000000000e+00,1.680516322833838450e+00
1.800000000000000044e+00,2.383859157562255859e+00,2.172143697738647461e+00,3.680603742599487305e+00,1.352469682693481445e+00,7.886008760306359999e-01,5.170000000000000000e+02,5.000000000000000000e+00,3.000000000000000000e+00,1.651981877111816210e+00
1.850000000000000089e+00,2.442109107971191406e+00,2.209258556365966797e+00,4.013050556182861328e+00,1.348578691482543945e+00,7.406006376729117324e-01,5.090000000000000000e+02,7.000000000000000000e+00,5.000000000000000000e+00,1.739843481886859777e+00
1.900000000000000133e+00,2.322564601898193359e+00,2.047761201858520508e+00,3.472719669342041016e+00,1.630827188491821289e+00,8.615713693504625237e-01,4.980000000000000000e+02,5.000000000000000000e+00,3.000000000000000000e+00,1.855764381074478830e+00
1.950000000000000178e+00,2.503855705261230469e+00,2.161902189254760742e+00,3.638465642929077148e+00,1.740764856338500977e+00,8.777868524794023575e-01,5.280000000000000000e+02,4.000000000000000000e+00,4.000000000000000000e+00,1.730551700354883149e+00
2.000000000000000000e+00,2.498771190643310547e+00,2.374059438705444336e+00,3.838591814041137695e+00,1.666349768638610840e+00,7.202402366855762406e-01,4.970000000000000000e+02,5.000000000000000000e+00,4.000000000000000000e+00,1.808928093328927345e+00
2.050000000000000266e+00,2.433574199676513672e+00,2.141076803207397461e+00,3.767052173614501953e+00,1.893224716186523438e+00,8.316395816184923850e-01,4.970000000000000000e+02,6.000000000000000000e+00,5.000000000000000000e+00,1.752240739371742295e+00
2.100000000000000089e+00,2.453035354614257812e+00,2.305075645446777344e+00,3.722535610198974609e+00,2.003849983215332031e+00,8.039460186619834525e-01,5.300000000000000000e+02,5.000000000000000000e+00,4.000000000000000000e+00,1.664902323923051153e+00
2.149999999999999911e+00,2.289587020874023438e+00,2.277381896972656250e+00,3.915897846221923828e+00,1.548014760017395020e+00,5.309759098807125266e-01,5.030000000000000000e+02,4.000000000000000000e+00,3.000000000000000000e+00,1.800382062575613729e+00
2.200000000000000178e+00,2.375545024871826172e+00,2.247660636901855469e+00,3.489877700805664062e+00,2.155655622482299805e+00,4.748520265462263801e-01,5.470000000000000000e+02,7.000000000000000000e+00,3.000000000000000000e+00,1.801163700555125313e+00
2.250000000000000000e+00,2.510160923004150391e+00,2.328250646591186523e+00,3.588686943054199219e+00,1.900457859039306641e+00,7.003451762951147241e-01,5.620000000000000000e+02,4.000000000000000000e+00,4.000000000000000000e+00,1.746239185204952804e+00
2.300000000000000266e+00,2.387688159942626953e+00,2.146841049194335938e+00,3.518241643905639648e+00,1.919799089431762695e+00,5.532066174149067317e-01,5.260000000000000000e+02,6.000000000000000000e+00,4.000000000000000000e+00,1.786847315643098399e+00
2.350000000000000089e+00,2.391183614730834961e+00,2.361649036407470703e+00,3.532594442367553711e+00,1.894749522209167480e+00,8.348804651550357780e-01,4.840000000000000000e+02,4.000000000000000000e+00,4.000000000000000000e+00,1.640956709933379720e+00
2.400000000000000355e+00,2.437163591384887695e+00,2.305078744888305664e+00,3.717247009277343750e+00,2.262990474700927734e+00,7.464884828166307162e-01,5.190000000000000000e+02,4.000000000000000000e+00,4.000000000000000000e+00,1.665030247850852962e+00
2.450000000000000178e+00,2.372638463973999023e+00,2.294899463653564453e+00,3.543474435806274414e+00,2.019970417022705078e+00,8.041077466884272162e-01,5.130000000000000000e+02,4.000000000000000000e+00,4.000000000000000000e+00,1.599554937489573669e+00
2.500000000000000000e+00,2.538331747055053711e+00,2.294028759002685547e+00,3.850868940353393555e+00,2.208926439285278320e+00,9.059443496684878028e-01,5.120000000000000000e+02,4.000000000000000000e+00,3.000000000000000000e+00,1.737076497300751088e+00
2.550000000000000266e+00,2.392633914947509766e+00,2.177463293075561523e+00,4.222428321838378906e+00,1.877896308898925781e+00,6.256225024094188569e-01,4.970000000000000000e+02,5.000000000000000000e+00,5.000000000000000000e+00,1.850366679411208803e+00
2.600000000000000089e+00,2.487643241882324219e+00,2.138801574707031250e+00,3.793282270431518555e+00,1.426551580429077148e+00,4.814032492860632062e-01,5.370000000000000000e+02,7.000000000000000000e+00,4.000000000000000000e+00,1.716887193302389703e+00
2.650000000000000355e+00,2.460355281829833984e+00,2.065714359283447266e+00,3.795014381408691406e+00,1.357205510139465332e+00,5.354117801547298994e-01,5.040000000000000000e+02,4.000000000000000000e+00,4.000000000000000000e+00,1.729878909350328620e+00
2.700000000000000178e+00,2.526769161224365234e+00,2.194317817687988281e+00,3.499673604965209961e+00,2.091613769531250000e+00,5.285763450879583658e-01,5.150000000000000000e+02,5.000000000000000000e+00,4.000000000000000000e+00,1.687621015564513716e+00
2.750000000000000000e+00,2.661235809326171875e+00,2.166913032531738281e+00,3.596870422363281250e+00,1.740545511245727539e+00,4.992399076752785381e-01,5.100000000000000000e+02,5.000000000000000000e+00,3.000000000000000000e+00,1.801655488595289345e+00
2.800000000000000266e+00,2.519949436187744141e+00,2.142025470733642578e+00,3.397958517074584961e+00,1.865208864212036133e+00,5.195442360072130006e-01,5.600000000000000000e+02,8.000000000000000000e+00,5.000000000000000000e+00,1.801393917841634940e+00
2.850000000000000089e+00,2.452262163162231445e+00,2.045977354049682617e+00,3.592750787734985352e+00,1.431297779083251953e+00,5.205959704854101755e-01,5.550000000000000000e+02,5.000000000000000000e+00,4.000000000000000000e+00,1.739960365981288115e+00
2.900000000000000355e+00,2.448158502578735352e+00,2.150518178939819336e+00,3.580020427703857422e+00,1.681980967521667480e+00,8.361401243333287381e-01,5.120000000000000000e+02,6.000000000000000000e+00,3.000000000000000000e+00,1.772601111011668618e+00
2.950000000000000178e+00,2.575461864471435547e+00,2.078138351440429688e+00,3.456241607666015625e+00,1.670739889144897461e+00,6.788313934208679568e-01,5.130000000000000000e+02,5.000000000000000000e+00,3.000000000000000000e+00,1.789641181217591637e+00
3.000000000000000000e+00,2.473617076873779297e+00,2.116528034210205078e+00,3.750412702560424805e+00,1.611659288406372070e+00,8.209277152102333330e-01,4.730000000000000000e+02,5.000000000000000000e+00,3.000000000000000000e+00,1.884635553747698200e+00
3.050000000000000266e+00,2.566560268402099609e+00,2.164901494979858398e+00,3.664625167846679688e+00,1.352952957153320312e+00,8.425021383124160490e-01,4.890000000000000000e+02,5.000000000000000000e+00,4.000000000000000000e+00,1.997229433009138022e+00
3.100000000000000089e+00,2.548022270202636719e+00,2.161405563354492188e+00,3.716612100601196289e+00,1.199811935424804688e+00,7.656768213874348694e-01,4.850000000000000000e+02,5.000000000000000000e+00,3.000000000000000000e+00,1.806566362838421202e+00
3.150000000000000355e+00,2.517486810684204102e+00,2.119908809661865234e+00,3.592438936233520508e+00,1.444626331329345703e+00,8.567012496520943765e-01,4.940000000000000000e+02,4.000000000000000000e+00,3.000000000000000000e+00,1.983591290476393265e+00
3.200000000000000178e+00,2.496317386627197266e+00,2.135464668273925781e+00,3.947779893875122070e+00,1.383326768875122070e+00,8.801271347505621456e-01,5.130000000000000000e+02,6.000000000000000000e+00,5.000000000000000000e+00,1.768354569013351085e+00
3.250000000000000000e+00,2.542503833770751953e+00,2.090215444564819336e+00,3.644950628280639648e+00,1.540860652923583984e+00,9.346003339006446753e-01,4.880000000000000000e+02,5.000000000000000000e+00,4.000000000000000000e+00,1.982231614642941731e+00
3.300000000000000266e+00,2.472321033477783203e+00,2.170030832290649414e+00,3.856457710266113281e+00,1.362196445465087891e+00,8.962457742785034931e-01,4.910000000000000000e+02,4.000000000000000000e+00,3.000000000000000000e+00,1.915782107218705121e+00
3.350000000000000089e+00,2.560493707656860352e+00,2.123559474945068359e+00,3.680296421051025391e+00,1.315227627754211426e+00,8.137068585797818665e-01,4.900000000000000000e+02,4.000000000000000000e+00,3.000000000000000000e+00,1.761678359095878665e+00
3.400000000000000355e+00,2.660953521728515625e+00,2.219016790390014648e+00,3.927118301391601562e+00,1.143407344818115234e+00,7.346351530147972042e-01,4.940000000000000000e+02,7.000000000000000000e+00,6.000000000000000000e+00,1.598340477094742917e+00
3.450000000000000178e+00,2.605136394500732422e+00,2.241394758224487305e+00,3.973410606384277344e+00,1.092492699623107910e+00,7.600181946851537473e-01,5.190000000000000000e+02,7.000000000000000000e+00,5.000000000000000000e+00,1.692375591141601632e+00
3.500000000000000000e+00,2.482493877410888672e+00,2.153160572052001953e+00,4.065389156341552734e+00,1.131040930747985840e+00,8.577726139996408872e-01,4.960000000000000000e+02,4.000000000000000000e+00,4.000000000000000000e+00,1.846970749849343285e+00
3.550000000000000266e+00,2.612958908081054688e+00,2.134807348251342773e+00,4.027943611145019531e+00,1.124241352081298828e+00,9.560906458067095492e-01,5.180000000000000000e+02,5.000000000000000000e+00,5.000000000000000000e+00,1.676966868302992797e+00
3.600000000000000089e+00,2.700480222702026367e+00,2.328313350677490234e+00,4.200487613677978516e+00,1.146747350692749023e+00,8.892287663513793738e-01,4.980000000000000000e+02,4.000000000000000000e+00,4.000000000000000000e+00,1.468812904845234968e+00
3.650000000000000355e+00,2.622391223907470703e+00,2.163700819015502930e+00,4.103917121887207031e+00,1.008481621742248535e+00,7.202325869338577213e-01,5.020000000000000000e+02,6.000000000000000000e+00,4.000000000000000000e+00,1.581116169832581519e+00
3.700000000000000178e+00,2.663422107696533203e+00,2.214169740676879883e+00,4.391476631164550781e+00,1.029749631881713867e+00,8.269238436251231672e-01,5.390000000000000000e+02,7.000000000000000000e+00,5.000000000000000000e+00,1.754043001890756015e+00
3.750000000000000000e+00,2.718851566314697266e+00,2.280206203460693359e+00,4.488658905029296875e+00,1.022145628929138184e+00,8.134847660453596863e-01,4.930000000000000000e+02,7.000000000000000000e+00,5.000000000000000000e+00,1.687814480389562721e+00
3.800000000000000266e+00,2.721535921096801758e+00,2.187107801437377930e+00,4.303678512573242188e+00,7.776388525962829590e-01,6.897471386987825692e-01,5.000000000000000000e+02,7.000000000000000000e+00,5.000000000000000000e+00,1.683472186476338228e+00
3.850000000000000089e+00,2.701752424240112305e+00,2.191869974136352539e+00,4.085808277130126953e+00,1.056002855300903320e+00,8.789305520863365251e-01,4.840000000000000000e+02,5.000000000000000000e+00,4.000000000000000000e+00,1.809002490566971044e+00
3.900000000000000355e+00,2.687065839767456055e+00,2.221156597137451172e+00,4.317450046539306641e+00,1.016314983367919922e+00,8.264363950005760850e-01,5.160000000000000000e+02,6.000000000000000000e+00,5.000000000000000000e+00,1.590851631400294508e+00
3.950000000000000178e+00,2.762011528015136719e+00,2.192880153656005859e+00,4.093428611755371094e+00,1.094617724418640137e+00,7.376251776907820634e-01,5.140000000000000000e+02,7.000000000000000000e+00,5.000000000000000000e+00,1.755961987270319824e+00
4.000000000000000000e+00,2.774975538253784180e+00,2.287021636962890625e+00,4.449007511138916016e+00,8.234552145004272461e-01,7.350137262029793339e-01,4.950000000000000000e+02,7.000000000000000000e+00,6.000000000000000000e+00,1.706911664172740206e+00
4.049999999999999822e+00,2.743458509445190430e+00,2.265941143035888672e+00,4.194753646850585938e+00,1.154209852218627930e+00,8.508797063937925120e-01,5.070000000000000000e+02,6.000000000000000000e+00,4.000000000000000000e+00,1.757298711583287876e+00
4.100000000000000533e+00,2.625033855438232422e+00,2.170781612396240234e+00,4.092433929443359375e+00,1.091251492500305176e+00,8.357004615815197823e-01,5.030000000000000000e+02,6.000000000000000000e+00,5.000000000000000000e+00,1.778358767996165435e+00
4.150000000000000355e+00,2.666779994964599609e+00,2.224369764328002930e+00,4.029151439666748047e+00,1.167114019393920898e+00,8.038964270670173606e-01,4.980000000000000000e+02,6.000000000000000000e+00,4.000000000000000000e+00,1.689780649923414924e+00
4.200000000000000178e+00,2.669489622116088867e+00,2.224656581878662109e+00,4.201516628265380859e+00,1.083750009536743164e+00,8.117018341246016178e-01,4.880000000000000000e+02,7.000000000000000000e+00,6.000000000000000000e+00,1.669015692449642430e+00
4.250000000000000000e+00,2.648260354995727539e+00,2.166563510894775391e+00,4.351842403411865234e+00,1.491063594818115234e+00,6.489349486454821792e-01,4.980000000000000000e+02,6.000000000000000000e+00,5.000000000000000000e+00,1.620176119920951230e+00
4.299999999999999822e+00,2.763827085494995117e+00,2.343549728393554688e+00,4.230981826782226562e+00,1.684262752532958984e+00,6.806995792591895578e-01,5.000000000000000000e+02,6.000000000000000000e+00,6.000000000000000000e+00,1.867519686046268168e+00
4.350000000000000533e+00,2.550658941268920898e+00,2.209878683090209961e+00,4.306676864624023438e+00,1.681208610534667969e+00,8.144426416742280850e-01,4.610000000000000000e+02,6.000000000000000000e+00,6.000000000000000000e+00,1.630062373474449267e+00
4.400000000000000355e+00,2.765960454940795898e+00,2.294200897216796875e+00,4.311203956604003906e+00,1.609558582305908203e+00,8.392159520864694855e-01,5.150000000000000000e+02,6.000000000000000000e+00,6.000000000000000000e+00,1.593960608578820715e+00
4.450000000000000178e+00,2.824167251586914062e+00,2.352221965789794922e+00,4.443609237670898438e+00,1.462975740432739258e+00,8.543770143714302101e-01,4.760000000000000000e+02,5.000000000000000000e+00,5.000000000000000000e+00,1.687643308693872468e+00
4.500000000000000000e+00,2.629933595657348633e+00,2.184630393981933594e+00,4.119805335998535156e+00,1.675483107566833496e+00,7.516955881498608161e-01,4.890000000000000000e+02,6.000000000000000000e+00,4.000000000000000000e+00,1.718361723450971601e+00
4.549999999999999822e+00,2.519380092620849609e+00,2.178088665008544922e+00,4.444249153137207031e+00,1.259529352188110352e+00,6.985466683175627356e-01,5.100000000000000000e+02,6.000000000000000000e+00,6.000000000000000000e+00,1.724643122216309665e+00
4.600000000000000533e+00,2.552009582519531250e+00,2.157353162765502930e+00,3.893860578536987305e+00,1.746667385101318359e+00,6.625197268170691656e-01,4.640000000000000000e+02,5.000000000000000000e+00,4.000000000000000000e+00,1.827538107666286216e+00
4.650000000000000355e+00,2.592527866363525391e+00,2.256458759307861328e+00,4.297582626342773438e+00,1.650874853134155273e+00,8.604154439163670398e-01,5.010000000000000000e+02,7.000000000000000000e+00,5.000000000000000000e+00,1.782024709266399221e+00
4.700000000000000178e+00,2.562273025512695312e+00,2.169703483581542969e+00,3.902839660644531250e+00,2.022968292236328125e+00,1.087671456603158449e+00,4.760000000000000000e+02,6.000000000000000000e+00,5.000000000000000000e+00,1.738792536224130547e+00
4.750000000000000000e+00,2.715922594070434570e+00,2.284828424453735352e+00,4.184659957885742188e+00,1.667895078659057617e+00,1.042333431022479218e+00,4.860000000000000000e+02,6.000000000000000000e+00,5.000000000000000000e+00,1.749404727492892331e+00
4.800000000000000711e+00,2.712415695190429688e+00,2.278512001037597656e+00,4.154913902282714844e+00,1.767307758331298828e+00,1.017519620930288582e+00,5.300000000000000000e+02,7.000000000000000000e+00,6.000000000000000000e+00,1.799905998836801135e+00
4.850000000000000533e+00,2.627047300338745117e+00,2.247338771820068359e+00,3.957286357879638672e+00,2.185031890869140625e+00,1.022966395190013866e+00,4.390000000000000000e+02,6.000000000000000000e+00,6.000000000000000000e+00,1.791683098105490091e+00
4.900000000000000355e+00,2.596320152282714844e+00,2.308194875717163086e+00,4.506059169769287109e+00,1.671398401260375977e+00,1.044889435947565115e+00,4.940000000000000000e+02,6.000000000000000000e+00,5.000000000000000000e+00,1.840683239518790426e+00
4.950000000000000178e+00,2.620775699615478516e+00,2.119729995727539062e+00,3.871145486831665039e+00,2.099689006805419922e+00,1.087382986011712127e+00,4.560000000000000000e+02,4.000000000000000000e+00,4.000000000000000000e+00,1.935493781730476925e+00
5.000000000000000000e+00,2.628446102142333984e+00,2.149414062500000000e+00,4.118293762207031250e+00,1.588958024978637695e+00,1.072168780885581096e+00,4.490000000000000000e+02,5.000000000000000000e+00,4.000000000000000000e+00,1.710946661480657216e+00
5.050000000000000711e+00,2.663467168807983398e+00,2.248026132583618164e+00,4.249689579010009766e+00,1.642460346221923828e+00,1.097041439684532937e+00,5.010000000000000000e+02,6.000000000000000000e+00,4.000000000000000000e+00,1.953311586171746717e+00
5.100000000000000533e+00,2.858743667602539062e+00,2.335258722305297852e+00,3.892625570297241211e+00,1.747800230979919434e+00,1.060339348404951032e+00,4.540000000000000000e+02,5.000000000000000000e+00,3.000000000000000000e+00,1.825495677486803636e+00
5.150000000000000355e+00,2.565091848373413086e+00,2.231947898864746094e+00,3.943130016326904297e+00,1.821077346801757812e+00,1.086148026687172141e+00,4.640000000000000000e+02,3.000000000000000000e+00,3.000000000000000000e+00,1.739517774263426020e+00
5.200000000000000178e+00,2.688084840774536133e+00,2.330266952514648438e+00,4.166151046752929688e+00,1.658544063568115234e+00,1.023154767619526284e+00,4.570000000000000000e+02,4.000000000000000000e+00,4.000000000000000000e+00,1.798986725023628441e+00
5.250000000000000000e+00,2.746730089187622070e+00,2.364437341690063477e+00,4.186135292053222656e+00,1.587313890457153320e+00,1.013311650235590999e+00,4.870000000000000000e+02,6.000000000000000000e+00,5.000000000000000000e+00,1.875319865535781672e+00
5.300000000000000711e+00,2.635219097137451172e+00,2.237560510635375977e+00,3.862498283386230469e+00,1.752574920654296875e+00,1.098135278298470130e+00,4.630000000000000000e+02,4.000000000000000000e+00,3.000000000000000000e+00,1.929007622332326033e+00
5.350000000000000533e+00,2.851147174835205078e+00,2.338534832000732422e+00,4.161388874053955078e+00,1.680906772613525391e+00,1.025364063413948479e+00,4.650000000000000000e+02,6.000000000000000000e+00,4.000000000000000000e+00,1.885937785019145441e+00
5.400000000000000355e+00,2.814146518707275391e+00,2.376220226287841797e+00,4.198113918304443359e+00,1.745419383049011230e+00,1.096641323163275450e+00,4.700000000000000000e+02,5.000000000000000000e+00,4.000000000000000000e+00,1.781215343007570784e+00
5.450000000000000178e+00,2.758782863616943359e+00,2.330555677413940430e+00,4.401230335235595703e+00,1.673544526100158691e+00,1.056434784154659745e+00,4.540000000000000000e+02,4.000000000000000000e+00,3.000000000000000000e+00,1.855161836553798294e+00
5.500000000000000000e+00,2.712065219879150391e+00,2.376562595367431641e+00,4.232373714447021484e+00,1.605373740196228027e+00,1.069653267237706817e+00,5.070000000000000000e+02,5.000000000000000000e+00,4.000000000000000000e+00,1.693804864265954890e+00
5.550000000000000711e+00,2.620945215225219727e+00,2.326829671859741211e+00,4.038632392883300781e+00,1.729048728942871094e+00,1.032310267988397978e+00,4.540000000000000000e+02,3.000000000000000000e+00,3.000000000000000000e+00,1.760743685920278967e+00
5.600000000000000533e+00,2.672111749649047852e+00,2.292114496231079102e+00,4.146029472351074219e+00,1.351696372032165527e+00,7.313312854575646504e-01,4.280000000000000000e+02,5.000000000000000000e+00,4.000000000000000000e+00,1.794509815870507285e+00
5.650000000000000355e+00,2.592725753784179688e+00,2.299795389175415039e+00,3.833651304244995117e+00,1.840132713317871094e+00,7.181716397674768881e-01,4.510000000000000000e+02,4.000000000000000000e+00,3.000000000000000000e+00,1.839715020764263187e+00
5.700000000000000178e+00,2.621230602264404297e+00,2.227735042572021484e+00,3.935294628143310547e+00,2.112297296524047852e+00,8.125332952253605523e-01,4.540000000000000000e+02,3.000000000000000000e+00,3.000000000000000000e+00,1.680835202035333875e+00
5.750000000000000000e+00,2.495622634887695312e+00,2.241651058197021484e+00,3.575137853622436523e+00,2.292749643325805664e+00,7.667758973127035693e-01,4.500000000000000000e+02,5.000000000000000000e+00,5.000000000000000000e+00,1.663703046613160597e+00
5.800000000000000711e+00,2.682579517364501953e+00,2.285144090652465820e+00,3.842801094055175781e+00,2.359761476516723633e+00,8.945462217593135312e-01,4.810000000000000000e+02,7.000000000000000000e+00,6.000000000000000000e+00,1.896144950664337525e+00
5.850000000000000533e+00,2.720846891403198242e+00,2.279878139495849609e+00,3.951324462890625000e+00,2.585532426834106445e+00,9.337105461481718383e-01,4.710000000000000000e+02,4.000000000000000000e+00,4.000000000000000000e+00,1.730069510017360424e+00
5.900000000000000355e+00,2.536521911621093750e+00,2.216709136962890625e+00,3.895667552947998047e+00,2.459243297576904297e+00,8.827182876678154599e-01,4.480000000000000000e+02,4.000000000000000000e+00,3.000000000000000000e+00,1.820321583297191292e+00
5.950000000000000178e+00,2.701348304748535156e+00,2.270050287246704102e+00,4.088246345520019531e+00,2.207957744598388672e+00,1.146722618128042548e+00,4.750000000000000000e+02,5.000000000000000000e+00,4.000000000000000000e+00,1.774515218662724436e+00
6.000000000000000000e+00,2.585139274597167969e+00,2.204777717590332031e+00,4.016822814941406250e+00,1.842836737632751465e+00,1.067906056763616274e+00,4.420000000000000000e+02,5.000000000000000000e+00,4.000000000000000000e+00,1.731209794328017360e+00
6.050000000000000711e+00,2.702339172363281250e+00,2.327739715576171875e+00,3.651910781860351562e+00,2.060598850250244141e+00,1.121564697175704506e+00,4.470000000000000000e+02,6.000000000000000000e+00,5.000000000000000000e+00,1.760707978648644811e+00
6.100000000000000533e+00,2.567350387573242188e+00,2.198234081268310547e+00,4.347073554992675781e+00,1.567952752113342285e+00,1.019894011345337415e+00,4.240000000000000000e+02,4.000000000000000000e+00,4.000000000000000000e+00,1.828389306052482732e+00
6.150000000000000355e+00,2.557719707489013672e+00,2.222034215927124023e+00,4.068732738494873047e+00,1.554078102111816406e+00,1.054295162726455626e+00,4.600000000000000000e+02,5.000000000000000000e+00,4.000000000000000000e+00,1.696458800210009832e+00
6.200000000000000178e+00,2.539210557937622070e+00,2.174973726272583008e+00,3.802860260009765625e+00,1.861789107322692871e+00,1.090024961178215346e+00,4.600000000000000000e+02,5.000000000000000000e+00,5.000000000000000000e+00,1.617348084404764075e+00
6.250000000000000000e+00,2.697255373001098633e+00,2.270258188247680664e+00,4.135756969451904297e+00,1.929795026779174805e+00,1.086699573503266514e+00,4.760000000000000000e+02,6.000000000000000000e+00,6.000000000000000000e+00,1.643245693287969544e+00
6.300000000000000711e+00,2.714076042175292969e+00,2.311996459960937500e+00,3.942927122116088867e+00,1.829826951026916504e+00,1.076980238293717473e+00,4.860000000000000000e+02,5.000000000000000000e+00,5.000000000000000000e+00,1.571604646322062093e+00
6.350000000000000533e+00,2.681545019149780273e+00,2.268589019775390625e+00,4.263805389404296875e+00,1.714845418930053711e+00,1.041475769573379173e+00,4.580000000000000000e+02,5.000000000000000000e+00,5.000000000000000000e+00,1.779685643332829192e+00
6.400000000000000355e+00,2.509448289871215820e+00,2.162179708480834961e+00,3.780808925628662109e+00,2.007716417312622070e+00,1.083133822976581229e+00,4.500000000000000000e+02,4.000000000000000000e+00,4.000000000000000000e+00,1.796827135587690583e+00
6.450000000000000178e+00,2.382032871246337891e+00,2.176487684249877930e+00,3.648086786270141602e+00,1.828965663909912109e+00,1.051487056689698329e+00,4.830000000000000000e+02,6.000000000000000000e+00,6.000000000000000000e+00,1.606871944547245690e+00
6.500000000000000000e+00,2.461191177368164062e+00,2.078398466110229492e+00,3.553298711776733398e+00,1.964349746704101562e+00,1.044535417573637881e+00,4.300000000000000000e+02,4.000000000000000000e+00,3.000000000000000000e+00,1.750876838832765348e+00
6.550000000000000711e+00,2.554042577743530273e+00,2.264438152313232422e+00,4.202970981597900391e+00,1.584919810295104980e+00,7.698751866808604127e-01,5.050000000000000000e+02,4.000000000000000000e+00,4.000000000000000000e+00,1.759912167327664090e+00
6.600000000000000533e+00,2.667522192001342773e+00,2.224786758422851562e+00,4.034062385559082031e+00,1.380992889404296875e+00,7.872365098197396938e-01,4.560000000000000000e+02,5.000000000000000000e+00,4.000000000000000000e+00,1.792856737782110521e+00
6.650000000000000355e+00,2.579241991043090820e+00,2.091472625732421875e+00,3.641991376876831055e+00,1.623915553092956543e+00,6.979066466623677911e-01,4.450000000000000000e+02,4.000000000000000000e+00,3.000000000000000000e+00,1.871462509433490462e+00
6.700000000000000178e+00,2.694266080856323242e+00,2.082603216171264648e+00,4.099619865417480469e+00,1.622260928153991699e+00,1.081291820130254822e+00,4.480000000000000000e+02,7.000000000000000000e+00,5.000000000000000000e+00,1.770515767584003308e+00
6.750000000000000000e+00,2.614987373352050781e+00,2.093653678894042969e+00,4.313140392303466797e+00,1.827363014221191406e+00,1.058464411420428464e+00,4.210000000000000000e+02,4.000000000000000000e+00,3.000000000000000000e+00,1.946153361074170141e+00
6.800000000000000711e+00,2.626051902770996094e+00,2.192852735519409180e+00,4.113374710083007812e+00,1.971371173858642578e+00,1.056814026365143544e+00,4.400000000000000000e+02,5.000000000000000000e+00,4.000000000000000000e+00,1.790426943072150667e+00
6.850000000000000533e+00,2.500657081604003906e+00,2.062245368957519531e+00,4.030128955841064453e+00,1.850157022476196289e+00,7.948411858029589272e-01,4.890000000000000000e+02,7.000000000000000000e+00,5.000000000000000000e+00,1.729363120875198501e+00
6.900000000000000355e+00,2.588486909866333008e+00,2.018607616424560547e+00,4.004212379455566406e+00,1.454894781112670898e+00,8.170430157164636498e-01,4.860000000000000000e+02,5.000000000000000000e+00,4.000000000000000000e+00,1.658598057114848423e+00
6.950000000000000178e+00,2.673382997512817383e+00,2.095463752746582031e+00,3.985134124755859375e+00,1.731335878372192383e+00,7.596443598234398076e-01,4.710000000000000000e+02,5.000000000000000000e+00,3.000000000000000000e+00,1.829780241974255706e+00
7.000000000000000000e+00,2.549250602722167969e+00,2.051762342453002930e+00,4.110850334167480469e+00,1.598557233810424805e+00,8.181463515253694085e-01,4.460000000000000000e+02,4.000000000000000000e+00,4.000000000000000000e+00,1.817245474149335793e+00
7.050000000000000711e+00,2.714461326599121094e+00,2.194623231887817383e+00,3.764175891876220703e+00,1.914650678634643555e+00,1.084948341293699769e+00,4.520000000000000000e+02,4.000000000000000000e+00,4.000000000000000000e+00,1.824497911097917147e+00
7.100000000000000533e+00,2.664944648742675781e+00,2.225030422210693359e+00,3.869633913040161133e+00,1.828370332717895508e+00,1.108529998571729847e+00,4.450000000000000000e+02,4.000000000000000000e+00,3.000000000000000000e+00,1.723271665524399365e+00
7.150000000000000355e+00,2.685401678085327148e+00,2.298214197158813477e+00,3.982360839843750000e+00,1.570350170135498047e+00,1.097161385549249690e+00,4.730000000000000000e+02,4.000000000000000000e+00,4.000000000000000000e+00,1.759118055505687117e+00
7.200000000000000178e+00,2.640682697296142578e+00,2.223131418228149414e+00,3.803049087524414062e+00,1.798911213874816895e+00,1.041300930430857141e+00,4.670000000000000000e+02,5.000000000000000000e+00,3.000000000000000000e+00,1.873588517315061042e+00
7.250000000000000000e+00,2.692835330963134766e+00,2.302679061889648438e+00,4.195399761199951172e+00,1.604571819305419922e+00,8.817907975048321356e-01,4.630000000000000000e+02,4.000000000000000000e+00,4.000000000000000000e+00,1.781790675754205022e+00
7.300000000000000711e+00,2.567060232162475586e+00,2.284672498703002930e+00,3.693255186080932617e+00,1.565905570983886719e+00,6.154241664774683374e-01,4.670000000000000000e+02,5.000000000000000000e+00,3.000000000000000000e+00,1.852829723317420685e+00
7.350000000000000533e+00,2.479858875274658203e+00,2.309118747711181641e+00,3.703783750534057617e+00,1.598269462585449219e+00,8.047613090984413464e-01,4.430000000000000000e+02,3.000000000000000000e+00,3.000000000000000000e+00,1.793973367533438612e+00
7.400000000000000355e+00,2.557436466217041016e+00,2.349195480346679688e+00,3.812409639358520508e+00,1.532142281532287598e+00,7.569670452669254868e-01,4.600000000000000000e+02,4.000000000000000000e+00,3.000000000000000000e+00,1.847925605881153066e+00
7.450000000000000178e+00,2.615846395492553711e+00,2.192780017852783203e+00,4.018073558807373047e+00,1.842182874679565430e+00,1.125170396976300058e+00,4.190000000000000000e+02,5.000000000000000000e+00,4.000000000000000000e+00,1.768532864961666951e+00
7.500000000000000000e+00,2.604087591171264648e+00,2.378065109252929688e+00,4.032044887542724609e+00,2.031338691711425781e+00,1.097461336643195784e+00,4.680000000000000000e+02,5.000000000000000000e+00,4.000000000000000000e+00,1.795512903209484090e+00
7.550000000000000711e+00,2.616224288940429688e+00,2.220653295516967773e+00,3.666917324066162109e+00,2.000853538513183594e+00,1.077004398815932351e+00,4.320000000000000000e+02,6.000000000000000000e+00,4.000000000000000000e+00,1.737969895303173251e+00
7.600000000000000533e+00,2.543325424194335938e+00,2.283215761184692383e+00,3.640317916870117188e+00,2.060278177261352539e+00,1.112950766331096242e+00,4.660000000000000000e+02,6.000000000000000000e+00,5.000000000000000000e+00,1.785778119771446626e+00
7.650000000000000355e+00,2.575219869613647461e+00,2.424061298370361328e+00,3.546596050262451172e+00,1.884613156318664551e+00,1.061177537016821271e+00,4.730000000000000000e+02,4.000000000000000000e+00,3.000000000000000000e+00,1.652582315952322078e+00
7.700000000000000178e+00,2.567572593688964844e+00,2.367658376693725586e+00,4.018480777740478516e+00,1.913322687149047852e+00,1.130255971239088719e+00,4.350000000000000000e+02,6.000000000000000000e+00,4.000000000000000000e+00,1.769050115078455443e+00
7.750000000000000000e+00,2.726283550262451172e+00,2.360462903976440430e+00,4.039868354797363281e+00,1.920025825500488281e+00,1.077410406733896098e+00,4.630000000000000000e+02,5.000000000000000000e+00,4.000000000000000000e+00,1.777116978334731368e+00
7.800000000000000711e+00,2.707943677902221680e+00,2.337025165557861328e+00,4.085086822509765625e+00,1.760207295417785645e+00,1.110878334488252461e+00,4.450000000000000000e+02,5.000000000000000000e+00,4.000000000000000000e+00,1.652212094897687056e+00
7.850000000000000533e+00,2.663085937500000000e+00,2.320616006851196289e+00,3.970978498458862305e+00,1.787037611007690430e+00,1.093289281220837683e+00,4.570000000000000000e+02,5.000000000000000000e+00,4.000000000000000000e+00,1.807728644628831649e+00
7.900000000000000355e+00,2.588160276412963867e+00,2.359900951385498047e+00,3.938058614730834961e+00,1.808462619781494141e+00,1.109730313837385740e+00,4.420000000000000000e+02,5.000000000000000000e+00,4.000000000000000000e+00,1.801935616912495153e+00
7.950000000000000178e+00,2.696289062500000000e+00,2.386108875274658203e+00,4.159247398376464844e+00,1.724766492843627930e+00,1.107516435276504563e+00,4.880000000000000000e+02,5.000000000000000000e+00,4.000000000000000000e+00,1.737622233847047060e+00
8.000000000000000000e+00,2.531394958496093750e+00,2.320779323577880859e+00,3.987069368362426758e+00,1.653275251388549805e+00,1.100639928266730960e+00,4.880000000000000000e+02,5.000000000000000000e+00,4.000000000000000000e+00,1.810569996376347746e+00
8.050000000000000711e+00,2.698997497558593750e+00,2.329993009567260742e+00,4.235667705535888672e+00,1.775360703468322754e+00,1.069512328647366006e+00,4.540000000000000000e+02,5.000000000000000000e+00,4.000000000000000000e+00,1.839179614544540486e+00
8.099999999999999645e+00,2.672630786895751953e+00,2.308962106704711914e+00,3.891114234924316406e+00,1.734479904174804688e+00,1.103104477915904269e+00,4.810000000000000000e+02,5.000000000000000000e+00,4.000000000000000000e+00,1.870184746441807322e+00
8.150000000000000355e+00,2.521052122116088867e+00,2.423627853393554688e+00,3.946747779846191406e+00,1.871144652366638184e+00,1.082102116308913509e+00,4.520000000000000000e+02,5.000000000000000000e+00,4.000000000000000000e+00,1.824791188161133615e+00
8.200000000000001066e+00,2.547476053237915039e+00,2.249392509460449219e+00,3.883893489837646484e+00,1.866916656494140625e+00,1.087941235753089986e+00,4.930000000000000000e+02,5.000000000000000000e+00,4.000000000000000000e+00,1.774751257632706025e+00
8.250000000000000000e+00,2.513382911682128906e+00,2.287814378738403320e+00,3.637097358703613281e+00,2.124278306961059570e+00,1.127109242824645419e+00,5.060000000000000000e+02,6.000000000000000000e+00,4.000000000000000000e+00,1.746182358445411253e+00
8.300000000000000711e+00,2.510509252548217773e+00,2.388709783554077148e+00,3.953408718109130859e+00,1.853985309600830078e+00,1.076715696623373963e+00,4.910000000000000000e+02,5.000000000000000000e+00,4.000000000000000000e+00,1.894669941948075476e+00
8.349999999999999645e+00,2.502156734466552734e+00,2.275817394256591797e+00,3.975358486175537109e+00,1.703971743583679199e+00,1.081247617009053474e+00,4.650000000000000000e+02,4.000000000000000000e+00,3.000000000000000000e+00,1.935181589716521877e+00
8.400000000000000355e+00,2.525409460067749023e+00,2.407036066055297852e+00,4.258641242980957031e+00,2.090552091598510742e+00,1.167249577123162130e+00,4.870000000000000000e+02,6.000000000000000000e+00,4.000000000000000000e+00,1.788524456062237533e+00
8.450000000000001066e+00,2.534644126892089844e+00,2.376326799392700195e+00,3.971652507781982422e+00,1.973672986030578613e+00,1.086462998107655231e+00,5.250000000000000000e+02,6.000000000000000000e+00,5.000000000000000000e+00,1.794175524258441623e+00
8.500000000000000000e+00,2.528037548065185547e+00,2.322535276412963867e+00,4.041037559509277344e+00,1.944353342056274414e+00,1.093943679069746988e+00,4.470000000000000000e+02,6.000000000000000000e+00,4.000000000000000000e+00,1.700779170455516409e+00
8.550000000000000711e+00,2.442003965377807617e+00,2.307339906692504883e+00,4.364562034606933594e+00,2.182840347290039062e+00,1.126081109577714123e+00,4.630000000000000000e+02,5.000000000000000000e+00,5.000000000000000000e+00,1.704261259547017460e+00
8.599999999999999645e+00,2.550008773803710938e+00,2.422967910766601562e+00,4.443891525268554688e+00,1.989429593086242676e+00,1.180488739329265346e+00,4.640000000000000000e+02,6.000000000000000000e+00,6.000000000000000000e+00,1.656674165842042745e+00
8.650000000000000355e+00,2.544599771499633789e+00,2.358579397201538086e+00,4.298964500427246094e+00,1.757817983627319336e+00,8.911260691268341194e-01,4.750000000000000000e+02,7.000000000000000000e+00,4.000000000000000000e+00,1.847077579427284899e+00
8.700000000000001066e+00,2.503942966461181641e+00,2.226225852966308594e+00,4.403349876403808594e+00,1.842758893966674805e+00,7.887540642106373179e-01,4.570000000000000000e+02,5.000000000000000000e+00,5.000000000000000000e+00,1.774797184618259527e+00
8.750000000000000000e+00,2.445368528366088867e+00,2.187204837799072266e+00,4.433280944824218750e+00,1.983661651611328125e+00,7.835240672217137492e-01,4.650000000000000000e+02,4.000000000000000000e+00,3.000000000000000000e+00,1.924592253524558760e+00
8.800000000000000711e+00,2.590828180313110352e+00,2.359179496765136719e+00,4.277345657348632812e+00,1.903784394264221191e+00,8.701814592289087713e-01,4.500000000000000000e+02,5.000000000000000000e+00,3.000000000000000000e+00,1.836389549025490897e+00
8.849999999999999645e+00,2.540936470031738281e+00,2.249287605285644531e+00,4.827093124389648438e+00,2.120542764663696289e+00,9.603908936176663858e-01,4.320000000000000000e+02,6.000000000000000000e+00,5.000000000000000000e+00,1.797505685968787681e+00
8.900000000000000355e+00,2.457652807235717773e+00,2.278387784957885742e+00,4.336849212646484375e+00,2.279888868331909180e+00,8.820154179939425632e-01,4.320000000000000000e+02,5.000000000000000000e+00,4.000000000000000000e+00,1.700992794160021138e+00
8.950000000000001066e+00,2.440733671188354492e+00,2.341516733169555664e+00,4.355708122253417969e+00,1.936114907264709473e+00,9.150570540470776004e-01,4.750000000000000000e+02,6.000000000000000000e+00,5.000000000000000000e+00,1.870729913215316120e+00
9.000000000000000000e+00,2.574460506439208984e+00,2.346608161926269531e+00,4.552897453308105469e+00,2.198994874954223633e+00,9.305715594621670750e-01,4.930000000000000000e+02,7.000000000000000000e+00,5.000000000000000000e+00,1.840147075840040669e+00
9.050000000000000711e+00,2.574546337127685547e+00,2.234615087509155273e+00,4.744927406311035156e+00,2.166870355606079102e+00,1.185093941804450601e+00,4.560000000000000000e+02,6.000000000000000000e+00,4.000000000000000000e+00,1.837690665628006315e+00
9.099999999999999645e+00,2.624382019042968750e+00,2.211188793182373047e+00,4.654431819915771484e+00,2.175893306732177734e+00,1.165672276022330811e+00,4.880000000000000000e+02,6.000000000000000000e+00,5.000000000000000000e+00,1.936994837008752857e+00
9.150000000000000355e+00,2.479791879653930664e+00,2.250518321990966797e+00,4.328903198242187500e+00,1.947408199310302734e+00,8.901875016440757848e-01,4.720000000000000000e+02,5.000000000000000000e+00,3.000000000000000000e+00,1.878324247949333170e+00
9.200000000000001066e+00,2.530393362045288086e+00,2.326223373413085938e+00,4.300282478332519531e+00,2.013211727142333984e+00,9.915334886910998069e-01,4.930000000000000000e+02,7.000000000000000000e+00,3.000000000000000000e+00,1.778178225865741924e+00
9.250000000000000000e+00,2.637102603912353516e+00,2.305167436599731445e+00,4.724138736724853516e+00,2.009046316146850586e+00,1.049890428466559777e+00,4.500000000000000000e+02,5.000000000000000000e+00,4.000000000000000000e+00,1.851464468555324094e+00
9.300000000000000711e+00,2.582134723663330078e+00,2.199436426162719727e+00,4.312575817108154297e+00,1.784967899322509766e+00,8.291652092812772379e-01,4.790000000000000000e+02,6.000000000000000000e+00,3.000000000000000000e+00,1.921803384846907603e+00
9.349999999999999645e+00,2.551696538925170898e+00,2.292926311492919922e+00,4.224687576293945312e+00,1.939796447753906250e+00,8.491141450760273379e-01,4.760000000000000000e+02,6.000000000000000000e+00,5.000000000000000000e+00,1.751511404643641523e+00
9.400000000000000355e+00,2.540330648422241211e+00,2.169677734375000000e+00,4.565231800079345703e+00,2.047090291976928711e+00,9.903604713017971628e-01,4.830000000000000000e+02,7.000000000000000000e+00,5.000000000000000000e+00,1.897755994246934641e+00
9.450000000000001066e+00,2.489825010299682617e+00,2.247469186782836914e+00,4.612274646759033203e+00,1.898118019104003906e+00,8.875838210636191050e-01,4.550000000000000000e+02,6.000000000000000000e+00,5.000000000000000000e+00,1.752499749790510597e+00
9.500000000000000000e+00,2.538571119308471680e+00,2.264825820922851562e+00,4.192496299743652344e+00,1.931586861610412598e+00,1.006805580815566703e+00,4.770000000000000000e+02,6.000000000000000000e+00,5.000000000000000000e+00,1.783182339678382355e+00
9.550000000000000711e+00,2.499008655548095703e+00,2.319338321685791016e+00,4.334200859069824219e+00,1.864044666290283203e+00,1.023002244808194128e+00,4.580000000000000000e+02,6.000000000000000000e+00,5.000000000000000000e+00,1.808207519976136934e+00
9.600000000000001421e+00,2.532719373703002930e+00,2.353562831878662109e+00,4.342937946319580078e+00,1.907541751861572266e+00,9.802388828516659380e-01,4.850000000000000000e+02,5.000000000000000000e+00,4.000000000000000000e+00,1.716210149428952558e+00
9.650000000000000355e+00,2.460617542266845703e+00,2.265339136123657227e+00,4.229407310485839844e+00,2.201602935791015625e+00,1.015567115456202707e+00,4.640000000000000000e+02,6.000000000000000000e+00,4.000000000000000000e+00,1.780292980640203471e+00
9.700000000000001066e+00,2.613789081573486328e+00,2.466392278671264648e+00,4.311075210571289062e+00,2.136154413223266602e+00,1.223209932319111681e+00,4.640000000000000000e+02,5.000000000000000000e+00,4.000000000000000000e+00,1.799555050901933129e+00
9.750000000000000000e+00,2.575084686279296875e+00,2.301832675933837891e+00,4.039655685424804688e+00,1.573945522308349609e+00,9.517871290385735428e-01,4.690000000000000000e+02,5.000000000000000000e+00,3.000000000000000000e+00,1.650557881857367182e+00
9.800000000000000711e+00,2.529046058654785156e+00,2.378854274749755859e+00,4.355846881866455078e+00,2.138887643814086914e+00,1.167750434578300966e+00,4.830000000000000000e+02,6.000000000000000000e+00,5.000000000000000000e+00,1.726038280655637580e+00
9.850000000000001421e+00,2.435995817184448242e+00,2.269766569137573242e+00,4.278129100799560547e+00,1.864520192146301270e+00,9.857869835900772149e-01,4.750000000000000000e+02,6.000000000000000000e+00,4.000000000000000000e+00,1.789684418435999458e+00
9.900000000000000355e+00,2.519817352294921875e+00,2.237149953842163086e+00,4.251525402069091797e+00,1.827080726623535156e+00,1.346672961340495744e+00,4.630000000000000000e+02,6.000000000000000000e+00,6.000000000000000000e+00,1.731035997780876023e+00
9.950000000000001066e+00,2.500376224517822266e+00,2.336335659027099609e+00,4.381708145141601562e+00,2.002682209014892578e+00,1.082362422083199327e+00,4.970000000000000000e+02,5.000000000000000000e+00,5.000000000000000000e+00,1.650116175819210440e+00
1.000000000000000000e+01,2.583309173583984375e+00,2.379483938217163086e+00,4.496006011962890625e+00,2.146847248077392578e+00,1.056294684406396289e+00,4.680000000000000000e+02,7.000000000000000000e+00,5.000000000000000000e+00,1.717104202020608428e+00
1.005000000000000071e+01,2.505855560302734375e+00,2.266436576843261719e+00,4.347513198852539062e+00,1.985626220703125000e+00,9.167633250992645033e-01,4.680000000000000000e+02,5.000000000000000000e+00,3.000000000000000000e+00,1.768739623882439105e+00
1.010000000000000142e+01,2.543971538543701172e+00,2.304001808166503906e+00,4.542471885681152344e+00,1.851652622222900391e+00,1.031137656525685342e+00,4.640000000000000000e+02,5.000000000000000000e+00,4.000000000000000000e+00,1.714458089287391296e+00
1.015000000000000036e+01,2.456015586853027344e+00,2.322707414627075195e+00,4.438045024871826172e+00,2.209064006805419922e+00,1.024633030735432992e+00,4.380000000000000000e+02,5.000000000000000000e+00,3.000000000000000000e+00,1.762679468460297993e+00
1.020000000000000107e+01,2.571486473083496094e+00,2.271899223327636719e+00,4.716897964477539062e+00,1.835899829864501953e+00,1.063304099852242501e+00,4.750000000000000000e+02,6.000000000000000000e+00,5.000000000000000000e+00,1.705163591679250468e+00
1.025000000000000000e+01,2.577477693557739258e+00,2.416938781738281250e+00,4.514611721038818359e+00,2.211336612701416016e+00,1.007574446790996836e+00,4.610000000000000000e+02,6.000000000000000000e+00,4.000000000000000000e+00,1.815546923241341926e+00
1.030000000000000071e+01,2.634901762008666992e+00,2.401480674743652344e+00,4.530029296875000000e+00,2.106418132781982422e+00,1.074301711224693534e+00,4.640000000000000000e+02,6.000000000000000000e+00,5.000000000000000000e+00,1.819889481546900445e+00
1.035000000000000142e+01,2.539527416229248047e+00,2.273472309112548828e+00,4.351573467254638672e+00,2.227331638336181641e+00,9.937835911901589103e-01,4.450000000000000000e+02,5.000000000000000000e+00,5.000000000000000000e+00,1.817023631526844873e+00
1.040000000000000036e+01,2.627546310424804688e+00,2.297888040542602539e+00,4.548689365386962891e+00,2.279560565948486328e+00,1.119068920366206088e+00,4.640000000000000000e+02,6.000000000000000000e+00,5.000000000000000000e+00,1.908887988335130181e+00
1.045000000000000107e+01,2.559443950653076172e+00,2.234125852584838867e+00,4.405693531036376953e+00,1.973339915275573730e+00,1.035880520372826519e+00,5.000000000000000000e+02,7.000000000000000000e+00,5.000000000000000000e+00,1.793883836310346869e+00
1.050000000000000000e+01,2.496140718460083008e+00,2.228153467178344727e+00,4.440640926361083984e+00,2.046174764633178711e+00,1.245058202415191939e+00,4.810000000000000000e+02,6.000000000000000000e+00,5.000000000000000000e+00,1.893628976671645869e+00
1.055000000000000071e+01,2.565100669860839844e+00,2.253988265991210938e+00,4.060309886932373047e+00,2.127326011657714844e+00,9.647920122492732453e-01,4.880000000000000000e+02,6.000000000000000000e+00,5.000000000000000000e+00,1.713730373957793152e+00
1.060000000000000142e+01,2.533135890960693359e+00,2.328187942504882812e+00,4.110397338867187500e+00,2.084249496459960938e+00,1.005627817479416208e+00,4.400000000000000000e+02,5.000000000000000000e+00,3.000000000000000000e+00,1.727710780282253999e+00
1.065000000000000036e+01,2.579256057739257812e+00,2.266737937927246094e+00,4.281201839447021484e+00,2.030211925506591797e+00,9.654256625030090966e-01,4.650000000000000000e+02,6.000000000000000000e+00,5.000000000000000000e+00,1.851315509116704172e+00
1.070000000000000107e+01,2.568413734436035156e+00,2.271519184112548828e+00,4.489454746246337891e+00,1.741836309432983398e+00,1.181109775937168038e+00,5.000000000000000000e+02,7.000000000000000000e+00,5.000000000000000000e+00,1.765404175210763871e+00
1.075000000000000000e+01,2.513659238815307617e+00,2.233487844467163086e+00,4.139431953430175781e+00,2.226638555526733398e+00,1.317202235143937195e+00,4.320000000000000000e+02,3.000000000000000000e+00,3.000000000000000000e+00,1.744445914441540069e+00
1.080000000000000071e+01,2.577488422393798828e+00,2.265436172485351562e+00,4.427142143249511719e+00,1.991535544395446777e+00,1.163085790742310666e+00,4.990000000000000000e+02,5.000000000000000000e+00,4.000000000000000000e+00,1.895307950975325895e+00
1.085000000000000142e+01,2.558308601379394531e+00,2.143312931060791016e+00,4.023930072784423828e+00,1.791501164436340332e+00,1.062153667356072528e+00,4.560000000000000000e+02,4.000000000000000000e+00,4.000000000000000000e+00,1.756103416990521637e+00
1.090000000000000036e+01,2.443950176239013672e+00,2.244154453277587891e+00,3.923957347869873047e+00,1.992149114608764648e+00,1.039356701374593239e+00,4.730000000000000000e+02,6.000000000000000000e+00,4.000000000000000000e+00,1.845225867181566226e+00
1.095000000000000107e+01,2.575273990631103516e+00,2.306286811828613281e+00,4.245666027069091797e+00,1.981798648834228516e+00,1.028024650254859784e+00,4.820000000000000000e+02,7.000000000000000000e+00,5.000000000000000000e+00,1.702462108840405275e+00
1.100000000000000000e+01,2.480166912078857422e+00,2.241622924804687500e+00,4.382108688354492188e+00,2.152266025543212891e+00,1.277645450956957029e+00,4.990000000000000000e+02,6.000000000000000000e+00,5.000000000000000000e+00,1.831758444232974847e+00
1.105000000000000071e+01,2.465278625488281250e+00,2.253935337066650391e+00,4.205792427062988281e+00,2.029237985610961914e+00,1.073320559184038459e+00,4.540000000000000000e+02,7.000000000000000000e+00,5.000000000000000000e+00,1.846525345198784418e+00
1.110000000000000142e+01,2.550733089447021484e+00,2.366442918777465820e+00,4.363812923431396484e+00,1.968067765235900879e+00,1.094591210208789800e+00,4.500000000000000000e+02,6.000000000000000000e+00,5.000000000000000000e+00,1.874023949105993125e+00
1.115000000000000036e+01,2.661652326583862305e+00,2.442813396453857422e+00,4.604718208312988281e+00,2.182168483734130859e+00,1.288284205294478291e+00,4.610000000000000000e+02,7.000000000000000000e+00,5.000000000000000000e+00,1.927682829576204071e+00
1.120000000000000107e+01,2.540668010711669922e+00,2.306230545043945312e+00,4.664175510406494141e+00,2.319373130798339844e+00,9.877357305863693204e-01,4.680000000000000000e+02,6.000000000000000000e+00,5.000000000000000000e+00,1.762826187497283703e+00
1.125000000000000000e+01,2.540360450744628906e+00,2.339481830596923828e+00,3.996453762054443359e+00,2.366580486297607422e+00,1.233839946316920289e+00,4.300000000000000000e+02,5.000000000000000000e+00,4.000000000000000000e+00,1.860342195545416022e+00
1.130000000000000071e+01,2.658792734146118164e+00,2.376399993896484375e+00,4.561926841735839844e+00,2.122487545013427734e+00,1.022371248203807204e+00,4.790000000000000000e+02,7.000000000000000000e+00,5.000000000000000000e+00,1.886968133013847027e+00
1.135000000000000142e+01,2.420689105987548828e+00,2.279593229293823242e+00,4.652895450592041016e+00,2.120825767517089844e+00,1.258081625967224282e+00,4.730000000000000000e+02,8.000000000000000000e+00,5.000000000000000000e+00,1.816958649663729553e+00
1.140000000000000036e+01,2.592560768127441406e+00,2.322314739227294922e+00,4.264335155487060547e+00,2.115697383880615234e+00,1.253376308171058939e+00,5.070000000000000000e+02,7.000000000000000000e+00,5.000000000000000000e+00,1.755981495146107019e+00
1.145000000000000107e+01,2.508825778961181641e+00,2.318681001663208008e+00,4.417339324951171875e+00,2.283652544021606445e+00,1.291970832160562743e+00,4.620000000000000000e+02,7.000000000000000000e+00,5.000000000000000000e+00,1.724591867403932888e+00
1.150000000000000000e+01,2.537307500839233398e+00,2.294734239578247070e+00,4.501399993896484375e+00,2.253619194030761719e+00,1.296504683161494809e+00,4.260000000000000000e+02,6.000000000000000000e+00,5.000000000000000000e+00,1.797263774576723261e+00
1.155000000000000071e+01,2.520803451538085938e+00,2.345501184463500977e+00,4.173852920532226562e+00,2.321579694747924805e+00,1.316041832021581426e+00,4.630000000000000000e+02,4.000000000000000000e+00,4.000000000000000000e+00,1.854796939950194012e+00
1.160000000000000142e+01,2.600036859512329102e+00,2.364325523376464844e+00,4.078813076019287109e+00,2.299679040908813477e+00,1.220507480595302896e+00,4.510000000000000000e+02,6.000000000000000000e+00,5.000000000000000000e+00,1.770797630429431724e+00
1.165000000000000036e+01,2.478820800781250000e+00,2.234964132308959961e+00,4.313320636749267578e+00,2.212000608444213867e+00,1.241515431313539919e+00,4.510000000000000000e+02,6.000000000000000000e+00,5.000000000000000000e+00,1.770030870332275574e+00
1.170000000000000107e+01,2.615779638290405273e+00,2.306076526641845703e+00,4.292634963989257812e+00,1.982431173324584961e+00,1.240061958506061712e+00,4.590000000000000000e+02,6.000000000000000000e+00,4.000000000000000000e+00,1.742645077081571570e+00
1.175000000000000000e+01,2.556437015533447266e+00,2.276916503906250000e+00,4.331278324127197266e+00,2.128453493118286133e+00,1.261159205937923078e+00,4.750000000000000000e+02,6.000000000000000000e+00,5.000000000000000000e+00,1.729706672103119791e+00
1.180000000000000071e+01,2.571252822875976562e+00,2.376480579376220703e+00,4.572736740112304688e+00,2.341440677642822266e+00,1.334678258463464218e+00,4.800000000000000000e+02,5.000000000000000000e+00,4.000000000000000000e+00,1.935087492410767052e+00
1.185000000000000142e+01,2.519916534423828125e+00,2.291850328445434570e+00,4.043175220489501953e+00,2.149414539337158203e+00,1.254069055428610024e+00,4.780000000000000000e+02,5.000000000000000000e+00,4.000000000000000000e+00,1.678869357991969125e+00
1.190000000000000036e+01,2.510464191436767578e+00,2.144924879074096680e+00,4.419920921325683594e+00,2.315702676773071289e+00,1.255260112076338475e+00,4.600000000000000000e+02,5.000000000000000000e+00,3.000000000000000000e+00,1.896461845166633964e+00
1.195000000000000107e+01,2.566027879714965820e+00,2.236234188079833984e+00,4.250522136688232422e+00,2.300449609756469727e+00,1.269405681246104090e+00,4.370000000000000000e+02,5.000000000000000000e+00,5.000000000000000000e+00,1.721110684035811245e+00
1.200000000000000000e+01,2.460874557495117188e+00,2.205070734024047852e+00,4.261141300201416016e+00,2.126441001892089844e+00,1.246860814561969732e+00,4.560000000000000000e+02,5.000000000000000000e+00,4.000000000000000000e+00,1.789430184699133619e+00
1.205000000000000071e+01,2.512423753738403320e+00,2.269052982330322266e+00,4.161550521850585938e+00,1.709445595741271973e+00,1.000445924109147233e+00,4.420000000000000000e+02,7.000000000000000000e+00,4.000000000000000000e+00,1.821345107283596665e+00
1.210000000000000142e+01,2.590591430664062500e+00,2.287392616271972656e+00,4.179373741149902344e+00,1.953664302825927734e+00,9.388408040024122103e-01,4.530000000000000000e+02,6.000000000000000000e+00,4.000000000000000000e+00,1.864844109608907674e+00
1.215000000000000036e+01,2.485801219940185547e+00,2.292589664459228516e+00,3.877490758895874023e+00,2.040834188461303711e+00,1.000208237874140149e+00,4.790000000000000000e+02,7.000000000000000000e+00,5.000000000000000000e+00,1.692098787298099927e+00
1.220000000000000107e+01,2.500514030456542969e+00,2.220189809799194336e+00,4.165156364440917969e+00,1.939368009567260742e+00,1.044658047382058141e+00,4.480000000000000000e+02,5.000000000000000000e+00,4.000000000000000000e+00,1.851223482056029823e+00
1.225000000000000000e+01,2.566305160522460938e+00,2.204509973526000977e+00,3.892014503479003906e+00,2.140482425689697266e+00,9.961715865909747114e-01,4.710000000000000000e+02,5.000000000000000000e+00,4.000000000000000000e+00,1.739688733924580122e+00
1.230000000000000071e+01,2.549703598022460938e+00,2.348383426666259766e+00,4.384976863861083984e+00,2.097414255142211914e+00,1.067226981261499397e+00,5.110000000000000000e+02,6.000000000000000000e+00,5.000000000000000000e+00,1.871906987170041115e+00
1.235000000000000142e+01,2.609281063079833984e+00,2.366939544677734375e+00,4.256457328796386719e+00,2.007281064987182617e+00,1.055977492398889384e+00,5.150000000000000000e+02,6.000000000000000000e+00,5.000000000000000000e+00,1.880004722671123618e+00
1.240000000000000036e+01,2.558110237121582031e+00,2.222883939743041992e+00,4.489626407623291016e+00,2.004225015640258789e+00,1.004361548906528512e+00,4.940000000000000000e+02,7.000000000000000000e+00,5.000000000000000000e+00,1.883890646816629655e+00
1.245000000000000107e+01,2.623637199401855469e+00,2.165348291397094727e+00,4.341356277465820312e+00,1.807914376258850098e+00,9.490526547498400189e-01,4.720000000000000000e+02,6.000000000000000000e+00,4.000000000000000000e+00,1.820655006638401296e+00
1.250000000000000000e+01,2.667673587799072266e+00,2.285133123397827148e+00,4.524973869323730469e+00,1.862890958786010742e+00,9.776988272878116559e-01,4.950000000000000000e+02,6.000000000000000000e+00,5.000000000000000000e+00,1.870653374355108145e+00
1.255000000000000071e+01,2.578497886657714844e+00,2.256762981414794922e+00,4.492855548858642578e+00,1.867022037506103516e+00,1.032337089953162312e+00,4.990000000000000000e+02,6.000000000000000000e+00,4.000000000000000000e+00,1.893493988300593234e+00
1.260000000000000142e+01,2.670450210571289062e+00,2.327272176742553711e+00,4.294840812683105469e+00,2.362522840499877930e+00,9.367947275040151567e-01,4.500000000000000000e+02,6.000000000000000000e+00,4.000000000000000000e+00,1.813976433678594624e+00
1.265000000000000036e+01,2.638488054275512695e+00,2.320450544357299805e+00,4.411027431488037109e+00,1.738067269325256348e+00,1.017563181341434086e+00,4.730000000000000000e+02,6.000000000000000000e+00,4.000000000000000000e+00,1.751981161817383281e+00
1.270000000000000107e+01,2.677634954452514648e+00,2.205575466156005859e+00,4.194431781768798828e+00,1.731964945793151855e+00,9.474937272465830951e-01,4.630000000000000000e+02,5.000000000000000000e+00,4.000000000000000000e+00,1.845881684217700602e+00
1.275000000000000000e+01,2.483208656311035156e+00,2.097330331802368164e+00,4.232702732086181641e+00,1.878892898559570312e+00,1.027387697148388179e+00,4.620000000000000000e+02,6.000000000000000000e+00,4.000000000000000000e+00,1.792652458437840934e+00
1.280000000000000071e+01,2.555468559265136719e+00,2.223108768463134766e+00,3.808121681213378906e+00,2.051079511642456055e+00,9.483183852048236995e-01,4.960000000000000000e+02,6.000000000000000000e+00,5.000000000000000000e+00,1.662162363139824794e+00
1.285000000000000142e+01,2.555320024490356445e+00,2.174905776977539062e+00,4.126233577728271484e+00,1.928266882896423340e+00,9.642492312291297551e-01,4.610000000000000000e+02,4.000000000000000000e+00,4.000000000000000000e+00,1.750981527133131044e+00
1.290000000000000036e+01,2.552437782287597656e+00,2.227109670639038086e+00,4.299635887145996094e+00,1.815202355384826660e+00,9.858746357403703753e-01,4.310000000000000000e+02,5.000000000000000000e+00,4.000000000000000000e+00,1.824479727828979936e+00
1.295000000000000107e+01,2.625161409378051758e+00,2.315114974975585938e+00,3.825096607208251953e+00,1.938121557235717773e+00,9.803107290187372813e-01,4.660000000000000000e+02,6.000000000000000000e+00,3.000000000000000000e+00,1.791309653513153188e+00
1.300000000000000000e+01,2.627467632293701172e+00,2.203499317169189453e+00,4.066568374633789062e+00,1.958922624588012695e+00,9.951836211157303325e-01,4.390000000000000000e+02,5.000000000000000000e+00,4.000000000000000000e+00,1.889992738315575682e+00
1.305000000000000071e+01,2.583305597305297852e+00,2.214346408843994141e+00,4.338741779327392578e+00,1.828812599182128906e+00,9.612090213549161488e-01,4.860000000000000000e+02,5.000000000000000000e+00,4.000000000000000000e+00,1.789599619955719811e+00
1.310000000000000142e+01,2.652298212051391602e+00,2.213334560394287109e+00,3.796010971069335938e+00,2.089380979537963867e+00,9.916470481563337547e-01,4.470000000000000000e+02,5.000000000000000000e+00,4.000000000000000000e+00,1.753975888956070595e+00
1.315000000000000036e+01,2.780460834503173828e+00,2.261190414428710938e+00,3.827899694442749023e+00,1.946634531021118164e+00,9.927749513801499281e-01,4.680000000000000000e+02,6.000000000000000000e+00,5.000000000000000000e+00,1.894600889093592144e+00
1.320000000000000107e+01,2.621970653533935547e+00,2.203846454620361328e+00,3.723099708557128906e+00,1.771757364273071289e+00,9.662011444830160833e-01,4.650000000000000000e+02,6.000000000000000000e+00,4.000000000000000000e+00,1.667915911809938034e+00
1.325000000000000000e+01,2.798524856567382812e+00,2.291332244873046875e+00,4.070598602294921875e+00,1.835710287094116211e+00,9.354437389632828115e-01,4.420000000000000000e+02,4.000000000000000000e+00,4.000000000000000000e+00,1.787137599004842370e+00
1.330000000000000071e+01,2.484704017639160156e+00,2.234987258911132812e+00,4.517928123474121094e+00,2.483436584472656250e+00,1.026156282441115897e+00,4.550000000000000000e+02,5.000000000000000000e+00,4.000000000000000000e+00,1.775313411330857738e+00
1.335000000000000142e+01,2.645809650421142578e+00,2.191924333572387695e+00,4.352876186370849609e+00,1.893537759780883789e+00,9.900738362515291158e-01,4.210000000000000000e+02,6.000000000000000000e+00,4.000000000000000000e+00,1.772941113110393152e+00
1.340000000000000036e+01,2.594728946685791016e+00,2.249587535858154297e+00,4.339238166809082031e+00,1.968177080154418945e+00,9.648656169980436292e-01,4.410000000000000000e+02,6.000000000000000000e+00,5.000000000000000000e+00,1.762547692141211986e+00
1.345000000000000107e+01,2.717036247253417969e+00,2.232485771179199219e+00,4.244685173034667969e+00,1.675666093826293945e+00,9.908642634775223224e-01,4.750000000000000000e+02,6.000000000000000000e+00,5.000000000000000000e+00,1.856106152948457710e+00
1.350000000000000000e+01,2.697969675064086914e+00,2.177594423294067383e+00,4.129631042480468750e+00,1.860528945922851562e+00,9.648959709828391906e-01,4.510000000000000000e+02,4.000000000000000000e+00,4.000000000000000000e+00,1.852576496683315366e+00
1.355000000000000071e+01,2.534626960754394531e+00,2.092987060546875000e+00,4.403734683990478516e+00,1.956512451171875000e+00,1.104382732228474495e+00,4.550000000000000000e+02,6.000000000000000000e+00,5.000000000000000000e+00,1.863361352803896143e+00
1.360000000000000142e+01,2.711088657379150391e+00,2.357240915298461914e+00,4.373735904693603516e+00,2.039984941482543945e+00,1.006698499325772822e+00,4.970000000000000000e+02,4.000000000000000000e+00,4.000000000000000000e+00,1.695360770559495744e+00
1.365000000000000036e+01,2.651356458663940430e+00,2.176018476486206055e+00,4.462477684020996094e+00,1.992341756820678711e+00,1.020604818584818663e+00,4.430000000000000000e+02,7.000000000000000000e+00,5.000000000000000000e+00,1.915934874738162819e+00
1.370000000000000107e+01,2.571019172668457031e+00,2.134033441543579102e+00,4.454998016357421875e+00,1.767975211143493652e+00,1.122375279311774054e+00,4.270000000000000000e+02,6.000000000000000000e+00,5.000000000000000000e+00,1.819128597974097650e+00
1.375000000000000000e+01,2.684911489486694336e+00,2.215244293212890625e+00,3.858299255371093750e+00,1.821891784667968750e+00,1.005086217878081500e+00,4.610000000000000000e+02,5.000000000000000000e+00,4.000000000000000000e+00,1.708224118797101010e+00
1.380000000000000071e+01,2.576380252838134766e+00,2.176711559295654297e+00,3.984165668487548828e+00,1.632853150367736816e+00,9.693468833797007633e-01,4.300000000000000000e+02,4.000000000000000000e+00,3.000000000000000000e+00,1.660902177313743122e+00
1.385000000000000142e+01,2.613318443298339844e+00,2.123717784881591797e+00,4.058306217193603516e+00,1.998330235481262207e+00,1.139780020874642252e+00,4.180000000000000000e+02,5.000000000000000000e+00,4.000000000000000000e+00,1.846743324643125295e+00
1.390000000000000036e+01,2.679193496704101562e+00,2.216528892517089844e+00,4.233805656433105469e+00,1.480736494064331055e+00,9.659093167906760424e-01,4.580000000000000000e+02,6.000000000000000000e+00,5.000000000000000000e+00,1.877444072218490412e+00
1.395000000000000107e+01,2.701275110244750977e+00,2.279278278350830078e+00,4.019828319549560547e+00,1.942623853683471680e+00,1.242671881856563409e+00,4.690000000000000000e+02,6.000000000000000000e+00,6.000000000000000000e+00,1.791937505701594047e+00
1.400000000000000000e+01,2.701081037521362305e+00,2.266572237014770508e+00,4.190959453582763672e+00,2.080783605575561523e+00,1.259107327680635047e+00,4.760000000000000000e+02,5.000000000000000000e+00,5.000000000000000000e+00,1.686073996348567361e+00
1.405000000000000071e+01,2.830405235290527344e+00,2.282141447067260742e+00,4.492616653442382812e+00,1.754221677780151367e+00,1.111154093380376295e+00,4.600000000000000000e+02,4.000000000000000000e+00,4.000000000000000000e+00,1.852751524143586792e+00
1.410000000000000142e+01,2.716205120086669922e+00,2.221234083175659180e+00,3.959105253219604492e+00,1.923913955688476562e+00,9.764943335658332613e-01,4.070000000000000000e+02,4.000000000000000000e+00,3.000000000000000000e+00,1.759806628247027271e+00
1.415000000000000036e+01,2.655909538269042969e+00,2.170294523239135742e+00,4.310151100158691406e+00,1.836935877799987793e+00,9.573430179271719132e-01,4.730000000000000000e+02,5.000000000000000000e+00,5.000000000000000000e+00,1.848862257024891598e+00
1.420000000000000107e+01,2.789470195770263672e+00,2.292809009552001953e+00,4.030138969421386719e+00,1.913918733596801758e+00,9.776536136022608847e-01,4.930000000000000000e+02,5.000000000000000000e+00,4.000000000000000000e+00,1.754547989043432121e+00
1.425000000000000000e+01,2.586332559585571289e+00,2.200632810592651367e+00,4.078902244567871094e+00,1.722120285034179688e+00,9.183194813306798654e-01,4.720000000000000000e+02,5.000000000000000000e+00,4.000000000000000000e+00,1.615741588884983759e+00
1.430000000000000071e+01,2.759539842605590820e+00,2.311862945556640625e+00,4.051407814025878906e+00,1.965861558914184570e+00,1.012722391259932131e+00,4.510000000000000000e+02,6.000000000000000000e+00,5.000000000000000000e+00,1.861645160089908879e+00
1.435000000000000142e+01,2.716444492340087891e+00,2.199826717376708984e+00,4.219127655029296875e+00,1.949411034584045410e+00,9.890862873879097128e-01,4.780000000000000000e+02,6.000000000000000000e+00,5.000000000000000000e+00,1.764974762173854739e+00
1.440000000000000036e+01,2.676455974578857422e+00,2.296155452728271484e+00,3.992035150527954102e+00,1.778180360794067383e+00,9.361014095518259692e-01,4.940000000000000000e+02,6.000000000000000000e+00,5.000000000000000000e+00,1.792181736535075842e+00
1.445000000000000107e+01,2.674091100692749023e+00,2.319088220596313477e+00,4.032917976379394531e+00,1.931087851524353027e+00,9.713485024638434107e-01,4.290000000000000000e+02,5.000000000000000000e+00,4.000000000000000000e+00,1.864197047119340311e+00
1.450000000000000000e+01,2.770271301269531250e+00,2.254029273986816406e+00,3.980211973190307617e+00,1.901660561561584473e+00,9.770626697499564806e-01,4.730000000000000000e+02,7.000000000000000000e+00,5.000000000000000000e+00,1.753982695855268448e+00
1.455000000000000071e+01,2.687487840652465820e+00,2.199104785919189453e+00,4.350078582763671875e+00,2.151846408843994141e+00,1.073219138602024225e+00,4.430000000000000000e+02,6.000000000000000000e+00,3.000000000000000000e+00,1.771663454573626506e+00
1.460000000000000142e+01,2.690118551254272461e+00,2.264493942260742188e+00,3.641866207122802734e+00,1.958945035934448242e+00,1.023999045733376301e+00,4.870000000000000000e+02,5.000000000000000000e+00,4.000000000000000000e+00,1.778891351833921330e+00
1.465000000000000036e+01,2.719158649444580078e+00,2.197138547897338867e+00,4.277775287628173828e+00,2.076178550720214844e+00,1.055792233004960057e+00,4.660000000000000000e+02,7.000000000000000000e+00,5.000000000000000000e+00,1.918181461546359934e+00
1.470000000000000107e+01,2.703731536865234375e+00,2.142652511596679688e+00,3.957281351089477539e+00,1.775421023368835449e+00,1.026906047501369157e+00,4.680000000000000000e+02,6.000000000000000000e+00,5.000000000000000000e+00,1.811925483161448192e+00
1.475000000000000000e+01,2.647903203964233398e+00,2.351484298706054688e+00,3.915319681167602539e+00,1.748605489730834961e+00,1.232880641982821324e+00,4.570000000000000000e+02,5.000000000000000000e+00,4.000000000000000000e+00,1.673507329747436767e+00
1.480000000000000071e+01,2.736189365386962891e+00,2.256036043167114258e+00,4.166647434234619141e+00,2.014102697372436523e+00,1.225724827444497844e+00,4.780000000000000000e+02,5.000000000000000000e+00,3.000000000000000000e+00,1.699824270044414609e+00
1.485000000000000142e+01,2.516525268554687500e+00,2.248567342758178711e+00,4.442468643188476562e+00,2.140026330947875977e+00,1.286218198113597611e+00,4.720000000000000000e+02,6.000000000000000000e+00,4.000000000000000000e+00,1.696166234450096510e+00
1.490000000000000036e+01,2.573948383331298828e+00,2.286829710006713867e+00,3.695746421813964844e+00,1.521560072898864746e+00,9.420107505788455349e-01,5.030000000000000000e+02,4.000000000000000000e+00,3.000000000000000000e+00,1.830553630814257815e+00
1.495000000000000107e+01,2.646805047988891602e+00,2.330172300338745117e+00,4.081883907318115234e+00,1.676048636436462402e+00,1.035662230114865690e+00,4.960000000000000000e+02,6.000000000000000000e+00,6.000000000000000000e+00,1.815582745186788083e+00
1.500000000000000000e+01,2.649350166320800781e+00,2.354043960571289062e+00,3.946157932281494141e+00,2.070503473281860352e+00,9.359270679979045937e-01,4.600000000000000000e+02,6.000000000000000000e+00,5.000000000000000000e+00,1.839388819954629994e+00
1.505000000000000071e+01,2.848105430603027344e+00,2.415225982666015625e+00,3.906778812408447266e+00,1.933216810226440430e+00,9.638780834703584155e-01,5.040000000000000000e+02,6.000000000000000000e+00,5.000000000000000000e+00,1.820946790766581946e+00
1.510000000000000142e+01,2.707016944885253906e+00,2.359322786331176758e+00,4.104921340942382812e+00,1.622367858886718750e+00,1.091028996532630524e+00,4.640000000000000000e+02,5.000000000000000000e+00,5.000000000000000000e+00,1.825982179015207763e+00
1.515000000000000036e+01,2.522431373596191406e+00,2.327704668045043945e+00,4.198544502258300781e+00,1.868839383125305176e+00,1.247760880092825930e+00,4.410000000000000000e+02,5.000000000000000000e+00,4.000000000000000000e+00,1.787216159142679173e+00
1.520000000000000107e+01,2.616564035415649414e+00,2.274980068206787109e+00,4.206343650817871094e+00,1.914914369583129883e+00,1.242009981622968606e+00,4.470000000000000000e+02,6.000000000000000000e+00,6.000000000000000000e+00,1.747833475592084351e+00
1.525000000000000000e+01,2.600484132766723633e+00,2.240442752838134766e+00,3.892307281494140625e+00,1.893895983695983887e+00,1.193378101316862727e+00,4.590000000000000000e+02,6.000000000000000000e+00,6.000000000000000000e+00,1.755441081554797389e+00
1.530000000000000071e+01,2.642681837081909180e+00,2.336363792419433594e+00,4.094716548919677734e+00,2.070336818695068359e+00,1.270027629073541275e+00,4.850000000000000000e+02,6.000000000000000000e+00,6.000000000000000000e+00,1.757163478259437861e+00
1.535000000000000142e+01,2.610394477844238281e+00,2.324271440505981445e+00,4.115437030792236328e+00,1.930272579193115234e+00,1.202904303399136676e+00,4.470000000000000000e+02,5.000000000000000000e+00,4.000000000000000000e+00,1.845038276470242433e+00
1.540000000000000036e+01,2.879635334014892578e+00,2.464558601379394531e+00,4.112587928771972656e+00,2.200371026992797852e+00,1.307116020664827127e+00,4.910000000000000000e+02,7.000000000000000000e+00,5.000000000000000000e+00,1.890894964225289021e+00
1.545000000000000107e+01,2.829699993133544922e+00,2.382232904434204102e+00,3.938700199127197266e+00,2.154783964157104492e+00,1.256207780690850928e+00,4.840000000000000000e+02,7.000000000000000000e+00,5.000000000000000000e+00,1.842159544923999359e+00
1.550000000000000000e+01,2.807774066925048828e+00,2.352527856826782227e+00,4.043293952941894531e+00,2.114622354507446289e+00,1.265120611808336015e+00,4.750000000000000000e+02,6.000000000000000000e+00,5.000000000000000000e+00,1.784682222539297536e+00
1.555000000000000071e+01,2.823210954666137695e+00,2.446583271026611328e+00,3.920733928680419922e+00,1.767101168632507324e+00,1.235843644475631775e+00,4.710000000000000000e+02,5.000000000000000000e+00,4.000000000000000000e+00,1.670047747047300968e+00
1.560000000000000142e+01,2.929224491119384766e+00,2.465232610702514648e+00,4.465579509735107422e+00,2.015138387680053711e+00,1.286915023117079393e+00,4.810000000000000000e+02,7.000000000000000000e+00,6.000000000000000000e+00,1.670811633373063598e+00
1.565000000000000036e+01,2.768094539642333984e+00,2.272283792495727539e+00,4.246587276458740234e+00,2.149446487426757812e+00,1.221207550492046323e+00,4.380000000000000000e+02,4.000000000000000000e+00,4.000000000000000000e+00,1.889812267858438366e+00
1.570000000000000107e+01,2.806034564971923828e+00,2.375694990158081055e+00,4.233477592468261719e+00,1.961427927017211914e+00,1.226164611345214928e+00,4.200000000000000000e+02,6.000000000000000000e+00,3.000000000000000000e+00,1.816568991317365489e+00
1.575000000000000000e+01,2.750131845474243164e+00,2.402020215988159180e+00,4.248877048492431641e+00,1.968172788619995117e+00,1.244214638206242896e+00,4.660000000000000000e+02,7.000000000000000000e+00,5.000000000000000000e+00,1.751999940013112544e+00
1.580000000000000071e+01,2.712842226028442383e+00,2.400855541229248047e+00,4.288549423217773438e+00,1.858384728431701660e+00,1.043603312189974819e+00,4.480000000000000000e+02,6.000000000000000000e+00,6.000000000000000000e+00,1.659393521849609199e+00
1.585000000000000142e+01,2.690644502639770508e+00,2.317785978317260742e+00,4.440616607666015625e+00,2.219404220581054688e+00,1.151007898137432983e+00,4.580000000000000000e+02,6.000000000000000000e+00,5.000000000000000000e+00,1.872250628224434887e+00
1.590000000000000036e+01,2.730391979217529297e+00,2.409334897994995117e+00,4.519508838653564453e+00,2.008412837982177734e+00,1.232886505962383916e+00,4.890000000000000000e+02,5.000000000000000000e+00,4.000000000000000000e+00,1.902236304359075092e+00
1.595000000000000107e+01,2.863703727722167969e+00,2.376665830612182617e+00,4.301247596740722656e+00,1.507298469543457031e+00,1.227139286410054542e+00,4.740000000000000000e+02,6.000000000000000000e+00,5.000000000000000000e+00,1.776579196506547165e+00
1.600000000000000000e+01,2.719657421112060547e+00,2.287474632263183594e+00,4.367849826812744141e+00,1.684866905212402344e+00,1.255214460681437716e+00,5.070000000000000000e+02,7.000000000000000000e+00,5.000000000000000000e+00,1.875554182029613992e+00
1.605000000000000071e+01,2.732280254364013672e+00,2.366117000579833984e+00,4.280370235443115234e+00,1.696944952011108398e+00,1.137861194275264332e+00,4.220000000000000000e+02,6.000000000000000000e+00,5.000000000000000000e+00,1.884212368504356139e+00
1.610000000000000142e+01,2.678668260574340820e+00,2.398845434188842773e+00,3.737738370895385742e+00,1.704154491424560547e+00,1.030251063738095718e+00,4.710000000000000000e+02,4.000000000000000000e+00,4.000000000000000000e+00,1.705741636223121693e+00
1.615000000000000213e+01,2.708050251007080078e+00,2.356055736541748047e+00,3.995088577270507812e+00,1.837676525115966797e+00,1.016097958686700942e+00,4.930000000000000000e+02,6.000000000000000000e+00,6.000000000000000000e+00,1.680216621304798874e+00
1.619999999999999929e+01,2.650474548339843750e+00,2.149543046951293945e+00,3.651100635528564453e+00,1.523809909820556641e+00,1.033749250528773311e+00,4.920000000000000000e+02,5.000000000000000000e+00,5.000000000000000000e+00,1.614915884123964362e+00
1.625000000000000000e+01,2.692466259002685547e+00,2.183951377868652344e+00,3.832216739654541016e+00,1.667395949363708496e+00,1.055062716066473616e+00,4.590000000000000000e+02,5.000000000000000000e+00,5.000000000000000000e+00,1.707956838945578149e+00
1.630000000000000071e+01,2.848849534988403320e+00,2.458240747451782227e+00,4.561388015747070312e+00,1.976491093635559082e+00,1.120568844365667838e+00,4.690000000000000000e+02,7.000000000000000000e+00,6.000000000000000000e+00,1.741654244842896659e+00
1.635000000000000142e+01,2.770588397979736328e+00,2.412801265716552734e+00,3.932651519775390625e+00,2.256165981292724609e+00,1.041959956051528913e+00,4.890000000000000000e+02,7.000000000000000000e+00,5.000000000000000000e+00,1.840896029224003749e+00
1.640000000000000213e+01,2.548837184906005859e+00,2.248665571212768555e+00,4.097451686859130859e+00,1.807380795478820801e+00,1.049055840989704169e+00,4.840000000000000000e+02,5.000000000000000000e+00,4.000000000000000000e+00,1.864450613153481928e+00
1.644999999999999929e+01,2.534520387649536133e+00,2.329738378524780273e+00,4.193625450134277344e+00,2.088803768157958984e+00,1.027291757780961934e+00,4.880000000000000000e+02,7.000000000000000000e+00,5.000000000000000000e+00,1.871663988261609513e+00
1.650000000000000000e+01,2.648671627044677734e+00,2.452015399932861328e+00,4.333666801452636719e+00,1.923249483108520508e+00,9.688128771665731609e-01,4.700000000000000000e+02,6.000000000000000000e+00,5.000000000000000000e+00,1.741455651619165046e+00
1.655000000000000071e+01,2.605631351470947266e+00,2.317059516906738281e+00,4.158199310302734375e+00,1.764647722244262695e+00,1.004182469248753096e+00,4.910000000000000000e+02,6.000000000000000000e+00,4.000000000000000000e+00,1.777388194473082272e+00
1.660000000000000142e+01,2.609998941421508789e+00,2.333068609237670898e+00,4.519536495208740234e+00,2.040239810943603516e+00,9.686472015608087460e-01,4.690000000000000000e+02,6.000000000000000000e+00,5.000000000000000000e+00,1.778023444041084700e+00
1.665000000000000213e+01,2.737169265747070312e+00,2.402219057083129883e+00,4.410749435424804688e+00,1.892232656478881836e+00,1.149640789661813933e+00,5.110000000000000000e+02,6.000000000000000000e+00,4.000000000000000000e+00,1.790105380127928969e+00
1.669999999999999929e+01,2.506671905517578125e+00,2.343441963195800781e+00,4.202880382537841797e+00,1.659423828125000000e+00,9.830638004816132369e-01,5.020000000000000000e+02,6.000000000000000000e+00,5.000000000000000000e+00,1.794421132662160856e+00
1.675000000000000000e+01,2.612547636032104492e+00,2.389503717422485352e+00,4.533224582672119141e+00,2.010147809982299805e+00,1.016947523992597802e+00,4.820000000000000000e+02,6.000000000000000000e+00,4.000000000000000000e+00,1.710500104962125123e+00
1.680000000000000071e+01,2.616287469863891602e+00,2.329886913299560547e+00,4.465734481811523438e+00,1.726094007492065430e+00,1.096126840843919981e+00,4.450000000000000000e+02,6.000000000000000000e+00,4.000000000000000000e+00,1.858777867270476225e+00
1.685000000000000142e+01,2.580190181732177734e+00,2.439327478408813477e+00,4.588699817657470703e+00,2.026986837387084961e+00,1.062821613244297581e+00,4.570000000000000000e+02,7.000000000000000000e+00,5.000000000000000000e+00,1.775905137862881178e+00
1.690000000000000213e+01,2.806102037429809570e+00,2.548378944396972656e+00,4.517534732818603516e+00,1.771806597709655762e+00,1.019507186132800447e+00,4.970000000000000000e+02,7.000000000000000000e+00,5.000000000000000000e+00,1.679726855385734741e+00
1.694999999999999929e+01,2.609153747558593750e+00,2.319422245025634766e+00,4.043959617614746094e+00,1.941981315612792969e+00,1.163462826002451767e+00,4.880000000000000000e+02,7.000000000000000000e+00,3.000000000000000000e+00,1.872928807864173706e+00
1.700000000000000000e+01,2.571852684020996094e+00,2.333338022232055664e+00,4.255353450775146484e+00,2.370985269546508789e+00,1.127326938335942108e+00,4.450000000000000000e+02,6.000000000000000000e+00,5.000000000000000000e+00,1.843182009233612417e+00
1.705000000000000071e+01,2.633679389953613281e+00,2.385996818542480469e+00,4.473134517669677734e+00,1.988170623779296875e+00,9.866638028187770804e-01,5.020000000000000000e+02,6.000000000000000000e+00,5.000000000000000000e+00,1.751262752529379796e+00
1.710000000000000142e+01,2.708895206451416016e+00,2.437401056289672852e+00,4.147943973541259766e+00,1.708301782608032227e+00,9.538202226514659321e-01,4.650000000000000000e+02,6.000000000000000000e+00,4.000000000000000000e+00,1.805218649238231610e+00
1.715000000000000213e+01,2.430944681167602539e+00,2.288762092590332031e+00,3.760486125946044922e+00,1.926796317100524902e+00,9.554891323573151407e-01,4.970000000000000000e+02,5.000000000000000000e+00,4.000000000000000000e+00,1.709674111869341484e+00
1.719999999999999929e+01,2.584439277648925781e+00,2.375516653060913086e+00,4.040422916412353516e+00,2.024254798889160156e+00,1.004634184399390673e+00,4.390000000000000000e+02,5.000000000000000000e+00,4.000000000000000000e+00,1.779115249823123968e+00
1.725000000000000000e+01,2.652584314346313477e+00,2.426391601562500000e+00,4.044633865356445312e+00,2.185749769210815430e+00,1.271151143083987911e+00,4.630000000000000000e+02,6.000000000000000000e+00,4.000000000000000000e+00,1.790113987568222154e+00
1.730000000000000071e+01,2.597083806991577148e+00,2.464545726776123047e+00,4.372691631317138672e+00,1.968969345092773438e+00,1.221760687747217355e+00,4.600000000000000000e+02,5.000000000000000000e+00,4.000000000000000000e+00,1.681262534295569822e+00
1.735000000000000142e+01,2.586544036865234375e+00,2.300865173339843750e+00,4.555022239685058594e+00,1.899744153022766113e+00,1.030900682080766906e+00,4.730000000000000000e+02,5.000000000000000000e+00,4.000000000000000000e+00,1.911611606202961777e+00
1.740000000000000213e+01,2.565364837646484375e+00,2.307485342025756836e+00,4.013813972473144531e+00,1.899345397949218750e+00,1.015241856223001227e+00,4.630000000000000000e+02,7.000000000000000000e+00,4.000000000000000000e+00,1.731114732239001697e+00
1.744999999999999929e+01,2.679029941558837891e+00,2.362694501876831055e+00,4.290605545043945312e+00,1.821530938148498535e+00,9.984103241662322104e-01,4.910000000000000000e+02,6.000000000000000000e+00,6.000000000000000000e+00,1.789793760413662227e+00
1.750000000000000000e+01,2.574045181274414062e+00,2.337731361389160156e+00,4.073372840881347656e+00,1.934336304664611816e+00,1.036774834015627755e+00,4.640000000000000000e+02,6.000000000000000000e+00,5.000000000000000000e+00,1.786742714955785738e+00
1.755000000000000071e+01,2.741963863372802734e+00,2.344919443130493164e+00,4.168581485748291016e+00,1.993726491928100586e+00,9.889506997516424036e-01,4.750000000000000000e+02,6.000000000000000000e+00,5.000000000000000000e+00,1.693727062119740001e+00
1.760000000000000142e+01,2.903862476348876953e+00,2.609195470809936523e+00,4.477889060974121094e+00,1.953790426254272461e+00,1.025139786249755547e+00,4.810000000000000000e+02,6.000000000000000000e+00,4.000000000000000000e+00,1.675962159145133468e+00
1.765000000000000213e+01,2.615051507949829102e+00,2.284674882888793945e+00,4.295944213867187500e+00,1.993685722351074219e+00,1.029329598710669647e+00,4.720000000000000000e+02,7.000000000000000000e+00,5.000000000000000000e+00,1.823895828210081671e+00
1.769999999999999929e+01,2.633548259735107422e+00,2.464845657348632812e+00,3.957360744476318359e+00,1.803546905517578125e+00,9.561382666865169133e-01,4.470000000000000000e+02,6.000000000000000000e+00,5.000000000000000000e+00,1.841742184553219142e+00
1.775000000000000000e+01,2.570856809616088867e+00,2.332933187484741211e+00,3.669129371643066406e+00,1.950641870498657227e+00,8.974796285427257825e-01,4.840000000000000000e+02,6.000000000000000000e+00,4.000000000000000000e+00,1.923798662726760700e+00
1.780000000000000071e+01,2.630376577377319336e+00,2.433146953582763672e+00,4.669591903686523438e+00,2.120640516281127930e+00,1.066023719049157048e+00,4.290000000000000000e+02,7.000000000000000000e+00,5.000000000000000000e+00,1.779381750162229769e+00
1.785000000000000142e+01,2.583733081817626953e+00,2.264976024627685547e+00,4.485105991363525391e+00,1.981653094291687012e+00,1.095153721310611283e+00,4.640000000000000000e+02,4.000000000000000000e+00,4.000000000000000000e+00,1.753233140874379536e+00
1.790000000000000213e+01,2.646330595016479492e+00,2.299032688140869141e+00,4.411242485046386719e+00,1.674691915512084961e+00,1.007695360930876305e+00,4.790000000000000000e+02,7.000000000000000000e+00,5.000000000000000000e+00,1.704045744229599535e+00
1.794999999999999929e+01,2.620695829391479492e+00,2.323386430740356445e+00,4.128200531005859375e+00,1.635832548141479492e+00,9.268225693028742107e-01,4.740000000000000000e+02,7.000000000000000000e+00,5.000000000000000000e+00,1.787780713630652496e+00
1.800000000000000000e+01,2.510504961013793945e+00,2.214595794677734375e+00,3.886176109313964844e+00,1.975427746772766113e+00,9.693639230708784860e-01,4.630000000000000000e+02,6.000000000000000000e+00,5.000000000000000000e+00,1.834374941795561487e+00
1.805000000000000071e+01,2.624583005905151367e+00,2.316823482513427734e+00,4.250464916229248047e+00,1.892601847648620605e+00,1.038354372533603520e+00,4.730000000000000000e+02,5.000000000000000000e+00,3.000000000000000000e+00,1.765862735717638632e+00
1.810000000000000142e+01,2.536343097686767578e+00,2.302947521209716797e+00,4.160151004791259766e+00,1.917434334754943848e+00,9.578336205102512269e-01,4.550000000000000000e+02,4.000000000000000000e+00,4.000000000000000000e+00,1.646888935640815177e+00
1.815000000000000213e+01,2.625651359558105469e+00,2.340045213699340820e+00,4.116556167602539062e+00,1.773726224899291992e+00,1.049587216850361715e+00,4.530000000000000000e+02,6.000000000000000000e+00,5.000000000000000000e+00,1.661542513795799758e+00
1.819999999999999929e+01,2.659935712814331055e+00,2.462292432785034180e+00,4.115360260009765625e+00,1.780940413475036621e+00,9.384275833264392741e-01,4.910000000000000000e+02,6.000000000000000000e+00,4.000000000000000000e+00,1.775433313785141021e+00
1.825000000000000000e+01,2.686129093170166016e+00,2.388191699981689453e+00,4.190120220184326172e+00,2.139717102050781250e+00,9.763224142498426739e-01,4.340000000000000000e+02,7.000000000000000000e+00,5.000000000000000000e+00,1.777422206164341656e+00
1.830000000000000071e+01,2.587938070297241211e+00,2.441348314285278320e+00,4.308752536773681641e+00,2.176846265792846680e+00,9.613327118143704109e-01,4.690000000000000000e+02,7.000000000000000000e+00,6.000000000000000000e+00,1.611834191405725702e+00
1.835000000000000142e+01,2.743715286254882812e+00,2.572123050689697266e+00,4.318120479583740234e+00,2.074654340744018555e+00,9.596606086943655356e-01,4.740000000000000000e+02,5.000000000000000000e+00,4.000000000000000000e+00,1.804201377812727713e+00
1.840000000000000213e+01,2.509060144424438477e+00,2.190173387527465820e+00,4.056996822357177734e+00,1.759742379188537598e+00,9.256846012934022427e-01,4.480000000000000000e+02,5.000000000000000000e+00,4.000000000000000000e+00,1.793619804016042041e+00
1.844999999999999929e+01,2.580286026000976562e+00,2.454178094863891602e+00,4.493984222412109375e+00,1.938954353332519531e+00,1.021110951328645600e+00,4.870000000000000000e+02,6.000000000000000000e+00,5.000000000000000000e+00,1.756070557359350026e+00
1.850000000000000000e+01,2.712688207626342773e+00,2.334762096405029297e+00,4.181344032287597656e+00,2.269654512405395508e+00,1.119459394595370139e+00,4.560000000000000000e+02,7.000000000000000000e+00,5.000000000000000000e+00,1.808726733510690243e+00
1.855000000000000071e+01,2.669852972030639648e+00,2.399765253067016602e+00,4.121348857879638672e+00,2.079947471618652344e+00,1.282866084803657492e+00,4.430000000000000000e+02,4.000000000000000000e+00,3.000000000000000000e+00,1.672980867817983830e+00
1.860000000000000142e+01,2.652820348739624023e+00,2.267982721328735352e+00,3.652627229690551758e+00,2.076161384582519531e+00,1.245863731535277408e+00,4.870000000000000000e+02,7.000000000000000000e+00,5.000000000000000000e+00,1.724458346581435597e+00
1.865000000000000213e+01,2.612243890762329102e+00,2.399313926696777344e+00,3.895880699157714844e+00,2.178886890411376953e+00,1.258233441419084331e+00,4.790000000000000000e+02,7.000000000000000000e+00,5.000000000000000000e+00,1.729890881635822941e+00
1.869999999999999929e+01,2.674936056137084961e+00,2.446939468383789062e+00,4.210401535034179688e+00,2.082697391510009766e+00,1.190470087378880049e+00,4.310000000000000000e+02,7.000000000000000000e+00,6.000000000000000000e+00,1.766834469220851300e+00
1.875000000000000000e+01,2.784347295761108398e+00,2.369002342224121094e+00,3.776870727539062500e+00,2.196048498153686523e+00,1.224721555226191860e+00,4.910000000000000000e+02,3.000000000000000000e+00,3.000000000000000000e+00,1.663405301594081953e+00
1.880000000000000071e+01,2.735502958297729492e+00,2.258843898773193359e+00,4.133672237396240234e+00,2.107919454574584961e+00,1.282369400829335149e+00,5.040000000000000000e+02,7.000000000000000000e+00,5.000000000000000000e+00,1.753755471548164468e+00
1.885000000000000142e+01,2.750922441482543945e+00,2.337627172470092773e+00,4.017343997955322266e+00,2.242649078369140625e+00,1.255169095388322109e+00,4.860000000000000000e+02,6.000000000000000000e+00,5.000000000000000000e+00,1.738860393791177517e+00
1.890000000000000213e+01,2.753044605255126953e+00,2.461941719055175781e+00,4.113888263702392578e+00,2.356070756912231445e+00,1.243585346110411383e+00,4.530000000000000000e+02,4.000000000000000000e+00,3.000000000000000000e+00,1.712865596899336484e+00
1.894999999999999929e+01,2.814961910247802734e+00,2.362418413162231445e+00,4.140402317047119141e+00,2.392524480819702148e+00,1.206917437617780031e+00,4.580000000000000000e+02,5.000000000000000000e+00,4.000000000000000000e+00,1.968320283636678658e+00
1.900000000000000000e+01,2.654294967651367188e+00,2.369473218917846680e+00,3.945829629898071289e+00,2.364905834197998047e+00,1.238149485589951526e+00,4.830000000000000000e+02,6.000000000000000000e+00,5.000000000000000000e+00,1.747888508697323706e+00
1.905000000000000071e+01,2.694355964660644531e+00,2.353716373443603516e+00,3.960808515548706055e+00,2.361179351806640625e+00,1.231356412039526615e+00,4.640000000000000000e+02,3.000000000000000000e+00,3.000000000000000000e+00,1.730615435905125121e+00
1.910000000000000142e+01,2.594505548477172852e+00,2.396555662155151367e+00,4.214456558227539062e+00,2.317092657089233398e+00,1.229487436486042862e+00,4.590000000000000000e+02,5.000000000000000000e+00,4.000000000000000000e+00,1.766047824991263893e+00
1.915000000000000213e+01,2.596536636352539062e+00,2.351492881774902344e+00,3.867734432220458984e+00,2.212313652038574219e+00,1.254350889250072099e+00,5.020000000000000000e+02,5.000000000000000000e+00,3.000000000000000000e+00,1.826409704761368324e+00
1.920000000000000284e+01,2.730722904205322266e+00,2.447345972061157227e+00,4.131950378417968750e+00,2.528743743896484375e+00,1.270448760734810500e+00,5.120000000000000000e+02,6.000000000000000000e+00,5.000000000000000000e+00,1.875244734499842636e+00
1.925000000000000000e+01,2.853535413742065430e+00,2.657142639160156250e+00,4.356062889099121094e+00,2.741462945938110352e+00,1.285380069739762154e+00,4.620000000000000000e+02,7.000000000000000000e+00,5.000000000000000000e+00,1.771817150557421172e+00
1.930000000000000071e+01,2.654813289642333984e+00,2.441452503204345703e+00,4.237691879272460938e+00,2.222822189331054688e+00,1.233432292911576633e+00,4.590000000000000000e+02,3.000000000000000000e+00,3.000000000000000000e+00,1.814397655490616268e+00
1.935000000000000142e+01,2.674166917800903320e+00,2.448534250259399414e+00,4.186624526977539062e+00,2.151349544525146484e+00,1.246392180593481447e+00,4.850000000000000000e+02,6.000000000000000000e+00,5.000000000000000000e+00,1.754032742603536477e+00
1.940000000000000213e+01,2.758426904678344727e+00,2.383500099182128906e+00,4.234717845916748047e+00,2.162755012512207031e+00,1.244668251137750925e+00,4.680000000000000000e+02,4.000000000000000000e+00,4.000000000000000000e+00,1.767393117568197614e+00
1.945000000000000284e+01,2.662777662277221680e+00,2.238188028335571289e+00,4.097405433654785156e+00,2.207725524902343750e+00,1.274359761059636220e+00,4.960000000000000000e+02,5.000000000000000000e+00,4.000000000000000000e+00,1.778119031872800182e+00
1.950000000000000000e+01,2.751677513122558594e+00,2.501929998397827148e+00,4.063238620758056641e+00,2.556192398071289062e+00,1.220389734418431349e+00,4.640000000000000000e+02,6.000000000000000000e+00,5.000000000000000000e+00,1.816062358938031807e+00
1.955000000000000071e+01,2.641694545745849609e+00,2.355825662612915039e+00,4.016125202178955078e+00,2.101048707962036133e+00,1.253176554623881556e+00,4.890000000000000000e+02,5.000000000000000000e+00,5.000000000000000000e+00,1.802556236452460769e+00
1.960000000000000142e+01,2.686022520065307617e+00,2.408084392547607422e+00,4.080723762512207031e+00,2.262396812438964844e+00,1.230717120944669452e+00,4.950000000000000000e+02,6.000000000000000000e+00,5.000000000000000000e+00,1.920359161709977114e+00
1.965000000000000213e+01,2.649214506149291992e+00,2.342621803283691406e+00,3.953821420669555664e+00,2.315302371978759766e+00,1.240438309748344903e+00,4.710000000000000000e+02,6.000000000000000000e+00,4.000000000000000000e+00,1.759832375582929487e+00
1.970000000000000284e+01,2.835620403289794922e+00,2.467012166976928711e+00,4.375420093536376953e+00,2.111159324645996094e+00,1.215526284159154313e+00,4.640000000000000000e+02,6.000000000000000000e+00,5.000000000000000000e+00,1.831147556915777352e+00
1.975000000000000000e+01,2.697137594223022461e+00,2.359592676162719727e+00,4.378410816192626953e+00,2.294796466827392578e+00,1.247327618136175209e+00,4.810000000000000000e+02,5.000000000000000000e+00,4.000000000000000000e+00,1.784412994341944225e+00
1.980000000000000071e+01,2.744870424270629883e+00,2.299406528472900391e+00,4.283631324768066406e+00,2.353181362152099609e+00,1.255610251370963271e+00,5.020000000000000000e+02,6.000000000000000000e+00,5.000000000000000000e+00,1.914097077769339350e+00
1.985000000000000142e+01,2.737574338912963867e+00,2.461652517318725586e+00,3.848321676254272461e+00,2.393167495727539062e+00,1.256050770683339479e+00,4.460000000000000000e+02,6.000000000000000000e+00,5.000000000000000000e+00,1.842068774541035570e+00
1.990000000000000213e+01,2.686966896057128906e+00,2.299684762954711914e+00,4.217718124389648438e+00,2.215124130249023438e+00,1.293378411386006954e+00,4.700000000000000000e+02,6.000000000000000000e+00,5.000000000000000000e+00,1.763057218059061793e+00
1.995000000000000284e+01,2.754351615905761719e+00,2.406520605087280273e+00,4.012332916259765625e+00,2.456540822982788086e+00,1.260399786674284428e+00,4.610000000000000000e+02,7.000000000000000000e+00,5.000000000000000000e+00,1.756731767002630340e+00
2.000000000000000000e+01,2.756622076034545898e+00,2.489731788635253906e+00,4.416319847106933594e+00,2.399036407470703125e+00,1.239434975125502048e+00,4.620000000000000000e+02,7.000000000000000000e+00,5.000000000000000000e+00,1.671681327862932553e+00
2.005000000000000071e+01,2.637968063354492188e+00,2.270668029785156250e+00,4.180914878845214844e+00,1.992555379867553711e+00,1.289201157398625286e+00,5.000000000000000000e+02,5.000000000000000000e+00,5.000000000000000000e+00,1.835749544259391630e+00
2.010000000000000142e+01,2.638092994689941406e+00,2.376740217208862305e+00,4.129275321960449219e+00,2.150623559951782227e+00,1.233608141340116315e+00,4.460000000000000000e+02,6.000000000000000000e+00,5.000000000000000000e+00,1.799983089826378890e+00
2.015000000000000213e+01,2.592980384826660156e+00,2.260024785995483398e+00,3.970722675323486328e+00,2.332755565643310547e+00,1.220917614120012651e+00,4.890000000000000000e+02,7.000000000000000000e+00,5.000000000000000000e+00,1.804193460961081241e+00
2.020000000000000284e+01,2.739396333694458008e+00,2.389378786087036133e+00,4.124804019927978516e+00,2.285967588424682617e+00,1.226239934128846576e+00,4.900000000000000000e+02,6.000000000000000000e+00,4.000000000000000000e+00,1.847127440894429151e+00
2.025000000000000000e+01,2.807486295700073242e+00,2.488133668899536133e+00,4.395377635955810547e+00,2.140381574630737305e+00,1.203693626393320226e+00,4.860000000000000000e+02,6.000000000000000000e+00,5.000000000000000000e+00,1.857501086326589723e+00
2.030000000000000071e+01,2.722373247146606445e+00,2.314633846282958984e+00,4.136795043945312500e+00,2.004764556884765625e+00,1.213618919839815735e+00,4.910000000000000000e+02,6.000000000000000000e+00,5.000000000000000000e+00,1.780655704013157425e+00
2.035000000000000142e+01,2.777098417282104492e+00,2.423319339752197266e+00,4.399372100830078125e+00,2.324400901794433594e+00,1.253121956077090315e+00,5.010000000000000000e+02,6.000000000000000000e+00,5.000000000000000000e+00,1.792393191570879285e+00
2.040000000000000213e+01,2.691921710968017578e+00,2.317236423492431641e+00,4.070167541503906250e+00,2.237928152084350586e+00,1.278566115127843350e+00,4.760000000000000000e+02,6.000000000000000000e+00,5.000000000000000000e+00,1.848149222557854188e+00
2.045000000000000284e+01,2.757594585418701172e+00,2.409909486770629883e+00,4.483323097229003906e+00,2.458869695663452148e+00,1.268896684002900788e+00,4.730000000000000000e+02,6.000000000000000000e+00,4.000000000000000000e+00,1.854273938408305122e+00
2.050000000000000000e+01,2.700222492218017578e+00,2.313125133514404297e+00,4.217556476593017578e+00,2.340518712997436523e+00,1.258713190272842564e+00,4.730000000000000000e+02,6.000000000000000000e+00,4.000000000000000000e+00,1.752906583215992686e+00
2.055000000000000071e+01,2.776767969131469727e+00,2.439782857894897461e+00,4.328262329101562500e+00,2.207343816757202148e+00,1.285557211187836391e+00,4.540000000000000000e+02,4.000000000000000000e+00,4.000000000000000000e+00,1.905049761563263999e+00
2.060000000000000142e+01,2.860428810119628906e+00,2.443712234497070312e+00,4.250679492950439453e+00,2.300356864929199219e+00,1.229964823747090374e+00,4.770000000000000000e+02,5.000000000000000000e+00,4.000000000000000000e+00,1.821063438738410145e+00
2.065000000000000213e+01,2.837725877761840820e+00,2.322561979293823242e+00,4.053710460662841797e+00,2.354694128036499023e+00,1.252011440341968651e+00,5.090000000000000000e+02,6.000000000000000000e+00,4.000000000000000000e+00,1.734984612856859121e+00
2.070000000000000284e+01,2.714059352874755859e+00,2.448367834091186523e+00,4.283208370208740234e+00,2.286705493927001953e+00,1.175513487847745342e+00,4.730000000000000000e+02,7.000000000000000000e+00,5.000000000000000000e+00,1.804934638554050785e+00
2.075000000000000000e+01,2.661273479461669922e+00,2.380003929138183594e+00,4.152593135833740234e+00,2.224641799926757812e+00,1.271389261065852816e+00,4.800000000000000000e+02,4.000000000000000000e+00,3.000000000000000000e+00,1.763587476656433894e+00
2.080000000000000071e+01,2.912236452102661133e+00,2.488933801651000977e+00,4.209522724151611328e+00,2.355926513671875000e+00,1.308662440276983752e+00,4.720000000000000000e+02,5.000000000000000000e+00,4.000000000000000000e+00,1.776239209337103109e+00
2.085000000000000142e+01,2.706481456756591797e+00,2.421128273010253906e+00,4.443684577941894531e+00,2.446460723876953125e+00,1.234714786239654138e+00,4.830000000000000000e+02,4.000000000000000000e+00,3.000000000000000000e+00,1.667395134224205266e+00
2.090000000000000213e+01,2.689656734466552734e+00,2.272492408752441406e+00,4.349889278411865234e+00,2.124128103256225586e+00,1.271049499800634752e+00,5.050000000000000000e+02,5.000000000000000000e+00,4.000000000000000000e+00,1.815627609612333160e+00
2.095000000000000284e+01,2.778743505477905273e+00,2.430873155593872070e+00,4.014057636260986328e+00,2.339639186859130859e+00,1.276431314773601722e+00,4.910000000000000000e+02,5.000000000000000000e+00,4.000000000000000000e+00,1.834168190754150496e+00
2.100000000000000000e+01,2.729019880294799805e+00,2.485319137573242188e+00,4.203733921051025391e+00,2.289202213287353516e+00,1.276995196154585344e+00,4.990000000000000000e+02,4.000000000000000000e+00,4.000000000000000000e+00,1.834241036607368258e+00
2.105000000000000071e+01,2.768216133117675781e+00,2.439178705215454102e+00,4.681050777435302734e+00,2.280666589736938477e+00,1.226329614510426991e+00,4.660000000000000000e+02,5.000000000000000000e+00,3.000000000000000000e+00,1.645751212063751190e+00
2.110000000000000142e+01,2.726472616195678711e+00,2.324278831481933594e+00,4.151397705078125000e+00,2.354584217071533203e+00,1.251897205662595436e+00,4.700000000000000000e+02,6.000000000000000000e+00,5.000000000000000000e+00,1.684051111362182773e+00
2.115000000000000213e+01,2.704090595245361328e+00,2.281390666961669922e+00,3.924586534500122070e+00,2.257932662963867188e+00,1.268097466425996966e+00,4.770000000000000000e+02,4.000000000000000000e+00,4.000000000000000000e+00,1.636774678812952022e+00
2.120000000000000284e+01,2.724841594696044922e+00,2.353344678878784180e+00,4.635483741760253906e+00,2.378766775131225586e+00,1.265119197860551825e+00,4.700000000000000000e+02,5.000000000000000000e+00,4.000000000000000000e+00,1.789950697927266354e+00
2.125000000000000000e+01,2.671338319778442383e+00,2.490665674209594727e+00,4.072502136230468750e+00,2.595197200775146484e+00,1.257492572391767593e+00,4.700000000000000000e+02,7.000000000000000000e+00,5.000000000000000000e+00,1.802355069413450694e+00
2.130000000000000071e+01,2.754608154296875000e+00,2.345322608947753906e+00,3.867421388626098633e+00,2.030613899230957031e+00,1.225679427994495585e+00,4.830000000000000000e+02,5.000000000000000000e+00,4.000000000000000000e+00,1.726161733323061442e+00
2.135000000000000142e+01,2.959294557571411133e+00,2.527297019958496094e+00,4.604564189910888672e+00,2.429072618484497070e+00,1.232958358483404959e+00,4.670000000000000000e+02,6.000000000000000000e+00,5.000000000000000000e+00,1.815570443501925979e+00
2.140000000000000213e+01,2.834639549255371094e+00,2.491274118423461914e+00,4.561831951141357422e+00,2.380043983459472656e+00,1.223396171692618051e+00,4.400000000000000000e+02,5.000000000000000000e+00,4.000000000000000000e+00,1.729549458291481212e+00
2.145000000000000284e+01,2.764139175415039062e+00,2.271501541137695312e+00,4.244609832763671875e+00,2.114363670349121094e+00,1.191214085350546181e+00,4.550000000000000000e+02,5.000000000000000000e+00,4.000000000000000000e+00,1.887844950461755600e+00
2.150000000000000000e+01,2.887927532196044922e+00,2.453339576721191406e+00,4.113901615142822266e+00,2.187545537948608398e+00,1.243676258164710946e+00,4.770000000000000000e+02,4.000000000000000000e+00,4.000000000000000000e+00,1.745569273374827812e+00
2.155000000000000071e+01,2.682616710662841797e+00,2.213694572448730469e+00,4.197160243988037109e+00,2.063553810119628906e+00,1.251295455308857107e+00,4.710000000000000000e+02,4.000000000000000000e+00,4.000000000000000000e+00,1.805833788465598611e+00
2.160000000000000142e+01,2.660712718963623047e+00,2.397547721862792969e+00,4.597008228302001953e+00,2.218657016754150391e+00,1.236423026056423513e+00,4.460000000000000000e+02,5.000000000000000000e+00,4.000000000000000000e+00,1.858357322864720551e+00
2.165000000000000213e+01,2.707130670547485352e+00,2.401072740554809570e+00,4.121811866760253906e+00,2.214104175567626953e+00,1.244212463909495581e+00,4.640000000000000000e+02,5.000000000000000000e+00,3.000000000000000000e+00,1.736927680967370380e+00
2.170000000000000284e+01,2.725671529769897461e+00,2.347622632980346680e+00,4.056641101837158203e+00,2.082035064697265625e+00,1.229419782010089390e+00,4.800000000000000000e+02,4.000000000000000000e+00,3.000000000000000000e+00,1.769786723186272503e+00
2.175000000000000000e+01,2.784087896347045898e+00,2.452887296676635742e+00,4.314383506774902344e+00,2.345506906509399414e+00,1.248909534092133455e+00,4.890000000000000000e+02,4.000000000000000000e+00,3.000000000000000000e+00,1.843013978796898655e+00
2.180000000000000071e+01,2.735876083374023438e+00,2.419997453689575195e+00,3.943454742431640625e+00,2.186474561691284180e+00,1.266190899184269636e+00,4.950000000000000000e+02,5.000000000000000000e+00,4.000000000000000000e+00,1.854138652568471546e+00
2.185000000000000142e+01,2.802314758300781250e+00,2.420853614807128906e+00,4.201635360717773438e+00,2.215802192687988281e+00,1.218424592915646310e+00,4.660000000000000000e+02,6.000000000000000000e+00,5.000000000000000000e+00,1.760742566072206694e+00
2.190000000000000213e+01,2.804711341857910156e+00,2.467750072479248047e+00,3.836921215057373047e+00,2.344638586044311523e+00,1.253633454626722710e+00,5.040000000000000000e+02,6.000000000000000000e+00,5.000000000000000000e+00,1.871688841917110047e+00
2.195000000000000284e+01,2.705766916275024414e+00,2.463080883026123047e+00,4.531063556671142578e+00,2.541847705841064453e+00,1.259509517757520847e+00,4.910000000000000000e+02,5.000000000000000000e+00,4.000000000000000000e+00,1.764980213867131109e+00
2.200000000000000000e+01,2.652214050292968750e+00,2.355015277862548828e+00,4.119367599487304688e+00,2.397366523742675781e+00,1.248799312167122810e+00,4.950000000000000000e+02,6.000000000000000000e+00,5.000000000000000000e+00,1.720610312367013561e+00
2.205000000000000071e+01,2.720058202743530273e+00,2.316424846649169922e+00,3.986223220825195312e+00,2.532246589660644531e+00,1.252542435484426786e+00,4.610000000000000000e+02,6.000000000000000000e+00,5.000000000000000000e+00,1.767101841195310774e+00
2.210000000000000142e+01,2.694496870040893555e+00,2.283212423324584961e+00,3.969397783279418945e+00,2.199066877365112305e+00,1.273883344024449249e+00,4.550000000000000000e+02,5.000000000000000000e+00,4.000000000000000000e+00,1.783527853744356406e+00
2.215000000000000213e+01,2.734775304794311523e+00,2.344092607498168945e+00,4.048356056213378906e+00,2.247530460357666016e+00,1.243789336117574917e+00,4.620000000000000000e+02,6.000000000000000000e+00,5.000000000000000000e+00,1.798090095519916165e+00
2.220000000000000284e+01,2.656928062438964844e+00,2.377576589584350586e+00,4.001580715179443359e+00,2.565693855285644531e+00,1.278529960557414302e+00,4.860000000000000000e+02,5.000000000000000000e+00,4.000000000000000000e+00,1.771847653826916336e+00
2.225000000000000000e+01,2.634500026702880859e+00,2.282947540283203125e+00,4.076222896575927734e+00,2.159599065780639648e+00,1.209584058083437608e+00,4.830000000000000000e+02,6.000000000000000000e+00,5.000000000000000000e+00,1.786359255564316406e+00
2.230000000000000071e+01,2.633202552795410156e+00,2.308861970901489258e+00,4.262111186981201172e+00,2.245261430740356445e+00,1.236879081653512014e+00,4.830000000000000000e+02,6.000000000000000000e+00,4.000000000000000000e+00,1.972822451723133419e+00
2.235000000000000142e+01,2.689266681671142578e+00,2.445556640625000000e+00,3.927468776702880859e+00,2.491271018981933594e+00,1.239609203322975306e+00,4.620000000000000000e+02,5.000000000000000000e+00,4.000000000000000000e+00,1.810588500820805358e+00
2.240000000000000213e+01,2.599006175994873047e+00,2.491854667663574219e+00,4.138375282287597656e+00,2.186056137084960938e+00,1.225342165285902229e+00,4.870000000000000000e+02,7.000000000000000000e+00,5.000000000000000000e+00,1.632658799583626141e+00
2.245000000000000284e+01,2.819657802581787109e+00,2.359520673751831055e+00,4.334454059600830078e+00,2.146334886550903320e+00,1.242063150586976361e+00,5.030000000000000000e+02,6.000000000000000000e+00,5.000000000000000000e+00,1.835808240851695583e+00
2.250000000000000000e+01,2.617424726486206055e+00,2.327025890350341797e+00,4.086921691894531250e+00,2.267875194549560547e+00,1.206783341607384541e+00,4.660000000000000000e+02,6.000000000000000000e+00,4.000000000000000000e+00,1.655289536460616828e+00
2.255000000000000071e+01,2.638523817062377930e+00,2.358737707138061523e+00,4.047063827514648438e+00,2.245087862014770508e+00,1.212311980421406421e+00,4.780000000000000000e+02,7.000000000000000000e+00,5.000000000000000000e+00,1.962570387877105249e+00
2.260000000000000142e+01,2.789186954498291016e+00,2.476594686508178711e+00,4.557652950286865234e+00,2.503210544586181641e+00,1.231480415439384579e+00,4.860000000000000000e+02,6.000000000000000000e+00,4.000000000000000000e+00,1.798657799554725489e+00
2.265000000000000213e+01,2.821166992187500000e+00,2.606809616088867188e+00,3.997376441955566406e+00,2.385499715805053711e+00,1.215470271855682016e+00,4.670000000000000000e+02,5.000000000000000000e+00,5.000000000000000000e+00,1.886331058417194617e+00
2.270000000000000284e+01,2.679346799850463867e+00,2.438810348510742188e+00,4.019910335540771484e+00,2.414831161499023438e+00,1.222898910888753354e+00,5.200000000000000000e+02,7.000000000000000000e+00,5.000000000000000000e+00,1.703465192673516482e+00
2.275000000000000000e+01,2.660192251205444336e+00,2.366152524948120117e+00,4.102340698242187500e+00,2.205039501190185547e+00,1.240572731185388466e+00,4.820000000000000000e+02,6.000000000000000000e+00,5.000000000000000000e+00,1.717517559749583755e+00
2.280000000000000071e+01,2.640633583068847656e+00,2.410757303237915039e+00,4.043697357177734375e+00,2.115386724472045898e+00,1.216062224208417808e+00,4.860000000000000000e+02,3.000000000000000000e+00,3.000000000000000000e+00,1.719079279563265006e+00
2.285000000000000142e+01,2.545626163482666016e+00,2.431486606597900391e+00,4.008989334106445312e+00,2.333512306213378906e+00,1.249970179850184770e+00,4.560000000000000000e+02,5.000000000000000000e+00,5.000000000000000000e+00,1.801749235012867878e+00
2.290000000000000213e+01,2.483482599258422852e+00,2.290706872940063477e+00,4.195729255676269531e+00,2.040597677230834961e+00,1.194273641849577849e+00,4.560000000000000000e+02,6.000000000000000000e+00,5.000000000000000000e+00,1.817474913213361187e+00
2.295000000000000284e+01,2.603478670120239258e+00,2.369489192962646484e+00,4.174777030944824219e+00,2.392676115036010742e+00,1.279283460212178092e+00,4.860000000000000000e+02,5.000000000000000000e+00,4.000000000000000000e+00,1.753138378343324311e+00
2.300000000000000000e+01,2.598050594329833984e+00,2.277810573577880859e+00,4.249894142150878906e+00,2.015900850296020508e+00,1.242511954778622529e+00,4.620000000000000000e+02,5.000000000000000000e+00,4.000000000000000000e+00,1.724948987760786867e+00
2.305000000000000071e+01,2.518581867218017578e+00,2.313888549804687500e+00,3.657753705978393555e+00,2.332983970642089844e+00,1.225723143064625376e+00,4.870000000000000000e+02,5.000000000000000000e+00,4.000000000000000000e+00,1.820206658984535819e+00
2.310000000000000142e+01,2.719185590744018555e+00,2.404752731323242188e+00,4.215467929840087891e+00,2.206557750701904297e+00,1.222958539355313956e+00,4.950000000000000000e+02,6.000000000000000000e+00,4.000000000000000000e+00,1.902204457448068098e+00
2.315000000000000213e+01,2.670299768447875977e+00,2.414851903915405273e+00,4.179207801818847656e+00,2.266102790832519531e+00,1.259462001304776591e+00,4.810000000000000000e+02,6.000000000000000000e+00,5.000000000000000000e+00,1.737034223406235478e+00
2.320000000000000284e+01,2.640594005584716797e+00,2.482879638671875000e+00,4.291779994964599609e+00,2.308544397354125977e+00,1.253352280234884653e+00,4.840000000000000000e+02,6.000000000000000000e+00,5.000000000000000000e+00,1.811040241355804437e+00
2.325000000000000000e+01,2.779823541641235352e+00,2.279727935791015625e+00,3.888926982879638672e+00,2.129586696624755859e+00,1.260853295305363719e+00,4.690000000000000000e+02,5.000000000000000000e+00,4.000000000000000000e+00,1.825234621916628219e+00
2.330000000000000071e+01,2.669579744338989258e+00,2.360438585281372070e+00,3.868359327316284180e+00,2.212756633758544922e+00,1.219429620344861354e+00,4.690000000000000000e+02,5.000000000000000000e+00,4.000000000000000000e+00,1.951569510105814143e+00
2.335000000000000142e+01,2.655124187469482422e+00,2.305485248565673828e+00,3.996073007583618164e+00,2.170859336853027344e+00,1.245628845595476486e+00,4.640000000000000000e+02,5.000000000000000000e+00,5.000000000000000000e+00,1.785905193048071604e+00
2.340000000000000213e+01,2.722891807556152344e+00,2.356889009475708008e+00,3.864202499389648438e+00,2.288084268569946289e+00,1.213561304409994879e+00,4.700000000000000000e+02,5.000000000000000000e+00,4.000000000000000000e+00,1.851114274974842822e+00
2.345000000000000284e+01,2.827753543853759766e+00,2.345418691635131836e+00,3.904293060302734375e+00,2.220799207687377930e+00,1.278473776867771861e+00,4.610000000000000000e+02,5.000000000000000000e+00,4.000000000000000000e+00,1.756012807700491951e+00
2.350000000000000000e+01,2.766416549682617188e+00,2.409966707229614258e+00,4.047621250152587891e+00,2.441183090209960938e+00,1.253742234073388140e+00,4.730000000000000000e+02,6.000000000000000000e+00,5.000000000000000000e+00,1.748061762209663916e+00
2.355000000000000071e+01,2.875635862350463867e+00,2.341997385025024414e+00,4.388054847717285156e+00,2.088611364364624023e+00,1.251293158692552421e+00,4.790000000000000000e+02,5.000000000000000000e+00,4.000000000000000000e+00,1.845992325833310410e+00
2.360000000000000142e+01,2.778185367584228516e+00,2.412520885467529297e+00,3.974447727203369141e+00,2.247312307357788086e+00,1.223902724478397319e+00,5.090000000000000000e+02,5.000000000000000000e+00,5.000000000000000000e+00,1.652360953691742740e+00
2.365000000000000213e+01,2.808127641677856445e+00,2.340943813323974609e+00,4.010169029235839844e+00,2.193351745605468750e+00,1.222843911913640724e+00,4.830000000000000000e+02,6.000000000000000000e+00,6.000000000000000000e+00,1.736228589775690390e+00
2.370000000000000284e+01,2.681051254272460938e+00,2.328041553497314453e+00,4.294126510620117188e+00,2.317327976226806641e+00,1.222390449568542037e+00,4.840000000000000000e+02,5.000000000000000000e+00,4.000000000000000000e+00,1.794575756386155962e+00
2.375000000000000000e+01,2.830584049224853516e+00,2.370307207107543945e+00,4.142672538757324219e+00,2.510094642639160156e+00,1.257771729911563385e+00,4.730000000000000000e+02,5.000000000000000000e+00,5.000000000000000000e+00,1.802562613897695787e+00
2.380000000000000071e+01,2.962380886077880859e+00,2.516932725906372070e+00,4.463816165924072266e+00,2.254198312759399414e+00,1.261830272992737090e+00,4.640000000000000000e+02,5.000000000000000000e+00,4.000000000000000000e+00,1.856525744516412724e+00
2.385000000000000142e+01,2.726639509201049805e+00,2.330979585647583008e+00,4.174950599670410156e+00,2.172238111495971680e+00,1.268774210406370395e+00,5.140000000000000000e+02,6.000000000000000000e+00,5.000000000000000000e+00,1.764550433447695355e+00
2.390000000000000213e+01,2.795965671539306641e+00,2.317443370819091797e+00,4.016526222229003906e+00,2.357741355895996094e+00,1.231313746924719954e+00,4.460000000000000000e+02,5.000000000000000000e+00,3.000000000000000000e+00,1.754231772216586993e+00
2.395000000000000284e+01,2.815458297729492188e+00,2.320667266845703125e+00,3.928572893142700195e+00,2.294074773788452148e+00,1.237663332981640441e+00,4.600000000000000000e+02,5.000000000000000000e+00,4.000000000000000000e+00,1.788213440378402241e+00
2.400000000000000000e+01,2.606657505035400391e+00,2.354230403900146484e+00,4.228884220123291016e+00,2.317303657531738281e+00,1.244908731020235360e+00,4.910000000000000000e+02,4.000000000000000000e+00,4.000000000000000000e+00,1.751873520292061892e+00
2.405000000000000071e+01,2.775985240936279297e+00,2.385211944580078125e+00,4.363691806793212891e+00,2.133925437927246094e+00,1.208794345522210101e+00,4.650000000000000000e+02,6.000000000000000000e+00,5.000000000000000000e+00,1.748244058159189374e+00
2.410000000000000142e+01,2.724864959716796875e+00,2.328457117080688477e+00,4.332082748413085938e+00,2.003550291061401367e+00,1.231290381327064365e+00,4.780000000000000000e+02,5.000000000000000000e+00,4.000000000000000000e+00,1.697836656298864266e+00
2.415000000000000213e+01,2.696546554565429688e+00,2.308949947357177734e+00,4.096847534179687500e+00,2.129288434982299805e+00,1.211446617693501038e+00,4.730000000000000000e+02,5.000000000000000000e+00,4.000000000000000000e+00,1.848773694493482944e+00
2.420000000000000284e+01,2.952854871749877930e+00,2.458076000213623047e+00,3.890371084213256836e+00,2.475490570068359375e+00,1.290625209382116667e+00,4.770000000000000000e+02,4.000000000000000000e+00,4.000000000000000000e+00,1.759726638029523116e+00
2.425000000000000000e+01,2.920118808746337891e+00,2.369064092636108398e+00,3.925032854080200195e+00,2.304305791854858398e+00,1.238043997381633066e+00,4.970000000000000000e+02,6.000000000000000000e+00,5.000000000000000000e+00,1.692191637618474465e+00
2.430000000000000071e+01,2.813656806945800781e+00,2.329000473022460938e+00,3.878059387207031250e+00,2.278108119964599609e+00,1.216297674503222570e+00,4.490000000000000000e+02,6.000000000000000000e+00,5.000000000000000000e+00,1.852554007990477203e+00
2.435000000000000142e+01,2.711039066314697266e+00,2.296507120132446289e+00,3.981961250305175781e+00,2.096981525421142578e+00,1.203171909886129098e+00,4.980000000000000000e+02,6.000000000000000000e+00,6.000000000000000000e+00,1.633011468513303477e+00
2.440000000000000213e+01,2.756672143936157227e+00,2.251043558120727539e+00,4.038759231567382812e+00,2.252935647964477539e+00,1.222420156984820538e+00,4.770000000000000000e+02,6.000000000000000000e+00,6.000000000000000000e+00,1.695032797429870897e+00
2.445000000000000284e+01,2.709573507308959961e+00,2.315217018127441406e+00,4.171853542327880859e+00,2.303734064102172852e+00,1.276885786008042700e+00,4.610000000000000000e+02,6.000000000000000000e+00,6.000000000000000000e+00,1.926214018027495589e+00
2.450000000000000000e+01,2.811435461044311523e+00,2.286180734634399414e+00,3.869072914123535156e+00,2.144084930419921875e+00,1.240606887449011930e+00,4.590000000000000000e+02,5.000000000000000000e+00,4.000000000000000000e+00,1.737420035442564625e+00
2.455000000000000071e+01,2.772593021392822266e+00,2.349954366683959961e+00,4.371118068695068359e+00,2.317111253738403320e+00,1.237388917157421719e+00,5.030000000000000000e+02,7.000000000000000000e+00,5.000000000000000000e+00,1.836584887804543875e+00
2.460000000000000142e+01,2.724583387374877930e+00,2.339747905731201172e+00,4.238164424896240234e+00,2.174700498580932617e+00,1.212099089609457447e+00,4.680000000000000000e+02,6.000000000000000000e+00,4.000000000000000000e+00,1.691243026341981981e+00
2.465000000000000213e+01,2.668454170227050781e+00,2.418325185775756836e+00,4.442063331604003906e+00,2.351193904876708984e+00,1.240243874912798416e+00,4.770000000000000000e+02,7.000000000000000000e+00,5.000000000000000000e+00,1.744938948905261578e+00
2.470000000000000284e+01,2.721201896667480469e+00,2.426383733749389648e+00,3.909624099731445312e+00,2.283774614334106445e+00,1.258119652618403306e+00,4.780000000000000000e+02,5.000000000000000000e+00,4.000000000000000000e+00,1.607909969790223270e+00
2.475000000000000000e+01,2.719753742218017578e+00,2.386193513870239258e+00,4.196489334106445312e+00,2.558660745620727539e+00,1.227977640886153354e+00,4.770000000000000000e+02,7.000000000000000000e+00,5.000000000000000000e+00,1.805221161659550155e+00
2.480000000000000071e+01,2.695313930511474609e+00,2.427751064300537109e+00,4.314999580383300781e+00,2.225497484207153320e+00,1.275431572701328786e+00,4.640000000000000000e+02,4.000000000000000000e+00,4.000000000000000000e+00,1.803491911556998950e+00
2.485000000000000142e+01,2.918060064315795898e+00,2.384582519531250000e+00,4.116104125976562500e+00,2.373007535934448242e+00,1.239993494684082043e+00,4.530000000000000000e+02,5.000000000000000000e+00,4.000000000000000000e+00,1.817501861613181280e+00
2.490000000000000213e+01,2.875925064086914062e+00,2.393353223800659180e+00,3.920066356658935547e+00,2.222112178802490234e+00,1.249111994381362001e+00,5.090000000000000000e+02,6.000000000000000000e+00,5.000000000000000000e+00,1.699944678406477783e+00
2.495000000000000284e+01,2.835176944732666016e+00,2.388463258743286133e+00,4.113814353942871094e+00,2.296343088150024414e+00,1.236147411973808508e+00,4.780000000000000000e+02,6.000000000000000000e+00,5.000000000000000000e+00,1.777717726726938618e+00
2.500000000000000000e+01,2.825014591217041016e+00,2.358683109283447266e+00,4.161044597625732422e+00,2.209803581237792969e+00,1.278201181815651122e+00,4.740000000000000000e+02,6.000000000000000000e+00,4.000000000000000000e+00,1.820353489201402830e+00
2.505000000000000071e+01,2.821913957595825195e+00,2.335381984710693359e+00,4.143869876861572266e+00,1.916573643684387207e+00,1.246524627541474528e+00,4.630000000000000000e+02,5.000000000000000000e+00,4.000000000000000000e+00,1.785968911828388794e+00
2.510000000000000142e+01,2.884253501892089844e+00,2.355158567428588867e+00,4.301265716552734375e+00,2.214648485183715820e+00,1.238865280135756475e+00,4.770000000000000000e+02,5.000000000000000000e+00,5.000000000000000000e+00,1.845485880540619350e+00
2.515000000000000213e+01,2.777395009994506836e+00,2.310814619064331055e+00,4.008307456970214844e+00,2.364504575729370117e+00,1.254891223690593804e+00,4.970000000000000000e+02,7.000000000000000000e+00,5.000000000000000000e+00,1.868061015664649993e+00
2.520000000000000284e+01,2.775199890136718750e+00,2.444072246551513672e+00,3.990751266479492188e+00,2.162558317184448242e+00,1.254539717013778422e+00,4.800000000000000000e+02,6.000000000000000000e+00,5.000000000000000000e+00,1.757341948843090806e+00
2.525000000000000000e+01,2.837724685668945312e+00,2.346221208572387695e+00,4.570257663726806641e+00,2.206859350204467773e+00,1.271901957863710297e+00,4.710000000000000000e+02,6.000000000000000000e+00,5.000000000000000000e+00,1.878306623204838210e+00
2.530000000000000071e+01,2.861691951751708984e+00,2.388383388519287109e+00,4.228152751922607422e+00,2.201853036880493164e+00,1.246005980949099978e+00,4.860000000000000000e+02,5.000000000000000000e+00,5.000000000000000000e+00,1.764925435872763071e+00
2.535000000000000142e+01,2.872193336486816406e+00,2.336932659149169922e+00,4.068242549896240234e+00,2.290129184722900391e+00,1.265862548341333271e+00,4.960000000000000000e+02,5.000000000000000000e+00,4.000000000000000000e+00,1.831081388838083912e+00
2.540000000000000213e+01,2.887127399444580078e+00,2.350056409835815430e+00,4.401930809020996094e+00,2.317216634750366211e+00,1.229524197598642843e+00,4.720000000000000000e+02,5.000000000000000000e+00,5.000000000000000000e+00,1.764575501496688181e+00
2.545000000000000284e+01,2.862350702285766602e+00,2.321114063262939453e+00,4.005169391632080078e+00,2.013254404067993164e+00,1.215631698072744182e+00,4.840000000000000000e+02,6.000000000000000000e+00,6.000000000000000000e+00,1.710529512994530155e+00
2.550000000000000000e+01,2.864970922470092773e+00,2.332377195358276367e+00,4.518845081329345703e+00,2.261309862136840820e+00,1.211759002788570294e+00,4.520000000000000000e+02,5.000000000000000000e+00,5.000000000000000000e+00,1.677608800545280054e+00
2.555000000000000071e+01,2.934601783752441406e+00,2.400540351867675781e+00,4.385686397552490234e+00,2.338741302490234375e+00,1.265761836728045209e+00,4.800000000000000000e+02,6.000000000000000000e+00,5.000000000000000000e+00,1.706624345347491412e+00
2.560000000000000142e+01,2.949108123779296875e+00,2.437057018280029297e+00,4.248927116394042969e+00,2.282318592071533203e+00,1.249849452965276164e+00,4.780000000000000000e+02,6.000000000000000000e+00,5.000000000000000000e+00,1.806473961562550024e+00
2.565000000000000213e+01,2.882059574127197266e+00,2.272259712219238281e+00,4.664043426513671875e+00,2.194065809249877930e+00,1.216327030077678950e+00,4.570000000000000000e+02,6.000000000000000000e+00,5.000000000000000000e+00,1.772087243212859820e+00
2.570000000000000284e+01,2.856028079986572266e+00,2.346363306045532227e+00,4.257832050323486328e+00,2.056193113327026367e+00,1.234786426616374166e+00,4.700000000000000000e+02,5.000000000000000000e+00,4.000000000000000000e+00,1.840268228700434605e+00
2.575000000000000000e+01,2.820657730102539062e+00,2.400565385818481445e+00,4.408942222595214844e+00,2.023494005203247070e+00,1.209955440352779465e+00,4.700000000000000000e+02,5.000000000000000000e+00,4.000000000000000000e+00,1.804809898654070599e+00
2.580000000000000071e+01,2.920660018920898438e+00,2.407710790634155273e+00,4.199604511260986328e+00,2.310972929000854492e+00,1.231980810651702951e+00,4.770000000000000000e+02,5.000000000000000000e+00,4.000000000000000000e+00,1.823274952432488050e+00
2.585000000000000142e+01,2.863483667373657227e+00,2.295481443405151367e+00,4.150215625762939453e+00,2.327482938766479492e+00,1.272125087807336907e+00,5.000000000000000000e+02,5.000000000000000000e+00,5.000000000000000000e+00,1.864475150406017301e+00
2.590000000000000213e+01,2.819269180297851562e+00,2.456340551376342773e+00,4.383696079254150391e+00,2.426641941070556641e+00,1.237449685648805531e+00,4.710000000000000000e+02,6.000000000000000000e+00,5.000000000000000000e+00,1.943336314260665887e+00
2.595000000000000284e+01,2.808481216430664062e+00,2.341428041458129883e+00,4.104620933532714844e+00,2.119030237197875977e+00,1.248642935364788098e+00,4.700000000000000000e+02,6.000000000000000000e+00,5.000000000000000000e+00,1.821197117913451180e+00
2.600000000000000000e+01,2.889086246490478516e+00,2.325395107269287109e+00,4.144514083862304688e+00,2.244480133056640625e+00,1.242354380975167816e+00,5.050000000000000000e+02,6.000000000000000000e+00,5.000000000000000000e+00,1.708216106028801695e+00
2.605000000000000071e+01,2.824937105178833008e+00,2.292550325393676758e+00,4.356642723083496094e+00,2.433228015899658203e+00,1.244664369606858889e+00,4.650000000000000000e+02,6.000000000000000000e+00,4.000000000000000000e+00,1.900397993847794620e+00
2.610000000000000142e+01,2.731886386871337891e+00,2.200937271118164062e+00,4.230445861816406250e+00,2.242427110671997070e+00,1.223858368439030730e+00,4.670000000000000000e+02,5.000000000000000000e+00,5.000000000000000000e+00,1.785634435032303902e+00
2.615000000000000213e+01,2.869697809219360352e+00,2.374076366424560547e+00,4.286479473114013672e+00,2.315976381301879883e+00,1.294152782681265990e+00,5.230000000000000000e+02,6.000000000000000000e+00,5.000000000000000000e+00,1.808169559542875504e+00
2.620000000000000284e+01,2.776824951171875000e+00,2.465095281600952148e+00,4.299070358276367188e+00,2.245740652084350586e+00,1.221075297738421161e+00,4.660000000000000000e+02,5.000000000000000000e+00,4.000000000000000000e+00,1.877205340242700027e+00
2.625000000000000000e+01,2.874420166015625000e+00,2.356094837188720703e+00,4.116057872772216797e+00,2.382978916168212891e+00,1.233926933353642452e+00,4.790000000000000000e+02,6.000000000000000000e+00,5.000000000000000000e+00,1.787376640286495899e+00
2.630000000000000071e+01,2.780952453613281250e+00,2.316357612609863281e+00,4.230134487152099609e+00,2.309977769851684570e+00,1.212663940766905313e+00,4.370000000000000000e+02,6.000000000000000000e+00,5.000000000000000000e+00,1.702708709419963551e+00
2.635000000000000142e+01,2.765266895294189453e+00,2.232208967208862305e+00,4.303709506988525391e+00,2.168734073638916016e+00,1.220784746429230516e+00,4.650000000000000000e+02,5.000000000000000000e+00,5.000000000000000000e+00,1.849919184320103271e+00
2.640000000000000213e+01,2.655328512191772461e+00,2.336156606674194336e+00,4.047215938568115234e+00,2.180177211761474609e+00,1.282980405490969478e+00,5.010000000000000000e+02,4.000000000000000000e+00,4.000000000000000000e+00,1.903094657046735305e+00
2.645000000000000284e+01,2.715348720550537109e+00,2.441533088684082031e+00,4.077085494995117188e+00,2.231621980667114258e+00,1.211492686400473362e+00,4.910000000000000000e+02,4.000000000000000000e+00,4.000000000000000000e+00,1.872763138619772727e+00
2.650000000000000000e+01,2.751635074615478516e+00,2.424877643585205078e+00,4.480453968048095703e+00,1.943566203117370605e+00,1.284569485082520890e+00,4.480000000000000000e+02,6.000000000000000000e+00,4.000000000000000000e+00,1.909447652425050101e+00
2.655000000000000071e+01,2.772299051284790039e+00,2.380099773406982422e+00,4.050338745117187500e+00,1.764481306076049805e+00,1.282411295205214685e+00,4.740000000000000000e+02,6.000000000000000000e+00,5.000000000000000000e+00,1.665494985288387575e+00
2.660000000000000142e+01,2.590611934661865234e+00,2.276422262191772461e+00,3.970547199249267578e+00,1.873178243637084961e+00,1.234871463908354450e+00,4.900000000000000000e+02,6.000000000000000000e+00,5.000000000000000000e+00,1.804889634634897266e+00
2.665000000000000213e+01,2.728541374206542969e+00,2.604557991027832031e+00,3.765481472015380859e+00,2.221120357513427734e+00,1.215382665071009338e+00,4.790000000000000000e+02,5.000000000000000000e+00,4.000000000000000000e+00,1.769682246706399953e+00
2.670000000000000284e+01,2.731596231460571289e+00,2.482296466827392578e+00,3.826943397521972656e+00,2.214483022689819336e+00,1.229744320832374394e+00,4.820000000000000000e+02,7.000000000000000000e+00,5.000000000000000000e+00,1.810444011651614282e+00
2.675000000000000000e+01,2.625185489654541016e+00,2.293081045150756836e+00,3.887916088104248047e+00,2.177888393402099609e+00,1.225150862025284892e+00,4.610000000000000000e+02,6.000000000000000000e+00,5.000000000000000000e+00,1.852213193154327531e+00
2.680000000000000071e+01,2.665785551071166992e+00,2.359163284301757812e+00,4.327606678009033203e+00,2.196402788162231445e+00,1.290088340730225491e+00,4.720000000000000000e+02,7.000000000000000000e+00,5.000000000000000000e+00,1.881587090728009670e+00
2.685000000000000142e+01,2.836490154266357422e+00,2.355144500732421875e+00,4.199435234069824219e+00,1.969949483871459961e+00,1.210305191591136698e+00,4.610000000000000000e+02,5.000000000000000000e+00,4.000000000000000000e+00,1.905580039610669241e+00
2.690000000000000213e+01,2.720353126525878906e+00,2.466173171997070312e+00,4.212511062622070312e+00,2.093695878982543945e+00,1.244241163987585885e+00,4.860000000000000000e+02,7.000000000000000000e+00,5.000000000000000000e+00,1.762934393711484971e+00
2.695000000000000284e+01,2.774477481842041016e+00,2.402488946914672852e+00,4.558654785156250000e+00,2.045350551605224609e+00,1.218430600828642962e+00,4.960000000000000000e+02,6.000000000000000000e+00,4.000000000000000000e+00,1.783312637340048523e+00
2.700000000000000000e+01,2.746365070343017578e+00,2.270102024078369141e+00,4.229683399200439453e+00,1.987928152084350586e+00,1.255502992457429912e+00,4.850000000000000000e+02,5.000000000000000000e+00,4.000000000000000000e+00,1.762808797768512292e+00
2.705000000000000071e+01,2.734884738922119141e+00,2.333329200744628906e+00,4.390495300292968750e+00,2.055070638656616211e+00,1.239336358749501876e+00,4.740000000000000000e+02,7.000000000000000000e+00,4.000000000000000000e+00,1.705568420048244827e+00
2.710000000000000142e+01,2.672867536544799805e+00,2.440006494522094727e+00,4.269008159637451172e+00,1.990254402160644531e+00,1.286309167648504115e+00,4.360000000000000000e+02,6.000000000000000000e+00,4.000000000000000000e+00,1.922289012698204846e+00
2.715000000000000213e+01,2.772148847579956055e+00,2.525142192840576172e+00,4.355922222137451172e+00,2.028505325317382812e+00,1.249802655574182131e+00,4.500000000000000000e+02,7.000000000000000000e+00,6.000000000000000000e+00,1.752131311296547755e+00
2.720000000000000284e+01,2.701091289520263672e+00,2.270320653915405273e+00,4.300218105316162109e+00,2.139796495437622070e+00,1.276865939717976683e+00,4.820000000000000000e+02,6.000000000000000000e+00,5.000000000000000000e+00,1.739300629185669189e+00
2.725000000000000000e+01,2.621832370758056641e+00,2.337954044342041016e+00,4.414887428283691406e+00,2.164299726486206055e+00,1.245016871241309220e+00,4.860000000000000000e+02,6.000000000000000000e+00,6.000000000000000000e+00,1.655216120481746600e+00
2.730000000000000071e+01,2.774794340133666992e+00,2.283611536026000977e+00,4.227819919586181641e+00,1.942532181739807129e+00,1.246165552154041345e+00,4.870000000000000000e+02,6.000000000000000000e+00,5.000000000000000000e+00,1.827843258345709820e+00
2.735000000000000142e+01,2.747139453887939453e+00,2.241289854049682617e+00,3.812788009643554688e+00,2.071469306945800781e+00,1.250902740372258348e+00,4.660000000000000000e+02,6.000000000000000000e+00,6.000000000000000000e+00,1.595111741594925192e+00
2.740000000000000213e+01,2.766517400741577148e+00,2.253675460815429688e+00,4.457110404968261719e+00,2.259164571762084961e+00,1.229370546367445804e+00,4.890000000000000000e+02,6.000000000000000000e+00,6.000000000000000000e+00,1.850791945970902130e+00
2.745000000000000284e+01,2.768094301223754883e+00,2.251242637634277344e+00,4.092353820800781250e+00,1.947568178176879883e+00,1.233618749757425581e+00,4.620000000000000000e+02,7.000000000000000000e+00,5.000000000000000000e+00,1.747135837759957955e+00
2.750000000000000000e+01,2.633960723876953125e+00,2.250956535339355469e+00,4.222884178161621094e+00,1.756098389625549316e+00,1.277954141655376130e+00,4.750000000000000000e+02,6.000000000000000000e+00,5.000000000000000000e+00,1.700011246399265818e+00
2.755000000000000071e+01,2.637315273284912109e+00,2.272738933563232422e+00,4.041502952575683594e+00,2.067462921142578125e+00,1.275209667531129965e+00,4.800000000000000000e+02,6.000000000000000000e+00,5.000000000000000000e+00,1.717811825621726740e+00
2.760000000000000142e+01,2.646223306655883789e+00,2.238847732543945312e+00,4.192489624023437500e+00,1.972308635711669922e+00,1.257146487251005196e+00,4.770000000000000000e+02,5.000000000000000000e+00,5.000000000000000000e+00,1.784145984861363221e+00
2.765000000000000213e+01,2.715257644653320312e+00,2.290348768234252930e+00,3.920649528503417969e+00,2.074415445327758789e+00,1.214652553064256679e+00,4.730000000000000000e+02,4.000000000000000000e+00,3.000000000000000000e+00,1.679736634090167158e+00
2.770000000000000284e+01,2.705306768417358398e+00,2.242171525955200195e+00,4.205258369445800781e+00,2.079651594161987305e+00,1.227162785466360484e+00,4.680000000000000000e+02,7.000000000000000000e+00,5.000000000000000000e+00,1.719708927982052771e+00
2.775000000000000000e+01,2.774270057678222656e+00,2.186185359954833984e+00,3.858860969543457031e+00,2.154042959213256836e+00,1.238636769876790611e+00,4.940000000000000000e+02,6.000000000000000000e+00,5.000000000000000000e+00,1.619786507561677080e+00
2.780000000000000071e+01,2.749706268310546875e+00,2.394356966018676758e+00,4.113860607147216797e+00,1.945050477981567383e+00,1.261073057808221876e+00,4.800000000000000000e+02,5.000000000000000000e+00,4.000000000000000000e+00,1.864673836838026899e+00
2.785000000000000142e+01,2.680941581726074219e+00,2.255571842193603516e+00,4.287692070007324219e+00,1.999631166458129883e+00,1.223693239973459690e+00,4.580000000000000000e+02,6.000000000000000000e+00,5.000000000000000000e+00,1.796283988906539397e+00
2.790000000000000213e+01,2.753756523132324219e+00,2.369249105453491211e+00,4.022729873657226562e+00,2.012667179107666016e+00,1.235326463066736657e+00,4.940000000000000000e+02,7.000000000000000000e+00,5.000000000000000000e+00,1.860190956648807958e+00
2.795000000000000284e+01,2.741883039474487305e+00,2.254716396331787109e+00,4.082966804504394531e+00,1.876399040222167969e+00,1.231315430916260834e+00,4.690000000000000000e+02,6.000000000000000000e+00,5.000000000000000000e+00,1.810122234408457986e+00
2.800000000000000000e+01,2.920203447341918945e+00,2.486168146133422852e+00,4.068303585052490234e+00,2.193348407745361328e+00,1.190573929861369784e+00,4.970000000000000000e+02,7.000000000000000000e+00,4.000000000000000000e+00,1.804720619880520793e+00
2.805000000000000071e+01,2.701163768768310547e+00,2.287158250808715820e+00,3.864060878753662109e+00,1.902698874473571777e+00,1.186705934285413822e+00,4.960000000000000000e+02,7.000000000000000000e+00,5.000000000000000000e+00,1.651511256738395161e+00
2.810000000000000142e+01,2.844624280929565430e+00,2.376235485076904297e+00,4.335526466369628906e+00,1.987755298614501953e+00,1.271031797191969126e+00,4.930000000000000000e+02,6.000000000000000000e+00,4.000000000000000000e+00,1.746025174802954716e+00
2.815000000000000213e+01,2.846411228179931641e+00,2.247852087020874023e+00,3.847601652145385742e+00,1.895530462265014648e+00,1.194002049647418406e+00,4.970000000000000000e+02,6.000000000000000000e+00,4.000000000000000000e+00,1.835446351828947886e+00
2.820000000000000284e+01,2.652723789215087891e+00,2.274919748306274414e+00,3.648129940032958984e+00,2.206363439559936523e+00,1.270473164219665385e+00,4.880000000000000000e+02,6.000000000000000000e+00,6.000000000000000000e+00,1.760328261424282559e+00
2.825000000000000000e+01,2.821710109710693359e+00,2.349555969238281250e+00,3.809910297393798828e+00,1.873208880424499512e+00,1.219416193479295973e+00,4.680000000000000000e+02,5.000000000000000000e+00,4.000000000000000000e+00,1.718850827724943908e+00
2.830000000000000071e+01,2.925775051116943359e+00,2.497661352157592773e+00,3.766868591308593750e+00,2.251814126968383789e+00,1.045764335712208615e+00,5.020000000000000000e+02,6.000000000000000000e+00,3.000000000000000000e+00,1.840105835745524221e+00
2.835000000000000142e+01,2.736546993255615234e+00,2.388644695281982422e+00,3.982374191284179688e+00,1.989563941955566406e+00,1.018256883653703593e+00,4.910000000000000000e+02,7.000000000000000000e+00,5.000000000000000000e+00,1.639170399023474056e+00
2.840000000000000213e+01,2.802340507507324219e+00,2.420185804367065430e+00,3.807006120681762695e+00,2.152317285537719727e+00,1.168732962770076433e+00,4.670000000000000000e+02,5.000000000000000000e+00,3.000000000000000000e+00,1.763521094344929097e+00
2.845000000000000284e+01,2.703055858612060547e+00,2.334189653396606445e+00,3.748272418975830078e+00,2.174036979675292969e+00,1.247563294399370193e+00,4.910000000000000000e+02,6.000000000000000000e+00,5.000000000000000000e+00,1.789764177874651363e+00
2.850000000000000000e+01,2.700907230377197266e+00,2.399436950683593750e+00,4.129725456237792969e+00,2.073666095733642578e+00,1.241896529489680656e+00,4.630000000000000000e+02,6.000000000000000000e+00,5.000000000000000000e+00,1.975335992278890451e+00
2.855000000000000071e+01,2.809919834136962891e+00,2.449797630310058594e+00,3.828612327575683594e+00,2.063814640045166016e+00,1.253640317726912201e+00,4.660000000000000000e+02,5.000000000000000000e+00,4.000000000000000000e+00,1.704168286506422714e+00
2.860000000000000142e+01,2.847482919692993164e+00,2.373098850250244141e+00,4.338772773742675781e+00,2.328825473785400391e+00,1.228856221321192654e+00,4.800000000000000000e+02,7.000000000000000000e+00,5.000000000000000000e+00,1.797399105473697301e+00
2.865000000000000213e+01,2.640048265457153320e+00,2.362489223480224609e+00,4.453230857849121094e+00,1.974385738372802734e+00,1.221371020677536556e+00,4.910000000000000000e+02,5.000000000000000000e+00,4.000000000000000000e+00,1.760960063966975131e+00
2.870000000000000284e+01,2.777793645858764648e+00,2.366822004318237305e+00,3.868329524993896484e+00,2.095176458358764648e+00,1.254967203067258508e+00,4.740000000000000000e+02,6.000000000000000000e+00,5.000000000000000000e+00,1.768141638021299755e+00
2.875000000000000000e+01,2.771470546722412109e+00,2.312201499938964844e+00,3.984884262084960938e+00,2.030320882797241211e+00,1.262872280404705450e+00,4.540000000000000000e+02,6.000000000000000000e+00,6.000000000000000000e+00,1.699753869243180171e+00
2.880000000000000071e+01,2.668156862258911133e+00,2.396345615386962891e+00,4.189237594604492188e+00,1.994078040122985840e+00,1.186355002070047293e+00,4.940000000000000000e+02,5.000000000000000000e+00,5.000000000000000000e+00,1.823459250706652712e+00
2.885000000000000142e+01,2.685103654861450195e+00,2.280541896820068359e+00,4.207411289215087891e+00,1.755412220954895020e+00,9.989046665636485134e-01,4.790000000000000000e+02,5.000000000000000000e+00,5.000000000000000000e+00,1.740305830824431688e+00
2.890000000000000213e+01,2.659914970397949219e+00,2.436730146408081055e+00,4.465461254119873047e+00,1.783886551856994629e+00,9.870597433153507350e-01,4.660000000000000000e+02,6.000000000000000000e+00,5.000000000000000000e+00,1.844858790912141000e+00
2.895000000000000284e+01,2.574913024902343750e+00,2.324245929718017578e+00,4.270415306091308594e+00,1.867469429969787598e+00,1.049116688657171670e+00,4.480000000000000000e+02,5.000000000000000000e+00,4.000000000000000000e+00,1.765000487382880401e+00
2.900000000000000000e+01,2.717098236083984375e+00,2.406057596206665039e+00,3.982333660125732422e+00,1.817374348640441895e+00,1.047166905094778500e+00,4.610000000000000000e+02,6.000000000000000000e+00,5.000000000000000000e+00,1.732473177290012378e+00
2.905000000000000071e+01,2.728328704833984375e+00,2.319361448287963867e+00,3.991816282272338867e+00,2.016208410263061523e+00,1.007596990704773487e+00,4.870000000000000000e+02,6.000000000000000000e+00,4.000000000000000000e+00,1.816231341306561387e+00
2.910000000000000142e+01,2.654887676239013672e+00,2.457848310470581055e+00,4.186264991760253906e+00,2.143444299697875977e+00,9.954735828459047031e-01,4.990000000000000000e+02,8.000000000000000000e+00,6.000000000000000000e+00,1.693844342934851976e+00
2.915000000000000213e+01,2.717085123062133789e+00,2.439924478530883789e+00,3.857982397079467773e+00,2.070816516876220703e+00,1.063025955419600654e+00,5.040000000000000000e+02,6.000000000000000000e+00,5.000000000000000000e+00,1.804476190611703945e+00
2.920000000000000284e+01,2.717149496078491211e+00,2.384485721588134766e+00,4.206958293914794922e+00,1.920453786849975586e+00,1.024784454479348073e+00,4.860000000000000000e+02,6.000000000000000000e+00,5.000000000000000000e+00,1.701428677920992172e+00
2.925000000000000000e+01,2.756440162658691406e+00,2.383980989456176758e+00,4.163722515106201172e+00,2.101714134216308594e+00,9.453504832085889431e-01,4.860000000000000000e+02,6.000000000000000000e+00,6.000000000000000000e+00,1.709011603649575273e+00
2.930000000000000071e+01,2.697993755340576172e+00,2.367325305938720703e+00,4.267443656921386719e+00,1.838034987449645996e+00,9.918778401237500209e-01,4.830000000000000000e+02,7.000000000000000000e+00,6.000000000000000000e+00,1.752959245951922096e+00
2.935000000000000142e+01,2.722478151321411133e+00,2.259284973144531250e+00,3.871052026748657227e+00,2.389477014541625977e+00,1.019496808810542943e+00,4.610000000000000000e+02,5.000000000000000000e+00,4.000000000000000000e+00,1.917395620603140616e+00
2.940000000000000213e+01,2.687535762786865234e+00,2.358031749725341797e+00,3.913456201553344727e+00,2.094535350799560547e+00,9.848189405469076618e-01,4.780000000000000000e+02,6.000000000000000000e+00,6.000000000000000000e+00,1.779035354239202782e+00
2.945000000000000284e+01,2.821004152297973633e+00,2.292423725128173828e+00,4.109865665435791016e+00,2.234954595565795898e+00,1.013653572232440014e+00,4.490000000000000000e+02,6.000000000000000000e+00,6.000000000000000000e+00,1.746923199730180176e+00
2.950000000000000000e+01,2.736063480377197266e+00,2.271878242492675781e+00,4.382715225219726562e+00,1.966202855110168457e+00,1.037675902933931749e+00,4.250000000000000000e+02,7.000000000000000000e+00,6.000000000000000000e+00,1.822259085005522916e+00
2.955000000000000071e+01,2.995569467544555664e+00,2.410091161727905273e+00,4.262149333953857422e+00,2.007758617401123047e+00,1.006021037903066073e+00,4.780000000000000000e+02,6.000000000000000000e+00,6.000000000000000000e+00,1.631121230331149086e+00
2.960000000000000142e+01,2.846262931823730469e+00,2.380227804183959961e+00,4.181365489959716797e+00,2.082911491394042969e+00,9.663428093612544956e-01,4.890000000000000000e+02,5.000000000000000000e+00,5.000000000000000000e+00,1.781328774180173546e+00
2.965000000000000213e+01,2.956165313720703125e+00,2.242617368698120117e+00,3.972865343093872070e+00,2.151559591293334961e+00,1.009887920186920196e+00,4.770000000000000000e+02,6.000000000000000000e+00,6.000000000000000000e+00,1.793999230959869573e+00
2.970000000000000284e+01,2.873902559280395508e+00,2.350811004638671875e+00,4.301965713500976562e+00,2.143079757690429688e+00,1.137997262493568362e+00,4.910000000000000000e+02,7.000000000000000000e+00,6.000000000000000000e+00,1.723608687386664284e+00
2.975000000000000000e+01,2.771727085113525391e+00,2.276717424392700195e+00,3.782388210296630859e+00,2.084429025650024414e+00,8.900297037711959458e-01,4.580000000000000000e+02,5.000000000000000000e+00,4.000000000000000000e+00,1.837551178153545184e+00
2.980000000000000071e+01,2.939956188201904297e+00,2.579443931579589844e+00,4.156833648681640625e+00,2.267638444900512695e+00,1.048139749212350091e+00,4.570000000000000000e+02,6.000000000000000000e+00,3.000000000000000000e+00,1.768780397476994892e+00
2.985000000000000142e+01,2.793255090713500977e+00,2.353376626968383789e+00,3.889040470123291016e+00,2.096666336059570312e+00,9.990190314155529272e-01,4.620000000000000000e+02,6.000000000000000000e+00,4.000000000000000000e+00,1.934739135832422186e+00
2.990000000000000213e+01,2.706932067871093750e+00,2.389043331146240234e+00,3.862684249877929688e+00,1.820121884346008301e+00,8.926828400416654263e-01,4.890000000000000000e+02,6.000000000000000000e+00,5.000000000000000000e+00,1.669957288158278708e+00
2.995000000000000284e+01,2.797805309295654297e+00,2.493004083633422852e+00,3.929168939590454102e+00,1.819240808486938477e+00,9.206664075564912064e-01,4.750000000000000000e+02,5.000000000000000000e+00,4.000000000000000000e+00,1.703378811524715708e+00
3.000000000000000000e+01,2.857781887054443359e+00,2.385190248489379883e+00,4.177814483642578125e+00,1.917825698852539062e+00,9.939000967671189901e-01,4.780000000000000000e+02,6.000000000000000000e+00,4.000000000000000000e+00,1.707639170977968357e+00
3.005000000000000071e+01,2.678499460220336914e+00,2.504369974136352539e+00,4.394999027252197266e+00,1.981855392456054688e+00,9.807603881947213331e-01,4.970000000000000000e+02,6.000000000000000000e+00,5.000000000000000000e+00,1.711135699523790521e+00
3.010000000000000142e+01,2.759928464889526367e+00,2.460151672363281250e+00,4.397168636322021484e+00,1.990525960922241211e+00,9.973758909706609277e-01,4.790000000000000000e+02,6.000000000000000000e+00,6.000000000000000000e+00,1.612709396166398079e+00
3.015000000000000213e+01,2.800880670547485352e+00,2.398448228836059570e+00,4.268177986145019531e+00,1.995070457458496094e+00,1.034509142107451041e+00,4.870000000000000000e+02,6.000000000000000000e+00,5.000000000000000000e+00,1.698074981065756051e+00
3.020000000000000284e+01,2.790368080139160156e+00,2.399656772613525391e+00,4.197785854339599609e+00,1.731533765792846680e+00,9.884338764411757516e-01,4.670000000000000000e+02,5.000000000000000000e+00,4.000000000000000000e+00,1.786267393324825203e+00
3.025000000000000000e+01,2.770955562591552734e+00,2.320406913757324219e+00,3.625917673110961914e+00,1.913936138153076172e+00,8.706109393597034618e-01,4.810000000000000000e+02,7.000000000000000000e+00,5.000000000000000000e+00,1.848905739276745841e+00
3.030000000000000071e+01,2.954481124877929688e+00,2.362127780914306641e+00,4.084389686584472656e+00,2.014394998550415039e+00,1.163625376922317933e+00,4.540000000000000000e+02,6.000000000000000000e+00,4.000000000000000000e+00,1.981570288836485449e+00
3.035000000000000142e+01,2.781518459320068359e+00,2.391771554946899414e+00,3.802028894424438477e+00,2.266831636428833008e+00,1.055858368568240779e+00,5.080000000000000000e+02,7.000000000000000000e+00,5.000000000000000000e+00,1.810877574884986352e+00
3.040000000000000213e+01,2.898755550384521484e+00,2.573024034500122070e+00,3.940684556961059570e+00,2.032324075698852539e+00,1.124615470526737937e+00,4.710000000000000000e+02,6.000000000000000000e+00,3.000000000000000000e+00,1.843677247801673635e+00
3.045000000000000284e+01,2.736191749572753906e+00,2.470241308212280273e+00,4.113478183746337891e+00,2.124523878097534180e+00,1.011761186577556648e+00,4.740000000000000000e+02,6.000000000000000000e+00,4.000000000000000000e+00,1.864990055958551718e+00
3.050000000000000000e+01,2.749206781387329102e+00,2.387717723846435547e+00,3.725280761718750000e+00,1.916241765022277832e+00,8.596874698286181005e-01,4.670000000000000000e+02,6.000000000000000000e+00,5.000000000000000000e+00,1.755358998559959582e+00
3.055000000000000071e+01,2.861546516418457031e+00,2.414498329162597656e+00,4.009878158569335938e+00,1.796430468559265137e+00,9.255370145277218574e-01,5.160000000000000000e+02,5.000000000000000000e+00,5.000000000000000000e+00,1.677776318580264103e+00
3.060000000000000142e+01,2.606760978698730469e+00,2.269915342330932617e+00,4.292766094207763672e+00,1.644921064376831055e+00,9.010039419556631346e-01,4.570000000000000000e+02,6.000000000000000000e+00,3.000000000000000000e+00,1.831574913691087270e+00
3.065000000000000213e+01,2.772609233856201172e+00,2.272848606109619141e+00,4.041457653045654297e+00,1.774444818496704102e+00,8.999589588150243014e-01,4.970000000000000000e+02,7.000000000000000000e+00,5.000000000000000000e+00,1.731932403823363886e+00
3.070000000000000284e+01,2.729182004928588867e+00,2.227924346923828125e+00,4.121439456939697266e+00,1.878386855125427246e+00,8.455315907331291125e-01,5.050000000000000000e+02,7.000000000000000000e+00,5.000000000000000000e+00,1.796758091434391913e+00
3.075000000000000000e+01,2.813941955566406250e+00,2.426765918731689453e+00,3.998355627059936523e+00,2.109343290328979492e+00,1.095000124371084294e+00,4.910000000000000000e+02,7.000000000000000000e+00,5.000000000000000000e+00,1.735922507086125055e+00
3.080000000000000071e+01,2.855934619903564453e+00,2.375803470611572266e+00,4.054878711700439453e+00,2.121952295303344727e+00,1.211065499228544118e+00,4.790000000000000000e+02,5.000000000000000000e+00,4.000000000000000000e+00,1.791985670004606623e+00
3.085000000000000142e+01,2.936035633087158203e+00,2.345937728881835938e+00,4.125250816345214844e+00,2.118580579757690430e+00,9.838793509363186196e-01,4.890000000000000000e+02,6.000000000000000000e+00,5.000000000000000000e+00,1.743792833563755806e+00
3.090000000000000213e+01,2.780242204666137695e+00,2.268177509307861328e+00,3.790740489959716797e+00,2.042165517807006836e+00,9.710602049125459656e-01,4.900000000000000000e+02,6.000000000000000000e+00,5.000000000000000000e+00,1.877552766217758462e+00
3.095000000000000284e+01,2.846705436706542969e+00,2.313986778259277344e+00,3.684063434600830078e+00,2.018508672714233398e+00,1.022044641479177285e+00,4.620000000000000000e+02,3.000000000000000000e+00,3.000000000000000000e+00,1.782762408669840370e+00
3.100000000000000000e+01,2.806319236755371094e+00,2.313385248184204102e+00,4.049100399017333984e+00,2.013701677322387695e+00,1.037178024903866014e+00,4.790000000000000000e+02,6.000000000000000000e+00,5.000000000000000000e+00,1.803137047054471864e+00
3.105000000000000071e+01,2.855798244476318359e+00,2.287070989608764648e+00,4.092737197875976562e+00,2.118933677673339844e+00,1.286212161975718082e+00,4.730000000000000000e+02,5.000000000000000000e+00,5.000000000000000000e+00,1.820804652615496178e+00
3.110000000000000142e+01,2.879772186279296875e+00,2.462468385696411133e+00,4.065258979797363281e+00,2.014355182647705078e+00,1.239006475710548560e+00,4.700000000000000000e+02,5.000000000000000000e+00,4.000000000000000000e+00,1.938735709581988598e+00
3.115000000000000213e+01,2.651548862457275391e+00,2.336698055267333984e+00,3.923276662826538086e+00,2.231780529022216797e+00,9.987700144106188560e-01,4.510000000000000000e+02,6.000000000000000000e+00,4.000000000000000000e+00,1.770986512669518786e+00
3.120000000000000284e+01,2.683820962905883789e+00,2.396989583969116211e+00,4.005316734313964844e+00,2.061336517333984375e+00,9.749781218099859981e-01,4.930000000000000000e+02,7.000000000000000000e+00,5.000000000000000000e+00,1.687118791555145547e+00
3.125000000000000000e+01,2.759244203567504883e+00,2.348031044006347656e+00,3.940104961395263672e+00,1.952976703643798828e+00,9.956386926094957790e-01,4.900000000000000000e+02,7.000000000000000000e+00,5.000000000000000000e+00,1.815380219479910684e+00
3.130000000000000071e+01,2.772686481475830078e+00,2.459539175033569336e+00,4.000272274017333984e+00,1.961030244827270508e+00,1.028619999703571430e+00,5.030000000000000000e+02,6.000000000000000000e+00,5.000000000000000000e+00,1.704980495279682096e+00
3.135000000000000142e+01,2.720516920089721680e+00,2.402918815612792969e+00,4.159915447235107422e+00,2.003734588623046875e+00,1.010087696923071210e+00,4.640000000000000000e+02,6.000000000000000000e+00,4.000000000000000000e+00,1.728470924017028398e+00
3.140000000000000213e+01,2.620160102844238281e+00,2.441720724105834961e+00,3.936913013458251953e+00,1.972220182418823242e+00,1.017823568908639675e+00,4.950000000000000000e+02,6.000000000000000000e+00,5.000000000000000000e+00,1.775908160518526735e+00
3.145000000000000284e+01,2.775593280792236328e+00,2.364931344985961914e+00,4.052521705627441406e+00,2.159904003143310547e+00,1.067517012064034043e+00,4.820000000000000000e+02,7.000000000000000000e+00,3.000000000000000000e+00,1.769541277583072336e+00
3.150000000000000000e+01,2.767741918563842773e+00,2.470249891281127930e+00,3.798441648483276367e+00,1.916647195816040039e+00,1.004679848520812602e+00,4.760000000000000000e+02,6.000000000000000000e+00,4.000000000000000000e+00,1.726603108290773569e+00
3.155000000000000071e+01,2.619034767150878906e+00,2.325355291366577148e+00,3.802529335021972656e+00,2.112738132476806641e+00,9.708328755439716851e-01,4.860000000000000000e+02,5.000000000000000000e+00,3.000000000000000000e+00,1.729030277497040968e+00
3.160000000000000142e+01,2.567121028900146484e+00,2.302135705947875977e+00,3.943401813507080078e+00,1.973048925399780273e+00,9.907477843975502907e-01,4.590000000000000000e+02,5.000000000000000000e+00,4.000000000000000000e+00,1.704607134262274615e+00
3.165000000000000213e+01,2.952989578247070312e+00,2.695269107818603516e+00,3.899995088577270508e+00,2.008198261260986328e+00,1.000682572552220817e+00,4.780000000000000000e+02,5.000000000000000000e+00,4.000000000000000000e+00,1.798905870292574205e+00
3.170000000000000284e+01,2.908160686492919922e+00,2.443174362182617188e+00,4.077977180480957031e+00,1.945040941238403320e+00,1.013511893551481080e+00,4.820000000000000000e+02,6.000000000000000000e+00,4.000000000000000000e+00,1.781973169405132174e+00
3.175000000000000000e+01,2.969485282897949219e+00,2.612320423126220703e+00,4.070343494415283203e+00,2.249780178070068359e+00,1.040163819319694039e+00,4.600000000000000000e+02,6.000000000000000000e+00,4.000000000000000000e+00,1.888304154925896761e+00
3.180000000000000071e+01,2.883955955505371094e+00,2.493706226348876953e+00,3.882857322692871094e+00,2.253552436828613281e+00,1.184542908154627261e+00,5.060000000000000000e+02,6.000000000000000000e+00,5.000000000000000000e+00,1.831558679365126396e+00
3.185000000000000142e+01,2.922346830368041992e+00,2.564038038253784180e+00,3.926230907440185547e+00,2.163454055786132812e+00,1.279120263612685493e+00,4.830000000000000000e+02,6.000000000000000000e+00,5.000000000000000000e+00,1.749474735408564907e+00
3.190000000000000213e+01,2.920561313629150391e+00,2.486186504364013672e+00,3.732160568237304688e+00,2.395133495330810547e+00,1.263964150439095047e+00,4.530000000000000000e+02,6.000000000000000000e+00,5.000000000000000000e+00,1.860872472176317016e+00
3.195000000000000284e+01,2.946971416473388672e+00,2.528041839599609375e+00,4.159469127655029297e+00,1.824704408645629883e+00,1.207544948439241761e+00,4.370000000000000000e+02,5.000000000000000000e+00,4.000000000000000000e+00,1.869131515141131850e+00
3.200000000000000000e+01,2.892098426818847656e+00,2.524283170700073242e+00,4.119923114776611328e+00,2.067482709884643555e+00,1.220165323523881629e+00,4.790000000000000000e+02,6.000000000000000000e+00,5.000000000000000000e+00,1.823040733712368633e+00
3.205000000000000426e+01,2.901746988296508789e+00,2.570727825164794922e+00,3.711730241775512695e+00,2.268355369567871094e+00,1.209043641547913772e+00,4.800000000000000000e+02,6.000000000000000000e+00,5.000000000000000000e+00,1.857864211325821691e+00
3.210000000000000142e+01,2.870797872543334961e+00,2.538769721984863281e+00,4.107623577117919922e+00,2.010876893997192383e+00,1.258126609465056056e+00,5.000000000000000000e+02,6.000000000000000000e+00,4.000000000000000000e+00,1.788430492471424715e+00
3.214999999999999858e+01,2.913818359375000000e+00,2.480756759643554688e+00,3.787531614303588867e+00,2.082571983337402344e+00,1.235875434574492004e+00,4.970000000000000000e+02,5.000000000000000000e+00,5.000000000000000000e+00,1.778468370514926233e+00
3.220000000000000284e+01,2.759013175964355469e+00,2.526706218719482422e+00,3.778071165084838867e+00,2.180996417999267578e+00,1.225167226085596806e+00,4.600000000000000000e+02,5.000000000000000000e+00,5.000000000000000000e+00,1.760880989130398255e+00
3.225000000000000000e+01,2.881560802459716797e+00,2.523871898651123047e+00,3.680278301239013672e+00,2.152868986129760742e+00,1.239756299065695400e+00,4.840000000000000000e+02,6.000000000000000000e+00,4.000000000000000000e+00,1.830605749314405006e+00
3.230000000000000426e+01,2.892625331878662109e+00,2.471234560012817383e+00,3.801723718643188477e+00,2.045578002929687500e+00,1.213340590462885782e+00,4.700000000000000000e+02,5.000000000000000000e+00,4.000000000000000000e+00,1.775482379378647391e+00
3.235000000000000142e+01,2.923557281494140625e+00,2.583559036254882812e+00,3.682492971420288086e+00,2.198276758193969727e+00,9.658051375612726197e-01,4.500000000000000000e+02,5.000000000000000000e+00,4.000000000000000000e+00,1.707387348526687276e+00
3.239999999999999858e+01,2.664798736572265625e+00,2.428584337234497070e+00,3.907692432403564453e+00,1.923476457595825195e+00,9.779366997602639833e-01,4.870000000000000000e+02,6.000000000000000000e+00,5.000000000000000000e+00,1.764146880549896323e+00
3.245000000000000284e+01,2.878020286560058594e+00,2.472883701324462891e+00,3.838639020919799805e+00,1.975678801536560059e+00,1.282283314030926213e+00,4.760000000000000000e+02,6.000000000000000000e+00,4.000000000000000000e+00,1.797281609255404478e+00
3.250000000000000000e+01,2.864858150482177734e+00,2.525499105453491211e+00,3.985751152038574219e+00,2.055662631988525391e+00,1.179342628847203978e+00,4.350000000000000000e+02,6.000000000000000000e+00,4.000000000000000000e+00,1.870591564525836636e+00
3.255000000000000426e+01,3.013245820999145508e+00,2.497134685516357422e+00,4.030710220336914062e+00,1.797939777374267578e+00,1.169730806358868946e+00,5.000000000000000000e+02,5.000000000000000000e+00,4.000000000000000000e+00,1.749919477964422487e+00
3.260000000000000142e+01,2.922574043273925781e+00,2.586956024169921875e+00,3.862649202346801758e+00,1.806139349937438965e+00,9.293044060120951855e-01,5.060000000000000000e+02,7.000000000000000000e+00,5.000000000000000000e+00,1.832674373964818804e+00
3.264999999999999858e+01,2.852363348007202148e+00,2.629800081253051758e+00,3.709944725036621094e+00,1.823782324790954590e+00,9.655607261079519610e-01,4.720000000000000000e+02,7.000000000000000000e+00,6.000000000000000000e+00,1.823821578320454995e+00
3.270000000000000284e+01,3.210985898971557617e+00,2.739371299743652344e+00,3.782925128936767578e+00,2.269149303436279297e+00,1.012555602670050847e+00,4.760000000000000000e+02,6.000000000000000000e+00,6.000000000000000000e+00,1.778626730053947558e+00
3.275000000000000000e+01,2.841625690460205078e+00,2.618400573730468750e+00,3.685124158859252930e+00,2.132481336593627930e+00,9.813199910842227425e-01,4.570000000000000000e+02,6.000000000000000000e+00,5.000000000000000000e+00,1.814276719511149771e+00
3.280000000000000426e+01,3.063982009887695312e+00,2.792947292327880859e+00,3.961722373962402344e+00,2.192982196807861328e+00,1.019581074252702058e+00,4.750000000000000000e+02,6.000000000000000000e+00,4.000000000000000000e+00,1.767930901744243943e+00
3.285000000000000142e+01,2.865204572677612305e+00,2.524528264999389648e+00,4.045470237731933594e+00,2.265060901641845703e+00,1.017908342569390445e+00,4.720000000000000000e+02,8.000000000000000000e+00,6.000000000000000000e+00,1.862714955593578914e+00
3.289999999999999858e+01,3.064104080200195312e+00,2.818779945373535156e+00,4.361368179321289062e+00,2.049681663513183594e+00,1.149425642993137986e+00,4.810000000000000000e+02,7.000000000000000000e+00,5.000000000000000000e+00,1.822018242216123074e+00
3.295000000000000284e+01,3.040009021759033203e+00,2.704513072967529297e+00,3.675956726074218750e+00,2.315835952758789062e+00,1.028205887908369087e+00,4.860000000000000000e+02,7.000000000000000000e+00,6.000000000000000000e+00,1.698139452613495193e+00
3.300000000000000000e+01,2.926395416259765625e+00,2.604654788970947266e+00,3.329312562942504883e+00,3.123049974441528320e+00,1.005332656898895394e+00,4.680000000000000000e+02,6.000000000000000000e+00,5.000000000000000000e+00,1.874678991712565690e+00
3.305000000000000426e+01,2.898097038269042969e+00,2.632206678390502930e+00,3.756060361862182617e+00,2.230994701385498047e+00,1.025229945665199427e+00,4.520000000000000000e+02,7.000000000000000000e+00,5.000000000000000000e+00,1.820103801099704377e+00
3.310000000000000142e+01,2.826880216598510742e+00,2.526505947113037109e+00,3.629880905151367188e+00,2.191007375717163086e+00,9.765737457739978034e-01,5.070000000000000000e+02,6.000000000000000000e+00,5.000000000000000000e+00,1.818737504641338543e+00
3.314999999999999858e+01,2.857182264328002930e+00,2.595621109008789062e+00,3.395201683044433594e+00,1.967253565788269043e+00,9.866861366513617337e-01,4.760000000000000000e+02,5.000000000000000000e+00,4.000000000000000000e+00,1.787493460251321276e+00
3.320000000000000284e+01,3.048641920089721680e+00,2.644522190093994141e+00,3.487431526184082031e+00,2.102105140686035156e+00,9.561627430812458250e-01,4.910000000000000000e+02,6.000000000000000000e+00,4.000000000000000000e+00,1.758469938619304340e+00
3.325000000000000000e+01,2.906581878662109375e+00,2.668109416961669922e+00,3.931766510009765625e+00,2.427615404129028320e+00,9.847766818044119130e-01,4.600000000000000000e+02,7.000000000000000000e+00,5.000000000000000000e+00,1.742235828255796815e+00
3.330000000000000426e+01,2.874311923980712891e+00,2.596322298049926758e+00,3.699762821197509766e+00,1.855229616165161133e+00,1.021855153926705340e+00,4.780000000000000000e+02,5.000000000000000000e+00,4.000000000000000000e+00,1.790347029014685010e+00
3.335000000000000142e+01,2.890195369720458984e+00,2.653490543365478516e+00,3.941090583801269531e+00,2.392534732818603516e+00,1.256648843132032844e+00,4.600000000000000000e+02,7.000000000000000000e+00,5.000000000000000000e+00,1.830198412857410251e+00
3.339999999999999858e+01,2.938119173049926758e+00,2.718917846679687500e+00,3.981137037277221680e+00,1.950805783271789551e+00,1.021968038863137807e+00,5.080000000000000000e+02,8.000000000000000000e+00,5.000000000000000000e+00,1.788574460985923764e+00
3.345000000000000284e+01,2.992641448974609375e+00,2.575059413909912109e+00,3.876548767089843750e+00,2.362000465393066406e+00,1.235558805104796098e+00,4.830000000000000000e+02,7.000000000000000000e+00,5.000000000000000000e+00,1.840388628973871121e+00
3.350000000000000000e+01,3.102398872375488281e+00,2.576875448226928711e+00,3.720152616500854492e+00,2.319456815719604492e+00,1.277789074966635408e+00,4.950000000000000000e+02,8.000000000000000000e+00,5.000000000000000000e+00,1.842638322371090487e+00
3.355000000000000426e+01,2.966195106506347656e+00,2.485181808471679688e+00,3.824049472808837891e+00,2.166849851608276367e+00,1.210533227881263496e+00,4.720000000000000000e+02,6.000000000000000000e+00,6.000000000000000000e+00,1.740441567278026458e+00
3.360000000000000142e+01,3.036512374877929688e+00,2.670404911041259766e+00,3.890217304229736328e+00,2.216308116912841797e+00,1.241264232823997338e+00,4.790000000000000000e+02,7.000000000000000000e+00,7.000000000000000000e+00,1.577841765404597085e+00
3.364999999999999858e+01,2.909730672836303711e+00,2.546806335449218750e+00,3.742730140686035156e+00,2.362992286682128906e+00,1.268827043397485754e+00,4.650000000000000000e+02,6.000000000000000000e+00,6.000000000000000000e+00,1.785272994459698115e+00
3.370000000000000284e+01,3.059231996536254883e+00,2.803618907928466797e+00,4.212609291076660156e+00,2.081933259963989258e+00,1.307737984965144928e+00,4.790000000000000000e+02,7.000000000000000000e+00,5.000000000000000000e+00,1.626555919292940411e+00
3.375000000000000000e+01,3.023349285125732422e+00,2.646059036254882812e+00,3.896980285644531250e+00,2.140598773956298828e+00,1.251280240564863977e+00,4.730000000000000000e+02,6.000000000000000000e+00,6.000000000000000000e+00,1.637949286025243367e+00
3.380000000000000426e+01,2.959211826324462891e+00,2.607492923736572266e+00,3.704724311828613281e+00,2.061552524566650391e+00,1.179975098453532656e+00,5.190000000000000000e+02,7.000000000000000000e+00,5.000000000000000000e+00,1.846645272967700091e+00
3.385000000000000142e+01,2.925029993057250977e+00,2.687994956970214844e+00,4.380788326263427734e+00,2.250319480895996094e+00,1.281940828757994977e+00,4.560000000000000000e+02,6.000000000000000000e+00,6.000000000000000000e+00,1.693024072365129085e+00
3.389999999999999858e+01,2.888314962387084961e+00,2.530977487564086914e+00,3.744983196258544922e+00,2.332467317581176758e+00,1.220712284409343429e+00,4.730000000000000000e+02,6.000000000000000000e+00,6.000000000000000000e+00,1.667114713752278377e+00
3.395000000000000284e+01,3.242290019989013672e+00,2.690721511840820312e+00,3.775138378143310547e+00,2.083664655685424805e+00,9.533393160338298200e-01,4.590000000000000000e+02,6.000000000000000000e+00,6.000000000000000000e+00,1.740279885571896834e+00
3.400000000000000000e+01,2.973443269729614258e+00,2.587582588195800781e+00,3.637970685958862305e+00,2.015655517578125000e+00,9.371272995371809911e-01,4.960000000000000000e+02,6.000000000000000000e+00,6.000000000000000000e+00,1.712450320398919867e+00
3.405000000000000426e+01,2.839717388153076172e+00,2.539531707763671875e+00,3.763704061508178711e+00,1.686044692993164062e+00,9.955378487966349832e-01,4.810000000000000000e+02,7.000000000000000000e+00,6.000000000000000000e+00,1.801583391682890278e+00
3.410000000000000142e+01,2.881922245025634766e+00,2.657041072845458984e+00,3.611207485198974609e+00,2.106879711151123047e+00,1.025934386201066140e+00,4.760000000000000000e+02,6.000000000000000000e+00,4.000000000000000000e+00,1.832951860229122820e+00
3.414999999999999858e+01,3.021839618682861328e+00,2.511541366577148438e+00,3.865556955337524414e+00,1.800153970718383789e+00,9.557816428858221247e-01,4.690000000000000000e+02,6.000000000000000000e+00,6.000000000000000000e+00,1.787684107732572469e+00
3.420000000000000284e+01,2.986273288726806641e+00,2.624514102935791016e+00,3.721323966979980469e+00,1.893004179000854492e+00,9.858029313007664607e-01,4.580000000000000000e+02,6.000000000000000000e+00,6.000000000000000000e+00,1.657445364780888442e+00
3.425000000000000000e+01,2.870611667633056641e+00,2.485712766647338867e+00,3.667530775070190430e+00,2.206292629241943359e+00,9.825631699902409588e-01,4.760000000000000000e+02,6.000000000000000000e+00,6.000000000000000000e+00,1.711203432972327798e+00
3.430000000000000426e+01,2.894769668579101562e+00,2.592440128326416016e+00,4.082067489624023438e+00,1.695383787155151367e+00,9.436897998827862288e-01,4.570000000000000000e+02,6.000000000000000000e+00,5.000000000000000000e+00,1.744009061343690714e+00
3.435000000000000142e+01,2.941854000091552734e+00,2.549590826034545898e+00,3.523936271667480469e+00,2.196360826492309570e+00,1.027451826627534759e+00,4.600000000000000000e+02,6.000000000000000000e+00,6.000000000000000000e+00,1.759996490762761656e+00
3.439999999999999858e+01,2.996736764907836914e+00,2.550866603851318359e+00,3.606652975082397461e+00,2.050751447677612305e+00,9.812203377442962893e-01,4.670000000000000000e+02,6.000000000000000000e+00,6.000000000000000000e+00,1.717738162851634165e+00
3.445000000000000284e+01,2.932691097259521484e+00,2.624607324600219727e+00,3.909945726394653320e+00,1.872268438339233398e+00,8.708034496431876770e-01,4.790000000000000000e+02,5.000000000000000000e+00,5.000000000000000000e+00,1.748589186542463647e+00
3.450000000000000000e+01,2.948111057281494141e+00,2.581944227218627930e+00,4.023212909698486328e+00,1.965695738792419434e+00,1.010415372634394293e+00,4.710000000000000000e+02,6.000000000000000000e+00,6.000000000000000000e+00,1.791824953034023560e+00
3.455000000000000426e+01,2.958662748336791992e+00,2.602237462997436523e+00,3.567760467529296875e+00,2.255475044250488281e+00,8.677105058430634177e-01,4.710000000000000000e+02,6.000000000000000000e+00,6.000000000000000000e+00,1.880252632897838172e+00
3.460000000000000142e+01,2.784255027770996094e+00,2.561304092407226562e+00,3.761870861053466797e+00,1.950620293617248535e+00,9.899875705536708148e-01,4.660000000000000000e+02,6.000000000000000000e+00,6.000000000000000000e+00,1.776997574640524435e+00
3.464999999999999858e+01,3.071221113204956055e+00,2.771468400955200195e+00,3.985848665237426758e+00,1.955599069595336914e+00,1.031329909693477154e+00,4.730000000000000000e+02,6.000000000000000000e+00,6.000000000000000000e+00,1.696460505505490213e+00
3.470000000000000284e+01,2.807364225387573242e+00,2.586191654205322266e+00,3.939779043197631836e+00,2.043841361999511719e+00,1.076868547775750251e+00,4.870000000000000000e+02,6.000000000000000000e+00,5.000000000000000000e+00,1.849146344047823964e+00
3.475000000000000000e+01,2.779998779296875000e+00,2.647513389587402344e+00,3.958046197891235352e+00,1.950631260871887207e+00,8.682452117898764588e-01,4.860000000000000000e+02,7.000000000000000000e+00,6.000000000000000000e+00,1.788885558340484128e+00
3.480000000000000426e+01,2.940273046493530273e+00,2.685236930847167969e+00,3.992181777954101562e+00,2.198879957199096680e+00,1.118273248778527851e+00,4.820000000000000000e+02,7.000000000000000000e+00,7.000000000000000000e+00,1.749665442816257022e+00
3.485000000000000142e+01,3.033155202865600586e+00,2.453548192977905273e+00,3.985727310180664062e+00,2.090727806091308594e+00,9.502040113497642881e-01,4.420000000000000000e+02,6.000000000000000000e+00,6.000000000000000000e+00,1.787549799413391538e+00
3.489999999999999858e+01,2.985920429229736328e+00,2.701565265655517578e+00,3.811030149459838867e+00,2.141901254653930664e+00,9.546798665937332729e-01,4.930000000000000000e+02,7.000000000000000000e+00,6.000000000000000000e+00,1.858086308138486853e+00
3.495000000000000284e+01,2.865795850753784180e+00,2.538610935211181641e+00,4.052156448364257812e+00,1.844280004501342773e+00,9.876206562823641733e-01,4.830000000000000000e+02,6.000000000000000000e+00,5.000000000000000000e+00,1.900838498501209450e+00
3.500000000000000000e+01,2.831548452377319336e+00,2.492057800292968750e+00,3.927947998046875000e+00,1.900082707405090332e+00,9.884933059665622634e-01,4.680000000000000000e+02,5.000000000000000000e+00,3.000000000000000000e+00,1.848192297199991341e+00
3.505000000000000426e+01,2.802280902862548828e+00,2.392992258071899414e+00,3.864591360092163086e+00,1.865629196166992188e+00,9.532904847360744727e-01,4.890000000000000000e+02,5.000000000000000000e+00,4.000000000000000000e+00,1.683885653720097242e+00
3.510000000000000142e+01,2.952093601226806641e+00,2.506544113159179688e+00,3.722567319869995117e+00,1.718840837478637695e+00,9.264401053826356591e-01,5.060000000000000000e+02,5.000000000000000000e+00,4.000000000000000000e+00,1.732094688944526562e+00
3.514999999999999858e+01,2.818504333496093750e+00,2.480859518051147461e+00,3.912159204483032227e+00,1.661969661712646484e+00,9.196178314331815429e-01,5.110000000000000000e+02,5.000000000000000000e+00,3.000000000000000000e+00,1.819885901378599069e+00
3.520000000000000284e+01,3.192647933959960938e+00,2.652996063232421875e+00,3.503189086914062500e+00,1.637330055236816406e+00,9.770119632992098069e-01,4.740000000000000000e+02,5.000000000000000000e+00,4.000000000000000000e+00,1.817993656697872940e+00
3.525000000000000000e+01,2.971904516220092773e+00,2.526495933532714844e+00,3.418997287750244141e+00,2.106904745101928711e+00,9.574426034225331783e-01,4.630000000000000000e+02,5.000000000000000000e+00,4.000000000000000000e+00,1.753330655872511024e+00
3.530000000000000426e+01,3.085421085357666016e+00,2.443630933761596680e+00,3.439653396606445312e+00,1.915276288986206055e+00,9.499663939359375142e-01,5.050000000000000000e+02,6.000000000000000000e+00,5.000000000000000000e+00,1.724894297365949569e+00
3.535000000000000142e+01,3.076792716979980469e+00,2.527746200561523438e+00,3.690280914306640625e+00,1.916863441467285156e+00,9.273694954277168501e-01,5.120000000000000000e+02,6.000000000000000000e+00,5.000000000000000000e+00,1.755389927278848905e+00
3.539999999999999858e+01,2.934441089630126953e+00,2.546045780181884766e+00,3.592876911163330078e+00,1.841235160827636719e+00,8.970386168811232963e-01,4.650000000000000000e+02,6.000000000000000000e+00,5.000000000000000000e+00,1.751667169404551361e+00
3.545000000000000284e+01,2.922723770141601562e+00,2.455628871917724609e+00,3.569891452789306641e+00,1.710038781166076660e+00,9.549750389871385359e-01,5.280000000000000000e+02,5.000000000000000000e+00,4.000000000000000000e+00,1.907730917123036996e+00
3.550000000000000000e+01,2.907306909561157227e+00,2.530148029327392578e+00,3.796569824218750000e+00,1.779923677444458008e+00,9.484434266781148759e-01,5.320000000000000000e+02,6.000000000000000000e+00,5.000000000000000000e+00,1.797867473562139828e+00
3.555000000000000426e+01,2.910839080810546875e+00,2.420263051986694336e+00,3.528124332427978516e+00,1.817313432693481445e+00,8.735650171018177756e-01,4.760000000000000000e+02,5.000000000000000000e+00,4.000000000000000000e+00,1.866827513140540740e+00
3.560000000000000142e+01,2.871132850646972656e+00,2.528482437133789062e+00,3.751100540161132812e+00,1.556178212165832520e+00,9.091724794659873377e-01,5.090000000000000000e+02,5.000000000000000000e+00,4.000000000000000000e+00,1.752673296045876405e+00
3.564999999999999858e+01,2.883634567260742188e+00,2.459726333618164062e+00,3.817720413208007812e+00,1.710503816604614258e+00,9.647415897863192980e-01,4.830000000000000000e+02,5.000000000000000000e+00,5.000000000000000000e+00,1.906179144323839392e+00
3.570000000000000284e+01,2.965568542480468750e+00,2.535260915756225586e+00,3.895576000213623047e+00,1.782981872558593750e+00,8.937393417029665388e-01,4.560000000000000000e+02,6.000000000000000000e+00,5.000000000000000000e+00,1.789830300400409691e+00
3.575000000000000000e+01,2.715598344802856445e+00,2.370953321456909180e+00,3.683557748794555664e+00,1.628931045532226562e+00,9.301960158127632328e-01,5.050000000000000000e+02,5.000000000000000000e+00,4.000000000000000000e+00,1.794626590080036221e+00
3.580000000000000426e+01,2.797446489334106445e+00,2.492762565612792969e+00,3.595449686050415039e+00,2.083713769912719727e+00,9.996204941983549697e-01,4.680000000000000000e+02,6.000000000000000000e+00,6.000000000000000000e+00,1.904601595936684433e+00
3.585000000000000142e+01,2.888428926467895508e+00,2.567819356918334961e+00,3.942774295806884766e+00,2.036436080932617188e+00,9.749109624201492963e-01,4.810000000000000000e+02,6.000000000000000000e+00,6.000000000000000000e+00,1.663404747566780806e+00
3.589999999999999858e+01,2.946371555328369141e+00,2.554267644882202148e+00,3.702323436737060547e+00,1.790428757667541504e+00,8.685294791484248211e-01,4.870000000000000000e+02,6.000000000000000000e+00,6.000000000000000000e+00,1.579098004599083005e+00
3.595000000000000284e+01,2.888905763626098633e+00,2.528591632843017578e+00,3.506989479064941406e+00,1.937859535217285156e+00,9.602557382020643351e-01,4.800000000000000000e+02,5.000000000000000000e+00,5.000000000000000000e+00,1.850465399939622113e+00
3.600000000000000000e+01,2.901658773422241211e+00,2.538037538528442383e+00,3.812522888183593750e+00,1.909455180168151855e+00,1.005419524823241373e+00,5.020000000000000000e+02,5.000000000000000000e+00,5.000000000000000000e+00,1.769293188755103330e+00
3.605000000000000426e+01,2.905952692031860352e+00,2.576576471328735352e+00,3.968685865402221680e+00,2.053781032562255859e+00,1.056846466297762355e+00,5.040000000000000000e+02,6.000000000000000000e+00,6.000000000000000000e+00,1.840157140316622808e+00
3.610000000000000142e+01,2.776972055435180664e+00,2.467076301574707031e+00,3.849241495132446289e+00,2.018976211547851562e+00,1.131123949309171151e+00,4.980000000000000000e+02,5.000000000000000000e+00,4.000000000000000000e+00,1.975493088122255880e+00
3.614999999999999858e+01,2.876065731048583984e+00,2.500102519989013672e+00,3.869347095489501953e+00,1.726625680923461914e+00,8.889617178808589815e-01,5.200000000000000000e+02,7.000000000000000000e+00,4.000000000000000000e+00,1.665366632676272607e+00
3.620000000000000284e+01,2.893872737884521484e+00,2.547678709030151367e+00,3.726415157318115234e+00,1.712419509887695312e+00,9.900230670511677156e-01,4.890000000000000000e+02,5.000000000000000000e+00,4.000000000000000000e+00,1.729750253013832895e+00
3.625000000000000000e+01,2.738636970520019531e+00,2.439558982849121094e+00,3.854409217834472656e+00,2.102857351303100586e+00,8.896813211982887992e-01,4.600000000000000000e+02,7.000000000000000000e+00,5.000000000000000000e+00,1.803241200029899183e+00
3.630000000000000426e+01,2.894612312316894531e+00,2.468738317489624023e+00,4.184852123260498047e+00,1.871798992156982422e+00,9.480928973747908550e-01,4.620000000000000000e+02,6.000000000000000000e+00,4.000000000000000000e+00,1.801936002235270173e+00
3.635000000000000142e+01,2.842872381210327148e+00,2.568828821182250977e+00,3.442166805267333984e+00,2.400427818298339844e+00,1.089499249799823932e+00,4.500000000000000000e+02,7.000000000000000000e+00,5.000000000000000000e+00,1.801151296273572733e+00
3.639999999999999858e+01,2.920486688613891602e+00,2.685340404510498047e+00,3.961208343505859375e+00,1.866647601127624512e+00,9.644816847465411680e-01,4.750000000000000000e+02,5.000000000000000000e+00,4.000000000000000000e+00,1.787440226387829512e+00
3.645000000000000284e+01,2.693538427352905273e+00,2.567711114883422852e+00,3.594977855682373047e+00,2.172799110412597656e+00,1.032974924932548166e+00,4.800000000000000000e+02,6.000000000000000000e+00,5.000000000000000000e+00,1.898426900688825247e+00
3.650000000000000000e+01,2.969216108322143555e+00,2.418366193771362305e+00,3.844881534576416016e+00,1.642933130264282227e+00,9.244403357857068348e-01,4.810000000000000000e+02,7.000000000000000000e+00,4.000000000000000000e+00,1.798373010119963755e+00
3.655000000000000426e+01,2.940957307815551758e+00,2.528589963912963867e+00,4.008088588714599609e+00,2.055883884429931641e+00,1.018717146722330824e+00,4.460000000000000000e+02,5.000000000000000000e+00,4.000000000000000000e+00,1.720354221088433944e+00
3.660000000000000142e+01,2.773504018783569336e+00,2.371510982513427734e+00,3.789804458618164062e+00,1.839625835418701172e+00,1.032506228668784498e+00,4.880000000000000000e+02,6.000000000000000000e+00,6.000000000000000000e+00,1.695111023003025075e+00
3.664999999999999858e+01,3.000023841857910156e+00,2.628866195678710938e+00,3.857471466064453125e+00,1.907444000244140625e+00,9.475197823299146282e-01,4.640000000000000000e+02,7.000000000000000000e+00,6.000000000000000000e+00,1.839962947813826633e+00
3.670000000000000284e+01,2.852549791336059570e+00,2.574845314025878906e+00,4.059906959533691406e+00,2.063942432403564453e+00,1.234559793605607636e+00,4.830000000000000000e+02,6.000000000000000000e+00,5.000000000000000000e+00,1.982228912370574303e+00
3.675000000000000000e+01,2.820295095443725586e+00,2.687282085418701172e+00,4.031971454620361328e+00,2.015034198760986328e+00,1.005488811762969226e+00,5.010000000000000000e+02,6.000000000000000000e+00,5.000000000000000000e+00,1.760668718582239167e+00
3.680000000000000426e+01,2.848336935043334961e+00,2.688817977905273438e+00,3.800544738769531250e+00,1.969138264656066895e+00,9.536360773294441096e-01,4.820000000000000000e+02,5.000000000000000000e+00,5.000000000000000000e+00,1.953496098763364941e+00
3.685000000000000142e+01,2.776120662689208984e+00,2.607032775878906250e+00,4.184007167816162109e+00,1.929179906845092773e+00,9.787385618769294249e-01,4.690000000000000000e+02,5.000000000000000000e+00,5.000000000000000000e+00,1.740424990851082487e+00
3.689999999999999858e+01,2.885607242584228516e+00,2.655437231063842773e+00,3.926075696945190430e+00,1.709769487380981445e+00,8.855963693346279308e-01,4.720000000000000000e+02,6.000000000000000000e+00,5.000000000000000000e+00,1.933144287990734789e+00
3.695000000000000284e+01,2.812087059020996094e+00,2.382029056549072266e+00,4.098495483398437500e+00,2.209851503372192383e+00,1.267117992912501823e+00,5.070000000000000000e+02,7.000000000000000000e+00,5.000000000000000000e+00,1.853681855001504619e+00
3.700000000000000000e+01,2.791781902313232422e+00,2.452733039855957031e+00,4.444711208343505859e+00,2.121875047683715820e+00,1.268470998981102049e+00,4.760000000000000000e+02,5.000000000000000000e+00,5.000000000000000000e+00,1.814963560823174893e+00
3.705000000000000426e+01,2.963716983795166016e+00,2.450124979019165039e+00,3.716450929641723633e+00,1.984523296356201172e+00,8.757250520870268895e-01,4.810000000000000000e+02,5.000000000000000000e+00,4.000000000000000000e+00,1.757604864800815569e+00
3.710000000000000142e+01,3.009649515151977539e+00,2.708327531814575195e+00,3.611869335174560547e+00,2.355463027954101562e+00,1.153417562697132803e+00,4.550000000000000000e+02,7.000000000000000000e+00,6.000000000000000000e+00,1.753722089661707617e+00
3.714999999999999858e+01,2.875948429107666016e+00,2.438978910446166992e+00,3.436993360519409180e+00,2.119256973266601562e+00,9.384099861734722658e-01,4.750000000000000000e+02,3.000000000000000000e+00,3.000000000000000000e+00,1.860160620378615848e+00
3.720000000000000284e+01,2.952125072479248047e+00,2.683698654174804688e+00,3.885979890823364258e+00,2.336274623870849609e+00,1.258943855844018689e+00,4.830000000000000000e+02,6.000000000000000000e+00,5.000000000000000000e+00,1.786302843758346803e+00
3.725000000000000000e+01,2.830814838409423828e+00,2.523320913314819336e+00,4.044770717620849609e+00,2.250750541687011719e+00,1.233740886929862057e+00,4.940000000000000000e+02,5.000000000000000000e+00,3.000000000000000000e+00,1.861333243941103888e+00
3.730000000000000426e+01,2.907342672348022461e+00,2.360147714614868164e+00,3.714032411575317383e+00,1.877788066864013672e+00,1.271823253685669064e+00,4.880000000000000000e+02,3.000000000000000000e+00,3.000000000000000000e+00,1.776683625402468270e+00
3.735000000000000142e+01,2.774215698242187500e+00,2.353131294250488281e+00,3.646816253662109375e+00,2.047202825546264648e+00,1.279524998912179523e+00,4.580000000000000000e+02,5.000000000000000000e+00,5.000000000000000000e+00,1.783441517349457994e+00
3.739999999999999858e+01,2.880802631378173828e+00,2.504949092864990234e+00,3.885955333709716797e+00,1.922497630119323730e+00,1.205882589687797379e+00,4.770000000000000000e+02,5.000000000000000000e+00,4.000000000000000000e+00,1.787478414178449881e+00
3.745000000000000284e+01,2.638754844665527344e+00,2.350902080535888672e+00,3.714717626571655273e+00,2.006586790084838867e+00,1.216087922557294476e+00,5.080000000000000000e+02,5.000000000000000000e+00,4.000000000000000000e+00,1.849470757622792227e+00
3.750000000000000000e+01,2.841365575790405273e+00,2.346958637237548828e+00,3.740847349166870117e+00,1.756901502609252930e+00,1.207370051471891692e+00,4.850000000000000000e+02,5.000000000000000000e+00,4.000000000000000000e+00,1.815903258544139920e+00
3.755000000000000426e+01,2.879003047943115234e+00,2.485511541366577148e+00,3.738850116729736328e+00,2.465377569198608398e+00,1.268731824179803125e+00,5.200000000000000000e+02,5.000000000000000000e+00,5.000000000000000000e+00,1.745831232175597769e+00
3.760000000000000142e+01,2.849827766418457031e+00,2.382566452026367188e+00,3.883914709091186523e+00,2.034332275390625000e+00,1.194546962344705143e+00,5.070000000000000000e+02,6.000000000000000000e+00,6.000000000000000000e+00,1.798025535429952804e+00
3.764999999999999858e+01,3.012511968612670898e+00,2.389076471328735352e+00,3.952775001525878906e+00,2.187963485717773438e+00,1.243874581799676804e+00,4.760000000000000000e+02,6.000000000000000000e+00,6.000000000000000000e+00,1.655649527123822518e+00
3.770000000000000284e+01,2.993870258331298828e+00,2.717390537261962891e+00,3.771486282348632812e+00,2.078799724578857422e+00,1.240731785404009191e+00,4.880000000000000000e+02,5.000000000000000000e+00,4.000000000000000000e+00,1.745316635841106745e+00
3.775000000000000000e+01,2.862008094787597656e+00,2.485609531402587891e+00,3.886935949325561523e+00,1.919426798820495605e+00,1.213227513418065229e+00,4.760000000000000000e+02,5.000000000000000000e+00,5.000000000000000000e+00,1.924480707674944613e+00
3.780000000000000426e+01,2.948596954345703125e+00,2.486665487289428711e+00,3.919740676879882812e+00,1.932945132255554199e+00,1.193338963400419672e+00,4.830000000000000000e+02,7.000000000000000000e+00,5.000000000000000000e+00,1.722315445579059467e+00
3.785000000000000142e+01,2.951718330383300781e+00,2.643958568572998047e+00,3.910126686096191406e+00,2.023734807968139648e+00,1.236910931654481516e+00,4.700000000000000000e+02,6.000000000000000000e+00,4.000000000000000000e+00,1.849353953435030951e+00
3.789999999999999858e+01,2.755119800567626953e+00,2.466654777526855469e+00,3.844855785369873047e+00,1.978964328765869141e+00,1.227707008263616784e+00,4.950000000000000000e+02,5.000000000000000000e+00,5.000000000000000000e+00,1.838183019583725653e+00
3.795000000000000284e+01,2.947341918945312500e+00,2.647212505340576172e+00,3.807531833648681641e+00,2.098899126052856445e+00,1.193795062933209916e+00,4.830000000000000000e+02,5.000000000000000000e+00,4.000000000000000000e+00,1.694034864625519887e+00
3.800000000000000000e+01,3.020062208175659180e+00,2.505512714385986328e+00,3.771003246307373047e+00,2.112939119338989258e+00,1.210454764058069399e+00,4.870000000000000000e+02,5.000000000000000000e+00,4.000000000000000000e+00,1.731039195464878944e+00
3.805000000000000426e+01,2.835719823837280273e+00,2.445511102676391602e+00,3.780717611312866211e+00,2.071351289749145508e+00,1.221961902607674677e+00,4.840000000000000000e+02,5.000000000000000000e+00,4.000000000000000000e+00,1.833636234573694512e+00
3.810000000000000142e+01,2.863610029220581055e+00,2.459452629089355469e+00,3.693573236465454102e+00,2.083890676498413086e+00,1.178473676922770386e+00,4.600000000000000000e+02,5.000000000000000000e+00,3.000000000000000000e+00,1.699366660442620303e+00
3.814999999999999858e+01,2.765789508819580078e+00,2.469841480255126953e+00,3.718982934951782227e+00,2.038847446441650391e+00,1.137471128106627649e+00,4.690000000000000000e+02,5.000000000000000000e+00,4.000000000000000000e+00,1.825475682887703233e+00
3.820000000000000284e+01,2.811045169830322266e+00,2.401364326477050781e+00,3.585549354553222656e+00,2.266843080520629883e+00,1.188703057829189280e+00,4.830000000000000000e+02,6.000000000000000000e+00,4.000000000000000000e+00,1.851376442300385561e+00
3.825000000000000000e+01,2.705504655838012695e+00,2.394318103790283203e+00,3.642509460449218750e+00,1.801937222480773926e+00,1.213162300886887035e+00,4.830000000000000000e+02,5.000000000000000000e+00,4.000000000000000000e+00,1.797042900779112884e+00
3.830000000000000426e+01,2.788139820098876953e+00,2.328790187835693359e+00,4.114599704742431641e+00,1.814914345741271973e+00,1.230722219153790098e+00,5.080000000000000000e+02,5.000000000000000000e+00,4.000000000000000000e+00,1.842099254949673526e+00
3.835000000000000142e+01,2.865771770477294922e+00,2.463264703750610352e+00,3.837486267089843750e+00,1.908706545829772949e+00,1.230252389795233325e+00,4.970000000000000000e+02,7.000000000000000000e+00,5.000000000000000000e+00,1.812762802461333589e+00
3.840000000000000568e+01,2.784498214721679688e+00,2.362547159194946289e+00,3.604854583740234375e+00,1.981167793273925781e+00,1.209135811436633068e+00,4.760000000000000000e+02,4.000000000000000000e+00,4.000000000000000000e+00,1.677207186167060327e+00
3.845000000000000284e+01,3.001934051513671875e+00,2.385370254516601562e+00,3.672755241394042969e+00,1.959783792495727539e+00,1.240107970211189903e+00,4.900000000000000000e+02,5.000000000000000000e+00,5.000000000000000000e+00,1.806722666675968592e+00
3.850000000000000000e+01,2.798347711563110352e+00,2.351105451583862305e+00,3.523144245147705078e+00,1.894175291061401367e+00,9.492302701974855150e-01,4.850000000000000000e+02,6.000000000000000000e+00,4.000000000000000000e+00,1.733363632509767660e+00
3.855000000000000426e+01,2.745577812194824219e+00,2.376987695693969727e+00,3.728234529495239258e+00,1.650207281112670898e+00,9.702092991271824562e-01,4.670000000000000000e+02,5.000000000000000000e+00,5.000000000000000000e+00,1.857338787462347263e+00
3.860000000000000142e+01,2.787166118621826172e+00,2.364088535308837891e+00,3.561227083206176758e+00,2.063633918762207031e+00,9.290143412081415253e-01,5.030000000000000000e+02,5.000000000000000000e+00,5.000000000000000000e+00,1.714268983383936185e+00
3.865000000000000568e+01,2.606134414672851562e+00,2.341263771057128906e+00,3.782617568969726562e+00,1.771312952041625977e+00,9.949407932945436572e-01,5.040000000000000000e+02,6.000000000000000000e+00,5.000000000000000000e+00,1.663283534412510978e+00
3.870000000000000284e+01,2.819157600402832031e+00,2.490595340728759766e+00,3.915622711181640625e+00,1.754935860633850098e+00,1.002970465963541891e+00,4.480000000000000000e+02,6.000000000000000000e+00,5.000000000000000000e+00,1.574846258480289585e+00
3.875000000000000000e+01,2.738579273223876953e+00,2.494746446609497070e+00,3.432264566421508789e+00,1.969796895980834961e+00,9.631621340321440128e-01,5.120000000000000000e+02,6.000000000000000000e+00,6.000000000000000000e+00,1.849671218021169405e+00
3.880000000000000426e+01,2.692197561264038086e+00,2.467338562011718750e+00,3.860301494598388672e+00,1.737164020538330078e+00,1.014613117614844517e+00,4.580000000000000000e+02,5.000000000000000000e+00,5.000000000000000000e+00,1.795194388101557958e+00
3.885000000000000142e+01,2.798683404922485352e+00,2.501666784286499023e+00,3.340134382247924805e+00,2.319972276687622070e+00,1.068433000936956034e+00,4.940000000000000000e+02,6.000000000000000000e+00,6.000000000000000000e+00,1.774120253641886524e+00
3.890000000000000568e+01,2.831720113754272461e+00,2.523983955383300781e+00,3.866181850433349609e+00,2.031554937362670898e+00,1.045147024904111488e+00,4.730000000000000000e+02,6.000000000000000000e+00,6.000000000000000000e+00,1.645041204215871522e+00
3.895000000000000284e+01,2.736194133758544922e+00,2.477900028228759766e+00,3.566479444503784180e+00,1.752473711967468262e+00,1.034467316856971575e+00,4.660000000000000000e+02,6.000000000000000000e+00,5.000000000000000000e+00,1.779568245028793294e+00
3.900000000000000000e+01,2.857593297958374023e+00,2.604519844055175781e+00,3.527957201004028320e+00,2.022787094116210938e+00,1.019565352009910386e+00,4.830000000000000000e+02,4.000000000000000000e+00,4.000000000000000000e+00,1.817808655216174074e+00
3.905000000000000426e+01,2.705671310424804688e+00,2.723741531372070312e+00,3.628911495208740234e+00,2.093588590621948242e+00,1.077098072687344699e+00,5.020000000000000000e+02,6.000000000000000000e+00,5.000000000000000000e+00,1.790173705794671388e+00
3.910000000000000142e+01,2.723487377166748047e+00,2.585296154022216797e+00,3.836817502975463867e+00,1.727050542831420898e+00,1.032024866711614974e+00,5.120000000000000000e+02,5.000000000000000000e+00,4.000000000000000000e+00,1.786307286411917605e+00
3.915000000000000568e+01,2.638108491897583008e+00,2.524583578109741211e+00,4.000715255737304688e+00,1.471259474754333496e+00,1.043509101229610492e+00,4.280000000000000000e+02,5.000000000000000000e+00,4.000000000000000000e+00,1.893822167992938788e+00
3.920000000000000284e+01,2.788434505462646484e+00,2.561828851699829102e+00,3.702367305755615234e+00,1.944911003112792969e+00,1.043222560154028811e+00,4.650000000000000000e+02,5.000000000000000000e+00,3.000000000000000000e+00,1.793906973395463789e+00
3.925000000000000000e+01,2.933131217956542969e+00,2.510415554046630859e+00,3.408867835998535156e+00,1.996638178825378418e+00,1.095959325740082813e+00,4.920000000000000000e+02,5.000000000000000000e+00,4.000000000000000000e+00,1.881590333211959898e+00
3.930000000000000426e+01,2.828655242919921875e+00,2.541279554367065430e+00,3.484499692916870117e+00,2.087599992752075195e+00,1.038472325109757399e+00,5.020000000000000000e+02,6.000000000000000000e+00,5.000000000000000000e+00,1.750568579602303165e+00
3.935000000000000142e+01,2.863700151443481445e+00,2.635349035263061523e+00,3.657227993011474609e+00,1.972130775451660156e+00,1.153824487023270118e+00,4.760000000000000000e+02,6.000000000000000000e+00,5.000000000000000000e+00,1.834201273762657625e+00
3.940000000000000568e+01,2.788430213928222656e+00,2.559571504592895508e+00,3.425338029861450195e+00,2.004850149154663086e+00,1.199292613886062897e+00,4.900000000000000000e+02,5.000000000000000000e+00,5.000000000000000000e+00,1.716036092798919999e+00
3.945000000000000284e+01,2.757374286651611328e+00,2.480763435363769531e+00,3.293337345123291016e+00,2.183697938919067383e+00,1.267644396603949897e+00,4.840000000000000000e+02,5.000000000000000000e+00,3.000000000000000000e+00,1.822118901785280354e+00
3.950000000000000000e+01,2.770049571990966797e+00,2.481434822082519531e+00,3.466867446899414062e+00,2.000205278396606445e+00,1.081914425978139471e+00,4.920000000000000000e+02,6.000000000000000000e+00,4.000000000000000000e+00,1.803355678593676181e+00
3.955000000000000426e+01,2.768644332885742188e+00,2.546436786651611328e+00,3.240665435791015625e+00,2.099796295166015625e+00,1.092190162961700572e+00,5.210000000000000000e+02,5.000000000000000000e+00,5.000000000000000000e+00,1.662624896646314410e+00
3.960000000000000142e+01,2.796798944473266602e+00,2.396646499633789062e+00,3.248696327209472656e+00,2.172656774520874023e+00,1.032621917498018682e+00,4.700000000000000000e+02,5.000000000000000000e+00,5.000000000000000000e+00,1.933452198083909446e+00
3.965000000000000568e+01,2.987180948257446289e+00,2.719870090484619141e+00,3.433722257614135742e+00,1.933757305145263672e+00,1.064251498603455692e+00,4.930000000000000000e+02,4.000000000000000000e+00,4.000000000000000000e+00,1.805308654998496021e+00
3.970000000000000284e+01,2.882949829101562500e+00,2.889298439025878906e+00,3.511870861053466797e+00,2.093637943267822266e+00,1.016224057722666885e+00,4.960000000000000000e+02,5.000000000000000000e+00,4.000000000000000000e+00,1.917735852474557801e+00
3.975000000000000000e+01,2.842391014099121094e+00,2.799412012100219727e+00,3.777289390563964844e+00,1.872094869613647461e+00,1.014914417083312204e+00,5.090000000000000000e+02,5.000000000000000000e+00,4.000000000000000000e+00,1.819369869283593566e+00
3.980000000000000426e+01,2.959572315216064453e+00,2.607648849487304688e+00,3.390843629837036133e+00,1.859097003936767578e+00,9.891639163547505387e-01,4.770000000000000000e+02,5.000000000000000000e+00,4.000000000000000000e+00,1.789697516174027170e+00
3.985000000000000142e+01,2.918460845947265625e+00,2.724914789199829102e+00,3.304561376571655273e+00,2.377026557922363281e+00,1.044154418445919275e+00,4.550000000000000000e+02,5.000000000000000000e+00,5.000000000000000000e+00,1.690031327545582496e+00
3.990000000000000568e+01,2.863332986831665039e+00,2.741011619567871094e+00,3.687140464782714844e+00,1.817592978477478027e+00,1.085616551812213615e+00,4.920000000000000000e+02,4.000000000000000000e+00,3.000000000000000000e+00,1.748668024529838938e+00
3.995000000000000284e+01,2.960837364196777344e+00,2.905662059783935547e+00,3.709581136703491211e+00,1.658918380737304688e+00,1.060494068774841203e+00,5.140000000000000000e+02,7.000000000000000000e+00,5.000000000000000000e+00,1.911366589003773431e+00
4.000000000000000000e+01,2.919460296630859375e+00,2.771503925323486328e+00,3.428160905838012695e+00,2.032208204269409180e+00,1.021007919977919176e+00,5.050000000000000000e+02,6.000000000000000000e+00,5.000000000000000000e+00,1.712942452344583533e+00
4.005000000000000426e+01,2.985753774642944336e+00,2.770969867706298828e+00,3.674013853073120117e+00,1.626384019851684570e+00,1.031084932637512663e+00,4.870000000000000000e+02,5.000000000000000000e+00,4.000000000000000000e+00,1.843162389185006855e+00
4.010000000000000142e+01,2.866421222686767578e+00,2.804653406143188477e+00,3.802757024765014648e+00,2.031132698059082031e+00,1.028060205935429572e+00,4.770000000000000000e+02,4.000000000000000000e+00,4.000000000000000000e+00,1.922126103374578676e+00
4.015000000000000568e+01,3.061939716339111328e+00,3.013374805450439453e+00,3.665945053100585938e+00,2.002004146575927734e+00,1.104851436256076846e+00,4.930000000000000000e+02,6.000000000000000000e+00,4.000000000000000000e+00,1.777389725774146889e+00
4.020000000000000284e+01,3.001513481140136719e+00,2.837188482284545898e+00,3.767054080963134766e+00,2.084909200668334961e+00,1.051394761223700236e+00,4.890000000000000000e+02,5.000000000000000000e+00,3.000000000000000000e+00,1.736629966743674647e+00
4.025000000000000000e+01,2.949503421783447266e+00,2.822633028030395508e+00,3.598057270050048828e+00,1.988867282867431641e+00,1.056839733977428475e+00,5.090000000000000000e+02,5.000000000000000000e+00,4.000000000000000000e+00,1.806452739202055735e+00
4.030000000000000426e+01,3.009084463119506836e+00,2.995882511138916016e+00,3.157884836196899414e+00,2.309948682785034180e+00,1.088281489081404763e+00,4.800000000000000000e+02,4.000000000000000000e+00,4.000000000000000000e+00,1.779427302762248475e+00
4.035000000000000142e+01,2.990337848663330078e+00,2.902596235275268555e+00,3.111535310745239258e+00,2.295125722885131836e+00,1.051431068030247884e+00,5.180000000000000000e+02,6.000000000000000000e+00,4.000000000000000000e+00,1.797723736047008636e+00
4.040000000000000568e+01,3.028219938278198242e+00,3.032698154449462891e+00,3.431725740432739258e+00,1.919564485549926758e+00,9.742729891428068001e-01,4.730000000000000000e+02,4.000000000000000000e+00,3.000000000000000000e+00,1.626845295950290815e+00
4.045000000000000284e+01,2.913606643676757812e+00,2.881509065628051758e+00,3.757533788681030273e+00,1.908896923065185547e+00,1.048319245385129772e+00,4.780000000000000000e+02,5.000000000000000000e+00,4.000000000000000000e+00,1.655408493846198814e+00
4.050000000000000000e+01,3.066530466079711914e+00,2.968971252441406250e+00,3.565973997116088867e+00,1.938661336898803711e+00,1.079964802278083447e+00,5.060000000000000000e+02,4.000000000000000000e+00,3.000000000000000000e+00,2.038663992787906221e+00
4.055000000000000426e+01,2.982103586196899414e+00,2.957811594009399414e+00,3.618505477905273438e+00,2.041885375976562500e+00,1.159631419160639609e+00,4.960000000000000000e+02,6.000000000000000000e+00,4.000000000000000000e+00,1.848747083850097228e+00
4.060000000000000142e+01,3.051100015640258789e+00,3.012649774551391602e+00,3.576496601104736328e+00,2.170868158340454102e+00,1.052928418623470197e+00,4.730000000000000000e+02,5.000000000000000000e+00,3.000000000000000000e+00,1.950931891132535512e+00
4.065000000000000568e+01,3.030322790145874023e+00,2.946460247039794922e+00,3.500437974929809570e+00,2.188912391662597656e+00,1.046938562564247110e+00,5.080000000000000000e+02,5.000000000000000000e+00,4.000000000000000000e+00,1.925757588897716754e+00
4.070000000000000284e+01,2.915243625640869141e+00,2.877916812896728516e+00,3.379501819610595703e+00,2.234843969345092773e+00,1.038189698418625406e+00,5.190000000000000000e+02,7.000000000000000000e+00,5.000000000000000000e+00,1.792204146959541555e+00
4.075000000000000000e+01,2.881132125854492188e+00,2.788240432739257812e+00,3.516224622726440430e+00,2.050400018692016602e+00,1.103147239765186249e+00,5.130000000000000000e+02,6.000000000000000000e+00,3.000000000000000000e+00,1.820543816323825670e+00
4.080000000000000426e+01,2.810130596160888672e+00,2.767888545989990234e+00,3.456314563751220703e+00,2.118854284286499023e+00,1.019022205238377499e+00,4.810000000000000000e+02,6.000000000000000000e+00,5.000000000000000000e+00,1.902944277272957896e+00
4.085000000000000142e+01,2.898026943206787109e+00,2.949443817138671875e+00,3.536365270614624023e+00,2.023942232131958008e+00,1.126208924256068888e+00,4.880000000000000000e+02,6.000000000000000000e+00,4.000000000000000000e+00,1.748682670571418907e+00
4.090000000000000568e+01,2.961416006088256836e+00,2.894242763519287109e+00,3.439899921417236328e+00,2.049151659011840820e+00,1.163102965128167465e+00,5.030000000000000000e+02,6.000000000000000000e+00,5.000000000000000000e+00,1.802044575524789582e+00
4.095000000000000284e+01,2.942843198776245117e+00,2.928447723388671875e+00,3.490089178085327148e+00,2.204046964645385742e+00,1.101677939571648057e+00,5.020000000000000000e+02,6.000000000000000000e+00,5.000000000000000000e+00,1.815167209506014734e+00
4.100000000000000000e+01,2.886295080184936523e+00,2.892651796340942383e+00,3.790178775787353516e+00,1.934825778007507324e+00,1.026550752003623002e+00,4.990000000000000000e+02,5.000000000000000000e+00,4.000000000000000000e+00,1.692744046687500115e+00
4.105000000000000426e+01,3.008499383926391602e+00,2.868542909622192383e+00,3.366501569747924805e+00,1.984344124794006348e+00,1.026662757399057879e+00,4.940000000000000000e+02,5.000000000000000000e+00,4.000000000000000000e+00,1.759111730907808591e+00
4.110000000000000142e+01,3.109877347946166992e+00,2.924711704254150391e+00,3.515414953231811523e+00,2.026830434799194336e+00,1.063435496258569257e+00,4.820000000000000000e+02,6.000000000000000000e+00,4.000000000000000000e+00,1.728299775107645875e+00
4.115000000000000568e+01,2.911723136901855469e+00,2.944325923919677734e+00,3.047118186950683594e+00,2.592042922973632812e+00,1.114261673766435479e+00,4.950000000000000000e+02,5.000000000000000000e+00,4.000000000000000000e+00,1.790033578678972059e+00
4.120000000000000284e+01,2.976948738098144531e+00,2.939462661743164062e+00,3.271006345748901367e+00,2.223086118698120117e+00,1.031782436242990375e+00,4.910000000000000000e+02,6.000000000000000000e+00,5.000000000000000000e+00,1.698422005303185101e+00
4.125000000000000000e+01,2.874822616577148438e+00,2.774244308471679688e+00,3.253655195236206055e+00,2.273545503616333008e+00,1.042604729449131185e+00,5.060000000000000000e+02,5.000000000000000000e+00,5.000000000000000000e+00,1.748059909671042966e+00
4.130000000000000426e+01,2.886789798736572266e+00,2.765033006668090820e+00,3.447053432464599609e+00,2.280085802078247070e+00,1.030326723588356197e+00,4.970000000000000000e+02,6.000000000000000000e+00,6.000000000000000000e+00,1.717948510471973389e+00
4.135000000000000142e+01,2.806340694427490234e+00,2.733290195465087891e+00,3.427827358245849609e+00,2.261901617050170898e+00,1.112260468598780028e+00,4.740000000000000000e+02,5.000000000000000000e+00,4.000000000000000000e+00,1.708173533828192259e+00
4.140000000000000568e+01,2.786372900009155273e+00,2.796039342880249023e+00,3.369300365447998047e+00,2.253728389739990234e+00,1.097935080447903555e+00,4.830000000000000000e+02,5.000000000000000000e+00,5.000000000000000000e+00,1.754604869622992114e+00
4.145000000000000284e+01,2.769917011260986328e+00,2.861634254455566406e+00,3.313163757324218750e+00,2.472791671752929688e+00,1.130103354181596798e+00,4.840000000000000000e+02,5.000000000000000000e+00,5.000000000000000000e+00,1.799828891607189396e+00
4.150000000000000000e+01,2.783811569213867188e+00,2.754326105117797852e+00,3.507755756378173828e+00,2.192618131637573242e+00,1.067907569289758607e+00,4.840000000000000000e+02,4.000000000000000000e+00,3.000000000000000000e+00,1.912063335876442727e+00
4.155000000000000426e+01,2.723049640655517578e+00,2.585983276367187500e+00,3.477858304977416992e+00,2.242354154586791992e+00,1.106982554995451729e+00,5.210000000000000000e+02,5.000000000000000000e+00,5.000000000000000000e+00,1.599670873614604805e+00
4.160000000000000142e+01,2.796807765960693359e+00,2.776859045028686523e+00,3.452463626861572266e+00,2.320608377456665039e+00,1.061111845235852780e+00,4.980000000000000000e+02,6.000000000000000000e+00,6.000000000000000000e+00,1.675845848186945819e+00
4.165000000000000568e+01,2.878498792648315430e+00,2.621136903762817383e+00,3.453254699707031250e+00,2.534963607788085938e+00,1.076240934598091892e+00,4.750000000000000000e+02,6.000000000000000000e+00,6.000000000000000000e+00,1.655137838021372376e+00
4.170000000000000284e+01,2.816735744476318359e+00,2.714572191238403320e+00,3.467690467834472656e+00,2.500854730606079102e+00,1.036482540570454969e+00,4.990000000000000000e+02,6.000000000000000000e+00,6.000000000000000000e+00,1.699325012809817625e+00
4.175000000000000000e+01,2.895910501480102539e+00,2.835765838623046875e+00,3.123241901397705078e+00,2.490576267242431641e+00,1.058031906309807590e+00,5.010000000000000000e+02,5.000000000000000000e+00,4.000000000000000000e+00,1.808765648384177638e+00
4.180000000000000426e+01,2.898603677749633789e+00,2.759184598922729492e+00,3.087725400924682617e+00,2.539115190505981445e+00,1.064758198684728097e+00,4.620000000000000000e+02,5.000000000000000000e+00,4.000000000000000000e+00,1.836657492828827731e+00
4.185000000000000142e+01,2.982429981231689453e+00,2.811179161071777344e+00,3.428800344467163086e+00,2.020669221878051758e+00,1.144303553299090170e+00,4.850000000000000000e+02,5.000000000000000000e+00,5.000000000000000000e+00,1.759631595143869909e+00
4.190000000000000568e+01,3.132630348205566406e+00,3.089247703552246094e+00,3.504579067230224609e+00,2.023328781127929688e+00,1.104873558593534089e+00,5.090000000000000000e+02,6.000000000000000000e+00,5.000000000000000000e+00,1.856115329681687021e+00
4.195000000000000284e+01,2.864253520965576172e+00,2.784641742706298828e+00,3.568542242050170898e+00,2.254431962966918945e+00,1.075762890886097223e+00,4.990000000000000000e+02,6.000000000000000000e+00,5.000000000000000000e+00,1.762686745411252476e+00
4.200000000000000000e+01,2.696085214614868164e+00,2.718178033828735352e+00,3.717997312545776367e+00,1.976058363914489746e+00,1.067262088408025056e+00,5.160000000000000000e+02,6.000000000000000000e+00,5.000000000000000000e+00,1.965428948396099829e+00
4.205000000000000426e+01,2.961417198181152344e+00,2.998799085617065430e+00,3.642159700393676758e+00,1.950489878654479980e+00,1.035508555055262292e+00,4.970000000000000000e+02,5.000000000000000000e+00,3.000000000000000000e+00,1.756520955136421591e+00
4.210000000000000142e+01,2.891281604766845703e+00,2.760970354080200195e+00,3.417556047439575195e+00,2.187949419021606445e+00,1.049637130014712483e+00,5.220000000000000000e+02,7.000000000000000000e+00,5.000000000000000000e+00,1.829821479833366737e+00
4.215000000000000568e+01,2.883642911911010742e+00,2.843314409255981445e+00,3.191948413848876953e+00,2.264930248260498047e+00,1.010695279894712195e+00,4.780000000000000000e+02,5.000000000000000000e+00,4.000000000000000000e+00,1.800997400287993599e+00
4.220000000000000284e+01,2.807924270629882812e+00,2.708247184753417969e+00,3.372999668121337891e+00,2.316270828247070312e+00,1.127237493353727915e+00,4.960000000000000000e+02,6.000000000000000000e+00,5.000000000000000000e+00,1.855776094159220291e+00
4.225000000000000000e+01,2.962067365646362305e+00,2.917829513549804688e+00,3.524360179901123047e+00,2.083315610885620117e+00,1.073402808095387462e+00,4.860000000000000000e+02,6.000000000000000000e+00,5.000000000000000000e+00,1.842504096668307501e+00
4.230000000000000426e+01,2.658309698104858398e+00,2.689499378204345703e+00,3.552360296249389648e+00,2.174266815185546875e+00,1.071644708499844389e+00,5.030000000000000000e+02,6.000000000000000000e+00,6.000000000000000000e+00,1.713484430738151598e+00
4.235000000000000142e+01,2.812514066696166992e+00,2.646234989166259766e+00,3.418186902999877930e+00,2.175684928894042969e+00,1.062319701964754781e+00,5.040000000000000000e+02,5.000000000000000000e+00,5.000000000000000000e+00,1.771170410757686664e+00
4.240000000000000568e+01,2.750285863876342773e+00,2.724989652633666992e+00,3.219124317169189453e+00,2.392567157745361328e+00,1.075652518245697964e+00,5.060000000000000000e+02,6.000000000000000000e+00,5.000000000000000000e+00,1.788843847633039497e+00
4.245000000000000284e+01,2.888964176177978516e+00,2.838979005813598633e+00,3.296002388000488281e+00,2.347131013870239258e+00,1.098639551320836460e+00,5.000000000000000000e+02,6.000000000000000000e+00,6.000000000000000000e+00,1.810940456763186157e+00
4.250000000000000000e+01,2.814203500747680664e+00,2.815544128417968750e+00,3.406400442123413086e+00,2.286322355270385742e+00,1.089380880905795657e+00,4.880000000000000000e+02,6.000000000000000000e+00,4.000000000000000000e+00,1.885735772212529193e+00
4.255000000000000426e+01,3.074848413467407227e+00,2.972708940505981445e+00,3.234180212020874023e+00,2.293333530426025391e+00,1.124928955838803812e+00,4.960000000000000000e+02,6.000000000000000000e+00,5.000000000000000000e+00,1.835408848061501397e+00
4.260000000000000142e+01,3.030846118927001953e+00,2.939577579498291016e+00,3.337317705154418945e+00,2.067264080047607422e+00,1.104643887245127409e+00,4.930000000000000000e+02,6.000000000000000000e+00,5.000000000000000000e+00,1.811764641407827892e+00
4.265000000000000568e+01,2.892267704010009766e+00,2.872502326965332031e+00,3.495547533035278320e+00,2.062604904174804688e+00,1.086422021554493078e+00,5.040000000000000000e+02,5.000000000000000000e+00,4.000000000000000000e+00,1.818605939434148278e+00
4.270000000000000284e+01,2.913767337799072266e+00,2.941344022750854492e+00,3.566596508026123047e+00,2.327553987503051758e+00,1.113276044214771332e+00,4.870000000000000000e+02,6.000000000000000000e+00,5.000000000000000000e+00,1.813981765891166331e+00
4.275000000000000000e+01,2.832444190979003906e+00,2.686447620391845703e+00,3.580733537673950195e+00,2.107345581054687500e+00,1.089913825049809493e+00,5.220000000000000000e+02,5.000000000000000000e+00,4.000000000000000000e+00,1.824210953620117648e+00
4.280000000000000426e+01,2.892847299575805664e+00,2.889582633972167969e+00,3.617010116577148438e+00,2.291413307189941406e+00,1.089299920163822488e+00,5.120000000000000000e+02,4.000000000000000000e+00,4.000000000000000000e+00,1.779616829576790904e+00
4.285000000000000142e+01,2.937370538711547852e+00,2.932253837585449219e+00,3.762398004531860352e+00,2.410723447799682617e+00,1.101353608224230785e+00,4.800000000000000000e+02,5.000000000000000000e+00,5.000000000000000000e+00,1.815606601324765368e+00
4.290000000000000568e+01,2.828001976013183594e+00,2.784325838088989258e+00,3.584074020385742188e+00,2.179047822952270508e+00,1.118971139675079884e+00,4.770000000000000000e+02,5.000000000000000000e+00,5.000000000000000000e+00,1.563951718776742439e+00
4.295000000000000284e+01,2.763281345367431641e+00,2.774150371551513672e+00,3.304958105087280273e+00,2.445910930633544922e+00,1.113577220942881585e+00,4.840000000000000000e+02,6.000000000000000000e+00,6.000000000000000000e+00,1.755957034113933446e+00
4.300000000000000000e+01,2.760853767395019531e+00,2.784605026245117188e+00,3.214317321777343750e+00,2.489326953887939453e+00,1.094288834537140875e+00,4.910000000000000000e+02,6.000000000000000000e+00,5.000000000000000000e+00,1.640056775847206216e+00
4.305000000000000426e+01,2.805037975311279297e+00,2.863011837005615234e+00,3.399537801742553711e+00,2.436360836029052734e+00,1.067386094177618538e+00,4.790000000000000000e+02,5.000000000000000000e+00,5.000000000000000000e+00,1.618500735863056761e+00
4.310000000000000142e+01,2.853347063064575195e+00,2.793081283569335938e+00,3.706697940826416016e+00,2.344781160354614258e+00,1.098152355616839548e+00,4.990000000000000000e+02,6.000000000000000000e+00,4.000000000000000000e+00,1.745938705360967402e+00
4.315000000000000568e+01,2.866228580474853516e+00,2.823552131652832031e+00,3.177297592163085938e+00,2.461288928985595703e+00,1.093565347441687763e+00,4.700000000000000000e+02,6.000000000000000000e+00,3.000000000000000000e+00,1.759222353639787073e+00
4.320000000000000284e+01,2.775645256042480469e+00,2.794416427612304688e+00,3.287827491760253906e+00,2.626107215881347656e+00,9.991908648720821962e-01,4.540000000000000000e+02,5.000000000000000000e+00,4.000000000000000000e+00,1.932334663190761193e+00
4.325000000000000000e+01,2.727689504623413086e+00,2.695531606674194336e+00,3.652292251586914062e+00,2.204692363739013672e+00,1.188623670746809635e+00,4.390000000000000000e+02,5.000000000000000000e+00,4.000000000000000000e+00,1.841280069830213195e+00
4.330000000000000426e+01,2.843636035919189453e+00,2.772514581680297852e+00,3.578964471817016602e+00,2.151704072952270508e+00,1.063258745548147477e+00,4.690000000000000000e+02,5.000000000000000000e+00,4.000000000000000000e+00,1.790221091238589857e+00
4.335000000000000142e+01,2.935041427612304688e+00,2.835395336151123047e+00,3.549848079681396484e+00,2.097282409667968750e+00,1.010627262732890275e+00,5.330000000000000000e+02,5.000000000000000000e+00,4.000000000000000000e+00,1.689590887489841542e+00
4.340000000000000568e+01,2.868481159210205078e+00,2.747090816497802734e+00,3.559082984924316406e+00,2.182192564010620117e+00,9.122809222127550299e-01,5.060000000000000000e+02,5.000000000000000000e+00,4.000000000000000000e+00,1.762058982792446882e+00
4.345000000000000284e+01,2.925358772277832031e+00,2.731054782867431641e+00,3.483616113662719727e+00,2.283007383346557617e+00,1.094909604406612003e+00,4.820000000000000000e+02,6.000000000000000000e+00,5.000000000000000000e+00,1.891719504544453034e+00
4.350000000000000000e+01,2.909078836441040039e+00,2.737426757812500000e+00,3.644739627838134766e+00,2.057531356811523438e+00,1.099956090202318437e+00,4.760000000000000000e+02,6.000000000000000000e+00,6.000000000000000000e+00,1.775039461061231671e+00
4.355000000000000426e+01,2.979464530944824219e+00,2.946189403533935547e+00,3.880874633789062500e+00,2.196227550506591797e+00,1.033471221084189873e+00,5.060000000000000000e+02,6.000000000000000000e+00,6.000000000000000000e+00,1.604363007058802193e+00
4.360000000000000142e+01,2.832521915435791016e+00,2.603001832962036133e+00,3.561519384384155273e+00,2.183317899703979492e+00,1.017222447052484657e+00,4.890000000000000000e+02,6.000000000000000000e+00,5.000000000000000000e+00,1.793494718023177725e+00
4.365000000000000568e+01,2.758800745010375977e+00,2.533049821853637695e+00,3.985665321350097656e+00,2.096653461456298828e+00,1.096462765533341877e+00,4.670000000000000000e+02,6.000000000000000000e+00,6.000000000000000000e+00,1.787032979093888141e+00
4.370000000000000284e+01,2.796728610992431641e+00,2.619120836257934570e+00,3.524012088775634766e+00,2.233902454376220703e+00,1.070747900653246321e+00,4.840000000000000000e+02,6.000000000000000000e+00,5.000000000000000000e+00,1.705397038663685638e+00
4.375000000000000000e+01,2.791333198547363281e+00,2.767622470855712891e+00,3.975405693054199219e+00,2.028564453125000000e+00,1.011193271798226823e+00,5.170000000000000000e+02,6.000000000000000000e+00,4.000000000000000000e+00,1.719100976724287078e+00
4.380000000000000426e+01,2.951284408569335938e+00,2.713900089263916016e+00,3.824892282485961914e+00,2.107416629791259766e+00,1.001792053596857635e+00,5.000000000000000000e+02,6.000000000000000000e+00,6.000000000000000000e+00,1.725569503247279979e+00
4.385000000000000142e+01,2.718604087829589844e+00,2.679700851440429688e+00,3.485161066055297852e+00,2.408859252929687500e+00,1.090161090412407274e+00,4.600000000000000000e+02,5.000000000000000000e+00,5.000000000000000000e+00,1.731140887192050837e+00
4.390000000000000568e+01,3.024095058441162109e+00,2.760484695434570312e+00,3.854867935180664062e+00,1.959905385971069336e+00,1.104795550323669717e+00,5.150000000000000000e+02,5.000000000000000000e+00,3.000000000000000000e+00,1.844164210263337322e+00
4.395000000000000284e+01,2.952420234680175781e+00,2.949358224868774414e+00,3.303127765655517578e+00,2.367500543594360352e+00,1.118751222411297430e+00,4.860000000000000000e+02,7.000000000000000000e+00,5.000000000000000000e+00,1.871889567295148105e+00
4.400000000000000000e+01,2.890431642532348633e+00,2.873970270156860352e+00,3.741297960281372070e+00,2.304139375686645508e+00,1.055271420976865437e+00,5.020000000000000000e+02,6.000000000000000000e+00,4.000000000000000000e+00,1.681917551525893284e+00
4.405000000000000426e+01,2.911544322967529297e+00,2.841832637786865234e+00,3.588986873626708984e+00,2.274952888488769531e+00,1.109938181119378253e+00,4.880000000000000000e+02,4.000000000000000000e+00,4.000000000000000000e+00,1.733549148748081858e+00
4.410000000000000142e+01,2.962815999984741211e+00,2.997618198394775391e+00,3.707079410552978516e+00,2.188805341720581055e+00,1.080032948795639269e+00,4.720000000000000000e+02,7.000000000000000000e+00,5.000000000000000000e+00,1.875232535048715121e+00
4.415000000000000568e+01,2.953674793243408203e+00,2.785540103912353516e+00,3.561575174331665039e+00,2.300516128540039062e+00,1.105799740214264082e+00,4.580000000000000000e+02,6.000000000000000000e+00,4.000000000000000000e+00,1.772658292076100262e+00
4.420000000000000284e+01,2.928292512893676758e+00,2.681884765625000000e+00,3.537092447280883789e+00,2.251478672027587891e+00,1.050267485301486836e+00,4.460000000000000000e+02,5.000000000000000000e+00,3.000000000000000000e+00,1.865712528726161112e+00
4.425000000000000000e+01,2.911198377609252930e+00,2.981935501098632812e+00,3.410555839538574219e+00,2.494068384170532227e+00,1.031861858468966053e+00,4.870000000000000000e+02,5.000000000000000000e+00,3.000000000000000000e+00,1.875020410396588844e+00
4.430000000000000426e+01,2.936061859130859375e+00,2.872086048126220703e+00,3.704037904739379883e+00,2.227692127227783203e+00,1.055834547733963680e+00,5.010000000000000000e+02,6.000000000000000000e+00,4.000000000000000000e+00,1.739706898278196023e+00
4.435000000000000142e+01,2.847654819488525391e+00,2.734258174896240234e+00,3.468070030212402344e+00,2.098483085632324219e+00,1.049325068533137451e+00,4.770000000000000000e+02,7.000000000000000000e+00,5.000000000000000000e+00,1.892499216783359639e+00
4.440000000000000568e+01,2.817387819290161133e+00,2.874630689620971680e+00,3.587625980377197266e+00,2.482618570327758789e+00,1.090430399354133328e+00,4.740000000000000000e+02,5.000000000000000000e+00,4.000000000000000000e+00,1.641046558721046322e+00
4.445000000000000284e+01,2.918419361114501953e+00,2.945203542709350586e+00,3.400453090667724609e+00,2.268848419189453125e+00,1.066884973877170406e+00,4.740000000000000000e+02,7.000000000000000000e+00,5.000000000000000000e+00,1.854154496636171601e+00
4.450000000000000000e+01,2.785592317581176758e+00,2.886111974716186523e+00,3.953194141387939453e+00,2.184804916381835938e+00,1.063006655510104759e+00,5.030000000000000000e+02,6.000000000000000000e+00,5.000000000000000000e+00,1.803313313173103172e+00
4.455000000000000426e+01,2.866077423095703125e+00,2.970335960388183594e+00,3.442142009735107422e+00,2.124308586120605469e+00,1.081448989514012693e+00,5.020000000000000000e+02,6.000000000000000000e+00,5.000000000000000000e+00,1.709848451549126569e+00
4.460000000000000142e+01,2.765033006668090820e+00,2.809678077697753906e+00,3.485442399978637695e+00,2.289215326309204102e+00,1.078035354885935382e+00,4.960000000000000000e+02,5.000000000000000000e+00,5.000000000000000000e+00,1.857245391969366333e+00
4.465000000000000568e+01,2.890541315078735352e+00,2.912090301513671875e+00,3.710456848144531250e+00,2.208917379379272461e+00,1.113026404498843380e+00,4.610000000000000000e+02,6.000000000000000000e+00,5.000000000000000000e+00,1.945588354793330810e+00
4.470000000000000284e+01,2.945991992950439453e+00,3.006196022033691406e+00,3.741771936416625977e+00,1.976250529289245605e+00,1.049582208243804216e+00,4.930000000000000000e+02,5.000000000000000000e+00,4.000000000000000000e+00,1.727714254481740319e+00
4.475000000000000000e+01,2.824577093124389648e+00,2.893117666244506836e+00,3.728528976440429688e+00,2.163511276245117188e+00,1.152471616666389531e+00,5.100000000000000000e+02,5.000000000000000000e+00,4.000000000000000000e+00,1.786811963136736070e+00
4.480000000000000426e+01,2.952625989913940430e+00,3.098134517669677734e+00,3.320513963699340820e+00,2.416504383087158203e+00,1.069293031474219724e+00,4.860000000000000000e+02,6.000000000000000000e+00,4.000000000000000000e+00,1.819791427657872163e+00
4.485000000000000142e+01,2.936897754669189453e+00,3.034268856048583984e+00,3.681589365005493164e+00,2.167224645614624023e+00,1.092634393164116924e+00,4.970000000000000000e+02,5.000000000000000000e+00,4.000000000000000000e+00,1.726770148465613941e+00
4.490000000000000568e+01,2.990189790725708008e+00,3.132245540618896484e+00,3.891522884368896484e+00,2.173158168792724609e+00,1.068798617956756125e+00,5.010000000000000000e+02,6.000000000000000000e+00,4.000000000000000000e+00,1.753711003239049937e+00
4.495000000000000284e+01,2.899187564849853516e+00,2.849086523056030273e+00,3.465472221374511719e+00,2.395450592041015625e+00,1.059475993999246191e+00,4.860000000000000000e+02,6.000000000000000000e+00,5.000000000000000000e+00,1.909783529058241003e+00
4.500000000000000000e+01,2.923193216323852539e+00,2.880331039428710938e+00,3.849715948104858398e+00,2.313774108886718750e+00,1.170943492870311298e+00,4.790000000000000000e+02,6.000000000000000000e+00,5.000000000000000000e+00,1.888552549713829798e+00
4.505000000000000426e+01,2.802783489227294922e+00,2.896810531616210938e+00,3.874291896820068359e+00,2.156749725341796875e+00,1.127042486765162277e+00,4.870000000000000000e+02,7.000000000000000000e+00,4.000000000000000000e+00,1.790679942142272330e+00
4.510000000000000142e+01,2.945209503173828125e+00,2.954488039016723633e+00,3.586227416992187500e+00,2.328105926513671875e+00,1.073048937386518631e+00,4.910000000000000000e+02,6.000000000000000000e+00,4.000000000000000000e+00,1.713727823699980224e+00
4.515000000000000568e+01,2.949283599853515625e+00,2.990660190582275391e+00,4.027734279632568359e+00,2.016228675842285156e+00,1.050259737921693581e+00,4.840000000000000000e+02,5.000000000000000000e+00,4.000000000000000000e+00,1.749484422559713925e+00
4.520000000000000284e+01,2.931732892990112305e+00,2.960478067398071289e+00,3.339735507965087891e+00,2.345165729522705078e+00,1.112795020001952739e+00,4.770000000000000000e+02,5.000000000000000000e+00,5.000000000000000000e+00,1.905709070006089689e+00
4.525000000000000000e+01,2.951845884323120117e+00,2.988467693328857422e+00,4.086321830749511719e+00,2.367507934570312500e+00,1.114908526161689561e+00,4.940000000000000000e+02,5.000000000000000000e+00,4.000000000000000000e+00,1.797721974572717096e+00
4.530000000000000426e+01,2.863551378250122070e+00,3.003609657287597656e+00,3.706883192062377930e+00,2.027675151824951172e+00,1.113318145686033045e+00,4.810000000000000000e+02,5.000000000000000000e+00,4.000000000000000000e+00,1.723468276475326189e+00
4.535000000000000142e+01,2.739219427108764648e+00,2.817749977111816406e+00,3.569560527801513672e+00,2.266092300415039062e+00,1.137406194192385422e+00,4.870000000000000000e+02,6.000000000000000000e+00,6.000000000000000000e+00,1.714215508302157964e+00
4.540000000000000568e+01,2.741084337234497070e+00,2.837316989898681641e+00,3.831355333328247070e+00,2.103463411331176758e+00,1.013069124499382134e+00,4.890000000000000000e+02,5.000000000000000000e+00,3.000000000000000000e+00,1.645435165044608405e+00
4.545000000000000284e+01,2.897084236145019531e+00,3.036145925521850586e+00,3.303850650787353516e+00,2.365168809890747070e+00,1.115198100416763483e+00,4.850000000000000000e+02,7.000000000000000000e+00,5.000000000000000000e+00,1.799981026407963647e+00
4.550000000000000000e+01,2.982270717620849609e+00,3.095823287963867188e+00,3.556876659393310547e+00,2.202618360519409180e+00,1.058453188243116294e+00,4.470000000000000000e+02,5.000000000000000000e+00,3.000000000000000000e+00,1.879810471375873426e+00
4.555000000000000426e+01,2.928318977355957031e+00,3.092271804809570312e+00,3.517337322235107422e+00,2.087669134140014648e+00,1.022941815951126099e+00,5.210000000000000000e+02,5.000000000000000000e+00,4.000000000000000000e+00,1.853358521903496481e+00
4.560000000000000142e+01,3.073147773742675781e+00,3.049142837524414062e+00,3.664400100708007812e+00,2.351561069488525391e+00,1.000123477244680092e+00,5.020000000000000000e+02,5.000000000000000000e+00,5.000000000000000000e+00,1.737226942263653262e+00
4.565000000000000568e+01,3.015134096145629883e+00,3.142118692398071289e+00,3.589530229568481445e+00,2.381118297576904297e+00,1.028701632746337857e+00,4.830000000000000000e+02,6.000000000000000000e+00,6.000000000000000000e+00,1.669557198393929465e+00
4.570000000000000284e+01,2.964190006256103516e+00,3.118402719497680664e+00,3.444119453430175781e+00,2.526998758316040039e+00,9.757282994356635264e-01,5.050000000000000000e+02,5.000000000000000000e+00,5.000000000000000000e+00,1.698241234179649339e+00
4.575000000000000000e+01,2.778919696807861328e+00,2.868366003036499023e+00,3.630731105804443359e+00,2.416991710662841797e+00,9.592064710039287512e-01,4.870000000000000000e+02,6.000000000000000000e+00,6.000000000000000000e+00,1.683281499652483859e+00
4.580000000000000426e+01,3.013325929641723633e+00,3.015611410140991211e+00,3.329007625579833984e+00,2.368031501770019531e+00,9.819129969674993408e-01,4.810000000000000000e+02,5.000000000000000000e+00,5.000000000000000000e+00,1.816570805010000900e+00
4.585000000000000142e+01,2.922707557678222656e+00,3.034233808517456055e+00,3.446246147155761719e+00,2.249171257019042969e+00,1.015848761907361730e+00,5.160000000000000000e+02,6.000000000000000000e+00,5.000000000000000000e+00,1.774371196427174890e+00
4.590000000000000568e+01,2.864452600479125977e+00,2.915270805358886719e+00,3.492821216583251953e+00,2.422163963317871094e+00,1.008547386705722193e+00,5.330000000000000000e+02,6.000000000000000000e+00,6.000000000000000000e+00,1.756766611897861541e+00
4.595000000000000284e+01,2.841948270797729492e+00,3.009916782379150391e+00,3.588547945022583008e+00,2.250109434127807617e+00,9.733623600030780754e-01,5.180000000000000000e+02,5.000000000000000000e+00,4.000000000000000000e+00,1.696717011847662659e+00
4.600000000000000000e+01,2.865422248840332031e+00,3.020419836044311523e+00,3.197058439254760742e+00,2.329877853393554688e+00,9.680456793943796878e-01,5.320000000000000000e+02,6.000000000000000000e+00,6.000000000000000000e+00,1.627315512492608196e+00
4.605000000000000426e+01,3.058039188385009766e+00,3.230094909667968750e+00,3.198039531707763672e+00,2.382989406585693359e+00,9.736705156384389825e-01,5.220000000000000000e+02,4.000000000000000000e+00,4.000000000000000000e+00,1.749241289287978951e+00
4.610000000000000142e+01,2.910498380661010742e+00,3.122162342071533203e+00,3.482275247573852539e+00,2.245587348937988281e+00,9.596131647611726434e-01,4.780000000000000000e+02,4.000000000000000000e+00,4.000000000000000000e+00,1.892905284878982686e+00
4.615000000000000568e+01,2.799462080001831055e+00,2.846529483795166016e+00,3.327735424041748047e+00,2.039814233779907227e+00,9.879919239303330825e-01,4.870000000000000000e+02,5.000000000000000000e+00,5.000000000000000000e+00,1.787160425283257359e+00
4.620000000000000284e+01,2.790955543518066406e+00,2.931916952133178711e+00,3.078460216522216797e+00,2.555188179016113281e+00,9.919206303873550068e-01,5.120000000000000000e+02,5.000000000000000000e+00,4.000000000000000000e+00,1.828081827144556692e+00
4.625000000000000000e+01,2.836458444595336914e+00,2.852708816528320312e+00,3.348248004913330078e+00,2.109130859375000000e+00,9.429021556671822735e-01,5.300000000000000000e+02,6.000000000000000000e+00,5.000000000000000000e+00,1.829429555672239749e+00
4.630000000000000426e+01,2.913660526275634766e+00,3.092071771621704102e+00,3.228254079818725586e+00,2.401243686676025391e+00,9.534991374758132743e-01,4.790000000000000000e+02,5.000000000000000000e+00,4.000000000000000000e+00,1.924435316827739273e+00
4.635000000000000142e+01,2.976248264312744141e+00,3.010268211364746094e+00,3.324274778366088867e+00,2.511620521545410156e+00,1.003467796526393618e+00,5.340000000000000000e+02,6.000000000000000000e+00,4.000000000000000000e+00,1.847074204560669397e+00
4.640000000000000568e+01,2.887746095657348633e+00,3.007664918899536133e+00,3.266361713409423828e+00,2.437532663345336914e+00,9.728679598667065997e-01,5.210000000000000000e+02,5.000000000000000000e+00,4.000000000000000000e+00,1.798284338309040109e+00
4.645000000000000284e+01,2.807999134063720703e+00,2.946415424346923828e+00,3.371258020401000977e+00,2.367525577545166016e+00,1.000733094826476544e+00,5.220000000000000000e+02,5.000000000000000000e+00,3.000000000000000000e+00,1.752033527254980516e+00
4.650000000000000000e+01,2.805156707763671875e+00,2.977772235870361328e+00,3.358838558197021484e+00,2.401218891143798828e+00,9.691232329009835667e-01,4.950000000000000000e+02,6.000000000000000000e+00,5.000000000000000000e+00,1.778166336516391111e+00
4.655000000000000426e+01,2.747242212295532227e+00,2.895834445953369141e+00,3.327477216720581055e+00,2.280152320861816406e+00,9.529883725380097204e-01,5.110000000000000000e+02,7.000000000000000000e+00,5.000000000000000000e+00,1.790032265052119431e+00
4.660000000000000142e+01,2.772819519042968750e+00,2.847446203231811523e+00,3.244446516036987305e+00,2.269068717956542969e+00,9.661509455604021523e-01,5.140000000000000000e+02,5.000000000000000000e+00,5.000000000000000000e+00,1.877468425199949831e+00
4.665000000000000568e+01,2.814821720123291016e+00,2.848314762115478516e+00,3.381267070770263672e+00,2.326005458831787109e+00,1.038892356049330390e+00,5.250000000000000000e+02,6.000000000000000000e+00,5.000000000000000000e+00,1.814039759420808640e+00
4.670000000000000284e+01,2.871324539184570312e+00,2.908364534378051758e+00,3.202137470245361328e+00,2.444836854934692383e+00,9.672403745751206872e-01,5.430000000000000000e+02,6.000000000000000000e+00,3.000000000000000000e+00,1.879093724645949370e+00
4.675000000000000000e+01,2.939905166625976562e+00,3.068161249160766602e+00,3.182663917541503906e+00,2.526565790176391602e+00,9.850868846731591910e-01,5.300000000000000000e+02,6.000000000000000000e+00,6.000000000000000000e+00,1.609715243924852324e+00
4.680000000000000426e+01,2.823559045791625977e+00,2.885539293289184570e+00,3.156552314758300781e+00,2.604457378387451172e+00,9.852018853608829341e-01,5.110000000000000000e+02,5.000000000000000000e+00,5.000000000000000000e+00,1.868555589150509011e+00
4.685000000000000142e+01,2.917852163314819336e+00,3.108495473861694336e+00,3.398649454116821289e+00,2.270860671997070312e+00,9.875341788309544011e-01,5.260000000000000000e+02,6.000000000000000000e+00,6.000000000000000000e+00,1.702909585961212224e+00
4.690000000000000568e+01,2.805077552795410156e+00,2.853750228881835938e+00,3.296704053878784180e+00,2.186200141906738281e+00,9.820593526813182761e-01,5.220000000000000000e+02,5.000000000000000000e+00,4.000000000000000000e+00,1.793004554738724110e+00
4.695000000000000284e+01,2.868165016174316406e+00,2.966331958770751953e+00,3.348421573638916016e+00,2.199618577957153320e+00,9.390156207477657890e-01,5.250000000000000000e+02,5.000000000000000000e+00,5.000000000000000000e+00,1.798938516069883198e+00
4.700000000000000000e+01,2.746756076812744141e+00,2.798947811126708984e+00,3.360138893127441406e+00,2.175265550613403320e+00,9.686530223484464130e-01,5.060000000000000000e+02,4.000000000000000000e+00,4.000000000000000000e+00,1.798405158667776282e+00
4.705000000000000426e+01,2.906281471252441406e+00,3.002821922302246094e+00,3.430609464645385742e+00,2.266857385635375977e+00,9.155954456164940858e-01,5.070000000000000000e+02,5.000000000000000000e+00,5.000000000000000000e+00,1.737722560951720174e+00
4.710000000000000142e+01,2.844841480255126953e+00,2.833419799804687500e+00,3.756055355072021484e+00,2.191331624984741211e+00,9.558576612038144349e-01,5.050000000000000000e+02,4.000000000000000000e+00,4.000000000000000000e+00,1.752243316238319526e+00
4.715000000000000568e+01,2.749038696289062500e+00,2.799293994903564453e+00,3.388632297515869141e+00,2.156393051147460938e+00,9.204203253217204672e-01,5.480000000000000000e+02,5.000000000000000000e+00,5.000000000000000000e+00,1.712993788459533429e+00
4.720000000000000284e+01,2.863619089126586914e+00,2.932623624801635742e+00,3.228585720062255859e+00,2.278163909912109375e+00,1.019642921911422029e+00,5.060000000000000000e+02,5.000000000000000000e+00,5.000000000000000000e+00,1.825216338471262967e+00
4.725000000000000000e+01,2.763879776000976562e+00,2.799759387969970703e+00,3.451545715332031250e+00,2.255211353302001953e+00,9.398017996009232489e-01,5.140000000000000000e+02,5.000000000000000000e+00,5.000000000000000000e+00,1.803588817127335098e+00
4.730000000000000426e+01,2.870424985885620117e+00,2.884281158447265625e+00,3.879608154296875000e+00,2.160752296447753906e+00,9.826514525627425556e-01,5.170000000000000000e+02,5.000000000000000000e+00,5.000000000000000000e+00,1.887976994088431226e+00
4.735000000000000142e+01,2.789561510086059570e+00,2.827542781829833984e+00,3.248705387115478516e+00,2.098321437835693359e+00,9.281919182327168505e-01,5.350000000000000000e+02,6.000000000000000000e+00,5.000000000000000000e+00,1.710641457054452808e+00
4.740000000000000568e+01,2.839897155761718750e+00,2.936334371566772461e+00,3.507718801498413086e+00,2.010534286499023438e+00,1.053488522955899009e+00,4.990000000000000000e+02,5.000000000000000000e+00,4.000000000000000000e+00,1.781830143622809226e+00
4.745000000000000284e+01,2.723635196685791016e+00,2.859833717346191406e+00,3.287966489791870117e+00,2.342025995254516602e+00,1.036420889242170018e+00,5.090000000000000000e+02,6.000000000000000000e+00,5.000000000000000000e+00,1.750942401362602707e+00
4.750000000000000000e+01,2.875674247741699219e+00,2.833646297454833984e+00,3.598232746124267578e+00,2.210584163665771484e+00,1.024318884021544918e+00,5.370000000000000000e+02,5.000000000000000000e+00,4.000000000000000000e+00,1.855456763334641934e+00
4.755000000000000426e+01,2.913037300109863281e+00,2.935014009475708008e+00,3.621328830718994141e+00,2.424575805664062500e+00,9.944179850362124817e-01,5.130000000000000000e+02,6.000000000000000000e+00,5.000000000000000000e+00,1.876543592252095882e+00
4.760000000000000142e+01,2.916473388671875000e+00,2.913112878799438477e+00,3.390960931777954102e+00,2.611495018005371094e+00,9.409911973229212467e-01,5.360000000000000000e+02,6.000000000000000000e+00,5.000000000000000000e+00,1.840842790123757400e+00
4.765000000000000568e+01,2.839689254760742188e+00,2.887303829193115234e+00,4.036067485809326172e+00,2.408352136611938477e+00,9.755819775287581930e-01,4.980000000000000000e+02,5.000000000000000000e+00,5.000000000000000000e+00,1.838203748196864495e+00
4.770000000000000284e+01,3.002906322479248047e+00,2.927874326705932617e+00,3.324413299560546875e+00,2.533022165298461914e+00,9.787676534523941374e-01,4.960000000000000000e+02,4.000000000000000000e+00,4.000000000000000000e+00,1.865396521296450727e+00
4.775000000000000000e+01,2.779795646667480469e+00,2.892173290252685547e+00,3.526436090469360352e+00,2.126584529876708984e+00,9.851427424834005020e-01,5.140000000000000000e+02,7.000000000000000000e+00,5.000000000000000000e+00,1.853946488486703181e+00
4.780000000000000426e+01,2.793755531311035156e+00,2.918872833251953125e+00,3.386683225631713867e+00,2.278520822525024414e+00,9.676152441971592744e-01,4.970000000000000000e+02,4.000000000000000000e+00,4.000000000000000000e+00,1.891508765224378719e+00
4.785000000000000142e+01,2.859156370162963867e+00,2.976725578308105469e+00,3.486511707305908203e+00,2.445964574813842773e+00,9.629792900203436590e-01,5.080000000000000000e+02,6.000000000000000000e+00,5.000000000000000000e+00,1.844721445401489079e+00
4.790000000000000568e+01,2.758627176284790039e+00,2.764600753784179688e+00,3.568619728088378906e+00,2.109249591827392578e+00,9.969726156681375517e-01,4.840000000000000000e+02,6.000000000000000000e+00,5.000000000000000000e+00,1.855405987481660635e+00
4.795000000000000284e+01,2.763185501098632812e+00,2.840795755386352539e+00,3.610335588455200195e+00,2.320198774337768555e+00,9.529894286094295897e-01,5.060000000000000000e+02,5.000000000000000000e+00,4.000000000000000000e+00,1.836515789991638670e+00
4.800000000000000000e+01,2.749924898147583008e+00,2.785233974456787109e+00,3.530816078186035156e+00,2.102763175964355469e+00,9.443834898166226788e-01,4.930000000000000000e+02,5.000000000000000000e+00,5.000000000000000000e+00,1.747438272987419161e+00
4.805000000000000426e+01,2.687757968902587891e+00,2.670097112655639648e+00,3.422367095947265625e+00,2.413269996643066406e+00,9.687435665243140370e-01,5.170000000000000000e+02,5.000000000000000000e+00,5.000000000000000000e+00,1.971219600674367856e+00
4.810000000000000142e+01,2.920768022537231445e+00,2.936702728271484375e+00,3.738417625427246094e+00,2.343427658081054688e+00,9.870055864307574200e-01,4.900000000000000000e+02,4.000000000000000000e+00,4.000000000000000000e+00,1.882810925020380832e+00
4.815000000000000568e+01,2.875154972076416016e+00,2.919014930725097656e+00,3.532946109771728516e+00,2.113594055175781250e+00,1.002135374134962120e+00,5.320000000000000000e+02,5.000000000000000000e+00,3.000000000000000000e+00,1.799873371997419147e+00
4.820000000000000284e+01,2.954849958419799805e+00,2.976299524307250977e+00,3.685313463211059570e+00,2.196422100067138672e+00,1.001066010325590616e+00,5.110000000000000000e+02,6.000000000000000000e+00,5.000000000000000000e+00,1.783825592573560437e+00
4.825000000000000000e+01,3.032727718353271484e+00,3.099526882171630859e+00,3.496361017227172852e+00,2.197484731674194336e+00,9.398436351211849615e-01,5.290000000000000000e+02,6.000000000000000000e+00,5.000000000000000000e+00,1.809272102646411140e+00
4.830000000000000426e+01,2.702732563018798828e+00,2.760932922363281250e+00,3.355646371841430664e+00,2.227113485336303711e+00,9.813373022550715419e-01,5.090000000000000000e+02,5.000000000000000000e+00,4.000000000000000000e+00,1.712787484485797762e+00
4.835000000000000142e+01,2.733642816543579102e+00,2.786693811416625977e+00,3.420539379119873047e+00,2.244570016860961914e+00,1.014222407852518382e+00,5.100000000000000000e+02,4.000000000000000000e+00,4.000000000000000000e+00,1.926013049542920852e+00
4.840000000000000568e+01,2.845734596252441406e+00,2.916929244995117188e+00,3.130125522613525391e+00,2.336843967437744141e+00,9.951690448067986861e-01,5.140000000000000000e+02,6.000000000000000000e+00,5.000000000000000000e+00,1.772848020914489897e+00
4.845000000000000284e+01,2.819320917129516602e+00,2.809081315994262695e+00,3.384402275085449219e+00,2.419091224670410156e+00,9.797193700521368287e-01,5.120000000000000000e+02,5.000000000000000000e+00,4.000000000000000000e+00,1.800405623528317234e+00
4.850000000000000000e+01,2.766959905624389648e+00,2.751842498779296875e+00,3.492259502410888672e+00,2.175976991653442383e+00,9.539939226987637078e-01,5.310000000000000000e+02,5.000000000000000000e+00,4.000000000000000000e+00,1.790238171672932976e+00
4.855000000000000426e+01,2.758939266204833984e+00,2.745679378509521484e+00,3.443641901016235352e+00,2.239210128784179688e+00,9.608918992170707440e-01,5.270000000000000000e+02,5.000000000000000000e+00,4.000000000000000000e+00,1.821511666699666243e+00
4.860000000000000142e+01,2.678037643432617188e+00,2.724116086959838867e+00,3.545404434204101562e+00,2.030080795288085938e+00,9.915675037831540584e-01,5.240000000000000000e+02,6.000000000000000000e+00,4.000000000000000000e+00,1.934208834126172505e+00
4.865000000000000568e+01,2.883941173553466797e+00,2.813397884368896484e+00,3.572060585021972656e+00,1.900793433189392090e+00,9.456194447883510268e-01,5.130000000000000000e+02,5.000000000000000000e+00,4.000000000000000000e+00,1.860545670658975359e+00
4.870000000000000284e+01,2.820856809616088867e+00,2.815613508224487305e+00,3.102115154266357422e+00,2.520666599273681641e+00,9.864382425104831764e-01,5.300000000000000000e+02,4.000000000000000000e+00,3.000000000000000000e+00,1.836514971789863004e+00
4.875000000000000000e+01,2.848902940750122070e+00,2.801546096801757812e+00,3.545017719268798828e+00,1.930030465126037598e+00,9.082219434218088416e-01,4.960000000000000000e+02,6.000000000000000000e+00,4.000000000000000000e+00,1.845072457013142486e+00
4.880000000000000426e+01,2.864243030548095703e+00,3.003165960311889648e+00,3.220291614532470703e+00,2.401756048202514648e+00,9.576832371718204673e-01,5.230000000000000000e+02,6.000000000000000000e+00,5.000000000000000000e+00,1.842978404627649613e+00
4.885000000000000142e+01,2.920128107070922852e+00,2.832206249237060547e+00,3.826319694519042969e+00,1.778876066207885742e+00,9.760048341795188875e-01,5.380000000000000000e+02,5.000000000000000000e+00,4.000000000000000000e+00,1.745448247578881951e+00
4.890000000000000568e+01,2.815265417098999023e+00,2.728620529174804688e+00,3.731997013092041016e+00,1.979679465293884277e+00,1.003876687767761400e+00,5.280000000000000000e+02,4.000000000000000000e+00,4.000000000000000000e+00,1.799097534640714091e+00
4.895000000000000284e+01,2.915012359619140625e+00,2.903375864028930664e+00,3.211857318878173828e+00,2.277367830276489258e+00,9.552850667267355211e-01,5.040000000000000000e+02,4.000000000000000000e+00,4.000000000000000000e+00,1.911341245232115460e+00
4.900000000000000000e+01,2.758489131927490234e+00,2.804161071777343750e+00,3.680655002593994141e+00,2.312732458114624023e+00,9.801184057019572959e-01,5.250000000000000000e+02,6.000000000000000000e+00,5.000000000000000000e+00,1.807041716288784627e+00
4.905000000000000426e+01,2.755753040313720703e+00,2.815928697586059570e+00,3.505742311477661133e+00,1.908923864364624023e+00,9.528732280427969492e-01,5.200000000000000000e+02,5.000000000000000000e+00,4.000000000000000000e+00,1.723499712021389962e+00
4.910000000000000142e+01,2.831879615783691406e+00,2.903604507446289062e+00,3.133100271224975586e+00,2.388548612594604492e+00,1.026587639105971617e+00,5.490000000000000000e+02,4.000000000000000000e+00,4.000000000000000000e+00,1.802413358376692809e+00
4.915000000000000568e+01,2.874403953552246094e+00,2.992884635925292969e+00,3.119360923767089844e+00,2.472205638885498047e+00,1.024862332900406736e+00,4.930000000000000000e+02,6.000000000000000000e+00,5.000000000000000000e+00,1.863333387539666486e+00
4.920000000000000284e+01,2.877960443496704102e+00,2.790562629699707031e+00,3.037511348724365234e+00,2.693342685699462891e+00,9.755959684963561029e-01,5.050000000000000000e+02,4.000000000000000000e+00,4.000000000000000000e+00,1.815082107272162348e+00
4.925000000000000000e+01,2.836618900299072266e+00,2.830023765563964844e+00,3.569638252258300781e+00,2.046388626098632812e+00,9.812438597591376377e-01,5.120000000000000000e+02,5.000000000000000000e+00,4.000000000000000000e+00,1.773029223410577782e+00
4.930000000000000426e+01,2.810376167297363281e+00,2.858899116516113281e+00,3.603578090667724609e+00,2.166326522827148438e+00,9.830673625108633518e-01,5.430000000000000000e+02,5.000000000000000000e+00,4.000000000000000000e+00,1.863953507089571193e+00
4.935000000000000142e+01,2.863529920578002930e+00,2.845092058181762695e+00,3.642671108245849609e+00,1.932583928108215332e+00,1.004653891715448832e+00,4.970000000000000000e+02,6.000000000000000000e+00,5.000000000000000000e+00,1.890563858239258321e+00
4.940000000000000568e+01,2.707171201705932617e+00,2.818941593170166016e+00,3.272422552108764648e+00,2.230623245239257812e+00,9.816394874031648676e-01,4.830000000000000000e+02,5.000000000000000000e+00,4.000000000000000000e+00,1.822671821876229892e+00
4.945000000000000284e+01,2.889714241027832031e+00,2.893607378005981445e+00,3.069893836975097656e+00,2.484633684158325195e+00,1.008216249850807378e+00,5.210000000000000000e+02,4.000000000000000000e+00,4.000000000000000000e+00,1.799619718799308821e+00
4.950000000000000000e+01,2.906048536300659180e+00,3.045302629470825195e+00,3.267560482025146484e+00,2.195989608764648438e+00,1.003854965944493749e+00,5.140000000000000000e+02,5.000000000000000000e+00,4.000000000000000000e+00,1.770427826604118460e+00
4.955000000000000426e+01,2.836745262145996094e+00,2.923974990844726562e+00,3.339661121368408203e+00,2.341969251632690430e+00,9.693930832351365101e-01,5.110000000000000000e+02,5.000000000000000000e+00,4.000000000000000000e+00,1.819188343019206622e+00
4.960000000000000142e+01,2.912409305572509766e+00,3.027948379516601562e+00,3.062541246414184570e+00,2.488650321960449219e+00,9.223790156609403823e-01,5.230000000000000000e+02,6.000000000000000000e+00,6.000000000000000000e+00,1.655357155905121225e+00
4.965000000000000568e+01,2.899721622467041016e+00,2.758052110671997070e+00,3.162360191345214844e+00,2.157985925674438477e+00,9.607191457862755968e-01,4.950000000000000000e+02,5.000000000000000000e+00,5.000000000000000000e+00,1.789030149066308750e+00
4.970000000000000284e+01,2.852527856826782227e+00,2.903374433517456055e+00,3.495723247528076172e+00,2.126944780349731445e+00,9.809594032211872427e-01,5.150000000000000000e+02,5.000000000000000000e+00,5.000000000000000000e+00,1.673122598937747618e+00
4.975000000000000000e+01,2.838165521621704102e+00,2.922908067703247070e+00,3.347556829452514648e+00,2.194658756256103516e+00,9.645072131783634095e-01,5.520000000000000000e+02,6.000000000000000000e+00,5.000000000000000000e+00,1.596271348215440700e+00
4.980000000000000426e+01,2.678442955017089844e+00,2.689721584320068359e+00,3.477021694183349609e+00,2.031042814254760742e+00,1.020089914682641652e+00,5.100000000000000000e+02,6.000000000000000000e+00,6.000000000000000000e+00,1.721705165027982432e+00
4.985000000000000142e+01,2.845589637756347656e+00,2.987464904785156250e+00,3.335351705551147461e+00,2.391342639923095703e+00,1.030710176074653761e+00,5.230000000000000000e+02,6.000000000000000000e+00,6.000000000000000000e+00,1.774098295883472565e+00
4.990000000000000568e+01,2.888785839080810547e+00,2.939346790313720703e+00,3.307837247848510742e+00,2.194519281387329102e+00,1.003213410515405579e+00,5.080000000000000000e+02,5.000000000000000000e+00,5.000000000000000000e+00,1.793982209865248256e+00
4.995000000000000284e+01,2.936703920364379883e+00,2.965140581130981445e+00,3.300729036331176758e+00,2.361011028289794922e+00,9.909646340352038507e-01,5.130000000000000000e+02,6.000000000000000000e+00,5.000000000000000000e+00,1.687459404249155970e+00
5.000000000000000000e+01,2.859234809875488281e+00,2.943764209747314453e+00,3.407357931137084961e+00,2.211339235305786133e+00,9.364305084748814068e-01,5.140000000000000000e+02,4.000000000000000000e+00,3.000000000000000000e+00,1.745901502690362372e+00
5.005000000000000426e+01,2.848002910614013672e+00,2.920848369598388672e+00,3.209389686584472656e+00,2.496464729309082031e+00,9.784997548639529086e-01,5.210000000000000000e+02,5.000000000000000000e+00,4.000000000000000000e+00,1.757763554895662050e+00
5.010000000000000142e+01,2.952514648437500000e+00,2.972489356994628906e+00,3.562476396560668945e+00,2.240037679672241211e+00,9.730370363812990142e-01,5.060000000000000000e+02,4.000000000000000000e+00,4.000000000000000000e+00,1.858485288536905422e+00
5.015000000000000568e+01,2.923079490661621094e+00,2.923873424530029297e+00,3.444046735763549805e+00,2.104129552841186523e+00,9.261987638473365703e-01,5.340000000000000000e+02,6.000000000000000000e+00,5.000000000000000000e+00,1.771931267130612886e+00
5.020000000000000284e+01,3.037508487701416016e+00,2.944669723510742188e+00,3.282010316848754883e+00,2.397153139114379883e+00,1.004020068641691132e+00,5.290000000000000000e+02,5.000000000000000000e+00,4.000000000000000000e+00,1.664876626956217187e+00
5.025000000000000000e+01,2.894941329956054688e+00,3.058986186981201172e+00,3.464866638183593750e+00,2.097606658935546875e+00,9.629885150931015714e-01,5.400000000000000000e+02,7.000000000000000000e+00,7.000000000000000000e+00,1.672299748241400597e+00
5.030000000000000426e+01,2.951315641403198242e+00,2.947013139724731445e+00,3.308817148208618164e+00,2.333639621734619141e+00,9.713604305301337671e-01,5.240000000000000000e+02,5.000000000000000000e+00,4.000000000000000000e+00,1.797578213805621550e+00
5.035000000000000142e+01,2.799118995666503906e+00,2.940705299377441406e+00,3.733924865722656250e+00,2.069614410400390625e+00,9.595721715630677329e-01,5.100000000000000000e+02,6.000000000000000000e+00,5.000000000000000000e+00,1.783532988205416281e+00
5.040000000000000568e+01,2.856757640838623047e+00,2.855305910110473633e+00,3.275816679000854492e+00,1.981245517730712891e+00,9.494523979426860993e-01,5.200000000000000000e+02,4.000000000000000000e+00,3.000000000000000000e+00,1.791328418067417605e+00
5.045000000000000284e+01,2.781408071517944336e+00,2.895007371902465820e+00,3.606134653091430664e+00,2.080251216888427734e+00,1.011485126260146750e+00,5.180000000000000000e+02,6.000000000000000000e+00,5.000000000000000000e+00,1.834637082790353535e+00
5.050000000000000000e+01,3.019129037857055664e+00,3.092697620391845703e+00,3.291250467300415039e+00,2.272663593292236328e+00,9.807003205364662746e-01,5.440000000000000000e+02,6.000000000000000000e+00,6.000000000000000000e+00,1.586156237129449087e+00
5.055000000000000426e+01,2.931767463684082031e+00,3.132572650909423828e+00,3.398798704147338867e+00,2.154965639114379883e+00,9.678367526539932708e-01,5.070000000000000000e+02,5.000000000000000000e+00,5.000000000000000000e+00,1.564877943378128800e+00
5.060000000000000142e+01,2.875718116760253906e+00,2.973768949508666992e+00,3.389037609100341797e+00,2.163654565811157227e+00,9.704752312822305660e-01,5.410000000000000000e+02,6.000000000000000000e+00,5.000000000000000000e+00,1.894998378098443403e+00
5.065000000000000568e+01,2.846967220306396484e+00,2.942285537719726562e+00,3.567328214645385742e+00,2.201919794082641602e+00,9.382352073663030589e-01,5.060000000000000000e+02,5.000000000000000000e+00,4.000000000000000000e+00,1.790743823681822722e+00
5.070000000000000284e+01,2.928965330123901367e+00,3.109398126602172852e+00,3.465756416320800781e+00,2.238807201385498047e+00,9.377115871207953868e-01,4.990000000000000000e+02,4.000000000000000000e+00,4.000000000000000000e+00,1.656295077051305409e+00
5.075000000000000000e+01,2.834458112716674805e+00,2.932855606079101562e+00,3.388577699661254883e+00,2.132341623306274414e+00,1.036493606033385362e+00,5.280000000000000000e+02,6.000000000000000000e+00,5.000000000000000000e+00,1.827442484640759757e+00
5.080000000000000426e+01,2.752167940139770508e+00,2.756980657577514648e+00,3.232111930847167969e+00,2.082264661788940430e+00,9.753729054126708542e-01,5.420000000000000000e+02,5.000000000000000000e+00,4.000000000000000000e+00,1.814820283557486702e+00
5.085000000000000142e+01,2.881275177001953125e+00,2.922728300094604492e+00,3.626692771911621094e+00,1.911498427391052246e+00,9.655708532822037116e-01,5.280000000000000000e+02,5.000000000000000000e+00,4.000000000000000000e+00,1.782412155139440957e+00
5.090000000000000568e+01,2.867113590240478516e+00,2.850451469421386719e+00,3.215708255767822266e+00,2.225004196166992188e+00,1.028351907822018685e+00,5.270000000000000000e+02,5.000000000000000000e+00,4.000000000000000000e+00,1.773754051978830848e+00
5.095000000000000284e+01,2.841206789016723633e+00,2.851842880249023438e+00,3.227293491363525391e+00,2.217958450317382812e+00,1.037328513435732402e+00,5.260000000000000000e+02,5.000000000000000000e+00,4.000000000000000000e+00,1.775779479175597420e+00
5.100000000000000000e+01,2.952188014984130859e+00,2.989639043807983398e+00,3.329588174819946289e+00,2.067598342895507812e+00,1.005932323640503334e+00,4.980000000000000000e+02,5.000000000000000000e+00,5.000000000000000000e+00,1.691687178059091412e+00
5.105000000000000426e+01,2.849448680877685547e+00,2.852366924285888672e+00,3.286923885345458984e+00,2.192470073699951172e+00,1.002042548983369752e+00,5.350000000000000000e+02,5.000000000000000000e+00,4.000000000000000000e+00,1.845871713882740961e+00
5.110000000000000142e+01,2.937672615051269531e+00,2.977792978286743164e+00,3.137866020202636719e+00,2.393347263336181641e+00,1.059225366394362045e+00,5.090000000000000000e+02,6.000000000000000000e+00,5.000000000000000000e+00,1.810069238420021875e+00
5.115000000000000568e+01,2.984605312347412109e+00,2.907187461853027344e+00,3.292995929718017578e+00,2.264513492584228516e+00,1.256424437696285867e+00,5.570000000000000000e+02,6.000000000000000000e+00,4.000000000000000000e+00,1.713351753489445128e+00
5.120000000000000284e+01,2.958716392517089844e+00,2.984710693359375000e+00,3.303734064102172852e+00,2.501571178436279297e+00,1.279190911833349986e+00,5.130000000000000000e+02,5.000000000000000000e+00,4.000000000000000000e+00,1.795477168140340751e+00
5.125000000000000000e+01,2.775003433227539062e+00,2.721426248550415039e+00,3.503690242767333984e+00,2.090120315551757812e+00,1.250025040594473502e+00,5.210000000000000000e+02,5.000000000000000000e+00,4.000000000000000000e+00,1.836469579605135127e+00
5.130000000000000426e+01,2.903366565704345703e+00,2.967995166778564453e+00,3.581234455108642578e+00,2.165285587310791016e+00,1.243454959729421549e+00,5.460000000000000000e+02,5.000000000000000000e+00,4.000000000000000000e+00,1.778027105438932720e+00
5.135000000000000142e+01,2.966856956481933594e+00,3.093847036361694336e+00,3.537727832794189453e+00,2.200474023818969727e+00,1.280542235536244355e+00,4.920000000000000000e+02,4.000000000000000000e+00,4.000000000000000000e+00,1.730254158240302820e+00
5.140000000000000568e+01,2.913031816482543945e+00,2.930181503295898438e+00,3.595536231994628906e+00,2.108632564544677734e+00,1.248219470348008509e+00,5.310000000000000000e+02,5.000000000000000000e+00,3.000000000000000000e+00,1.778781326894216086e+00
5.145000000000000284e+01,2.783933877944946289e+00,2.772789478302001953e+00,3.662827491760253906e+00,2.251107215881347656e+00,1.244431776536396805e+00,5.170000000000000000e+02,5.000000000000000000e+00,5.000000000000000000e+00,1.764283800171621897e+00
5.150000000000000000e+01,2.943276882171630859e+00,3.008167982101440430e+00,3.458283185958862305e+00,2.182741641998291016e+00,1.265830614896792383e+00,5.400000000000000000e+02,6.000000000000000000e+00,5.000000000000000000e+00,1.859456362190647916e+00
5.155000000000000426e+01,2.911237239837646484e+00,2.900827169418334961e+00,3.582829475402832031e+00,2.367071151733398438e+00,1.269533255074640543e+00,4.870000000000000000e+02,5.000000000000000000e+00,4.000000000000000000e+00,1.775917721275589445e+00
5.160000000000000142e+01,2.932579517364501953e+00,2.984889984130859375e+00,3.357347249984741211e+00,2.399323701858520508e+00,1.238036500246930016e+00,5.300000000000000000e+02,5.000000000000000000e+00,5.000000000000000000e+00,1.802871053175297167e+00
5.165000000000000568e+01,2.946040868759155273e+00,2.981804370880126953e+00,3.245405673980712891e+00,2.252664804458618164e+00,1.256742948620957145e+00,5.280000000000000000e+02,5.000000000000000000e+00,4.000000000000000000e+00,1.738545683948854226e+00
5.170000000000000284e+01,2.842980623245239258e+00,2.899193286895751953e+00,3.388952255249023438e+00,2.538766384124755859e+00,1.289631805243948381e+00,5.460000000000000000e+02,6.000000000000000000e+00,3.000000000000000000e+00,1.893858229210050093e+00
5.175000000000000000e+01,2.866467952728271484e+00,2.760989665985107422e+00,3.251310586929321289e+00,2.371725082397460938e+00,1.286408172974402353e+00,5.390000000000000000e+02,5.000000000000000000e+00,4.000000000000000000e+00,1.779924678518372216e+00
5.180000000000000426e+01,2.832714557647705078e+00,2.787467956542968750e+00,3.312070608139038086e+00,2.524757385253906250e+00,1.241596198939800333e+00,5.170000000000000000e+02,6.000000000000000000e+00,5.000000000000000000e+00,1.791579504219398711e+00
5.185000000000000142e+01,2.882246971130371094e+00,2.876961231231689453e+00,3.285440921783447266e+00,2.396761417388916016e+00,1.222916088133859658e+00,5.090000000000000000e+02,6.000000000000000000e+00,5.000000000000000000e+00,1.751717435342369900e+00
5.190000000000000568e+01,2.843616247177124023e+00,2.874646186828613281e+00,3.412160396575927734e+00,2.494041442871093750e+00,1.281594492230108129e+00,5.380000000000000000e+02,6.000000000000000000e+00,3.000000000000000000e+00,1.800980239404622818e+00
5.195000000000000284e+01,2.843412876129150391e+00,2.954790830612182617e+00,3.444753646850585938e+00,2.358055591583251953e+00,1.307871680337642672e+00,5.200000000000000000e+02,6.000000000000000000e+00,4.000000000000000000e+00,1.958914165266681939e+00
5.200000000000000000e+01,2.764177799224853516e+00,2.839444875717163086e+00,3.481152534484863281e+00,2.455677747726440430e+00,1.224740086500729852e+00,5.090000000000000000e+02,6.000000000000000000e+00,5.000000000000000000e+00,1.777389755697946994e+00
5.205000000000000426e+01,2.822655439376831055e+00,2.773114442825317383e+00,3.364954233169555664e+00,2.389340639114379883e+00,1.293067489151113802e+00,5.210000000000000000e+02,6.000000000000000000e+00,5.000000000000000000e+00,1.775883538377429627e+00
5.210000000000000142e+01,2.840043544769287109e+00,2.820621728897094727e+00,3.798276424407958984e+00,2.033868312835693359e+00,1.276873263564678451e+00,5.050000000000000000e+02,5.000000000000000000e+00,5.000000000000000000e+00,1.954758750520400934e+00
5.215000000000000568e+01,2.826496362686157227e+00,2.845748901367187500e+00,3.086339950561523438e+00,2.749704837799072266e+00,1.258187410556996344e+00,5.300000000000000000e+02,6.000000000000000000e+00,5.000000000000000000e+00,1.816935581251628795e+00
5.220000000000000284e+01,2.923975229263305664e+00,3.029946804046630859e+00,3.384058952331542969e+00,2.619739770889282227e+00,1.254495875482134704e+00,4.990000000000000000e+02,5.000000000000000000e+00,4.000000000000000000e+00,1.845923141420145130e+00
5.225000000000000000e+01,2.743141412734985352e+00,2.823524713516235352e+00,3.127912044525146484e+00,2.648926019668579102e+00,1.269313505426079125e+00,5.240000000000000000e+02,4.000000000000000000e+00,3.000000000000000000e+00,1.906864800822983819e+00
5.230000000000000426e+01,2.764038562774658203e+00,2.841939687728881836e+00,3.599865436553955078e+00,2.187049865722656250e+00,1.247091871963918575e+00,5.100000000000000000e+02,5.000000000000000000e+00,4.000000000000000000e+00,1.883603251255217881e+00
5.235000000000000142e+01,2.837790489196777344e+00,2.926062107086181641e+00,3.643403053283691406e+00,2.395660638809204102e+00,1.272974082746755053e+00,5.320000000000000000e+02,5.000000000000000000e+00,4.000000000000000000e+00,1.756961046665819204e+00
5.240000000000000568e+01,2.913204193115234375e+00,2.888444662094116211e+00,3.331365346908569336e+00,2.184908866882324219e+00,1.278153124638463867e+00,5.330000000000000000e+02,7.000000000000000000e+00,5.000000000000000000e+00,1.816725824773074427e+00
5.245000000000000284e+01,2.937389850616455078e+00,2.938146114349365234e+00,3.341458320617675781e+00,2.476239681243896484e+00,1.246755949320770496e+00,5.630000000000000000e+02,7.000000000000000000e+00,5.000000000000000000e+00,1.792655790439109165e+00
5.250000000000000000e+01,2.802907228469848633e+00,2.763240575790405273e+00,3.419333457946777344e+00,2.208725929260253906e+00,1.250865709933476566e+00,5.200000000000000000e+02,6.000000000000000000e+00,4.000000000000000000e+00,1.808384902385307136e+00
5.255000000000000426e+01,2.940762996673583984e+00,2.898597240447998047e+00,3.320696592330932617e+00,2.389555215835571289e+00,1.216606853430203250e+00,5.370000000000000000e+02,6.000000000000000000e+00,5.000000000000000000e+00,1.807369131476441515e+00
5.260000000000000142e+01,2.737944602966308594e+00,2.785794973373413086e+00,3.132222652435302734e+00,2.644906997680664062e+00,1.258551224574817828e+00,5.140000000000000000e+02,5.000000000000000000e+00,5.000000000000000000e+00,1.806761670424483324e+00
5.265000000000000568e+01,2.880110979080200195e+00,2.848460912704467773e+00,3.471412420272827148e+00,2.444142341613769531e+00,1.237187769719200858e+00,5.360000000000000000e+02,5.000000000000000000e+00,4.000000000000000000e+00,1.863724747235535828e+00
5.270000000000000284e+01,2.916418075561523438e+00,2.959274768829345703e+00,3.581568956375122070e+00,2.265733718872070312e+00,1.288266871683714010e+00,4.890000000000000000e+02,5.000000000000000000e+00,5.000000000000000000e+00,1.867160873515122610e+00
5.275000000000000000e+01,2.767753124237060547e+00,2.818190574645996094e+00,3.463910579681396484e+00,2.334113359451293945e+00,1.206097931426480363e+00,5.200000000000000000e+02,6.000000000000000000e+00,6.000000000000000000e+00,1.691911020275835620e+00
5.280000000000000426e+01,2.706105232238769531e+00,2.743195295333862305e+00,3.369228601455688477e+00,2.274002790451049805e+00,1.262005323025004344e+00,5.170000000000000000e+02,6.000000000000000000e+00,5.000000000000000000e+00,1.757748344426713683e+00
5.285000000000000142e+01,2.718227863311767578e+00,2.667093515396118164e+00,3.638641834259033203e+00,2.121020317077636719e+00,1.260480006399229636e+00,4.920000000000000000e+02,5.000000000000000000e+00,4.000000000000000000e+00,1.723344091199966455e+00
5.290000000000000568e+01,3.014752626419067383e+00,2.884102821350097656e+00,3.416069984436035156e+00,2.357736587524414062e+00,1.259694815260429479e+00,4.820000000000000000e+02,4.000000000000000000e+00,4.000000000000000000e+00,1.874289199416708129e+00
5.295000000000000284e+01,2.843091011047363281e+00,2.904205083847045898e+00,3.344191074371337891e+00,2.343039035797119141e+00,1.271961949555044935e+00,5.050000000000000000e+02,6.000000000000000000e+00,6.000000000000000000e+00,1.711474283258776152e+00
5.300000000000000000e+01,2.690483570098876953e+00,2.584093570709228516e+00,3.497031688690185547e+00,2.331636190414428711e+00,1.250066442824321333e+00,4.970000000000000000e+02,6.000000000000000000e+00,6.000000000000000000e+00,1.737876330485321974e+00
5.305000000000000426e+01,2.772582054138183594e+00,2.760741472244262695e+00,3.869927406311035156e+00,1.916227817535400391e+00,1.080245984070526077e+00,5.020000000000000000e+02,5.000000000000000000e+00,5.000000000000000000e+00,1.783229375257145977e+00
5.310000000000000142e+01,2.810479164123535156e+00,2.826628923416137695e+00,3.561785221099853516e+00,2.186098098754882812e+00,1.003966023772069116e+00,5.360000000000000000e+02,6.000000000000000000e+00,4.000000000000000000e+00,1.672596654363694313e+00
5.315000000000000568e+01,2.782166242599487305e+00,2.773738384246826172e+00,3.269817352294921875e+00,2.153116703033447266e+00,9.794524149085701570e-01,4.920000000000000000e+02,6.000000000000000000e+00,5.000000000000000000e+00,1.932949194015365579e+00
5.320000000000000284e+01,2.785928249359130859e+00,2.773658990859985352e+00,3.388884067535400391e+00,2.131077051162719727e+00,9.702059626258994207e-01,5.190000000000000000e+02,5.000000000000000000e+00,5.000000000000000000e+00,1.699565398764381285e+00
5.325000000000000000e+01,2.788249015808105469e+00,2.803795099258422852e+00,2.917375326156616211e+00,2.777587413787841797e+00,9.911141084505125098e-01,4.940000000000000000e+02,4.000000000000000000e+00,4.000000000000000000e+00,1.993772419779427096e+00
5.330000000000000426e+01,2.795064926147460938e+00,2.815177202224731445e+00,3.459391117095947266e+00,1.960819840431213379e+00,9.574977853847838061e-01,4.960000000000000000e+02,5.000000000000000000e+00,4.000000000000000000e+00,1.933652774233809657e+00
5.335000000000000142e+01,2.697482347488403320e+00,2.728602886199951172e+00,3.405912160873413086e+00,1.996150970458984375e+00,9.387592513405360606e-01,5.160000000000000000e+02,6.000000000000000000e+00,5.000000000000000000e+00,1.871863907832250762e+00
5.340000000000000568e+01,2.696230173110961914e+00,2.649259328842163086e+00,3.483345508575439453e+00,2.086698055267333984e+00,1.024482262624871298e+00,4.900000000000000000e+02,5.000000000000000000e+00,3.000000000000000000e+00,1.792661980590230852e+00
5.345000000000000284e+01,2.846866607666015625e+00,2.833300113677978516e+00,3.499424934387207031e+00,2.134963989257812500e+00,9.557241338199731207e-01,5.130000000000000000e+02,5.000000000000000000e+00,4.000000000000000000e+00,1.892273920973570167e+00
5.350000000000000000e+01,2.654919147491455078e+00,2.687152624130249023e+00,3.394423961639404297e+00,2.492679834365844727e+00,1.290995917151555039e+00,5.210000000000000000e+02,5.000000000000000000e+00,5.000000000000000000e+00,1.836867537401623895e+00
5.355000000000000426e+01,2.758882522583007812e+00,2.769756793975830078e+00,3.613732814788818359e+00,2.011317729949951172e+00,1.268289149834641361e+00,5.060000000000000000e+02,6.000000000000000000e+00,5.000000000000000000e+00,1.761922285265296040e+00
5.360000000000000142e+01,2.791037082672119141e+00,2.828677177429199219e+00,3.568942070007324219e+00,2.196084499359130859e+00,1.258894252480811549e+00,4.830000000000000000e+02,6.000000000000000000e+00,5.000000000000000000e+00,1.792197033581162113e+00
5.365000000000000568e+01,2.766523122787475586e+00,2.778603076934814453e+00,3.254700660705566406e+00,2.457867145538330078e+00,1.249552032339465768e+00,5.180000000000000000e+02,6.000000000000000000e+00,4.000000000000000000e+00,1.823242075433896936e+00
5.370000000000000284e+01,2.654074430465698242e+00,2.540102958679199219e+00,3.599987268447875977e+00,2.202768087387084961e+00,1.287448478528044893e+00,5.080000000000000000e+02,5.000000000000000000e+00,3.000000000000000000e+00,1.815791529882237798e+00
5.375000000000000000e+01,2.709314584732055664e+00,2.634550333023071289e+00,3.626792192459106445e+00,2.237502813339233398e+00,1.229524126544719653e+00,5.040000000000000000e+02,4.000000000000000000e+00,4.000000000000000000e+00,1.881809695844692820e+00
5.380000000000000426e+01,2.720003128051757812e+00,2.724737882614135742e+00,3.686707973480224609e+00,2.182300806045532227e+00,1.253104289833196772e+00,5.280000000000000000e+02,5.000000000000000000e+00,5.000000000000000000e+00,1.820778808833970253e+00
5.385000000000000142e+01,2.824453115463256836e+00,2.847798347473144531e+00,3.361633062362670898e+00,2.371730089187622070e+00,1.216188719756064351e+00,5.140000000000000000e+02,4.000000000000000000e+00,4.000000000000000000e+00,1.739932611611781921e+00
5.390000000000000568e+01,2.909080505371093750e+00,3.061811923980712891e+00,3.291373491287231445e+00,2.562552690505981445e+00,1.240168073900725698e+00,5.050000000000000000e+02,5.000000000000000000e+00,4.000000000000000000e+00,1.901060721947886112e+00
5.395000000000000284e+01,2.835469484329223633e+00,2.870746612548828125e+00,3.367514610290527344e+00,2.561127901077270508e+00,1.277671184631008483e+00,5.000000000000000000e+02,4.000000000000000000e+00,4.000000000000000000e+00,1.757285642227872868e+00
5.400000000000000000e+01,2.839376926422119141e+00,2.922177076339721680e+00,3.351979255676269531e+00,2.257869482040405273e+00,1.235306520646280104e+00,5.020000000000000000e+02,5.000000000000000000e+00,4.000000000000000000e+00,1.723072555235817260e+00
5.405000000000000426e+01,2.643552064895629883e+00,2.828563213348388672e+00,3.395700454711914062e+00,2.123338222503662109e+00,1.255604065389182900e+00,5.040000000000000000e+02,3.000000000000000000e+00,3.000000000000000000e+00,1.854251807107254013e+00
5.410000000000000142e+01,2.754369020462036133e+00,2.930436611175537109e+00,3.575777769088745117e+00,2.043328046798706055e+00,1.234702750089239132e+00,4.830000000000000000e+02,4.000000000000000000e+00,4.000000000000000000e+00,1.903344590455754659e+00
5.415000000000000568e+01,2.634744167327880859e+00,2.825185775756835938e+00,3.381725549697875977e+00,2.136435985565185547e+00,1.248618161789900594e+00,5.210000000000000000e+02,4.000000000000000000e+00,4.000000000000000000e+00,1.793107043053826732e+00
5.420000000000000284e+01,2.751513004302978516e+00,2.880180120468139648e+00,3.240511655807495117e+00,2.393910884857177734e+00,1.233403580260448607e+00,5.130000000000000000e+02,6.000000000000000000e+00,6.000000000000000000e+00,1.933494885526332085e+00
5.425000000000000000e+01,2.832336425781250000e+00,3.064918041229248047e+00,3.692456245422363281e+00,2.011700630187988281e+00,1.217645602749844125e+00,5.240000000000000000e+02,6.000000000000000000e+00,5.000000000000000000e+00,1.667728512003570307e+00
5.430000000000000426e+01,2.800564527511596680e+00,3.090766668319702148e+00,3.455263614654541016e+00,2.048517704010009766e+00,1.005740065997101640e+00,5.210000000000000000e+02,5.000000000000000000e+00,3.000000000000000000e+00,1.683869445721341007e+00
5.435000000000000142e+01,2.701997756958007812e+00,2.868316650390625000e+00,3.559580802917480469e+00,2.082374334335327148e+00,1.189090459456610738e+00,5.110000000000000000e+02,4.000000000000000000e+00,4.000000000000000000e+00,1.854469210410572222e+00
5.440000000000000568e+01,2.831667900085449219e+00,3.053276062011718750e+00,3.656193733215332031e+00,2.432580232620239258e+00,1.334265135250155332e+00,4.760000000000000000e+02,6.000000000000000000e+00,5.000000000000000000e+00,1.904263518844715453e+00
5.445000000000000284e+01,2.652109861373901367e+00,2.833018779754638672e+00,3.659183740615844727e+00,2.009593963623046875e+00,1.248448911206032186e+00,5.150000000000000000e+02,6.000000000000000000e+00,4.000000000000000000e+00,1.577442815988392644e+00
5.450000000000000000e+01,2.751998901367187500e+00,2.916239738464355469e+00,3.607232570648193359e+00,2.476800203323364258e+00,1.235072123761890905e+00,4.890000000000000000e+02,5.000000000000000000e+00,5.000000000000000000e+00,1.783056883510845347e+00
5.455000000000000426e+01,2.737817764282226562e+00,2.999033927917480469e+00,3.759987831115722656e+00,2.259231090545654297e+00,1.225295014120447501e+00,5.170000000000000000e+02,6.000000000000000000e+00,6.000000000000000000e+00,1.795687799561040965e+00
5.460000000000000142e+01,2.828272342681884766e+00,2.947744846343994141e+00,3.754985809326171875e+00,2.055887460708618164e+00,1.252701988110336284e+00,5.010000000000000000e+02,5.000000000000000000e+00,5.000000000000000000e+00,1.788156863181195710e+00
5.465000000000000568e+01,2.665951490402221680e+00,2.843916654586791992e+00,3.547038555145263672e+00,2.344618320465087891e+00,1.284244414896542397e+00,5.080000000000000000e+02,6.000000000000000000e+00,6.000000000000000000e+00,1.776355372592019810e+00
5.470000000000000284e+01,2.788918972015380859e+00,2.867325544357299805e+00,3.652742385864257812e+00,2.369808912277221680e+00,1.276436602823966648e+00,4.860000000000000000e+02,5.000000000000000000e+00,4.000000000000000000e+00,1.818487858332737739e+00
5.475000000000000000e+01,2.752604484558105469e+00,2.763746023178100586e+00,3.603210926055908203e+00,2.214342117309570312e+00,1.245547052536521981e+00,5.390000000000000000e+02,5.000000000000000000e+00,5.000000000000000000e+00,1.829020371320701166e+00
5.480000000000000426e+01,2.942908763885498047e+00,2.954164028167724609e+00,3.898740053176879883e+00,2.196843624114990234e+00,1.274168038351647603e+00,5.180000000000000000e+02,5.000000000000000000e+00,5.000000000000000000e+00,1.781487107084236854e+00
5.485000000000000142e+01,2.844474315643310547e+00,2.925090312957763672e+00,3.786902189254760742e+00,2.045712232589721680e+00,1.272216439299794999e+00,5.060000000000000000e+02,5.000000000000000000e+00,5.000000000000000000e+00,1.749732571084391175e+00
5.490000000000000568e+01,2.840358018875122070e+00,2.780912160873413086e+00,3.580814838409423828e+00,2.241604566574096680e+00,1.277775452616013219e+00,5.100000000000000000e+02,6.000000000000000000e+00,5.000000000000000000e+00,1.734634250411951406e+00
5.495000000000000284e+01,2.827215194702148438e+00,2.795582056045532227e+00,3.599158525466918945e+00,2.115599870681762695e+00,1.297260743588702692e+00,5.040000000000000000e+02,6.000000000000000000e+00,5.000000000000000000e+00,1.866178543877251350e+00
5.500000000000000000e+01,2.808897972106933594e+00,2.918245553970336914e+00,3.668063640594482422e+00,2.040802955627441406e+00,1.218823421089558767e+00,5.110000000000000000e+02,4.000000000000000000e+00,4.000000000000000000e+00,1.800150326230880449e+00
5.505000000000000426e+01,2.720616340637207031e+00,2.854061603546142578e+00,3.692444324493408203e+00,2.127470016479492188e+00,1.256033192515696673e+00,5.160000000000000000e+02,5.000000000000000000e+00,5.000000000000000000e+00,1.783821688865644628e+00
5.510000000000000142e+01,2.720530509948730469e+00,2.715260028839111328e+00,3.785109043121337891e+00,1.939092159271240234e+00,1.261088983943498221e+00,5.120000000000000000e+02,5.000000000000000000e+00,4.000000000000000000e+00,1.728796784164466249e+00
5.515000000000000568e+01,2.865095615386962891e+00,2.908724784851074219e+00,3.720155715942382812e+00,2.222602367401123047e+00,1.235530520673318255e+00,5.140000000000000000e+02,5.000000000000000000e+00,5.000000000000000000e+00,1.863235623439210453e+00
5.520000000000000284e+01,2.764856815338134766e+00,2.760368347167968750e+00,3.768015861511230469e+00,1.870793104171752930e+00,1.134256771623211257e+00,5.090000000000000000e+02,4.000000000000000000e+00,4.000000000000000000e+00,1.761891390206694608e+00
5.525000000000000000e+01,2.694637298583984375e+00,2.787945508956909180e+00,3.777267932891845703e+00,2.107352733612060547e+00,1.077738212309051091e+00,5.140000000000000000e+02,4.000000000000000000e+00,4.000000000000000000e+00,1.925374994263743922e+00
5.530000000000000426e+01,2.686993837356567383e+00,2.813794136047363281e+00,3.686080217361450195e+00,1.791092634201049805e+00,1.113277143649194389e+00,5.050000000000000000e+02,6.000000000000000000e+00,5.000000000000000000e+00,1.735835101908514977e+00
5.535000000000000142e+01,2.649687767028808594e+00,2.630074977874755859e+00,3.598494529724121094e+00,1.807810544967651367e+00,1.080235173495173617e+00,5.090000000000000000e+02,5.000000000000000000e+00,4.000000000000000000e+00,1.756565310913102973e+00
5.540000000000000568e+01,2.711681365966796875e+00,2.706420421600341797e+00,3.422699928283691406e+00,1.960797905921936035e+00,1.140540863057586174e+00,5.340000000000000000e+02,6.000000000000000000e+00,5.000000000000000000e+00,1.890863524581924082e+00
5.545000000000000284e+01,2.585716247558593750e+00,2.528077602386474609e+00,3.597244977951049805e+00,2.047055959701538086e+00,1.158889060864020104e+00,5.340000000000000000e+02,6.000000000000000000e+00,5.000000000000000000e+00,1.718213079686568889e+00
5.550000000000000000e+01,2.709269523620605469e+00,2.721985816955566406e+00,3.751386404037475586e+00,1.902894258499145508e+00,1.058896704566001157e+00,4.930000000000000000e+02,5.000000000000000000e+00,4.000000000000000000e+00,1.776965571102866237e+00
5.555000000000000426e+01,2.707705974578857422e+00,2.626764774322509766e+00,3.908899068832397461e+00,1.752509355545043945e+00,1.065431796011384158e+00,5.000000000000000000e+02,6.000000000000000000e+00,4.000000000000000000e+00,1.665674004331753055e+00
5.560000000000000142e+01,2.696054935455322266e+00,2.724531173706054688e+00,3.807606935501098633e+00,1.867939114570617676e+00,1.065553362936594306e+00,5.180000000000000000e+02,4.000000000000000000e+00,4.000000000000000000e+00,2.010446023495950474e+00
5.565000000000000568e+01,2.873640298843383789e+00,2.747087478637695312e+00,3.628253698348999023e+00,2.075367450714111328e+00,1.084480028250921269e+00,4.890000000000000000e+02,4.000000000000000000e+00,3.000000000000000000e+00,1.744494513941264646e+00
5.570000000000000284e+01,2.836415529251098633e+00,2.822057962417602539e+00,3.448039293289184570e+00,2.147251129150390625e+00,1.082301915310194040e+00,5.130000000000000000e+02,4.000000000000000000e+00,4.000000000000000000e+00,1.822264102995428958e+00
5.575000000000000000e+01,2.704391241073608398e+00,2.594357728958129883e+00,3.566002845764160156e+00,1.871619105339050293e+00,1.129843764087433922e+00,5.030000000000000000e+02,4.000000000000000000e+00,4.000000000000000000e+00,1.612219753726084726e+00
5.580000000000000426e+01,2.701595306396484375e+00,2.698888778686523438e+00,3.422290325164794922e+00,2.031149864196777344e+00,1.140600712495526414e+00,5.110000000000000000e+02,3.000000000000000000e+00,3.000000000000000000e+00,1.828481627247698027e+00
5.585000000000000142e+01,2.618542671203613281e+00,2.637581825256347656e+00,3.548741340637207031e+00,2.049299716949462891e+00,1.079764101253519515e+00,4.890000000000000000e+02,6.000000000000000000e+00,5.000000000000000000e+00,1.789752142886984254e+00
5.590000000000000568e+01,2.692376136779785156e+00,2.717442512512207031e+00,3.757449626922607422e+00,2.271728277206420898e+00,1.161230734992709568e+00,5.000000000000000000e+02,4.000000000000000000e+00,4.000000000000000000e+00,1.736279144087847115e+00
5.595000000000000284e+01,2.736361980438232422e+00,2.542915344238281250e+00,3.561591148376464844e+00,2.101357460021972656e+00,1.131712963755354018e+00,5.000000000000000000e+02,6.000000000000000000e+00,5.000000000000000000e+00,1.773450230545258854e+00
5.600000000000000000e+01,2.562230825424194336e+00,2.566247463226318359e+00,3.512978792190551758e+00,2.218225240707397461e+00,1.160607281329231855e+00,5.040000000000000000e+02,4.000000000000000000e+00,4.000000000000000000e+00,1.683554476230585184e+00
5.605000000000000426e+01,2.864518642425537109e+00,2.754764556884765625e+00,3.584031581878662109e+00,2.139536380767822266e+00,1.063558232887271249e+00,4.890000000000000000e+02,4.000000000000000000e+00,4.000000000000000000e+00,2.008593855080537782e+00
5.610000000000000142e+01,2.699036598205566406e+00,2.660573720932006836e+00,3.437866926193237305e+00,2.045820713043212891e+00,1.122079121673520641e+00,5.170000000000000000e+02,5.000000000000000000e+00,3.000000000000000000e+00,1.825360627928660273e+00
5.615000000000000568e+01,2.730566263198852539e+00,2.641868829727172852e+00,3.481192827224731445e+00,2.041765928268432617e+00,1.139126602476659533e+00,5.380000000000000000e+02,4.000000000000000000e+00,4.000000000000000000e+00,1.775017953207211452e+00
5.620000000000000284e+01,2.721958637237548828e+00,2.681719779968261719e+00,3.776341676712036133e+00,1.845163345336914062e+00,1.108574933318749345e+00,5.110000000000000000e+02,5.000000000000000000e+00,4.000000000000000000e+00,1.679527001185751933e+00
5.625000000000000000e+01,2.811532974243164062e+00,2.638162612915039062e+00,3.491631507873535156e+00,2.069601058959960938e+00,1.188793022285577150e+00,5.390000000000000000e+02,6.000000000000000000e+00,5.000000000000000000e+00,1.777776921611461614e+00
5.630000000000000426e+01,2.697328090667724609e+00,2.586997509002685547e+00,3.354192733764648438e+00,2.169258117675781250e+00,1.173164585457058484e+00,4.940000000000000000e+02,6.000000000000000000e+00,5.000000000000000000e+00,1.864099451404175545e+00
5.635000000000000142e+01,2.686815738677978516e+00,2.636093139648437500e+00,3.786706924438476562e+00,2.014647960662841797e+00,1.054091772349334599e+00,4.950000000000000000e+02,5.000000000000000000e+00,5.000000000000000000e+00,1.914337542248839341e+00
5.640000000000000568e+01,2.635118484497070312e+00,2.613754272460937500e+00,3.567354440689086914e+00,2.069776535034179688e+00,1.151281729423708988e+00,5.350000000000000000e+02,6.000000000000000000e+00,4.000000000000000000e+00,1.864107517480068754e+00
5.645000000000000284e+01,2.848845005035400391e+00,2.755249977111816406e+00,3.690371513366699219e+00,1.801834583282470703e+00,1.127000088956570334e+00,5.210000000000000000e+02,5.000000000000000000e+00,4.000000000000000000e+00,1.714223465688479164e+00
5.650000000000000000e+01,2.890950679779052734e+00,2.812686204910278320e+00,3.731027841567993164e+00,1.935878992080688477e+00,1.136148654937006341e+00,5.230000000000000000e+02,6.000000000000000000e+00,5.000000000000000000e+00,1.849917053517451171e+00
5.655000000000000426e+01,2.730643749237060547e+00,2.707149505615234375e+00,3.784410476684570312e+00,1.849843144416809082e+00,1.129824724927831703e+00,5.370000000000000000e+02,6.000000000000000000e+00,5.000000000000000000e+00,1.843094232247985520e+00
5.660000000000000142e+01,2.810599327087402344e+00,2.739282131195068359e+00,3.725615501403808594e+00,1.821077823638916016e+00,1.068695720106143332e+00,5.240000000000000000e+02,5.000000000000000000e+00,4.000000000000000000e+00,1.981842594747448505e+00
5.665000000000000568e+01,2.858494281768798828e+00,2.768201828002929688e+00,3.691706180572509766e+00,1.800513863563537598e+00,1.092057860494040966e+00,5.060000000000000000e+02,6.000000000000000000e+00,6.000000000000000000e+00,1.744361242709584925e+00
5.670000000000000284e+01,2.722454071044921875e+00,2.574153423309326172e+00,3.754672765731811523e+00,1.888931512832641602e+00,1.131966302254243883e+00,5.030000000000000000e+02,5.000000000000000000e+00,5.000000000000000000e+00,1.805926061123028559e+00
5.675000000000000000e+01,2.889160156250000000e+00,2.826098203659057617e+00,3.958256721496582031e+00,1.850993633270263672e+00,1.124316831219644541e+00,5.340000000000000000e+02,5.000000000000000000e+00,4.000000000000000000e+00,1.783972939492358023e+00
5.680000000000000426e+01,2.669942378997802734e+00,2.585315704345703125e+00,3.524607419967651367e+00,2.149955272674560547e+00,1.209170097037591152e+00,4.930000000000000000e+02,6.000000000000000000e+00,4.000000000000000000e+00,1.864774985407932295e+00
5.685000000000000142e+01,2.785240650177001953e+00,2.685071468353271484e+00,3.767271280288696289e+00,1.924510478973388672e+00,1.069791502699377839e+00,5.160000000000000000e+02,5.000000000000000000e+00,4.000000000000000000e+00,1.799373177001126756e+00
5.690000000000000568e+01,2.706850528717041016e+00,2.587619781494140625e+00,4.113231658935546875e+00,1.792756915092468262e+00,1.285076533044190228e+00,5.280000000000000000e+02,6.000000000000000000e+00,5.000000000000000000e+00,1.802738907281717484e+00
5.695000000000000284e+01,2.743237495422363281e+00,2.656833887100219727e+00,3.598453521728515625e+00,2.023417234420776367e+00,1.245635734756186386e+00,5.510000000000000000e+02,4.000000000000000000e+00,3.000000000000000000e+00,1.876976217926775492e+00
5.700000000000000000e+01,2.728753566741943359e+00,2.708895444869995117e+00,3.655502796173095703e+00,1.963433027267456055e+00,1.232643095023919999e+00,5.110000000000000000e+02,5.000000000000000000e+00,5.000000000000000000e+00,1.730633643056260329e+00
5.705000000000000426e+01,2.914131641387939453e+00,2.914911270141601562e+00,3.463783740997314453e+00,2.176830291748046875e+00,1.244790804565707898e+00,5.300000000000000000e+02,6.000000000000000000e+00,4.000000000000000000e+00,1.742296247768237549e+00
5.710000000000000142e+01,2.823655366897583008e+00,2.796528577804565430e+00,3.679385662078857422e+00,2.157349824905395508e+00,1.239504003370980323e+00,5.050000000000000000e+02,5.000000000000000000e+00,4.000000000000000000e+00,1.754668471384742690e+00
5.715000000000000568e+01,2.777212619781494141e+00,2.718503236770629883e+00,4.005078315734863281e+00,1.897744894027709961e+00,1.255454976301797920e+00,5.100000000000000000e+02,6.000000000000000000e+00,5.000000000000000000e+00,1.776338114478233532e+00
5.720000000000000284e+01,2.743800163269042969e+00,2.692517280578613281e+00,3.831944227218627930e+00,1.759209632873535156e+00,1.274422216545066711e+00,4.980000000000000000e+02,5.000000000000000000e+00,4.000000000000000000e+00,1.810947173458973269e+00
5.725000000000000000e+01,2.783429622650146484e+00,2.779902935028076172e+00,3.656016588211059570e+00,2.127575874328613281e+00,1.259258444833240009e+00,5.180000000000000000e+02,6.000000000000000000e+00,5.000000000000000000e+00,1.874196148480364643e+00
5.730000000000000426e+01,2.623070478439331055e+00,2.662799358367919922e+00,3.914213180541992188e+00,2.092843770980834961e+00,1.248429463497489955e+00,5.120000000000000000e+02,5.000000000000000000e+00,4.000000000000000000e+00,1.830855295016369455e+00
5.735000000000000142e+01,2.729972600936889648e+00,2.617712020874023438e+00,3.667781352996826172e+00,2.011047840118408203e+00,1.268342162759860337e+00,5.040000000000000000e+02,5.000000000000000000e+00,4.000000000000000000e+00,1.870855415239200958e+00
5.740000000000000568e+01,2.850957155227661133e+00,2.847268342971801758e+00,3.644931554794311523e+00,2.022890090942382812e+00,1.201293051418961921e+00,5.180000000000000000e+02,5.000000000000000000e+00,4.000000000000000000e+00,1.787045709116354741e+00
5.745000000000000284e+01,2.714160919189453125e+00,2.672068119049072266e+00,3.723144292831420898e+00,1.975116729736328125e+00,1.158651625526082585e+00,4.840000000000000000e+02,6.000000000000000000e+00,4.000000000000000000e+00,1.786963770238839011e+00
5.750000000000000000e+01,2.762303590774536133e+00,2.724159955978393555e+00,3.514347553253173828e+00,2.060512065887451172e+00,1.256238632595023885e+00,5.060000000000000000e+02,5.000000000000000000e+00,4.000000000000000000e+00,1.803389567865032017e+00
5.755000000000000426e+01,2.863207817077636719e+00,2.776670455932617188e+00,3.577435016632080078e+00,2.244980573654174805e+00,1.209714721885233768e+00,4.980000000000000000e+02,5.000000000000000000e+00,4.000000000000000000e+00,1.694231610066625926e+00
5.760000000000000142e+01,2.781217575073242188e+00,2.787158250808715820e+00,3.944462299346923828e+00,1.952165365219116211e+00,1.243702983018676989e+00,5.150000000000000000e+02,5.000000000000000000e+00,4.000000000000000000e+00,1.851652276833090305e+00
5.765000000000000568e+01,2.870769977569580078e+00,2.802295446395874023e+00,3.705922603607177734e+00,2.079314947128295898e+00,1.240373649830446734e+00,5.140000000000000000e+02,6.000000000000000000e+00,4.000000000000000000e+00,1.963242408229787461e+00
5.770000000000000284e+01,2.753215789794921875e+00,2.881477355957031250e+00,3.569731235504150391e+00,2.057961463928222656e+00,1.255279060365255051e+00,5.100000000000000000e+02,6.000000000000000000e+00,4.000000000000000000e+00,1.698760030137073773e+00
5.775000000000000000e+01,2.748077154159545898e+00,2.742786645889282227e+00,3.635943412780761719e+00,2.161910295486450195e+00,1.231279048927588882e+00,5.300000000000000000e+02,5.000000000000000000e+00,4.000000000000000000e+00,1.980516425392526259e+00
5.780000000000000426e+01,2.858175992965698242e+00,2.881356477737426758e+00,3.771283864974975586e+00,2.042435169219970703e+00,1.242214233632929821e+00,4.940000000000000000e+02,6.000000000000000000e+00,4.000000000000000000e+00,1.722898865894171294e+00
5.785000000000000142e+01,2.789171218872070312e+00,2.765268325805664062e+00,3.655196428298950195e+00,2.134716749191284180e+00,1.262002307063774698e+00,5.500000000000000000e+02,6.000000000000000000e+00,5.000000000000000000e+00,1.747991361882147210e+00
5.790000000000000568e+01,2.762956619262695312e+00,2.581022262573242188e+00,3.553452253341674805e+00,2.442998886108398438e+00,1.270900724327047593e+00,5.030000000000000000e+02,6.000000000000000000e+00,5.000000000000000000e+00,1.899508185103665703e+00
5.795000000000000284e+01,2.820430040359497070e+00,2.755526304244995117e+00,3.503760337829589844e+00,2.285949707031250000e+00,1.242072131411872782e+00,5.200000000000000000e+02,6.000000000000000000e+00,5.000000000000000000e+00,1.790599114752678744e+00
5.800000000000000000e+01,2.791702747344970703e+00,2.724024295806884766e+00,3.800962924957275391e+00,2.300906896591186523e+00,1.257772667721634985e+00,5.400000000000000000e+02,6.000000000000000000e+00,5.000000000000000000e+00,1.851686418544254309e+00
5.805000000000000426e+01,2.790665388107299805e+00,2.692656517028808594e+00,3.709029674530029297e+00,1.979672431945800781e+00,1.262143368182965020e+00,5.300000000000000000e+02,6.000000000000000000e+00,5.000000000000000000e+00,1.885662311380289058e+00
5.810000000000000142e+01,2.892594814300537109e+00,2.931667327880859375e+00,3.698933601379394531e+00,2.370641469955444336e+00,1.245966671995109465e+00,5.270000000000000000e+02,5.000000000000000000e+00,3.000000000000000000e+00,1.694490143073787536e+00
5.815000000000000568e+01,2.840079069137573242e+00,2.808271646499633789e+00,3.515916109085083008e+00,2.150468349456787109e+00,1.281993999989165856e+00,5.530000000000000000e+02,6.000000000000000000e+00,5.000000000000000000e+00,1.642315147573119472e+00
5.820000000000000284e+01,2.899284124374389648e+00,2.835643291473388672e+00,3.179513454437255859e+00,2.498862266540527344e+00,1.252204294943691787e+00,5.320000000000000000e+02,6.000000000000000000e+00,5.000000000000000000e+00,1.929198503950598553e+00
5.825000000000000000e+01,2.955905914306640625e+00,2.919329404830932617e+00,3.457916259765625000e+00,2.477922439575195312e+00,1.260421948116188018e+00,5.400000000000000000e+02,5.000000000000000000e+00,4.000000000000000000e+00,1.793232383961564036e+00
5.830000000000000426e+01,2.868042230606079102e+00,2.846154689788818359e+00,3.837305545806884766e+00,2.053733348846435547e+00,1.245322595894596152e+00,5.330000000000000000e+02,6.000000000000000000e+00,5.000000000000000000e+00,1.778647838440201356e+00
5.835000000000000142e+01,2.855762481689453125e+00,2.888540029525756836e+00,3.410352706909179688e+00,2.356920242309570312e+00,1.270264876097538576e+00,5.250000000000000000e+02,5.000000000000000000e+00,4.000000000000000000e+00,1.919994477980912606e+00
5.840000000000000568e+01,2.958065271377563477e+00,2.984821319580078125e+00,3.524478673934936523e+00,2.280604600906372070e+00,1.298421773624618414e+00,5.290000000000000000e+02,5.000000000000000000e+00,3.000000000000000000e+00,1.857043268611856535e+00
5.845000000000000284e+01,2.978885173797607422e+00,3.041865825653076172e+00,3.736559867858886719e+00,2.082881212234497070e+00,1.256364001929075158e+00,5.200000000000000000e+02,5.000000000000000000e+00,3.000000000000000000e+00,1.828065648753547379e+00
5.850000000000000000e+01,2.930524349212646484e+00,3.009309291839599609e+00,3.720602035522460938e+00,2.207331418991088867e+00,1.241722732035019705e+00,5.200000000000000000e+02,5.000000000000000000e+00,3.000000000000000000e+00,1.845972497404315460e+00
5.855000000000000426e+01,2.847491741180419922e+00,2.889801025390625000e+00,3.568504810333251953e+00,2.192798376083374023e+00,1.220709192351182137e+00,5.040000000000000000e+02,4.000000000000000000e+00,4.000000000000000000e+00,1.799121887939825637e+00
5.860000000000000142e+01,2.906548976898193359e+00,3.023726463317871094e+00,3.275131940841674805e+00,2.464957714080810547e+00,1.254692722494491708e+00,5.310000000000000000e+02,7.000000000000000000e+00,5.000000000000000000e+00,1.808640548618573929e+00
5.865000000000000568e+01,3.022495746612548828e+00,3.083549022674560547e+00,3.499152421951293945e+00,2.250848770141601562e+00,1.240875128614585599e+00,5.010000000000000000e+02,6.000000000000000000e+00,4.000000000000000000e+00,1.830712139928998061e+00
5.870000000000000284e+01,2.839207887649536133e+00,2.870873451232910156e+00,3.311824321746826172e+00,2.405395269393920898e+00,1.251798131281826709e+00,5.490000000000000000e+02,5.000000000000000000e+00,4.000000000000000000e+00,1.669017653175501881e+00
5.875000000000000000e+01,2.843228340148925781e+00,2.965903043746948242e+00,3.625038146972656250e+00,2.241536140441894531e+00,1.259851535023663871e+00,5.270000000000000000e+02,6.000000000000000000e+00,4.000000000000000000e+00,1.843940454234207271e+00
5.880000000000000426e+01,2.644320964813232422e+00,2.674247026443481445e+00,3.738743066787719727e+00,2.038553476333618164e+00,1.263358057881786234e+00,5.070000000000000000e+02,6.000000000000000000e+00,5.000000000000000000e+00,1.747119159662501975e+00
5.885000000000000142e+01,2.751501798629760742e+00,2.784734725952148438e+00,3.861205339431762695e+00,2.080233335494995117e+00,1.249232206597037820e+00,5.050000000000000000e+02,6.000000000000000000e+00,5.000000000000000000e+00,1.750616350150385081e+00
5.890000000000000568e+01,2.863247871398925781e+00,2.978705406188964844e+00,3.389626979827880859e+00,2.463044643402099609e+00,1.253368348978938451e+00,4.880000000000000000e+02,5.000000000000000000e+00,5.000000000000000000e+00,1.826457202684987013e+00
5.895000000000000284e+01,2.915749788284301758e+00,2.935854196548461914e+00,3.432715177536010742e+00,2.190078258514404297e+00,1.213354705346019635e+00,5.250000000000000000e+02,5.000000000000000000e+00,4.000000000000000000e+00,1.863106036595138848e+00
5.900000000000000000e+01,2.885578632354736328e+00,2.860521078109741211e+00,3.539807558059692383e+00,2.455923557281494141e+00,1.221944779317502228e+00,4.860000000000000000e+02,5.000000000000000000e+00,4.000000000000000000e+00,1.815600692881542466e+00
5.905000000000000426e+01,2.933798789978027344e+00,3.007805347442626953e+00,3.476888179779052734e+00,2.502394676208496094e+00,1.227688904949367110e+00,5.360000000000000000e+02,6.000000000000000000e+00,4.000000000000000000e+00,1.847230877174188768e+00
5.910000000000000142e+01,2.878860950469970703e+00,3.035023212432861328e+00,3.699650287628173828e+00,2.029461383819580078e+00,1.267367370905902568e+00,5.200000000000000000e+02,6.000000000000000000e+00,4.000000000000000000e+00,1.855732190814598281e+00
5.915000000000000568e+01,2.981317996978759766e+00,3.047948837280273438e+00,3.416268348693847656e+00,2.284201860427856445e+00,1.253726695822522386e+00,5.110000000000000000e+02,5.000000000000000000e+00,4.000000000000000000e+00,1.846881137130135464e+00
5.920000000000000284e+01,2.766096591949462891e+00,2.779355525970458984e+00,3.526925563812255859e+00,2.270130634307861328e+00,1.282911359173956267e+00,4.740000000000000000e+02,6.000000000000000000e+00,5.000000000000000000e+00,1.855770563595450007e+00
5.925000000000000000e+01,2.925592899322509766e+00,3.056098937988281250e+00,3.623296737670898438e+00,2.292669773101806641e+00,1.275505382934918330e+00,5.170000000000000000e+02,6.000000000000000000e+00,5.000000000000000000e+00,1.788393258788622653e+00
5.930000000000000426e+01,3.016206264495849609e+00,3.174028635025024414e+00,3.401137590408325195e+00,2.562524795532226562e+00,1.254439037866436069e+00,5.070000000000000000e+02,5.000000000000000000e+00,5.000000000000000000e+00,1.859097664717345166e+00
5.935000000000000142e+01,2.845455408096313477e+00,2.907545804977416992e+00,3.726284980773925781e+00,2.093232154846191406e+00,1.280969544944996708e+00,4.940000000000000000e+02,5.000000000000000000e+00,5.000000000000000000e+00,1.745916886520811673e+00
5.940000000000000568e+01,3.040809869766235352e+00,3.161429882049560547e+00,3.614637613296508789e+00,2.424428224563598633e+00,1.256230619964937789e+00,5.200000000000000000e+02,6.000000000000000000e+00,5.000000000000000000e+00,1.804477782693868493e+00
5.945000000000000284e+01,2.780681610107421875e+00,2.846490144729614258e+00,3.642145633697509766e+00,2.274439811706542969e+00,1.272127925421640882e+00,5.130000000000000000e+02,5.000000000000000000e+00,4.000000000000000000e+00,1.795711092477449533e+00
5.950000000000000000e+01,2.807237148284912109e+00,2.987170696258544922e+00,3.758853912353515625e+00,2.136926174163818359e+00,1.268017940771253294e+00,5.090000000000000000e+02,4.000000000000000000e+00,4.000000000000000000e+00,1.846212296885261672e+00
5.955000000000000426e+01,2.759767770767211914e+00,2.742610931396484375e+00,3.391252994537353516e+00,2.410880327224731445e+00,1.265103281084826836e+00,5.390000000000000000e+02,5.000000000000000000e+00,5.000000000000000000e+00,1.789394997411664301e+00
5.960000000000000142e+01,2.758395671844482422e+00,2.850398063659667969e+00,3.523564100265502930e+00,2.314886569976806641e+00,1.252393549410085516e+00,5.340000000000000000e+02,7.000000000000000000e+00,5.000000000000000000e+00,1.905648673129361814e+00
5.965000000000000568e+01,2.712960720062255859e+00,2.793086528778076172e+00,3.612401485443115234e+00,2.444710254669189453e+00,1.215806323155884883e+00,5.030000000000000000e+02,5.000000000000000000e+00,4.000000000000000000e+00,1.776105527309294274e+00
5.970000000000000284e+01,2.830197334289550781e+00,2.853135108947753906e+00,3.777707576751708984e+00,1.966732978820800781e+00,1.256135307376169852e+00,5.150000000000000000e+02,5.000000000000000000e+00,5.000000000000000000e+00,1.778790264855817593e+00
5.975000000000000000e+01,2.824086189270019531e+00,2.755836486816406250e+00,3.237952232360839844e+00,2.694206714630126953e+00,1.250979559933560026e+00,5.130000000000000000e+02,6.000000000000000000e+00,5.000000000000000000e+00,1.730848512599647337e+00
5.980000000000000426e+01,2.809540033340454102e+00,2.851010799407958984e+00,3.661252975463867188e+00,2.168061256408691406e+00,1.016061261212447997e+00,5.140000000000000000e+02,6.000000000000000000e+00,5.000000000000000000e+00,1.902460694041584688e+00
5.985000000000000142e+01,2.797982692718505859e+00,2.798371076583862305e+00,3.500410556793212891e+00,2.194415092468261719e+00,1.096939614990057654e+00,5.180000000000000000e+02,5.000000000000000000e+00,4.000000000000000000e+00,1.848399081400295962e+00
5.990000000000000568e+01,2.909370899200439453e+00,3.037702083587646484e+00,3.409440755844116211e+00,2.132749319076538086e+00,1.012075784742700657e+00,5.360000000000000000e+02,6.000000000000000000e+00,5.000000000000000000e+00,1.820764885836613445e+00
5.995000000000000284e+01,2.894268035888671875e+00,2.897243738174438477e+00,3.463764190673828125e+00,2.230292558670043945e+00,9.726765014330946979e-01,4.930000000000000000e+02,5.000000000000000000e+00,4.000000000000000000e+00,1.747990860395362667e+00
6.000000000000000000e+01,2.785970211029052734e+00,2.819687366485595703e+00,3.656881093978881836e+00,2.337115287780761719e+00,1.258197276895124395e+00,4.960000000000000000e+02,5.000000000000000000e+00,4.000000000000000000e+00,1.858734892286320051e+00
6.005000000000000426e+01,2.801936626434326172e+00,2.859406948089599609e+00,3.624544143676757812e+00,2.339482307434082031e+00,1.256927335581259131e+00,5.100000000000000000e+02,5.000000000000000000e+00,4.000000000000000000e+00,1.753260936498026945e+00
6.010000000000000142e+01,2.905338287353515625e+00,2.886182308197021484e+00,3.366524696350097656e+00,2.235159635543823242e+00,1.283568155222305496e+00,4.970000000000000000e+02,5.000000000000000000e+00,4.000000000000000000e+00,1.860881685560186849e+00
6.015000000000000568e+01,2.815816164016723633e+00,2.776265382766723633e+00,3.258708477020263672e+00,2.333677053451538086e+00,1.267598732114199267e+00,5.230000000000000000e+02,5.000000000000000000e+00,3.000000000000000000e+00,1.825514504029802643e+00
6.020000000000000284e+01,2.823198795318603516e+00,2.822343349456787109e+00,3.443500041961669922e+00,2.160413742065429688e+00,1.234174056702031175e+00,5.320000000000000000e+02,6.000000000000000000e+00,4.000000000000000000e+00,1.838210618358039339e+00
6.025000000000000000e+01,2.888795375823974609e+00,2.872166395187377930e+00,3.390813112258911133e+00,2.280208587646484375e+00,1.293287163193380884e+00,4.970000000000000000e+02,4.000000000000000000e+00,4.000000000000000000e+00,1.802494532721982345e+00
6.030000000000000426e+01,2.973974943161010742e+00,3.075895547866821289e+00,3.036478519439697266e+00,2.541161775588989258e+00,1.243397933322143878e+00,5.220000000000000000e+02,5.000000000000000000e+00,4.000000000000000000e+00,1.913968356168536555e+00
6.035000000000000142e+01,2.912626743316650391e+00,2.839080333709716797e+00,3.249997854232788086e+00,2.557413339614868164e+00,1.271250450570036161e+00,5.140000000000000000e+02,6.000000000000000000e+00,5.000000000000000000e+00,1.756063624774483189e+00
6.040000000000000568e+01,2.984900474548339844e+00,2.853304147720336914e+00,3.390145063400268555e+00,2.311118125915527344e+00,1.211330880519654096e+00,5.000000000000000000e+02,6.000000000000000000e+00,5.000000000000000000e+00,1.816154581422396719e+00
6.045000000000000284e+01,3.017452001571655273e+00,3.079555988311767578e+00,3.369269371032714844e+00,2.459858417510986328e+00,1.267483429636635517e+00,5.260000000000000000e+02,5.000000000000000000e+00,3.000000000000000000e+00,1.862402880973466290e+00
6.050000000000000000e+01,2.732088565826416016e+00,2.752257585525512695e+00,3.444024324417114258e+00,2.200091123580932617e+00,1.248083386536292139e+00,5.310000000000000000e+02,6.000000000000000000e+00,5.000000000000000000e+00,1.665258341791470809e+00
6.055000000000000426e+01,3.056160449981689453e+00,3.151091575622558594e+00,3.417052268981933594e+00,2.253608942031860352e+00,1.280998810006104049e+00,5.310000000000000000e+02,6.000000000000000000e+00,5.000000000000000000e+00,1.832720797898651499e+00
6.060000000000000142e+01,3.018271684646606445e+00,3.089437723159790039e+00,3.281858205795288086e+00,2.458981275558471680e+00,1.236361562971914463e+00,5.050000000000000000e+02,6.000000000000000000e+00,5.000000000000000000e+00,1.833648162576048124e+00
6.065000000000000568e+01,2.987272262573242188e+00,2.944476604461669922e+00,3.469571113586425781e+00,2.223006486892700195e+00,1.237249797810784147e+00,5.220000000000000000e+02,6.000000000000000000e+00,5.000000000000000000e+00,1.886542794179384641e+00
6.070000000000000284e+01,2.985039949417114258e+00,2.994771242141723633e+00,3.226724147796630859e+00,2.411641597747802734e+00,1.259302605855560087e+00,5.280000000000000000e+02,5.000000000000000000e+00,3.000000000000000000e+00,1.875757255461642625e+00
6.075000000000000000e+01,2.877607345581054688e+00,3.055846691131591797e+00,3.453430652618408203e+00,2.365179300308227539e+00,1.212397221905283873e+00,5.100000000000000000e+02,5.000000000000000000e+00,4.000000000000000000e+00,1.731596203629180097e+00
6.080000000000000426e+01,3.010980129241943359e+00,3.063084125518798828e+00,3.528051376342773438e+00,2.326397180557250977e+00,1.235875292471083409e+00,5.250000000000000000e+02,5.000000000000000000e+00,4.000000000000000000e+00,1.826294278034571450e+00
6.085000000000000142e+01,3.071184635162353516e+00,3.108381748199462891e+00,3.419506788253784180e+00,2.447633266448974609e+00,1.283203741436136358e+00,5.250000000000000000e+02,5.000000000000000000e+00,4.000000000000000000e+00,1.823340731465705522e+00
6.090000000000000568e+01,3.074152708053588867e+00,3.201674461364746094e+00,3.387428760528564453e+00,2.452142715454101562e+00,1.254044088143989377e+00,5.090000000000000000e+02,6.000000000000000000e+00,4.000000000000000000e+00,1.842024121521988356e+00
6.095000000000000284e+01,2.836731672286987305e+00,2.917378902435302734e+00,3.688248157501220703e+00,2.145215749740600586e+00,1.238177184527061714e+00,5.090000000000000000e+02,5.000000000000000000e+00,3.000000000000000000e+00,1.890256849774796688e+00
6.100000000000000000e+01,2.995375156402587891e+00,3.041694641113281250e+00,3.244977474212646484e+00,2.437985420227050781e+00,1.239887558782733157e+00,5.080000000000000000e+02,5.000000000000000000e+00,4.000000000000000000e+00,1.786466248721761740e+00
6.105000000000000426e+01,2.862523555755615234e+00,2.854835987091064453e+00,3.450739622116088867e+00,2.688067197799682617e+00,1.254917368045092241e+00,5.000000000000000000e+02,5.000000000000000000e+00,5.000000000000000000e+00,1.844447380279968129e+00
6.110000000000000142e+01,2.776452302932739258e+00,2.856051445007324219e+00,3.587915420532226562e+00,2.385750055313110352e+00,1.279110649966817448e+00,5.030000000000000000e+02,4.000000000000000000e+00,4.000000000000000000e+00,1.823662645175033958e+00
6.115000000000000568e+01,2.830463647842407227e+00,2.944559812545776367e+00,3.593598365783691406e+00,2.451539993286132812e+00,1.237256279554799443e+00,5.010000000000000000e+02,6.000000000000000000e+00,6.000000000000000000e+00,1.749480313744318449e+00
6.120000000000000284e+01,2.819944620132446289e+00,2.936477184295654297e+00,3.603546142578125000e+00,2.309667825698852539e+00,1.251970652175655285e+00,5.150000000000000000e+02,6.000000000000000000e+00,5.000000000000000000e+00,1.866283850500442210e+00
6.125000000000000000e+01,2.851818561553955078e+00,2.947228908538818359e+00,3.111645221710205078e+00,2.398116827011108398e+00,1.254043255203803220e+00,5.010000000000000000e+02,4.000000000000000000e+00,4.000000000000000000e+00,1.839622171195480549e+00
6.130000000000000426e+01,2.887654066085815430e+00,2.908122301101684570e+00,3.327709197998046875e+00,2.642252922058105469e+00,1.266949959309286777e+00,5.250000000000000000e+02,5.000000000000000000e+00,4.000000000000000000e+00,1.804145267287594612e+00
6.135000000000000142e+01,2.898522615432739258e+00,3.017750978469848633e+00,3.525526762008666992e+00,2.360200643539428711e+00,1.274391492540173365e+00,5.110000000000000000e+02,5.000000000000000000e+00,4.000000000000000000e+00,1.729911252397686949e+00
6.140000000000000568e+01,2.922445297241210938e+00,2.959725618362426758e+00,3.158768415451049805e+00,2.476182460784912109e+00,1.231808636777818489e+00,5.040000000000000000e+02,6.000000000000000000e+00,5.000000000000000000e+00,1.837307319789278415e+00
6.145000000000000284e+01,2.923341035842895508e+00,2.968513011932373047e+00,3.527986049652099609e+00,2.379530906677246094e+00,1.242272543215722447e+00,4.950000000000000000e+02,4.000000000000000000e+00,3.000000000000000000e+00,1.768795879048875586e+00
6.150000000000000000e+01,2.897085905075073242e+00,2.904775142669677734e+00,3.583145618438720703e+00,2.157569169998168945e+00,1.263494769020483632e+00,5.120000000000000000e+02,6.000000000000000000e+00,5.000000000000000000e+00,1.778742485328961509e+00
6.155000000000000426e+01,2.871562957763671875e+00,2.908337354660034180e+00,3.775663614273071289e+00,2.090534687042236328e+00,1.280286200350937653e+00,5.120000000000000000e+02,5.000000000000000000e+00,4.000000000000000000e+00,1.786818694728176560e+00
6.160000000000000142e+01,2.903688192367553711e+00,2.936959743499755859e+00,3.501530170440673828e+00,2.307526350021362305e+00,1.268803541232444765e+00,4.940000000000000000e+02,4.000000000000000000e+00,4.000000000000000000e+00,1.828253214730847231e+00
6.165000000000000568e+01,2.945209026336669922e+00,2.974227666854858398e+00,3.388259887695312500e+00,2.369345664978027344e+00,1.216348686080421126e+00,4.980000000000000000e+02,5.000000000000000000e+00,4.000000000000000000e+00,1.949098715275583871e+00
6.170000000000000284e+01,2.798307180404663086e+00,2.827334880828857422e+00,3.393021106719970703e+00,2.184838771820068359e+00,1.257459190734389054e+00,5.570000000000000000e+02,6.000000000000000000e+00,5.000000000000000000e+00,1.720363084918269614e+00
6.175000000000000000e+01,2.864612340927124023e+00,2.916388988494873047e+00,3.537855386734008789e+00,2.233829021453857422e+00,1.245962412818759857e+00,5.020000000000000000e+02,6.000000000000000000e+00,5.000000000000000000e+00,1.717801588997565077e+00
6.180000000000000426e+01,2.803240060806274414e+00,2.831017971038818359e+00,3.852519989013671875e+00,2.127510309219360352e+00,1.232551349258594442e+00,5.450000000000000000e+02,6.000000000000000000e+00,5.000000000000000000e+00,1.878822492752206585e+00
6.185000000000000142e+01,2.785203933715820312e+00,2.787766218185424805e+00,3.357211589813232422e+00,2.503435611724853516e+00,1.271709032076715262e+00,5.420000000000000000e+02,7.000000000000000000e+00,5.000000000000000000e+00,1.777869391937401344e+00
6.190000000000000568e+01,2.937220335006713867e+00,2.930891036987304688e+00,3.382017135620117188e+00,2.376795530319213867e+00,1.276152317749901233e+00,5.260000000000000000e+02,5.000000000000000000e+00,4.000000000000000000e+00,1.857865192346249028e+00
6.195000000000000284e+01,2.925342321395874023e+00,2.980672121047973633e+00,3.559699296951293945e+00,2.141118288040161133e+00,1.266628687276370124e+00,5.330000000000000000e+02,5.000000000000000000e+00,3.000000000000000000e+00,1.828679471204142093e+00
6.200000000000000000e+01,2.790794849395751953e+00,2.866561174392700195e+00,3.462278604507446289e+00,2.304352760314941406e+00,1.113980765416716423e+00,5.690000000000000000e+02,6.000000000000000000e+00,5.000000000000000000e+00,1.682819729922329310e+00
6.205000000000000426e+01,2.873601436614990234e+00,2.875103712081909180e+00,3.396706342697143555e+00,2.288490772247314453e+00,1.227571638862468451e+00,5.220000000000000000e+02,4.000000000000000000e+00,4.000000000000000000e+00,1.792038838192239192e+00
6.210000000000000142e+01,2.726684570312500000e+00,2.854244470596313477e+00,3.360458850860595703e+00,2.496241092681884766e+00,1.246264419100836074e+00,5.280000000000000000e+02,5.000000000000000000e+00,4.000000000000000000e+00,1.795871175129668984e+00
6.215000000000000568e+01,2.930861949920654297e+00,3.002118587493896484e+00,3.568172216415405273e+00,2.371486663818359375e+00,1.302624610361120538e+00,5.030000000000000000e+02,7.000000000000000000e+00,5.000000000000000000e+00,1.751836954336206009e+00
6.220000000000000284e+01,2.801469326019287109e+00,2.790191650390625000e+00,3.608815908432006836e+00,2.134899139404296875e+00,1.248762214251153635e+00,5.120000000000000000e+02,5.000000000000000000e+00,3.000000000000000000e+00,1.757703290320748124e+00
6.225000000000000000e+01,2.718278884887695312e+00,2.758623123168945312e+00,3.632372617721557617e+00,2.212506055831909180e+00,1.226070667767066524e+00,5.150000000000000000e+02,5.000000000000000000e+00,4.000000000000000000e+00,1.797365195665993731e+00
6.230000000000000426e+01,2.763957500457763672e+00,2.756521701812744141e+00,3.776758909225463867e+00,2.108477830886840820e+00,1.270455922636426038e+00,4.930000000000000000e+02,6.000000000000000000e+00,5.000000000000000000e+00,1.722290970400784715e+00
6.235000000000000142e+01,2.725209236145019531e+00,2.739263772964477539e+00,3.251765012741088867e+00,2.475230455398559570e+00,1.248332087462442619e+00,5.210000000000000000e+02,5.000000000000000000e+00,4.000000000000000000e+00,1.841318390613299050e+00
6.240000000000000568e+01,2.828089714050292969e+00,2.780355453491210938e+00,3.468998432159423828e+00,2.197903871536254883e+00,9.433548106167843894e-01,5.030000000000000000e+02,5.000000000000000000e+00,4.000000000000000000e+00,1.834429607182867850e+00
6.245000000000000284e+01,2.837880134582519531e+00,2.894607067108154297e+00,3.475590705871582031e+00,2.378096342086791992e+00,1.021438610458896168e+00,5.280000000000000000e+02,6.000000000000000000e+00,5.000000000000000000e+00,1.815756173496745562e+00
6.250000000000000000e+01,2.729239702224731445e+00,2.680480003356933594e+00,3.200682640075683594e+00,2.261498689651489258e+00,9.245639379708612271e-01,5.170000000000000000e+02,6.000000000000000000e+00,5.000000000000000000e+00,1.833627510054565146e+00
6.255000000000000426e+01,2.843716621398925781e+00,2.950894832611083984e+00,3.292899370193481445e+00,2.402373313903808594e+00,9.604295838777564542e-01,5.180000000000000000e+02,6.000000000000000000e+00,5.000000000000000000e+00,1.823586233063308359e+00
6.260000000000000142e+01,2.742409706115722656e+00,2.806778430938720703e+00,3.505741357803344727e+00,2.351058006286621094e+00,9.966188554494344043e-01,4.990000000000000000e+02,6.000000000000000000e+00,5.000000000000000000e+00,1.873338504213977629e+00
6.265000000000000568e+01,2.805503368377685547e+00,2.862732172012329102e+00,3.052685499191284180e+00,2.624528884887695312e+00,9.955939682313887928e-01,4.900000000000000000e+02,6.000000000000000000e+00,5.000000000000000000e+00,1.911327690329124529e+00
6.270000000000000284e+01,2.735662221908569336e+00,2.889545440673828125e+00,3.334895610809326172e+00,2.144132137298583984e+00,9.633559547278975899e-01,5.130000000000000000e+02,6.000000000000000000e+00,4.000000000000000000e+00,1.801698822286588397e+00
6.275000000000000000e+01,2.843654394149780273e+00,2.994487762451171875e+00,3.367488384246826172e+00,2.404546976089477539e+00,9.957366972651642278e-01,5.320000000000000000e+02,4.000000000000000000e+00,4.000000000000000000e+00,1.756133480347898734e+00
6.280000000000000426e+01,2.802079916000366211e+00,2.970054626464843750e+00,3.275834321975708008e+00,2.580054283142089844e+00,1.023044123688202856e+00,4.990000000000000000e+02,5.000000000000000000e+00,5.000000000000000000e+00,1.831765537195841453e+00
6.285000000000000142e+01,2.744711875915527344e+00,2.879430770874023438e+00,3.287178039550781250e+00,2.604481220245361328e+00,9.576211325079633241e-01,5.120000000000000000e+02,5.000000000000000000e+00,4.000000000000000000e+00,1.715244870670780575e+00
6.290000000000000568e+01,2.828212022781372070e+00,3.027987957000732422e+00,3.359129667282104492e+00,2.382925510406494141e+00,9.880979603441262249e-01,5.140000000000000000e+02,6.000000000000000000e+00,5.000000000000000000e+00,1.798673609845742760e+00
6.295000000000000284e+01,2.812150001525878906e+00,3.037243843078613281e+00,3.283709526062011719e+00,2.616004467010498047e+00,1.013361901860951209e+00,5.030000000000000000e+02,5.000000000000000000e+00,4.000000000000000000e+00,1.825821725416161057e+00
6.300000000000000000e+01,2.745265007019042969e+00,2.745280742645263672e+00,3.087406158447265625e+00,2.295844793319702148e+00,1.022693131730241456e+00,4.590000000000000000e+02,5.000000000000000000e+00,5.000000000000000000e+00,1.768806462097887389e+00
6.305000000000000426e+01,2.705383062362670898e+00,2.742352247238159180e+00,3.561243057250976562e+00,2.259725809097290039e+00,9.824698127409063897e-01,5.010000000000000000e+02,6.000000000000000000e+00,3.000000000000000000e+00,1.859575990604784401e+00
6.310000000000000142e+01,2.803339004516601562e+00,2.945001602172851562e+00,3.418007850646972656e+00,2.104825973510742188e+00,9.982922105863505369e-01,5.020000000000000000e+02,5.000000000000000000e+00,5.000000000000000000e+00,1.808555898558550146e+00
6.315000000000000568e+01,2.815987825393676758e+00,2.828490734100341797e+00,3.453406095504760742e+00,2.056811094284057617e+00,9.681529361175912340e-01,4.630000000000000000e+02,5.000000000000000000e+00,5.000000000000000000e+00,1.814878252680631743e+00
6.320000000000000284e+01,2.819528341293334961e+00,2.825269699096679688e+00,3.235006570816040039e+00,2.363882303237915039e+00,9.758712142142388357e-01,4.980000000000000000e+02,4.000000000000000000e+00,4.000000000000000000e+00,1.669300830082589338e+00
6.325000000000000000e+01,2.770121335983276367e+00,2.777911663055419922e+00,3.538017034530639648e+00,2.160986900329589844e+00,1.001311305245850436e+00,4.890000000000000000e+02,5.000000000000000000e+00,4.000000000000000000e+00,1.802344210049082518e+00
6.330000000000000426e+01,3.025516271591186523e+00,3.205110549926757812e+00,3.342383146286010742e+00,2.273355007171630859e+00,9.357748884700313186e-01,4.890000000000000000e+02,4.000000000000000000e+00,4.000000000000000000e+00,1.827165211966342184e+00
6.335000000000000142e+01,2.919096469879150391e+00,3.031205177307128906e+00,3.177163362503051758e+00,2.579880952835083008e+00,9.726022860289652572e-01,5.130000000000000000e+02,6.000000000000000000e+00,5.000000000000000000e+00,1.889148755989261685e+00
6.340000000000000568e+01,2.831054210662841797e+00,3.028660058975219727e+00,3.220081806182861328e+00,2.549149513244628906e+00,1.003354388668829422e+00,4.990000000000000000e+02,4.000000000000000000e+00,4.000000000000000000e+00,1.837918845285343439e+00
6.345000000000000284e+01,2.859553337097167969e+00,2.888821363449096680e+00,3.008786678314208984e+00,2.680051565170288086e+00,9.877748414581186687e-01,4.790000000000000000e+02,6.000000000000000000e+00,5.000000000000000000e+00,1.794309112096402981e+00
6.350000000000000000e+01,2.728458642959594727e+00,2.729537248611450195e+00,3.324956417083740234e+00,2.441814899444580078e+00,1.005562023597086130e+00,5.270000000000000000e+02,6.000000000000000000e+00,5.000000000000000000e+00,1.709706326115043584e+00
6.355000000000000426e+01,2.850486278533935547e+00,2.885453224182128906e+00,3.160112142562866211e+00,2.460391998291015625e+00,9.439501379522786673e-01,5.120000000000000000e+02,5.000000000000000000e+00,4.000000000000000000e+00,1.681255078058591979e+00
6.360000000000000142e+01,2.870072364807128906e+00,2.929108381271362305e+00,3.061533451080322266e+00,2.348263978958129883e+00,9.592991177038635575e-01,5.190000000000000000e+02,5.000000000000000000e+00,4.000000000000000000e+00,1.777824510945003489e+00
6.365000000000000568e+01,2.890496253967285156e+00,2.971129655838012695e+00,3.167188644409179688e+00,2.356648683547973633e+00,9.838244897528486410e-01,5.050000000000000000e+02,4.000000000000000000e+00,3.000000000000000000e+00,1.914316050849328210e+00
6.370000000000000284e+01,2.788039684295654297e+00,2.708230257034301758e+00,3.215805530548095703e+00,2.521185636520385742e+00,9.566666843896269867e-01,5.090000000000000000e+02,4.000000000000000000e+00,4.000000000000000000e+00,1.925572289024942707e+00
6.375000000000000000e+01,2.894090414047241211e+00,2.968550682067871094e+00,3.588200569152832031e+00,2.110542774200439453e+00,9.556529125756286769e-01,5.020000000000000000e+02,5.000000000000000000e+00,4.000000000000000000e+00,1.867307730329041737e+00
6.380000000000000426e+01,2.872617721557617188e+00,2.927657365798950195e+00,3.111764192581176758e+00,2.380032300949096680e+00,9.627441626430255361e-01,5.020000000000000000e+02,5.000000000000000000e+00,5.000000000000000000e+00,1.820253413135654696e+00
6.385000000000000142e+01,2.783747196197509766e+00,2.808736562728881836e+00,3.325330972671508789e+00,2.358883380889892578e+00,1.001081063767615076e+00,5.120000000000000000e+02,5.000000000000000000e+00,5.000000000000000000e+00,1.853506141768478166e+00
6.390000000000000568e+01,2.899644136428833008e+00,2.953464984893798828e+00,3.421172142028808594e+00,2.231676578521728516e+00,9.805896751625319263e-01,5.430000000000000000e+02,6.000000000000000000e+00,6.000000000000000000e+00,1.614185902389346561e+00
6.395000000000000284e+01,2.789214849472045898e+00,2.914048671722412109e+00,3.525259733200073242e+00,2.210303544998168945e+00,9.371129862975084990e-01,5.120000000000000000e+02,6.000000000000000000e+00,5.000000000000000000e+00,1.823527391489071503e+00
6.400000000000000000e+01,2.852983951568603516e+00,2.863783836364746094e+00,3.412559986114501953e+00,2.354948282241821289e+00,9.653152375754754377e-01,5.240000000000000000e+02,5.000000000000000000e+00,4.000000000000000000e+00,1.836979209695673632e+00
6.404999999999999716e+01,2.926180124282836914e+00,2.998101472854614258e+00,3.230854988098144531e+00,2.417242765426635742e+00,9.746114985369219719e-01,4.970000000000000000e+02,4.000000000000000000e+00,3.000000000000000000e+00,1.785000748027878226e+00
6.410000000000000853e+01,2.870462417602539062e+00,2.962162256240844727e+00,3.512936592102050781e+00,2.186109781265258789e+00,1.029450214588638834e+00,5.110000000000000000e+02,5.000000000000000000e+00,5.000000000000000000e+00,1.825114043683105702e+00
6.415000000000000568e+01,2.775931119918823242e+00,2.889473915100097656e+00,3.283933639526367188e+00,2.468783617019653320e+00,9.433456381962629367e-01,4.920000000000000000e+02,4.000000000000000000e+00,3.000000000000000000e+00,1.834854390773080768e+00
6.420000000000000284e+01,2.759096622467041016e+00,2.764615535736083984e+00,3.238635301589965820e+00,2.397228956222534180e+00,9.807092287507908068e-01,5.050000000000000000e+02,5.000000000000000000e+00,5.000000000000000000e+00,1.794081813088441946e+00
6.425000000000000000e+01,2.725400686264038086e+00,2.836220741271972656e+00,3.243294715881347656e+00,2.433043003082275391e+00,1.013032384395072150e+00,5.070000000000000000e+02,5.000000000000000000e+00,5.000000000000000000e+00,1.725341648082922674e+00
6.429999999999999716e+01,2.920065164566040039e+00,3.078829050064086914e+00,3.125144958496093750e+00,2.284449100494384766e+00,9.666213739238460612e-01,4.930000000000000000e+02,4.000000000000000000e+00,4.000000000000000000e+00,1.864339150652330801e+00
6.435000000000000853e+01,2.763999462127685547e+00,2.739467382431030273e+00,3.690116643905639648e+00,2.033506155014038086e+00,1.020159707443756281e+00,4.990000000000000000e+02,5.000000000000000000e+00,5.000000000000000000e+00,1.798423867219635097e+00
6.440000000000000568e+01,2.767517328262329102e+00,2.818684101104736328e+00,3.286706924438476562e+00,2.340817451477050781e+00,9.491657495379877130e-01,5.210000000000000000e+02,4.000000000000000000e+00,4.000000000000000000e+00,1.879153737602182739e+00
6.445000000000000284e+01,2.774836778640747070e+00,2.780397415161132812e+00,3.300818920135498047e+00,2.209160327911376953e+00,1.021798026078484023e+00,5.060000000000000000e+02,4.000000000000000000e+00,4.000000000000000000e+00,1.787760064007788641e+00
6.450000000000000000e+01,2.897346019744873047e+00,2.931735992431640625e+00,3.401397705078125000e+00,2.186603069305419922e+00,1.016776686547246955e+00,5.070000000000000000e+02,3.000000000000000000e+00,2.000000000000000000e+00,1.915301279019972824e+00
6.454999999999999716e+01,2.765706539154052734e+00,2.930202007293701172e+00,3.285262107849121094e+00,2.445963144302368164e+00,9.620987916596580591e-01,5.170000000000000000e+02,6.000000000000000000e+00,4.000000000000000000e+00,1.787491287029502329e+00
6.460000000000000853e+01,2.885458707809448242e+00,2.882816553115844727e+00,3.466115236282348633e+00,2.358258962631225586e+00,1.020951097771243044e+00,5.000000000000000000e+02,5.000000000000000000e+00,4.000000000000000000e+00,1.800811483953569381e+00
6.465000000000000568e+01,2.855413436889648438e+00,2.974343538284301758e+00,3.515918731689453125e+00,2.312120437622070312e+00,1.011453370304164823e+00,5.200000000000000000e+02,4.000000000000000000e+00,3.000000000000000000e+00,1.813752962486192111e+00
6.470000000000000284e+01,2.748970746994018555e+00,2.746768474578857422e+00,3.337831497192382812e+00,2.409097671508789062e+00,9.825443407256885253e-01,5.250000000000000000e+02,6.000000000000000000e+00,4.000000000000000000e+00,1.821524285059698656e+00
6.475000000000000000e+01,2.831482887268066406e+00,2.895340442657470703e+00,3.480438709259033203e+00,2.035136461257934570e+00,1.016240751615442139e+00,4.880000000000000000e+02,4.000000000000000000e+00,4.000000000000000000e+00,1.793222821215642693e+00
6.479999999999999716e+01,2.879622936248779297e+00,2.795917987823486328e+00,3.484542369842529297e+00,2.168636083602905273e+00,9.738069185253463989e-01,5.000000000000000000e+02,4.000000000000000000e+00,4.000000000000000000e+00,1.824575561327093975e+00
6.485000000000000853e+01,2.810824155807495117e+00,2.874970436096191406e+00,3.223830699920654297e+00,2.472041606903076172e+00,9.783160437587734570e-01,4.850000000000000000e+02,5.000000000000000000e+00,5.000000000000000000e+00,1.710383053235352335e+00
6.490000000000000568e+01,2.787008523941040039e+00,2.738174200057983398e+00,3.492524385452270508e+00,2.247341871261596680e+00,9.841192919293934027e-01,4.690000000000000000e+02,5.000000000000000000e+00,4.000000000000000000e+00,1.810024895500434106e+00
6.495000000000000284e+01,2.911753892898559570e+00,2.842283725738525391e+00,3.044271707534790039e+00,2.571242332458496094e+00,1.013439199663201062e+00,5.100000000000000000e+02,6.000000000000000000e+00,4.000000000000000000e+00,1.737794559589684429e+00
6.500000000000000000e+01,2.886536121368408203e+00,2.882939338684082031e+00,3.253450393676757812e+00,2.313453197479248047e+00,9.824089874258805644e-01,5.230000000000000000e+02,4.000000000000000000e+00,4.000000000000000000e+00,1.751098891511448929e+00
6.504999999999999716e+01,2.834021091461181641e+00,2.865931987762451172e+00,3.148295640945434570e+00,2.365330457687377930e+00,9.855316895596759608e-01,5.110000000000000000e+02,6.000000000000000000e+00,6.000000000000000000e+00,1.744988008862429218e+00
6.510000000000000853e+01,2.719299316406250000e+00,2.813834667205810547e+00,3.395596981048583984e+00,2.351490020751953125e+00,1.014995560417083720e+00,5.090000000000000000e+02,6.000000000000000000e+00,4.000000000000000000e+00,1.789753762944477522e+00
6.515000000000000568e+01,2.894467115402221680e+00,3.012798070907592773e+00,3.044313907623291016e+00,2.798395633697509766e+00,9.744744884469300761e-01,5.120000000000000000e+02,5.000000000000000000e+00,5.000000000000000000e+00,1.722141256527119912e+00
6.520000000000000284e+01,2.917264699935913086e+00,2.828514337539672852e+00,3.236176729202270508e+00,2.715953350067138672e+00,9.848636561127888100e-01,5.010000000000000000e+02,5.000000000000000000e+00,5.000000000000000000e+00,1.937511840967774956e+00
6.525000000000000000e+01,2.881414413452148438e+00,2.913560867309570312e+00,3.266213178634643555e+00,2.279129266738891602e+00,9.433199271369274719e-01,5.110000000000000000e+02,4.000000000000000000e+00,3.000000000000000000e+00,1.821249880350879202e+00
6.529999999999999716e+01,2.843719005584716797e+00,2.902300596237182617e+00,3.345680713653564453e+00,2.405205249786376953e+00,9.291718518757281497e-01,5.060000000000000000e+02,4.000000000000000000e+00,4.000000000000000000e+00,1.940211890271153372e+00
6.535000000000000853e+01,2.934687614440917969e+00,2.956456184387207031e+00,3.315243482589721680e+00,2.322177648544311523e+00,9.786392433881865305e-01,5.200000000000000000e+02,4.000000000000000000e+00,3.000000000000000000e+00,1.710281973345243456e+00
6.540000000000000568e+01,2.838807106018066406e+00,2.809556722640991211e+00,3.422135829925537109e+00,2.400772094726562500e+00,1.018185090532332859e+00,5.030000000000000000e+02,4.000000000000000000e+00,4.000000000000000000e+00,1.868922801173947157e+00
6.545000000000000284e+01,2.910100221633911133e+00,2.958815336227416992e+00,3.200677394866943359e+00,2.549921512603759766e+00,9.830558387480380356e-01,4.900000000000000000e+02,6.000000000000000000e+00,5.000000000000000000e+00,1.910982088834334292e+00
6.550000000000000000e+01,2.987015247344970703e+00,3.048923492431640625e+00,3.241265296936035156e+00,2.497550487518310547e+00,9.964293315378015548e-01,5.110000000000000000e+02,5.000000000000000000e+00,4.000000000000000000e+00,1.773711682146893676e+00
6.554999999999999716e+01,2.830656051635742188e+00,2.869859218597412109e+00,3.623263359069824219e+00,2.297296762466430664e+00,1.040742257572377927e+00,4.840000000000000000e+02,4.000000000000000000e+00,3.000000000000000000e+00,1.927685361864218905e+00
6.560000000000000853e+01,2.820713281631469727e+00,2.781672954559326172e+00,2.998440504074096680e+00,2.630621433258056641e+00,9.700031652740798149e-01,5.330000000000000000e+02,5.000000000000000000e+00,4.000000000000000000e+00,1.718205748410206013e+00
6.565000000000000568e+01,2.858926773071289062e+00,2.939390659332275391e+00,2.989504337310791016e+00,2.614826917648315430e+00,9.571629982202377596e-01,4.990000000000000000e+02,5.000000000000000000e+00,3.000000000000000000e+00,1.732067628046137120e+00
6.570000000000000284e+01,2.875321388244628906e+00,2.923476696014404297e+00,3.406989812850952148e+00,2.409556865692138672e+00,9.299111716532736382e-01,5.150000000000000000e+02,4.000000000000000000e+00,4.000000000000000000e+00,1.880825265555371661e+00
6.575000000000000000e+01,2.846994638442993164e+00,2.873949527740478516e+00,3.312323570251464844e+00,2.447364807128906250e+00,9.554461606346577041e-01,4.980000000000000000e+02,4.000000000000000000e+00,3.000000000000000000e+00,1.778571926533206504e+00
6.579999999999999716e+01,2.739193677902221680e+00,2.706014633178710938e+00,3.395275592803955078e+00,2.310643911361694336e+00,9.855960912787533612e-01,4.840000000000000000e+02,4.000000000000000000e+00,3.000000000000000000e+00,1.854959812307801936e+00
6.585000000000000853e+01,2.804278135299682617e+00,2.810374736785888672e+00,3.329674720764160156e+00,2.236318111419677734e+00,9.748763527781710847e-01,5.240000000000000000e+02,5.000000000000000000e+00,5.000000000000000000e+00,1.796491832118424892e+00
6.590000000000000568e+01,2.920462846755981445e+00,2.950029134750366211e+00,3.291074991226196289e+00,2.561471223831176758e+00,9.754233340182237866e-01,4.880000000000000000e+02,5.000000000000000000e+00,5.000000000000000000e+00,1.782539918384375977e+00
6.595000000000000284e+01,2.955749034881591797e+00,2.992918968200683594e+00,3.273473978042602539e+00,2.497389316558837891e+00,9.174185031943409285e-01,5.170000000000000000e+02,6.000000000000000000e+00,4.000000000000000000e+00,1.795037454600418858e+00
6.600000000000000000e+01,2.810211420059204102e+00,2.844716310501098633e+00,3.357943534851074219e+00,2.477882385253906250e+00,9.580208985304368152e-01,5.120000000000000000e+02,5.000000000000000000e+00,5.000000000000000000e+00,1.758215158508666498e+00
6.604999999999999716e+01,3.043371438980102539e+00,3.197891473770141602e+00,3.070752382278442383e+00,2.359612941741943359e+00,9.462571964774681987e-01,5.060000000000000000e+02,6.000000000000000000e+00,5.000000000000000000e+00,1.730828240692501074e+00
6.610000000000000853e+01,2.841548442840576172e+00,2.885296583175659180e+00,3.236105203628540039e+00,2.281023979187011719e+00,9.659565843190764944e-01,5.050000000000000000e+02,6.000000000000000000e+00,4.000000000000000000e+00,1.790372252081966931e+00
6.615000000000000568e+01,2.855654239654541016e+00,3.000522613525390625e+00,3.243962287902832031e+00,2.368305683135986328e+00,1.039843158232424791e+00,5.060000000000000000e+02,7.000000000000000000e+00,5.000000000000000000e+00,1.883298488959445072e+00
6.620000000000000284e+01,2.839406967163085938e+00,2.740790367126464844e+00,3.302857637405395508e+00,2.207931518554687500e+00,9.987936047722544286e-01,5.150000000000000000e+02,5.000000000000000000e+00,5.000000000000000000e+00,1.696835900498328442e+00
6.625000000000000000e+01,2.875955343246459961e+00,2.748945236206054688e+00,3.357338666915893555e+00,2.053015708923339844e+00,1.003488205554017521e+00,5.440000000000000000e+02,7.000000000000000000e+00,5.000000000000000000e+00,1.823275683134144343e+00
6.629999999999999716e+01,2.694777250289916992e+00,2.760381460189819336e+00,3.625433921813964844e+00,2.269582271575927734e+00,9.728656738564457340e-01,5.080000000000000000e+02,5.000000000000000000e+00,3.000000000000000000e+00,1.745884977029743990e+00
6.635000000000000853e+01,2.795507431030273438e+00,2.752571105957031250e+00,3.334423303604125977e+00,2.270199298858642578e+00,9.887890520163991059e-01,5.370000000000000000e+02,6.000000000000000000e+00,4.000000000000000000e+00,1.915126064142117501e+00
6.640000000000000568e+01,2.795195579528808594e+00,2.774108648300170898e+00,3.482158422470092773e+00,2.056561470031738281e+00,9.650140007737683101e-01,4.980000000000000000e+02,5.000000000000000000e+00,4.000000000000000000e+00,1.799905447622167198e+00
6.645000000000000284e+01,2.822264432907104492e+00,2.777745485305786133e+00,3.200282812118530273e+00,2.354809761047363281e+00,9.935036610095137055e-01,5.100000000000000000e+02,5.000000000000000000e+00,5.000000000000000000e+00,1.822581685060884915e+00
6.650000000000000000e+01,2.768643379211425781e+00,2.780363798141479492e+00,3.275854825973510742e+00,2.386944055557250977e+00,9.266815025783443627e-01,5.050000000000000000e+02,6.000000000000000000e+00,5.000000000000000000e+00,1.708348820437432636e+00
6.654999999999999716e+01,2.796345233917236328e+00,2.724645376205444336e+00,3.173056602478027344e+00,2.328187942504882812e+00,1.062709713677535861e+00,5.260000000000000000e+02,5.000000000000000000e+00,5.000000000000000000e+00,1.677934137659375713e+00
6.660000000000000853e+01,2.893317222595214844e+00,2.924534320831298828e+00,3.017568349838256836e+00,2.553997993469238281e+00,1.031189214012739885e+00,4.920000000000000000e+02,6.000000000000000000e+00,4.000000000000000000e+00,1.897658755294300059e+00
6.665000000000000568e+01,2.856765031814575195e+00,2.928472518920898438e+00,3.282265424728393555e+00,2.451802968978881836e+00,1.034418368247111308e+00,5.210000000000000000e+02,4.000000000000000000e+00,4.000000000000000000e+00,1.750066282803074413e+00
6.670000000000000284e+01,2.904778480529785156e+00,2.922325372695922852e+00,3.168404102325439453e+00,2.497534275054931641e+00,9.748943715653689557e-01,5.410000000000000000e+02,6.000000000000000000e+00,6.000000000000000000e+00,1.733980905051073274e+00
6.675000000000000000e+01,2.813172340393066406e+00,2.811987161636352539e+00,3.500822782516479492e+00,2.295289516448974609e+00,9.599043720684924397e-01,4.960000000000000000e+02,4.000000000000000000e+00,4.000000000000000000e+00,1.813729421979881185e+00
6.679999999999999716e+01,2.836981773376464844e+00,2.815833091735839844e+00,3.189291715621948242e+00,2.526865482330322266e+00,9.679297308626716445e-01,4.850000000000000000e+02,6.000000000000000000e+00,4.000000000000000000e+00,1.883320781416223166e+00
6.685000000000000853e+01,2.767140388488769531e+00,2.840914487838745117e+00,3.093262195587158203e+00,2.382027387619018555e+00,9.681680533614214212e-01,5.090000000000000000e+02,6.000000000000000000e+00,5.000000000000000000e+00,1.651601605823614927e+00
6.690000000000000568e+01,2.650393009185791016e+00,2.824568271636962891e+00,3.515425920486450195e+00,2.334954977035522461e+00,9.425883435413138223e-01,5.200000000000000000e+02,4.000000000000000000e+00,4.000000000000000000e+00,1.755511063759382040e+00
6.695000000000000284e+01,2.748245716094970703e+00,2.862321853637695312e+00,3.459901809692382812e+00,2.234127283096313477e+00,9.790526751753689805e-01,5.160000000000000000e+02,5.000000000000000000e+00,4.000000000000000000e+00,1.795980543862562007e+00
6.700000000000000000e+01,2.836478710174560547e+00,2.864893913269042969e+00,3.309524297714233398e+00,2.383198976516723633e+00,1.004111842489673112e+00,5.110000000000000000e+02,6.000000000000000000e+00,5.000000000000000000e+00,1.842950955994093976e+00
6.704999999999999716e+01,2.802944660186767578e+00,2.772573947906494141e+00,3.467127323150634766e+00,2.394426822662353516e+00,9.917354968472469334e-01,4.900000000000000000e+02,6.000000000000000000e+00,3.000000000000000000e+00,1.928666105540931763e+00
6.710000000000000853e+01,2.777510166168212891e+00,2.847416877746582031e+00,3.317806720733642578e+00,2.335475683212280273e+00,9.517943216831713515e-01,5.190000000000000000e+02,6.000000000000000000e+00,5.000000000000000000e+00,1.818850608409686709e+00
6.715000000000000568e+01,2.829094409942626953e+00,2.778426170349121094e+00,3.575932741165161133e+00,2.116331815719604492e+00,9.814878109726747901e-01,4.830000000000000000e+02,5.000000000000000000e+00,5.000000000000000000e+00,1.907423922110130121e+00
6.720000000000000284e+01,2.823953628540039062e+00,2.942495346069335938e+00,3.150939702987670898e+00,2.575078487396240234e+00,1.002293781780895232e+00,5.020000000000000000e+02,5.000000000000000000e+00,5.000000000000000000e+00,1.800149360578292557e+00
6.725000000000000000e+01,2.866038322448730469e+00,3.004546165466308594e+00,3.124837636947631836e+00,2.526128292083740234e+00,1.010324807801412206e+00,4.920000000000000000e+02,5.000000000000000000e+00,4.000000000000000000e+00,1.945608938644914243e+00
6.729999999999999716e+01,2.767729520797729492e+00,2.833292722702026367e+00,3.447976350784301758e+00,2.271365642547607422e+00,9.947634585032580912e-01,4.960000000000000000e+02,5.000000000000000000e+00,5.000000000000000000e+00,1.887541748113104045e+00
6.735000000000000853e+01,2.951159000396728516e+00,3.051583528518676758e+00,3.210294246673583984e+00,2.219473123550415039e+00,9.797409040285349757e-01,5.010000000000000000e+02,6.000000000000000000e+00,5.000000000000000000e+00,1.799788267386093432e+00
6.740000000000000568e+01,2.812754631042480469e+00,2.713289260864257812e+00,3.072080373764038086e+00,2.602058887481689453e+00,9.978538532767410318e-01,5.150000000000000000e+02,5.000000000000000000e+00,5.000000000000000000e+00,1.802707237202472168e+00
6.745000000000000284e+01,3.003204345703125000e+00,3.005587816238403320e+00,3.113724708557128906e+00,2.412781715393066406e+00,9.458078497203746826e-01,5.100000000000000000e+02,6.000000000000000000e+00,6.000000000000000000e+00,1.702291826664953156e+00
6.750000000000000000e+01,2.782480716705322266e+00,2.758050203323364258e+00,3.222651481628417969e+00,2.194689035415649414e+00,9.696089986813976047e-01,4.890000000000000000e+02,6.000000000000000000e+00,6.000000000000000000e+00,1.696574717454144787e+00
6.754999999999999716e+01,2.956278562545776367e+00,3.006868124008178711e+00,3.472317218780517578e+00,2.172250986099243164e+00,9.876119950682784587e-01,5.060000000000000000e+02,5.000000000000000000e+00,5.000000000000000000e+00,1.739557581403360365e+00
6.760000000000000853e+01,2.716427326202392578e+00,2.855759143829345703e+00,3.355301380157470703e+00,2.225163936614990234e+00,1.001246469296388053e+00,4.910000000000000000e+02,6.000000000000000000e+00,5.000000000000000000e+00,1.670333019239719885e+00
6.765000000000000568e+01,2.851997613906860352e+00,2.787822484970092773e+00,3.165075302124023438e+00,2.413708925247192383e+00,1.007961077443813913e+00,4.930000000000000000e+02,6.000000000000000000e+00,5.000000000000000000e+00,1.785177402445315975e+00
6.770000000000000284e+01,2.832796335220336914e+00,2.842749595642089844e+00,3.370763301849365234e+00,2.121549844741821289e+00,9.431326435208400305e-01,5.050000000000000000e+02,5.000000000000000000e+00,4.000000000000000000e+00,1.932175572504866601e+00
6.775000000000000000e+01,3.000020742416381836e+00,3.046826362609863281e+00,3.349017858505249023e+00,2.216549396514892578e+00,9.439936516979661185e-01,5.250000000000000000e+02,6.000000000000000000e+00,5.000000000000000000e+00,1.812591907384861756e+00
6.779999999999999716e+01,2.837007999420166016e+00,2.863837242126464844e+00,3.205073118209838867e+00,2.379078865051269531e+00,1.005228032323681520e+00,5.130000000000000000e+02,5.000000000000000000e+00,5.000000000000000000e+00,1.821932454726389761e+00
6.785000000000000853e+01,2.709583759307861328e+00,2.765005111694335938e+00,3.207772731781005859e+00,2.524293899536132812e+00,9.511479234527950855e-01,5.030000000000000000e+02,6.000000000000000000e+00,5.000000000000000000e+00,1.693639616057588393e+00
6.790000000000000568e+01,2.806920051574707031e+00,2.956405878067016602e+00,3.636006832122802734e+00,2.256010293960571289e+00,1.086232570507941642e+00,5.160000000000000000e+02,6.000000000000000000e+00,5.000000000000000000e+00,1.721616252596014807e+00
6.795000000000000284e+01,2.838471412658691406e+00,2.893027067184448242e+00,3.479447364807128906e+00,2.464779853820800781e+00,1.062784029082576520e+00,4.730000000000000000e+02,5.000000000000000000e+00,5.000000000000000000e+00,1.774045918593032400e+00
6.800000000000000000e+01,2.902861118316650391e+00,2.870450496673583984e+00,3.535736799240112305e+00,2.034435033798217773e+00,1.094868130039195586e+00,5.000000000000000000e+02,5.000000000000000000e+00,5.000000000000000000e+00,1.707064355149788604e+00
6.804999999999999716e+01,2.742527484893798828e+00,2.716830015182495117e+00,3.336002826690673828e+00,2.355651378631591797e+00,1.081279813801386602e+00,5.330000000000000000e+02,6.000000000000000000e+00,6.000000000000000000e+00,1.772381413622045265e+00
6.810000000000000853e+01,2.789489984512329102e+00,2.788784503936767578e+00,3.228086471557617188e+00,2.620508670806884766e+00,1.129967692058724049e+00,5.290000000000000000e+02,5.000000000000000000e+00,5.000000000000000000e+00,1.740708257262177039e+00
6.815000000000000568e+01,2.880254983901977539e+00,3.002998828887939453e+00,3.578954935073852539e+00,2.422674655914306641e+00,1.113725639416696112e+00,5.010000000000000000e+02,6.000000000000000000e+00,4.000000000000000000e+00,1.733213710386023454e+00
6.820000000000000284e+01,2.853735923767089844e+00,2.973589658737182617e+00,3.225819826126098633e+00,2.481108665466308594e+00,1.023217379153607887e+00,5.100000000000000000e+02,5.000000000000000000e+00,5.000000000000000000e+00,1.869802762361561177e+00
6.825000000000000000e+01,2.861153125762939453e+00,2.819829463958740234e+00,3.124027729034423828e+00,2.692788124084472656e+00,1.141489566255657895e+00,4.800000000000000000e+02,5.000000000000000000e+00,5.000000000000000000e+00,1.772712379201311972e+00
6.829999999999999716e+01,2.960076332092285156e+00,2.904309988021850586e+00,3.228557348251342773e+00,2.366428136825561523e+00,1.084280267737085524e+00,5.080000000000000000e+02,7.000000000000000000e+00,5.000000000000000000e+00,1.770938197564214667e+00
6.835000000000000853e+01,2.757714271545410156e+00,2.750465869903564453e+00,3.268014907836914062e+00,2.410923480987548828e+00,1.072710829292610857e+00,5.030000000000000000e+02,5.000000000000000000e+00,4.000000000000000000e+00,1.727258280923966716e+00
6.840000000000000568e+01,2.789955615997314453e+00,2.737447738647460938e+00,3.453776597976684570e+00,2.278747797012329102e+00,1.090485307675301607e+00,5.020000000000000000e+02,5.000000000000000000e+00,4.000000000000000000e+00,1.820881118491822104e+00
6.845000000000000284e+01,2.726673603057861328e+00,2.549441337585449219e+00,3.505115985870361328e+00,2.011649608612060547e+00,1.127246088259851176e+00,5.400000000000000000e+02,6.000000000000000000e+00,5.000000000000000000e+00,1.751106447833219004e+00
6.850000000000000000e+01,2.747573852539062500e+00,2.684647560119628906e+00,3.449331760406494141e+00,2.139051437377929688e+00,1.083356377854214792e+00,5.130000000000000000e+02,4.000000000000000000e+00,4.000000000000000000e+00,1.870768303015482248e+00
6.854999999999999716e+01,2.701781034469604492e+00,2.617215156555175781e+00,3.439542293548583984e+00,2.319833278656005859e+00,1.153805301266328298e+00,5.190000000000000000e+02,5.000000000000000000e+00,4.000000000000000000e+00,1.782118714709685081e+00
6.860000000000000853e+01,2.699337244033813477e+00,2.749598503112792969e+00,3.379499673843383789e+00,2.311284780502319336e+00,1.105178650548751751e+00,5.040000000000000000e+02,6.000000000000000000e+00,6.000000000000000000e+00,1.734477952890206565e+00
6.865000000000000568e+01,2.841559648513793945e+00,2.831272602081298828e+00,3.564757347106933594e+00,2.179340839385986328e+00,1.089781791750876527e+00,4.740000000000000000e+02,5.000000000000000000e+00,5.000000000000000000e+00,1.664836652228971703e+00
6.870000000000000284e+01,2.740158081054687500e+00,2.721069812774658203e+00,3.403890609741210938e+00,2.370337486267089844e+00,1.102616772696789038e+00,4.790000000000000000e+02,6.000000000000000000e+00,5.000000000000000000e+00,1.726157749551022746e+00
6.875000000000000000e+01,2.730405807495117188e+00,2.756443262100219727e+00,3.474020719528198242e+00,2.075706481933593750e+00,1.100757065032644588e+00,5.010000000000000000e+02,6.000000000000000000e+00,6.000000000000000000e+00,1.764592556975121740e+00
6.879999999999999716e+01,2.555170059204101562e+00,2.685862541198730469e+00,3.539061069488525391e+00,2.128206253051757812e+00,1.083870270571566152e+00,5.250000000000000000e+02,6.000000000000000000e+00,6.000000000000000000e+00,1.703809811839244404e+00
6.885000000000000853e+01,2.785913944244384766e+00,2.735385417938232422e+00,3.369064092636108398e+00,2.341817140579223633e+00,1.116006623305132228e+00,4.780000000000000000e+02,5.000000000000000000e+00,5.000000000000000000e+00,1.701211668122629028e+00
6.890000000000000568e+01,2.824242353439331055e+00,2.874726057052612305e+00,3.493236064910888672e+00,2.273144245147705078e+00,1.098158412370476622e+00,5.120000000000000000e+02,6.000000000000000000e+00,4.000000000000000000e+00,1.767161842672595906e+00
6.895000000000000284e+01,2.713911533355712891e+00,2.673747777938842773e+00,3.629181623458862305e+00,2.132391691207885742e+00,1.059392570315911719e+00,5.150000000000000000e+02,6.000000000000000000e+00,4.000000000000000000e+00,1.718955150763689321e+00
6.900000000000000000e+01,2.835938692092895508e+00,2.753124237060546875e+00,3.686638832092285156e+00,2.200804471969604492e+00,1.032385014516769672e+00,5.130000000000000000e+02,6.000000000000000000e+00,6.000000000000000000e+00,1.693801897060010830e+00
6.904999999999999716e+01,2.830373048782348633e+00,2.847802639007568359e+00,3.091052055358886719e+00,2.489244222640991211e+00,1.091108089119791291e+00,5.000000000000000000e+02,6.000000000000000000e+00,5.000000000000000000e+00,1.785901244764774631e+00
6.910000000000000853e+01,2.767770767211914062e+00,2.655897378921508789e+00,3.497281312942504883e+00,2.277142763137817383e+00,1.127575233239844099e+00,4.950000000000000000e+02,5.000000000000000000e+00,5.000000000000000000e+00,1.916324847879254278e+00
6.915000000000000568e+01,2.834642171859741211e+00,2.848450183868408203e+00,3.229975700378417969e+00,2.425610065460205078e+00,1.051643777808422664e+00,4.950000000000000000e+02,6.000000000000000000e+00,5.000000000000000000e+00,1.821621236083581730e+00
6.920000000000000284e+01,2.740929126739501953e+00,2.671439170837402344e+00,3.009475469589233398e+00,2.392314672470092773e+00,1.035723168104812242e+00,5.080000000000000000e+02,5.000000000000000000e+00,5.000000000000000000e+00,1.778835405431036687e+00
6.925000000000000000e+01,2.821693181991577148e+00,2.693753242492675781e+00,3.328759193420410156e+00,2.392841815948486328e+00,1.080759164823347662e+00,5.070000000000000000e+02,6.000000000000000000e+00,6.000000000000000000e+00,1.758060667443490654e+00
6.929999999999999716e+01,2.788779735565185547e+00,2.754568576812744141e+00,3.212489604949951172e+00,2.482734680175781250e+00,1.100351081924179963e+00,5.300000000000000000e+02,6.000000000000000000e+00,4.000000000000000000e+00,1.723653637641204606e+00
6.935000000000000853e+01,2.869732856750488281e+00,2.834018230438232422e+00,3.284526348114013672e+00,2.502988576889038086e+00,1.073981638065233835e+00,5.020000000000000000e+02,6.000000000000000000e+00,5.000000000000000000e+00,1.733834627820749708e+00
6.940000000000000568e+01,2.718909740447998047e+00,2.799317359924316406e+00,3.625146865844726562e+00,2.465351343154907227e+00,1.048973643933041267e+00,4.920000000000000000e+02,6.000000000000000000e+00,6.000000000000000000e+00,1.772388367018298716e+00
6.945000000000000284e+01,2.678428649902343750e+00,2.647986173629760742e+00,3.367547988891601562e+00,2.410033941268920898e+00,1.105627058910569449e+00,5.220000000000000000e+02,6.000000000000000000e+00,5.000000000000000000e+00,1.651254204991134955e+00
6.950000000000000000e+01,2.734136343002319336e+00,2.741573095321655273e+00,3.049521207809448242e+00,2.674329757690429688e+00,1.099327229200628864e+00,5.170000000000000000e+02,5.000000000000000000e+00,5.000000000000000000e+00,1.752473193999713352e+00
6.954999999999999716e+01,2.847241401672363281e+00,2.816051244735717773e+00,2.868799924850463867e+00,2.789579629898071289e+00,1.098417661301046788e+00,5.010000000000000000e+02,5.000000000000000000e+00,4.000000000000000000e+00,1.952982180669599277e+00
6.960000000000000853e+01,2.816721200942993164e+00,2.790986299514770508e+00,3.072057247161865234e+00,2.800190448760986328e+00,1.164605963695970692e+00,5.370000000000000000e+02,6.000000000000000000e+00,5.000000000000000000e+00,1.725211529557850954e+00
6.965000000000000568e+01,2.783512592315673828e+00,2.900619268417358398e+00,3.011759281158447266e+00,2.806243658065795898e+00,1.138241681725787213e+00,5.140000000000000000e+02,6.000000000000000000e+00,5.000000000000000000e+00,1.751165664368178998e+00
6.970000000000000284e+01,2.852384567260742188e+00,2.882449626922607422e+00,3.032478809356689453e+00,2.747393608093261719e+00,1.088730807047899818e+00,5.390000000000000000e+02,7.000000000000000000e+00,5.000000000000000000e+00,1.637294048243793210e+00
6.975000000000000000e+01,2.736315250396728516e+00,2.733239889144897461e+00,3.189725399017333984e+00,2.473843097686767578e+00,1.016065888493013158e+00,5.030000000000000000e+02,5.000000000000000000e+00,4.000000000000000000e+00,1.920166091967417055e+00
6.979999999999999716e+01,2.744841337203979492e+00,2.804518222808837891e+00,3.010379314422607422e+00,2.722908496856689453e+00,1.108239940098816767e+00,5.080000000000000000e+02,6.000000000000000000e+00,5.000000000000000000e+00,1.806149629679689284e+00
6.985000000000000853e+01,2.729006290435791016e+00,2.782058715820312500e+00,2.952685117721557617e+00,2.777267694473266602e+00,1.102266791085748432e+00,5.160000000000000000e+02,5.000000000000000000e+00,5.000000000000000000e+00,1.750623043608953822e+00
6.990000000000000568e+01,2.837656736373901367e+00,2.914699554443359375e+00,2.978272914886474609e+00,2.782125949859619141e+00,1.079599923242886339e+00,5.100000000000000000e+02,5.000000000000000000e+00,4.000000000000000000e+00,1.864619787568414733e+00
6.995000000000000284e+01,2.889664649963378906e+00,2.983211040496826172e+00,3.319781064987182617e+00,2.680140495300292969e+00,1.119206540025022845e+00,4.940000000000000000e+02,6.000000000000000000e+00,6.000000000000000000e+00,1.782050167470687896e+00
7.000000000000000000e+01,2.844140768051147461e+00,2.900531053543090820e+00,3.299567222595214844e+00,2.679090261459350586e+00,1.150852553368326481e+00,5.340000000000000000e+02,7.000000000000000000e+00,6.000000000000000000e+00,1.747723740267667081e+00
7.004999999999999716e+01,2.789345979690551758e+00,2.855225801467895508e+00,3.510927200317382812e+00,2.466562032699584961e+00,1.096857590310887254e+00,4.770000000000000000e+02,5.000000000000000000e+00,3.000000000000000000e+00,1.828416457409076212e+00
7.010000000000000853e+01,2.849075794219970703e+00,2.852623701095581055e+00,3.145580053329467773e+00,2.536082506179809570e+00,1.042181924371815116e+00,5.070000000000000000e+02,6.000000000000000000e+00,4.000000000000000000e+00,1.836028005797041285e+00
7.015000000000000568e+01,2.842251062393188477e+00,2.846199512481689453e+00,3.445747137069702148e+00,2.132966756820678711e+00,1.075174315408393033e+00,5.010000000000000000e+02,6.000000000000000000e+00,5.000000000000000000e+00,1.830347982197108259e+00
7.020000000000000284e+01,2.910392045974731445e+00,3.054749965667724609e+00,3.151024580001831055e+00,2.442042827606201172e+00,1.141223760579985091e+00,5.300000000000000000e+02,5.000000000000000000e+00,5.000000000000000000e+00,1.654087480011865452e+00
7.025000000000000000e+01,2.897703886032104492e+00,3.011889934539794922e+00,3.459007740020751953e+00,2.359159231185913086e+00,1.085218997380710038e+00,4.900000000000000000e+02,6.000000000000000000e+00,6.000000000000000000e+00,1.631242648965079978e+00
7.029999999999999716e+01,2.761327743530273438e+00,2.835092544555664062e+00,3.337185382843017578e+00,2.088417053222656250e+00,1.113050701683168331e+00,5.070000000000000000e+02,6.000000000000000000e+00,6.000000000000000000e+00,1.628839300485195096e+00
7.035000000000000853e+01,2.842505216598510742e+00,2.743302583694458008e+00,3.257839679718017578e+00,2.381626605987548828e+00,1.155799732604207541e+00,4.900000000000000000e+02,5.000000000000000000e+00,5.000000000000000000e+00,1.632834661611219707e+00
7.040000000000000568e+01,2.785241127014160156e+00,2.846037387847900391e+00,3.205141782760620117e+00,2.425368309020996094e+00,1.096818969954213685e+00,5.150000000000000000e+02,5.000000000000000000e+00,5.000000000000000000e+00,1.861959244740565733e+00
7.045000000000000284e+01,2.960774421691894531e+00,2.915601968765258789e+00,3.262007713317871094e+00,2.450375795364379883e+00,1.070979983162581251e+00,5.020000000000000000e+02,6.000000000000000000e+00,5.000000000000000000e+00,1.737526645380558232e+00
7.050000000000000000e+01,2.847693443298339844e+00,2.926609277725219727e+00,3.099515676498413086e+00,2.470131874084472656e+00,1.089275618408303892e+00,5.080000000000000000e+02,6.000000000000000000e+00,6.000000000000000000e+00,1.596637234314693732e+00
7.054999999999999716e+01,2.974395751953125000e+00,3.047514915466308594e+00,3.106417894363403320e+00,2.402499675750732422e+00,1.038460751859745512e+00,5.050000000000000000e+02,6.000000000000000000e+00,6.000000000000000000e+00,1.681546903183441577e+00
7.060000000000000853e+01,2.849273204803466797e+00,2.731374502182006836e+00,3.354879379272460938e+00,2.326289653778076172e+00,1.096814019238971261e+00,5.230000000000000000e+02,6.000000000000000000e+00,6.000000000000000000e+00,1.781827703015622655e+00
7.065000000000000568e+01,2.861253261566162109e+00,2.931138992309570312e+00,3.401510238647460938e+00,2.390919446945190430e+00,1.078801389729685756e+00,5.260000000000000000e+02,4.000000000000000000e+00,4.000000000000000000e+00,1.795186986297685472e+00
7.070000000000000284e+01,2.859418869018554688e+00,2.865011692047119141e+00,3.174331665039062500e+00,2.400965213775634766e+00,9.960174130602283959e-01,4.900000000000000000e+02,6.000000000000000000e+00,6.000000000000000000e+00,1.672264419308427286e+00
7.075000000000000000e+01,2.816851377487182617e+00,2.739233732223510742e+00,3.432960987091064453e+00,2.165161609649658203e+00,1.101131331003201819e+00,4.860000000000000000e+02,6.000000000000000000e+00,5.000000000000000000e+00,1.705579275726724076e+00
7.079999999999999716e+01,2.815940380096435547e+00,2.874380111694335938e+00,3.385795593261718750e+00,2.486140966415405273e+00,1.085221845143302888e+00,5.180000000000000000e+02,5.000000000000000000e+00,4.000000000000000000e+00,1.723368888737904392e+00
7.085000000000000853e+01,2.823290348052978516e+00,2.793325901031494141e+00,3.347506761550903320e+00,2.190150976181030273e+00,1.036597949607029223e+00,4.950000000000000000e+02,5.000000000000000000e+00,5.000000000000000000e+00,1.778946440051355715e+00
7.090000000000000568e+01,2.810822725296020508e+00,2.753831863403320312e+00,3.527540683746337891e+00,2.289338111877441406e+00,1.104842006814418465e+00,5.160000000000000000e+02,5.000000000000000000e+00,4.000000000000000000e+00,1.771226803578358933e+00
7.095000000000000284e+01,2.853367090225219727e+00,2.896275758743286133e+00,3.423256874084472656e+00,2.388914823532104492e+00,1.129733595697187010e+00,5.190000000000000000e+02,5.000000000000000000e+00,5.000000000000000000e+00,1.692441209037554239e+00
7.100000000000000000e+01,2.770945072174072266e+00,2.767320871353149414e+00,3.559347629547119141e+00,1.992156744003295898e+00,1.096838310996819166e+00,4.860000000000000000e+02,6.000000000000000000e+00,4.000000000000000000e+00,1.785898712621830864e+00
7.104999999999999716e+01,2.796296834945678711e+00,2.767154932022094727e+00,3.439127445220947266e+00,2.149952173233032227e+00,1.103405624443185795e+00,4.740000000000000000e+02,5.000000000000000000e+00,5.000000000000000000e+00,1.707911805198095045e+00
7.110000000000000853e+01,2.792445659637451172e+00,2.788036108016967773e+00,3.368126153945922852e+00,2.125050544738769531e+00,1.038483837164112078e+00,5.080000000000000000e+02,5.000000000000000000e+00,4.000000000000000000e+00,1.710027459655892201e+00
7.115000000000000568e+01,2.828381538391113281e+00,2.984590291976928711e+00,3.201815128326416016e+00,2.635781526565551758e+00,1.081231076086046849e+00,5.170000000000000000e+02,6.000000000000000000e+00,5.000000000000000000e+00,1.780824992547298535e+00
7.120000000000000284e+01,2.763549804687500000e+00,2.795644998550415039e+00,3.489819765090942383e+00,2.501841783523559570e+00,1.127751933842407794e+00,4.850000000000000000e+02,6.000000000000000000e+00,4.000000000000000000e+00,1.722061551803495183e+00
7.125000000000000000e+01,2.832083463668823242e+00,2.821303606033325195e+00,3.285896539688110352e+00,2.447366237640380859e+00,1.063477487915376996e+00,5.130000000000000000e+02,4.000000000000000000e+00,4.000000000000000000e+00,1.662927005046979545e+00
7.129999999999999716e+01,2.750118732452392578e+00,2.819678306579589844e+00,3.263085842132568359e+00,2.636740684509277344e+00,1.109321013463933303e+00,5.380000000000000000e+02,6.000000000000000000e+00,6.000000000000000000e+00,1.704449709275404068e+00
7.135000000000000853e+01,2.847573280334472656e+00,2.898177862167358398e+00,3.299324989318847656e+00,2.243294954299926758e+00,1.072392050295100985e+00,5.280000000000000000e+02,6.000000000000000000e+00,6.000000000000000000e+00,1.654137459863082249e+00
7.140000000000000568e+01,2.924301147460937500e+00,2.944105625152587891e+00,3.380781650543212891e+00,2.140094518661499023e+00,1.131313788417353194e+00,4.940000000000000000e+02,5.000000000000000000e+00,5.000000000000000000e+00,1.826791576839854603e+00
7.145000000000000284e+01,2.887831687927246094e+00,2.869946479797363281e+00,3.069102525711059570e+00,2.473158597946166992e+00,1.097242555665757902e+00,5.080000000000000000e+02,4.000000000000000000e+00,4.000000000000000000e+00,1.768564944815104845e+00
7.150000000000000000e+01,2.872462034225463867e+00,2.933487892150878906e+00,3.492280244827270508e+00,2.229872703552246094e+00,1.058024413839631084e+00,4.930000000000000000e+02,4.000000000000000000e+00,4.000000000000000000e+00,1.729836692902739781e+00
7.154999999999999716e+01,2.838224411010742188e+00,2.932958364486694336e+00,3.477942466735839844e+00,2.249631881713867188e+00,1.090172585575815534e+00,4.930000000000000000e+02,5.000000000000000000e+00,4.000000000000000000e+00,1.836094645772075262e+00
7.160000000000000853e+01,2.946419239044189453e+00,3.052154779434204102e+00,3.368960857391357422e+00,2.312336683273315430e+00,1.117949473545889916e+00,5.250000000000000000e+02,5.000000000000000000e+00,5.000000000000000000e+00,1.867858762022879926e+00
7.165000000000000568e+01,2.789979457855224609e+00,2.925056219100952148e+00,3.573298454284667969e+00,2.355373144149780273e+00,1.099687124283200035e+00,5.420000000000000000e+02,6.000000000000000000e+00,6.000000000000000000e+00,1.704779557587543293e+00
7.170000000000000284e+01,2.843122005462646484e+00,2.915526866912841797e+00,3.239227771759033203e+00,2.577665328979492188e+00,1.007551764357677904e+00,5.190000000000000000e+02,6.000000000000000000e+00,6.000000000000000000e+00,1.740054141762870321e+00
7.175000000000000000e+01,2.936733245849609375e+00,2.928754329681396484e+00,3.089967250823974609e+00,2.457218170166015625e+00,1.064843189928388556e+00,5.190000000000000000e+02,7.000000000000000000e+00,6.000000000000000000e+00,1.663357384343271406e+00
7.179999999999999716e+01,2.945771455764770508e+00,3.000222444534301758e+00,3.539377212524414062e+00,2.432963848114013672e+00,1.128290111782110694e+00,5.400000000000000000e+02,7.000000000000000000e+00,7.000000000000000000e+00,1.756959838509315697e+00
7.185000000000000853e+01,2.701973438262939453e+00,2.663776397705078125e+00,3.258628845214843750e+00,2.255115985870361328e+00,1.101097978671466526e+00,5.030000000000000000e+02,6.000000000000000000e+00,6.000000000000000000e+00,1.802566847302775610e+00
7.190000000000000568e+01,2.849859952926635742e+00,2.895251512527465820e+00,3.341058254241943359e+00,2.227050781250000000e+00,1.066196459617377634e+00,5.020000000000000000e+02,6.000000000000000000e+00,6.000000000000000000e+00,1.480129673709249305e+00
7.195000000000000284e+01,2.793413400650024414e+00,2.951319456100463867e+00,3.250569820404052734e+00,2.208686113357543945e+00,1.034294162483056834e+00,5.250000000000000000e+02,6.000000000000000000e+00,6.000000000000000000e+00,1.661939764226910698e+00
7.200000000000000000e+01,2.800515890121459961e+00,2.934062480926513672e+00,3.540199279785156250e+00,2.455280065536499023e+00,1.081266990931254668e+00,5.030000000000000000e+02,5.000000000000000000e+00,4.000000000000000000e+00,1.884565855386115985e+00
7.204999999999999716e+01,2.909133195877075195e+00,2.822215557098388672e+00,3.541770935058593750e+00,2.287901163101196289e+00,1.122470413716525783e+00,5.300000000000000000e+02,5.000000000000000000e+00,5.000000000000000000e+00,1.685993956774521685e+00
7.210000000000000853e+01,2.832855224609375000e+00,2.886968612670898438e+00,3.563788175582885742e+00,2.054986476898193359e+00,1.124080737044276690e+00,5.410000000000000000e+02,5.000000000000000000e+00,4.000000000000000000e+00,1.880470697055107721e+00
7.215000000000000568e+01,2.884660959243774414e+00,2.880747079849243164e+00,3.456885814666748047e+00,2.200595855712890625e+00,1.175146878540845208e+00,5.350000000000000000e+02,5.000000000000000000e+00,5.000000000000000000e+00,1.819725570469667986e+00
7.220000000000000284e+01,2.953183174133300781e+00,3.035736322402954102e+00,3.564176321029663086e+00,2.041974067687988281e+00,1.107166557244467553e+00,5.090000000000000000e+02,4.000000000000000000e+00,4.000000000000000000e+00,1.758153331182870538e+00
7.225000000000000000e+01,2.866441726684570312e+00,2.886535644531250000e+00,3.328308105468750000e+00,2.044373750686645508e+00,1.047363015136233644e+00,5.050000000000000000e+02,6.000000000000000000e+00,6.000000000000000000e+00,1.611132809902875662e+00
7.229999999999999716e+01,2.914803028106689453e+00,2.899071693420410156e+00,3.241381168365478516e+00,2.261551141738891602e+00,1.117433383281390080e+00,5.190000000000000000e+02,6.000000000000000000e+00,3.000000000000000000e+00,1.811297844291385184e+00
7.235000000000000853e+01,3.036654233932495117e+00,3.020550966262817383e+00,3.225376605987548828e+00,2.439977884292602539e+00,1.157344645321750409e+00,5.040000000000000000e+02,7.000000000000000000e+00,4.000000000000000000e+00,1.637826714022161401e+00
7.240000000000000568e+01,2.885546684265136719e+00,2.937602996826171875e+00,3.359997510910034180e+00,2.205960988998413086e+00,1.100577673616512042e+00,5.000000000000000000e+02,5.000000000000000000e+00,5.000000000000000000e+00,1.789063989111834507e+00
7.245000000000000284e+01,2.918788433074951172e+00,2.951438188552856445e+00,3.459598541259765625e+00,2.138789653778076172e+00,1.085177744365387387e+00,5.160000000000000000e+02,6.000000000000000000e+00,6.000000000000000000e+00,1.625759547572420471e+00
7.250000000000000000e+01,2.803150415420532227e+00,2.922176837921142578e+00,3.208792686462402344e+00,2.428798675537109375e+00,1.120036367401579191e+00,4.960000000000000000e+02,6.000000000000000000e+00,6.000000000000000000e+00,1.789652440414684076e+00
7.254999999999999716e+01,2.778307199478149414e+00,2.798627614974975586e+00,3.027852535247802734e+00,2.456364870071411133e+00,1.094084017590996716e+00,5.070000000000000000e+02,4.000000000000000000e+00,4.000000000000000000e+00,1.926399650516837037e+00
7.260000000000000853e+01,2.871601104736328125e+00,2.806801319122314453e+00,3.573347330093383789e+00,2.020867109298706055e+00,1.132700217534869713e+00,5.030000000000000000e+02,4.000000000000000000e+00,4.000000000000000000e+00,1.932136378952713285e+00
7.265000000000000568e+01,2.845821857452392578e+00,2.902822732925415039e+00,3.510857820510864258e+00,2.080085039138793945e+00,1.108683732809920386e+00,5.350000000000000000e+02,5.000000000000000000e+00,5.000000000000000000e+00,1.726303541512707040e+00
7.270000000000000284e+01,2.779358863830566406e+00,2.847292661666870117e+00,3.401224136352539062e+00,2.340401172637939453e+00,1.120763931064707952e+00,5.080000000000000000e+02,5.000000000000000000e+00,5.000000000000000000e+00,1.763204140825326505e+00
7.275000000000000000e+01,2.947010040283203125e+00,2.933521032333374023e+00,3.218878269195556641e+00,2.289410352706909180e+00,1.024458262927099517e+00,5.020000000000000000e+02,6.000000000000000000e+00,5.000000000000000000e+00,1.831077910387539198e+00
7.279999999999999716e+01,2.907373905181884766e+00,2.878464221954345703e+00,3.465778589248657227e+00,2.426803350448608398e+00,1.041910039165152790e+00,4.840000000000000000e+02,5.000000000000000000e+00,5.000000000000000000e+00,1.806050852201478651e+00
7.285000000000000853e+01,2.866857528686523438e+00,2.991730690002441406e+00,3.236465454101562500e+00,2.235594034194946289e+00,1.113771871169796812e+00,5.260000000000000000e+02,4.000000000000000000e+00,4.000000000000000000e+00,1.678422274344478549e+00
7.290000000000000568e+01,2.877849102020263672e+00,2.779187679290771484e+00,3.480107307434082031e+00,1.998161196708679199e+00,1.080827830745064499e+00,5.020000000000000000e+02,6.000000000000000000e+00,4.000000000000000000e+00,1.907340383051841837e+00
7.295000000000000284e+01,2.908446550369262695e+00,2.951648473739624023e+00,3.594163894653320312e+00,2.150541067123413086e+00,1.151284930949016294e+00,4.950000000000000000e+02,6.000000000000000000e+00,6.000000000000000000e+00,1.772584542335934987e+00
7.300000000000000000e+01,2.873736381530761719e+00,2.886918783187866211e+00,3.208109378814697266e+00,2.556138515472412109e+00,1.086750033312879005e+00,4.880000000000000000e+02,6.000000000000000000e+00,6.000000000000000000e+00,1.697455395152684066e+00
7.304999999999999716e+01,2.995705366134643555e+00,3.013825178146362305e+00,3.416960239410400391e+00,2.225293159484863281e+00,1.115783733018914425e+00,5.360000000000000000e+02,5.000000000000000000e+00,4.000000000000000000e+00,1.786999069433377274e+00
7.310000000000000853e+01,2.841040849685668945e+00,2.806293964385986328e+00,3.341719865798950195e+00,2.477734088897705078e+00,1.150124538835551435e+00,5.120000000000000000e+02,5.000000000000000000e+00,5.000000000000000000e+00,1.806772438552282090e+00
7.315000000000000568e+01,2.980946540832519531e+00,3.000477313995361328e+00,3.416569232940673828e+00,2.260417461395263672e+00,1.103004138560133462e+00,5.250000000000000000e+02,6.000000000000000000e+00,5.000000000000000000e+00,1.914037269226109839e+00
7.320000000000000284e+01,2.908718347549438477e+00,2.913706541061401367e+00,3.354823350906372070e+00,2.447425365447998047e+00,1.159948985887134132e+00,5.340000000000000000e+02,5.000000000000000000e+00,4.000000000000000000e+00,1.707284036450944953e+00
7.325000000000000000e+01,2.821572303771972656e+00,2.928229331970214844e+00,3.517978668212890625e+00,2.084426641464233398e+00,1.073252247299361528e+00,5.120000000000000000e+02,6.000000000000000000e+00,3.000000000000000000e+00,1.864008364923762873e+00
7.329999999999999716e+01,2.963413953781127930e+00,2.998584508895874023e+00,3.204411983489990234e+00,2.294659376144409180e+00,1.110310356945453325e+00,5.320000000000000000e+02,6.000000000000000000e+00,5.000000000000000000e+00,1.728767716327890058e+00
7.335000000000000853e+01,3.039091587066650391e+00,3.096915245056152344e+00,3.623429298400878906e+00,1.916372895240783691e+00,1.147952422073299950e+00,5.500000000000000000e+02,6.000000000000000000e+00,5.000000000000000000e+00,1.713923335421395855e+00
7.340000000000000568e+01,2.916048526763916016e+00,2.928302288055419922e+00,3.451199769973754883e+00,2.324800729751586914e+00,1.099995915738851471e+00,4.990000000000000000e+02,5.000000000000000000e+00,4.000000000000000000e+00,1.758915647410273397e+00
7.345000000000000284e+01,2.857238769531250000e+00,2.908652782440185547e+00,3.312897920608520508e+00,2.267671108245849609e+00,1.132669555147419516e+00,5.380000000000000000e+02,7.000000000000000000e+00,5.000000000000000000e+00,1.889347708163640061e+00
7.350000000000000000e+01,2.874740123748779297e+00,2.929659366607666016e+00,3.447629213333129883e+00,2.262614965438842773e+00,1.156329968313970280e+00,5.170000000000000000e+02,5.000000000000000000e+00,5.000000000000000000e+00,1.898684701233694927e+00
7.354999999999999716e+01,2.943848609924316406e+00,2.976076602935791016e+00,3.255595684051513672e+00,2.446007490158081055e+00,1.110447705887787517e+00,4.950000000000000000e+02,5.000000000000000000e+00,5.000000000000000000e+00,1.748803321841763125e+00
7.360000000000000853e+01,2.808225393295288086e+00,2.906826734542846680e+00,3.398238182067871094e+00,2.656788349151611328e+00,1.121905496327449070e+00,5.320000000000000000e+02,6.000000000000000000e+00,5.000000000000000000e+00,1.800171275616318178e+00
7.365000000000000568e+01,2.772801160812377930e+00,2.819064140319824219e+00,3.344288825988769531e+00,2.515239715576171875e+00,1.173409632162682348e+00,4.840000000000000000e+02,4.000000000000000000e+00,4.000000000000000000e+00,1.747065932476843830e+00
7.370000000000000284e+01,2.931671142578125000e+00,2.951403856277465820e+00,3.205853939056396484e+00,2.177824735641479492e+00,1.142244888599704300e+00,5.150000000000000000e+02,5.000000000000000000e+00,5.000000000000000000e+00,1.846558157383897170e+00
7.375000000000000000e+01,2.996001720428466797e+00,3.050047397613525391e+00,3.162002801895141602e+00,2.450928449630737305e+00,1.104624591041379889e+00,5.430000000000000000e+02,5.000000000000000000e+00,4.000000000000000000e+00,1.818673978682355807e+00
7.379999999999999716e+01,2.861926078796386719e+00,2.892072200775146484e+00,3.362887859344482422e+00,2.237616300582885742e+00,1.152182826831404716e+00,4.860000000000000000e+02,6.000000000000000000e+00,4.000000000000000000e+00,1.723009741883227530e+00
7.385000000000000853e+01,2.839047431945800781e+00,2.944571971893310547e+00,3.596314191818237305e+00,2.312278509140014648e+00,1.029856151647090323e+00,5.330000000000000000e+02,5.000000000000000000e+00,3.000000000000000000e+00,1.855827251374864373e+00
7.390000000000000568e+01,2.862093925476074219e+00,2.973053216934204102e+00,3.482589483261108398e+00,2.313571691513061523e+00,1.135580888104880781e+00,5.280000000000000000e+02,4.000000000000000000e+00,4.000000000000000000e+00,1.769766052971490033e+00
7.395000000000000284e+01,2.849056482315063477e+00,2.920918941497802734e+00,3.133656024932861328e+00,2.428437471389770508e+00,1.120259972640336832e+00,5.390000000000000000e+02,5.000000000000000000e+00,5.000000000000000000e+00,1.846393915832984511e+00
7.400000000000000000e+01,2.808147430419921875e+00,2.942984104156494141e+00,3.449209213256835938e+00,2.369457721710205078e+00,1.226286505902158375e+00,5.200000000000000000e+02,5.000000000000000000e+00,5.000000000000000000e+00,1.864240390781227719e+00
7.404999999999999716e+01,2.932280302047729492e+00,3.023369073867797852e+00,3.501780271530151367e+00,2.058346033096313477e+00,1.225953523187392147e+00,5.110000000000000000e+02,4.000000000000000000e+00,3.000000000000000000e+00,1.757424523191726706e+00
7.410000000000000853e+01,2.794986963272094727e+00,2.808920860290527344e+00,3.604623317718505859e+00,2.399924755096435547e+00,1.246981673179619721e+00,4.950000000000000000e+02,5.000000000000000000e+00,4.000000000000000000e+00,1.895258937856254988e+00
7.415000000000000568e+01,2.770953655242919922e+00,2.811941623687744141e+00,3.308123588562011719e+00,2.525012731552124023e+00,1.253193249491094008e+00,4.810000000000000000e+02,6.000000000000000000e+00,5.000000000000000000e+00,1.706887121782306727e+00
7.420000000000000284e+01,2.759649515151977539e+00,2.807442903518676758e+00,3.295760154724121094e+00,2.279584884643554688e+00,1.281814047569462378e+00,5.310000000000000000e+02,6.000000000000000000e+00,5.000000000000000000e+00,1.802773978793289711e+00
7.425000000000000000e+01,2.770787715911865234e+00,2.918371677398681641e+00,3.620517730712890625e+00,2.212643146514892578e+00,1.266369347738389939e+00,5.140000000000000000e+02,6.000000000000000000e+00,5.000000000000000000e+00,1.767898451361708201e+00
7.429999999999999716e+01,2.860574960708618164e+00,2.968709468841552734e+00,3.259057044982910156e+00,2.511812448501586914e+00,1.224918793448485754e+00,4.900000000000000000e+02,5.000000000000000000e+00,4.000000000000000000e+00,1.745857916651590624e+00
7.435000000000000853e+01,2.926450252532958984e+00,3.021982908248901367e+00,3.553268909454345703e+00,2.150058984756469727e+00,1.301319376762900326e+00,5.130000000000000000e+02,6.000000000000000000e+00,5.000000000000000000e+00,1.855748668169573623e+00
7.440000000000000568e+01,2.783957958221435547e+00,2.853512763977050781e+00,3.138722181320190430e+00,2.526908874511718750e+00,1.244304472110183246e+00,4.920000000000000000e+02,5.000000000000000000e+00,4.000000000000000000e+00,1.751719805439516886e+00
7.445000000000000284e+01,2.891469001770019531e+00,2.951599359512329102e+00,3.232474565505981445e+00,2.430985450744628906e+00,1.259481322923483582e+00,5.180000000000000000e+02,6.000000000000000000e+00,5.000000000000000000e+00,1.805660999439899772e+00
7.450000000000000000e+01,2.795719861984252930e+00,2.832855224609375000e+00,3.352787971496582031e+00,2.387776851654052734e+00,1.246628689860319383e+00,5.210000000000000000e+02,6.000000000000000000e+00,5.000000000000000000e+00,1.842603818542875693e+00
7.454999999999999716e+01,2.866866350173950195e+00,2.895943164825439453e+00,3.625758647918701172e+00,2.282234907150268555e+00,1.296815315648328637e+00,5.240000000000000000e+02,6.000000000000000000e+00,5.000000000000000000e+00,1.827468702974680337e+00
7.460000000000000853e+01,2.954255104064941406e+00,3.054399490356445312e+00,3.519895553588867188e+00,2.309227943420410156e+00,1.257909488958565802e+00,5.120000000000000000e+02,6.000000000000000000e+00,5.000000000000000000e+00,1.735722575657298261e+00
7.465000000000000568e+01,2.863254070281982422e+00,2.850338459014892578e+00,3.308271884918212891e+00,2.313293933868408203e+00,1.267082203481102676e+00,5.300000000000000000e+02,6.000000000000000000e+00,5.000000000000000000e+00,1.849398697777628664e+00
7.470000000000000284e+01,2.935160160064697266e+00,2.897057533264160156e+00,3.481099128723144531e+00,2.275436401367187500e+00,1.254470690990589832e+00,5.040000000000000000e+02,5.000000000000000000e+00,5.000000000000000000e+00,1.755980995854209414e+00
7.475000000000000000e+01,2.899154663085937500e+00,2.739835023880004883e+00,3.526868581771850586e+00,2.151854038238525391e+00,1.245167436724907928e+00,5.490000000000000000e+02,5.000000000000000000e+00,5.000000000000000000e+00,1.860378574892358472e+00
7.479999999999999716e+01,2.982315778732299805e+00,2.999331712722778320e+00,3.804578781127929688e+00,2.528783082962036133e+00,1.262110377586064258e+00,5.110000000000000000e+02,5.000000000000000000e+00,3.000000000000000000e+00,1.881005573109845175e+00
7.485000000000000853e+01,2.798772096633911133e+00,2.796405315399169922e+00,3.659125328063964844e+00,2.116731166839599609e+00,1.292229040105277393e+00,5.010000000000000000e+02,6.000000000000000000e+00,4.000000000000000000e+00,1.684518894263566047e+00
7.490000000000000568e+01,2.786779403686523438e+00,2.812828063964843750e+00,3.624074459075927734e+00,2.313478469848632812e+00,1.271994531967331143e+00,5.300000000000000000e+02,6.000000000000000000e+00,5.000000000000000000e+00,1.759300265695071808e+00
7.495000000000000284e+01,2.740413188934326172e+00,2.820018768310546875e+00,3.502736091613769531e+00,2.342376232147216797e+00,1.264133767292989985e+00,5.010000000000000000e+02,5.000000000000000000e+00,5.000000000000000000e+00,1.792165582826461323e+00
7.500000000000000000e+01,2.862451553344726562e+00,2.938041448593139648e+00,3.462010860443115234e+00,2.265467405319213867e+00,1.241352355294875087e+00,5.040000000000000000e+02,5.000000000000000000e+00,5.000000000000000000e+00,1.750371622797282312e+00
7.504999999999999716e+01,2.852018833160400391e+00,2.772185325622558594e+00,3.773835182189941406e+00,2.357609033584594727e+00,1.279559597654045699e+00,4.970000000000000000e+02,6.000000000000000000e+00,4.000000000000000000e+00,1.884569825928673614e+00
7.510000000000000853e+01,2.728159904479980469e+00,2.812958240509033203e+00,3.716678142547607422e+00,2.283088922500610352e+00,1.267587350437139992e+00,5.160000000000000000e+02,4.000000000000000000e+00,4.000000000000000000e+00,1.766749421249625973e+00
7.515000000000000568e+01,2.916629314422607422e+00,2.896961927413940430e+00,3.826133251190185547e+00,2.163819074630737305e+00,1.280747834931881046e+00,5.020000000000000000e+02,6.000000000000000000e+00,5.000000000000000000e+00,1.891256074787767805e+00
7.520000000000000284e+01,2.769279718399047852e+00,2.822680711746215820e+00,3.625075578689575195e+00,2.228179216384887695e+00,1.288453442353600487e+00,5.080000000000000000e+02,5.000000000000000000e+00,4.000000000000000000e+00,1.805080950099373416e+00
7.525000000000000000e+01,2.799701452255249023e+00,2.864136219024658203e+00,3.704668283462524414e+00,2.171935796737670898e+00,1.250367283314061106e+00,5.170000000000000000e+02,4.000000000000000000e+00,4.000000000000000000e+00,1.712287119485551345e+00
7.529999999999999716e+01,2.774093389511108398e+00,2.852252721786499023e+00,3.202266693115234375e+00,2.422902822494506836e+00,1.232766374853172309e+00,4.880000000000000000e+02,4.000000000000000000e+00,4.000000000000000000e+00,1.837190177148082526e+00
7.535000000000000853e+01,2.779590129852294922e+00,2.708449840545654297e+00,3.462023496627807617e+00,2.399497270584106445e+00,1.245729285964589206e+00,4.730000000000000000e+02,5.000000000000000000e+00,4.000000000000000000e+00,1.830020754078571343e+00
7.540000000000000568e+01,2.863441944122314453e+00,2.762426376342773438e+00,3.493874311447143555e+00,2.357661724090576172e+00,1.243660095796848220e+00,4.860000000000000000e+02,6.000000000000000000e+00,5.000000000000000000e+00,1.733019717066657250e+00
7.545000000000000284e+01,2.716820716857910156e+00,2.670570850372314453e+00,3.447798252105712891e+00,2.434652328491210938e+00,1.259666709052767120e+00,5.090000000000000000e+02,5.000000000000000000e+00,5.000000000000000000e+00,1.800528401949587742e+00
7.550000000000000000e+01,2.807490348815917969e+00,2.737993001937866211e+00,3.457590579986572266e+00,2.178301334381103516e+00,1.258995965398097328e+00,4.690000000000000000e+02,4.000000000000000000e+00,4.000000000000000000e+00,1.901775963439811701e+00
7.554999999999999716e+01,2.954482555389404297e+00,2.795965909957885742e+00,3.447316646575927734e+00,2.000618457794189453e+00,1.296391583702389383e+00,4.840000000000000000e+02,7.000000000000000000e+00,5.000000000000000000e+00,1.760301464282653328e+00
7.560000000000000853e+01,2.782045364379882812e+00,2.691257953643798828e+00,3.416945695877075195e+00,2.242046594619750977e+00,1.238963111267544992e+00,4.790000000000000000e+02,5.000000000000000000e+00,4.000000000000000000e+00,1.875674670767124352e+00
7.565000000000000568e+01,2.895810365676879883e+00,2.771512031555175781e+00,3.465876102447509766e+00,2.162359714508056641e+00,1.237316587882011598e+00,5.150000000000000000e+02,4.000000000000000000e+00,4.000000000000000000e+00,1.748170454653887873e+00
7.570000000000000284e+01,2.847324609756469727e+00,2.709800004959106445e+00,3.264443874359130859e+00,2.575167417526245117e+00,1.246933408162046231e+00,4.770000000000000000e+02,5.000000000000000000e+00,5.000000000000000000e+00,1.736144632754447859e+00
7.575000000000000000e+01,2.895749807357788086e+00,2.794671297073364258e+00,3.467461585998535156e+00,2.242682218551635742e+00,1.234501565303847581e+00,5.160000000000000000e+02,6.000000000000000000e+00,5.000000000000000000e+00,1.799638963339208475e+00
7.579999999999999716e+01,2.894403457641601562e+00,2.861662387847900391e+00,3.120490074157714844e+00,2.627596855163574219e+00,1.230832612632980272e+00,4.920000000000000000e+02,5.000000000000000000e+00,5.000000000000000000e+00,1.770309939125576548e+00
7.585000000000000853e+01,2.929067850112915039e+00,2.928219318389892578e+00,3.601300954818725586e+00,2.238935232162475586e+00,1.243107709942757877e+00,4.990000000000000000e+02,7.000000000000000000e+00,6.000000000000000000e+00,1.650231749941064807e+00
7.590000000000000568e+01,2.855159044265747070e+00,2.898325920104980469e+00,3.741088151931762695e+00,2.003758907318115234e+00,1.215949133311156727e+00,4.770000000000000000e+02,5.000000000000000000e+00,5.000000000000000000e+00,1.754592265321292643e+00
7.595000000000000284e+01,2.790606021881103516e+00,2.774742603302001953e+00,3.650893688201904297e+00,2.020605564117431641e+00,1.245405542204359950e+00,5.180000000000000000e+02,5.000000000000000000e+00,5.000000000000000000e+00,1.858069374715791700e+00
7.600000000000000000e+01,2.858623981475830078e+00,2.885538101196289062e+00,3.858575344085693359e+00,1.996588230133056641e+00,1.258744047099008778e+00,4.600000000000000000e+02,5.000000000000000000e+00,4.000000000000000000e+00,1.885916100457956324e+00
7.604999999999999716e+01,2.853846549987792969e+00,2.788439035415649414e+00,3.397207498550415039e+00,2.146851301193237305e+00,1.227813067510195921e+00,4.960000000000000000e+02,5.000000000000000000e+00,4.000000000000000000e+00,1.833393554007739734e+00
7.610000000000000853e+01,2.833682060241699219e+00,2.692110776901245117e+00,3.485095024108886719e+00,2.125767946243286133e+00,1.201166488895606399e+00,5.210000000000000000e+02,5.000000000000000000e+00,5.000000000000000000e+00,1.662794858997103553e+00
7.615000000000000568e+01,2.875700235366821289e+00,2.808014392852783203e+00,3.569694995880126953e+00,2.090614318847656250e+00,1.245323133787410219e+00,4.830000000000000000e+02,5.000000000000000000e+00,5.000000000000000000e+00,1.855634401793042176e+00
7.620000000000000284e+01,2.954047918319702148e+00,2.904738426208496094e+00,3.467729091644287109e+00,2.422659158706665039e+00,1.266364900884026312e+00,5.400000000000000000e+02,4.000000000000000000e+00,4.000000000000000000e+00,1.914340711287533248e+00
7.625000000000000000e+01,2.830865383148193359e+00,2.844712257385253906e+00,3.523331165313720703e+00,2.300188779830932617e+00,1.224476129707531058e+00,5.220000000000000000e+02,4.000000000000000000e+00,3.000000000000000000e+00,1.864216715510284894e+00
7.629999999999999716e+01,2.850025177001953125e+00,2.825884819030761719e+00,3.459311962127685547e+00,2.121584653854370117e+00,1.226270908481243760e+00,4.980000000000000000e+02,6.000000000000000000e+00,5.000000000000000000e+00,1.994394277527370640e+00
7.635000000000000853e+01,2.768969535827636719e+00,2.714672088623046875e+00,3.497122526168823242e+00,2.100527048110961914e+00,1.210406684005571387e+00,4.810000000000000000e+02,5.000000000000000000e+00,5.000000000000000000e+00,1.662484410039855254e+00
7.640000000000000568e+01,2.806428432464599609e+00,2.701211214065551758e+00,3.422017097473144531e+00,2.286685466766357422e+00,1.239506958266616499e+00,4.990000000000000000e+02,5.000000000000000000e+00,5.000000000000000000e+00,1.771583290548653267e+00
7.645000000000000284e+01,2.776951789855957031e+00,2.694797515869140625e+00,3.809525012969970703e+00,2.112117528915405273e+00,1.246938594469775063e+00,5.120000000000000000e+02,4.000000000000000000e+00,4.000000000000000000e+00,1.903715822305214411e+00
7.650000000000000000e+01,2.736162662506103516e+00,2.667615175247192383e+00,3.457741975784301758e+00,2.186010599136352539e+00,1.220783067399543897e+00,5.260000000000000000e+02,5.000000000000000000e+00,5.000000000000000000e+00,1.824888613090610567e+00
7.654999999999999716e+01,2.900701999664306641e+00,2.933590888977050781e+00,3.611835002899169922e+00,2.224232673645019531e+00,1.271063860886285424e+00,4.830000000000000000e+02,4.000000000000000000e+00,3.000000000000000000e+00,1.765038190388655837e+00
7.660000000000000853e+01,2.805371761322021484e+00,2.855033397674560547e+00,3.483842849731445312e+00,2.465111017227172852e+00,1.244046211939276336e+00,4.930000000000000000e+02,4.000000000000000000e+00,4.000000000000000000e+00,1.812533967921821088e+00
7.665000000000000568e+01,2.898080587387084961e+00,2.885238885879516602e+00,3.489365100860595703e+00,2.322073221206665039e+00,1.239436763635751948e+00,5.150000000000000000e+02,6.000000000000000000e+00,4.000000000000000000e+00,1.851069668818085878e+00
7.670000000000000284e+01,2.904403209686279297e+00,2.821107149124145508e+00,3.626747369766235352e+00,2.261278629302978516e+00,1.256744276248968673e+00,4.700000000000000000e+02,5.000000000000000000e+00,4.000000000000000000e+00,1.885157374696306842e+00
7.675000000000000000e+01,2.876000642776489258e+00,2.854354143142700195e+00,3.515697717666625977e+00,2.210292100906372070e+00,1.280321448276185992e+00,5.010000000000000000e+02,5.000000000000000000e+00,4.000000000000000000e+00,1.867885954485617006e+00
7.680000000000001137e+01,2.970332860946655273e+00,2.922063827514648438e+00,3.444035291671752930e+00,2.292513370513916016e+00,1.302769853171674486e+00,4.920000000000000000e+02,5.000000000000000000e+00,3.000000000000000000e+00,1.881038177501415554e+00
7.685000000000000853e+01,2.867703437805175781e+00,2.830269813537597656e+00,3.444261312484741211e+00,2.532076835632324219e+00,1.264618346269104299e+00,4.810000000000000000e+02,6.000000000000000000e+00,4.000000000000000000e+00,1.818727564965440635e+00
7.690000000000000568e+01,2.895638704299926758e+00,2.742781400680541992e+00,3.046203851699829102e+00,2.502108097076416016e+00,1.246442071986134437e+00,4.890000000000000000e+02,5.000000000000000000e+00,5.000000000000000000e+00,1.890770043864099748e+00
7.695000000000000284e+01,2.797200202941894531e+00,2.762816429138183594e+00,3.077939987182617188e+00,2.694061994552612305e+00,1.269821832519805405e+00,4.920000000000000000e+02,5.000000000000000000e+00,5.000000000000000000e+00,1.805455777276327556e+00
7.700000000000000000e+01,2.883511781692504883e+00,2.758946657180786133e+00,3.343523740768432617e+00,2.501867771148681641e+00,1.242409293936324932e+00,5.190000000000000000e+02,5.000000000000000000e+00,5.000000000000000000e+00,1.902066550799332401e+00
7.705000000000001137e+01,2.792306184768676758e+00,2.663496732711791992e+00,3.583890438079833984e+00,2.294907808303833008e+00,1.229320455824993275e+00,5.070000000000000000e+02,5.000000000000000000e+00,4.000000000000000000e+00,1.832811215128571147e+00
7.710000000000000853e+01,2.762578487396240234e+00,2.741427659988403320e+00,3.365974664688110352e+00,2.382772922515869141e+00,1.242872739971133456e+00,5.240000000000000000e+02,5.000000000000000000e+00,4.000000000000000000e+00,1.822759622051981054e+00
7.715000000000000568e+01,2.700046539306640625e+00,2.708176374435424805e+00,3.352959156036376953e+00,2.555842161178588867e+00,1.288628146729622115e+00,5.190000000000000000e+02,4.000000000000000000e+00,4.000000000000000000e+00,1.747006946948165496e+00
7.720000000000000284e+01,2.931983947753906250e+00,2.862721920013427734e+00,2.917208909988403320e+00,2.680274009704589844e+00,1.279724055629169577e+00,5.140000000000000000e+02,4.000000000000000000e+00,3.000000000000000000e+00,1.798930305764812276e+00
7.725000000000000000e+01,2.873456478118896484e+00,2.798080682754516602e+00,3.150222778320312500e+00,2.530690670013427734e+00,1.290963811048704724e+00,5.420000000000000000e+02,6.000000000000000000e+00,5.000000000000000000e+00,1.729047395134991394e+00
7.730000000000001137e+01,2.886700630187988281e+00,2.791547536849975586e+00,2.767472267150878906e+00,2.983616590499877930e+00,1.288244195005761039e+00,5.270000000000000000e+02,7.000000000000000000e+00,5.000000000000000000e+00,1.888705253707299914e+00
7.735000000000000853e+01,2.890049457550048828e+00,2.862951517105102539e+00,3.067037105560302734e+00,2.654718875885009766e+00,1.300406918563234093e+00,5.290000000000000000e+02,5.000000000000000000e+00,4.000000000000000000e+00,1.652789779829387795e+00
7.740000000000000568e+01,2.924806833267211914e+00,2.876850128173828125e+00,2.858780860900878906e+00,2.999871253967285156e+00,1.291745281749439034e+00,5.030000000000000000e+02,6.000000000000000000e+00,5.000000000000000000e+00,1.766895905613466322e+00
7.745000000000000284e+01,2.804086208343505859e+00,2.836516141891479492e+00,3.124628067016601562e+00,2.616863489151000977e+00,1.251177411150893537e+00,5.180000000000000000e+02,6.000000000000000000e+00,4.000000000000000000e+00,1.822018781486451688e+00
7.750000000000000000e+01,2.909226894378662109e+00,2.899399280548095703e+00,3.092902898788452148e+00,2.671844482421875000e+00,1.264587169680492451e+00,5.210000000000000000e+02,6.000000000000000000e+00,4.000000000000000000e+00,1.846013996145647651e+00
7.755000000000001137e+01,2.828968524932861328e+00,2.848417282104492188e+00,3.344964981079101562e+00,2.468801975250244141e+00,1.264494013411257223e+00,5.200000000000000000e+02,5.000000000000000000e+00,4.000000000000000000e+00,1.757074305152533045e+00
7.760000000000000853e+01,2.916095018386840820e+00,2.939352750778198242e+00,3.219022750854492188e+00,2.715267896652221680e+00,1.310396633460282123e+00,5.150000000000000000e+02,6.000000000000000000e+00,4.000000000000000000e+00,1.720564999741698298e+00
7.765000000000000568e+01,2.806326866149902344e+00,2.835194110870361328e+00,3.419106483459472656e+00,2.474671125411987305e+00,1.300643878873104287e+00,5.000000000000000000e+02,5.000000000000000000e+00,4.000000000000000000e+00,1.732977015694288969e+00
7.770000000000000284e+01,2.758296012878417969e+00,2.721351146697998047e+00,3.313248157501220703e+00,2.603914260864257812e+00,1.291547956103169970e+00,5.230000000000000000e+02,4.000000000000000000e+00,4.000000000000000000e+00,1.777831631641429766e+00
7.775000000000000000e+01,2.783019065856933594e+00,2.778563499450683594e+00,3.395168781280517578e+00,2.445326089859008789e+00,1.297992594233121633e+00,4.790000000000000000e+02,6.000000000000000000e+00,4.000000000000000000e+00,1.884969835004365990e+00
7.780000000000001137e+01,2.785365104675292969e+00,2.825150728225708008e+00,3.329899787902832031e+00,2.333581209182739258e+00,1.273405354333692951e+00,5.350000000000000000e+02,6.000000000000000000e+00,5.000000000000000000e+00,1.762642050984700060e+00
7.785000000000000853e+01,2.756792068481445312e+00,2.749023437500000000e+00,3.057873487472534180e+00,2.794015407562255859e+00,1.332080774694413439e+00,4.860000000000000000e+02,5.000000000000000000e+00,4.000000000000000000e+00,1.746101194545007118e+00
7.790000000000000568e+01,2.911052942276000977e+00,2.877071857452392578e+00,3.161387443542480469e+00,2.686040401458740234e+00,1.270371564211149717e+00,5.390000000000000000e+02,5.000000000000000000e+00,5.000000000000000000e+00,1.713603305390752896e+00
7.795000000000000284e+01,2.801319599151611328e+00,2.839193820953369141e+00,3.218636035919189453e+00,2.699104785919189453e+00,1.281448205794933903e+00,5.230000000000000000e+02,5.000000000000000000e+00,4.000000000000000000e+00,1.739814959935261918e+00
7.800000000000000000e+01,2.800581216812133789e+00,2.830700874328613281e+00,3.449768543243408203e+00,2.611860275268554688e+00,1.290223823711425410e+00,5.350000000000000000e+02,5.000000000000000000e+00,5.000000000000000000e+00,1.757421434544403693e+00
7.805000000000001137e+01,2.869095563888549805e+00,2.922842502593994141e+00,3.045374870300292969e+00,2.691969394683837891e+00,1.259899628870669641e+00,5.240000000000000000e+02,5.000000000000000000e+00,4.000000000000000000e+00,1.982959152201480002e+00
7.810000000000000853e+01,2.762803792953491211e+00,2.782177448272705078e+00,3.251259803771972656e+00,2.527896165847778320e+00,1.252640667542253894e+00,4.840000000000000000e+02,6.000000000000000000e+00,5.000000000000000000e+00,1.797150047722708477e+00
7.815000000000000568e+01,2.859552860260009766e+00,2.804821491241455078e+00,2.965533733367919922e+00,2.865354061126708984e+00,1.259102471171406057e+00,5.260000000000000000e+02,5.000000000000000000e+00,4.000000000000000000e+00,1.892437925654462338e+00
7.820000000000000284e+01,2.780869960784912109e+00,2.739807367324829102e+00,3.244170188903808594e+00,2.567194461822509766e+00,1.241534402512199708e+00,4.970000000000000000e+02,5.000000000000000000e+00,5.000000000000000000e+00,1.936021045817085673e+00
7.825000000000000000e+01,2.757578372955322266e+00,2.804461717605590820e+00,3.174004316329956055e+00,2.771648883819580078e+00,1.262965750362842865e+00,5.070000000000000000e+02,5.000000000000000000e+00,5.000000000000000000e+00,1.809231947912854910e+00
7.830000000000001137e+01,2.903816699981689453e+00,2.773912429809570312e+00,3.020334243774414062e+00,3.033532619476318359e+00,1.301004007558287601e+00,5.290000000000000000e+02,5.000000000000000000e+00,5.000000000000000000e+00,1.793834171871555139e+00
7.835000000000000853e+01,2.741622447967529297e+00,2.810225963592529297e+00,3.007639408111572266e+00,2.768238067626953125e+00,1.278823551954141990e+00,5.070000000000000000e+02,5.000000000000000000e+00,4.000000000000000000e+00,1.828564069872890663e+00
7.840000000000000568e+01,2.818291187286376953e+00,2.743667602539062500e+00,3.368921756744384766e+00,2.626564264297485352e+00,1.241638195013277768e+00,5.100000000000000000e+02,4.000000000000000000e+00,4.000000000000000000e+00,1.863145350165449576e+00
7.845000000000000284e+01,2.843266963958740234e+00,2.740024328231811523e+00,3.031476497650146484e+00,2.666070938110351562e+00,1.307918593423031073e+00,4.960000000000000000e+02,3.000000000000000000e+00,3.000000000000000000e+00,1.818246220518490830e+00
7.850000000000000000e+01,2.828626632690429688e+00,2.759925127029418945e+00,3.301202297210693359e+00,2.517573595046997070e+00,1.310276262246437895e+00,4.790000000000000000e+02,7.000000000000000000e+00,4.000000000000000000e+00,1.737963906774298906e+00
7.855000000000001137e+01,2.902614116668701172e+00,2.856286764144897461e+00,2.983924388885498047e+00,3.137734174728393555e+00,1.288313503762405610e+00,4.830000000000000000e+02,5.000000000000000000e+00,4.000000000000000000e+00,1.928803117117145582e+00
7.860000000000000853e+01,2.916650533676147461e+00,2.706661224365234375e+00,2.991433382034301758e+00,2.935889959335327148e+00,1.264532900991266473e+00,5.230000000000000000e+02,5.000000000000000000e+00,4.000000000000000000e+00,1.879563259477461168e+00
7.865000000000000568e+01,2.886802673339843750e+00,2.715607166290283203e+00,3.135305881500244141e+00,2.530313491821289062e+00,1.284855362871883067e+00,5.020000000000000000e+02,6.000000000000000000e+00,5.000000000000000000e+00,1.828064308828745155e+00
7.870000000000000284e+01,2.755264759063720703e+00,2.586159229278564453e+00,3.229542970657348633e+00,2.671616315841674805e+00,1.237477427735800717e+00,5.070000000000000000e+02,6.000000000000000000e+00,5.000000000000000000e+00,1.858263467226225263e+00
7.875000000000000000e+01,2.823608160018920898e+00,2.784910440444946289e+00,3.318698644638061523e+00,2.511507511138916016e+00,1.281373967366049804e+00,4.790000000000000000e+02,5.000000000000000000e+00,4.000000000000000000e+00,1.843785067540112621e+00
7.880000000000001137e+01,2.856513023376464844e+00,2.845653295516967773e+00,3.167438745498657227e+00,2.572806119918823242e+00,1.281309109815351288e+00,5.220000000000000000e+02,6.000000000000000000e+00,5.000000000000000000e+00,1.853307626445168665e+00
7.885000000000000853e+01,2.955241203308105469e+00,2.866652488708496094e+00,3.055530071258544922e+00,2.613229751586914062e+00,1.296965448746403737e+00,5.160000000000000000e+02,5.000000000000000000e+00,4.000000000000000000e+00,1.726273891688897777e+00
7.890000000000000568e+01,2.895642757415771484e+00,2.776744842529296875e+00,3.223361730575561523e+00,2.554065704345703125e+00,1.281090807879724514e+00,5.340000000000000000e+02,5.000000000000000000e+00,4.000000000000000000e+00,1.911157032232132735e+00
7.895000000000000284e+01,2.929330825805664062e+00,2.769312381744384766e+00,3.323845863342285156e+00,2.431484222412109375e+00,1.257317734150167343e+00,5.190000000000000000e+02,5.000000000000000000e+00,4.000000000000000000e+00,1.822347278693743577e+00
7.900000000000000000e+01,2.840669155120849609e+00,2.791805744171142578e+00,3.132378816604614258e+00,2.501906871795654297e+00,1.309928574476541874e+00,5.050000000000000000e+02,4.000000000000000000e+00,4.000000000000000000e+00,1.845481423572450375e+00
7.905000000000001137e+01,2.952461242675781250e+00,2.890632390975952148e+00,3.141561985015869141e+00,2.535940647125244141e+00,1.229202169762666941e+00,5.060000000000000000e+02,6.000000000000000000e+00,5.000000000000000000e+00,1.730901708523435500e+00
7.910000000000000853e+01,2.790695190429687500e+00,2.760646343231201172e+00,3.141293764114379883e+00,2.709311008453369141e+00,1.313278404827153523e+00,5.120000000000000000e+02,4.000000000000000000e+00,4.000000000000000000e+00,1.991855535265320887e+00
7.915000000000000568e+01,2.709229230880737305e+00,2.714077234268188477e+00,3.481222391128540039e+00,2.473513126373291016e+00,1.292669261021334171e+00,4.970000000000000000e+02,4.000000000000000000e+00,4.000000000000000000e+00,1.801236021956588829e+00
7.920000000000000284e+01,2.898262500762939453e+00,2.919928073883056641e+00,3.039136171340942383e+00,2.859716176986694336e+00,1.255773405496362072e+00,5.030000000000000000e+02,5.000000000000000000e+00,5.000000000000000000e+00,1.782852271835205116e+00
7.925000000000000000e+01,2.915741920471191406e+00,2.872767448425292969e+00,3.184945821762084961e+00,2.780681610107421875e+00,1.289690321140149809e+00,5.290000000000000000e+02,5.000000000000000000e+00,5.000000000000000000e+00,1.704444148982294127e+00
7.930000000000001137e+01,2.832248210906982422e+00,2.775868415832519531e+00,3.351954936981201172e+00,2.439735651016235352e+00,1.267339282857338656e+00,4.910000000000000000e+02,4.000000000000000000e+00,4.000000000000000000e+00,1.716612069615149005e+00
7.935000000000000853e+01,2.881681680679321289e+00,2.770781755447387695e+00,3.269982099533081055e+00,2.609522819519042969e+00,1.305424906106660066e+00,4.890000000000000000e+02,5.000000000000000000e+00,5.000000000000000000e+00,1.843496994089197205e+00
7.940000000000000568e+01,2.836802244186401367e+00,2.732148170471191406e+00,3.402150154113769531e+00,2.174608469009399414e+00,1.291232664729980328e+00,4.940000000000000000e+02,5.000000000000000000e+00,5.000000000000000000e+00,1.848622080388564459e+00
7.945000000000000284e+01,2.825394630432128906e+00,2.798255920410156250e+00,3.150425195693969727e+00,2.608971357345581055e+00,1.306328148256210131e+00,4.730000000000000000e+02,4.000000000000000000e+00,4.000000000000000000e+00,1.875031108100333022e+00
7.950000000000000000e+01,2.986379861831665039e+00,2.828660964965820312e+00,3.243367195129394531e+00,2.800824880599975586e+00,1.305917389445906407e+00,4.980000000000000000e+02,5.000000000000000000e+00,5.000000000000000000e+00,1.663947889638492494e+00
7.955000000000001137e+01,2.958257675170898438e+00,2.800064563751220703e+00,3.001655340194702148e+00,2.622807264328002930e+00,1.316068098864205282e+00,5.200000000000000000e+02,5.000000000000000000e+00,5.000000000000000000e+00,1.720811632863805229e+00
7.960000000000000853e+01,2.839918375015258789e+00,2.715352535247802734e+00,3.116816282272338867e+00,2.811009407043457031e+00,1.310394430958099932e+00,5.050000000000000000e+02,6.000000000000000000e+00,4.000000000000000000e+00,2.010491178404516965e+00
7.965000000000000568e+01,2.935027837753295898e+00,2.813403844833374023e+00,3.241067409515380859e+00,2.590405702590942383e+00,1.288928164963774048e+00,4.990000000000000000e+02,4.000000000000000000e+00,4.000000000000000000e+00,1.948117311479821145e+00
7.970000000000000284e+01,2.785163879394531250e+00,2.685715198516845703e+00,3.340619802474975586e+00,2.767073154449462891e+00,1.307076636100470424e+00,4.950000000000000000e+02,5.000000000000000000e+00,3.000000000000000000e+00,1.830314302533700754e+00
7.975000000000000000e+01,2.951620101928710938e+00,2.892188787460327148e+00,3.306373596191406250e+00,2.551093339920043945e+00,1.306740931442973874e+00,4.910000000000000000e+02,6.000000000000000000e+00,4.000000000000000000e+00,1.885210793808119734e+00
7.980000000000001137e+01,2.887040138244628906e+00,2.810591697692871094e+00,3.102759122848510742e+00,2.468676090240478516e+00,1.226862632684981635e+00,4.600000000000000000e+02,6.000000000000000000e+00,5.000000000000000000e+00,1.814325357564897878e+00
7.985000000000000853e+01,2.885559797286987305e+00,2.853808403015136719e+00,3.060075283050537109e+00,2.554316997528076172e+00,1.320726835188791304e+00,5.360000000000000000e+02,5.000000000000000000e+00,4.000000000000000000e+00,1.652415327377440679e+00
7.990000000000000568e+01,2.908173799514770508e+00,2.865546703338623047e+00,3.330011367797851562e+00,2.560740947723388672e+00,1.312451213323593491e+00,5.340000000000000000e+02,5.000000000000000000e+00,4.000000000000000000e+00,1.850389071499386695e+00
7.995000000000000284e+01,2.832202911376953125e+00,2.737970352172851562e+00,3.058767080307006836e+00,2.512884378433227539e+00,1.284771003546242962e+00,5.480000000000000000e+02,6.000000000000000000e+00,4.000000000000000000e+00,1.800014430016948497e+00
8.000000000000000000e+01,2.729201316833496094e+00,2.716742753982543945e+00,3.320200920104980469e+00,2.407396793365478516e+00,1.267815214508186683e+00,5.230000000000000000e+02,6.000000000000000000e+00,4.000000000000000000e+00,1.815544853030444106e+00
8.005000000000001137e+01,2.830481529235839844e+00,2.892621040344238281e+00,3.720525503158569336e+00,2.406456947326660156e+00,1.304104057902591096e+00,5.140000000000000000e+02,5.000000000000000000e+00,5.000000000000000000e+00,1.833259380834899588e+00
8.010000000000000853e+01,2.724128723144531250e+00,2.762332916259765625e+00,3.281275749206542969e+00,2.529258966445922852e+00,1.290031209835205139e+00,4.990000000000000000e+02,4.000000000000000000e+00,4.000000000000000000e+00,1.782118871717201181e+00
8.015000000000000568e+01,2.875696659088134766e+00,2.892063140869140625e+00,3.096184968948364258e+00,2.735884666442871094e+00,1.305212856150251621e+00,5.170000000000000000e+02,6.000000000000000000e+00,5.000000000000000000e+00,1.779521633996315355e+00
8.020000000000000284e+01,2.822675466537475586e+00,2.895332813262939453e+00,2.963855743408203125e+00,2.881231069564819336e+00,1.272208558641136689e+00,5.160000000000000000e+02,5.000000000000000000e+00,3.000000000000000000e+00,1.867988170382729685e+00
8.025000000000000000e+01,2.822602748870849609e+00,2.858860969543457031e+00,3.022869110107421875e+00,2.724571704864501953e+00,1.249010545371854963e+00,5.200000000000000000e+02,6.000000000000000000e+00,4.000000000000000000e+00,1.743534947833391913e+00
8.030000000000001137e+01,2.832653522491455078e+00,2.780225515365600586e+00,3.419880867004394531e+00,2.262282609939575195e+00,1.249361471708224425e+00,5.010000000000000000e+02,6.000000000000000000e+00,5.000000000000000000e+00,1.780892822830374644e+00
8.035000000000000853e+01,2.794308662414550781e+00,2.726285219192504883e+00,3.360313415527343750e+00,2.400360584259033203e+00,1.269160299634552569e+00,4.900000000000000000e+02,6.000000000000000000e+00,5.000000000000000000e+00,1.771523636210124319e+00
8.040000000000000568e+01,2.792154788970947266e+00,2.672909736633300781e+00,3.636274814605712891e+00,2.033990144729614258e+00,1.249721351651982060e+00,5.100000000000000000e+02,4.000000000000000000e+00,4.000000000000000000e+00,1.779184635177969653e+00
8.045000000000000284e+01,2.836148262023925781e+00,2.751682758331298828e+00,3.795247316360473633e+00,2.044387340545654297e+00,1.205166408583698168e+00,5.320000000000000000e+02,6.000000000000000000e+00,5.000000000000000000e+00,1.794429790193688312e+00
8.050000000000000000e+01,2.930142402648925781e+00,2.835877180099487305e+00,3.475777626037597656e+00,2.108305454254150391e+00,1.221211948353610133e+00,5.140000000000000000e+02,5.000000000000000000e+00,4.000000000000000000e+00,1.785807452537596429e+00
8.055000000000001137e+01,2.837276458740234375e+00,2.854788780212402344e+00,3.939855098724365234e+00,2.171957254409790039e+00,1.241700571425864652e+00,5.300000000000000000e+02,6.000000000000000000e+00,5.000000000000000000e+00,1.777245030661899206e+00
8.060000000000000853e+01,2.857027053833007812e+00,2.821326255798339844e+00,3.363458633422851562e+00,2.147701740264892578e+00,1.275213723859195625e+00,5.060000000000000000e+02,5.000000000000000000e+00,5.000000000000000000e+00,1.720512827481690321e+00
8.065000000000000568e+01,2.814685821533203125e+00,2.813410997390747070e+00,3.534350633621215820e+00,2.147916793823242188e+00,1.250838741346746108e+00,5.060000000000000000e+02,6.000000000000000000e+00,5.000000000000000000e+00,1.736215028372361191e+00
8.070000000000000284e+01,2.872093200683593750e+00,2.791520595550537109e+00,3.452887773513793945e+00,2.355204582214355469e+00,1.211077232575274554e+00,5.080000000000000000e+02,6.000000000000000000e+00,5.000000000000000000e+00,1.814617924698124884e+00
8.075000000000000000e+01,2.840468406677246094e+00,2.789437532424926758e+00,3.478089570999145508e+00,2.481086015701293945e+00,1.246304016080914012e+00,5.060000000000000000e+02,5.000000000000000000e+00,5.000000000000000000e+00,1.726284491206417693e+00
8.080000000000001137e+01,2.896835803985595703e+00,2.791552305221557617e+00,3.711898088455200195e+00,2.231833696365356445e+00,1.263771889395841619e+00,5.130000000000000000e+02,5.000000000000000000e+00,5.000000000000000000e+00,1.926198939282652622e+00
8.085000000000000853e+01,2.954111099243164062e+00,2.864939212799072266e+00,3.628988742828369141e+00,2.246005535125732422e+00,1.238578727093540888e+00,5.150000000000000000e+02,6.000000000000000000e+00,5.000000000000000000e+00,1.723095688033814188e+00
8.090000000000000568e+01,2.848812580108642578e+00,2.861252307891845703e+00,3.446859836578369141e+00,2.260868787765502930e+00,1.251741641155874607e+00,5.080000000000000000e+02,5.000000000000000000e+00,5.000000000000000000e+00,1.742452097761154395e+00
8.095000000000000284e+01,2.848530292510986328e+00,2.770868539810180664e+00,3.621645212173461914e+00,2.217796325683593750e+00,1.249876186023253455e+00,4.980000000000000000e+02,4.000000000000000000e+00,4.000000000000000000e+00,1.873108192620718704e+00
8.100000000000000000e+01,2.904422760009765625e+00,2.828086614608764648e+00,3.783128499984741211e+00,1.919219017028808594e+00,1.238730110514931759e+00,5.230000000000000000e+02,6.000000000000000000e+00,5.000000000000000000e+00,1.830151092646392197e+00
8.105000000000001137e+01,2.853379249572753906e+00,2.763031482696533203e+00,3.110483169555664062e+00,2.444857358932495117e+00,1.283419081124305139e+00,5.170000000000000000e+02,6.000000000000000000e+00,5.000000000000000000e+00,1.723278682215001245e+00
8.110000000000000853e+01,2.847790956497192383e+00,2.721592426300048828e+00,3.405109405517578125e+00,2.225051879882812500e+00,1.261163119840557290e+00,5.200000000000000000e+02,5.000000000000000000e+00,5.000000000000000000e+00,1.833637384384766644e+00
8.115000000000000568e+01,2.907439708709716797e+00,2.817518472671508789e+00,3.482355833053588867e+00,2.574197292327880859e+00,1.284931365010752558e+00,5.130000000000000000e+02,4.000000000000000000e+00,3.000000000000000000e+00,1.929994192429924205e+00
8.120000000000000284e+01,2.766122817993164062e+00,2.799370765686035156e+00,3.386988401412963867e+00,2.206279277801513672e+00,1.269288000672601058e+00,5.170000000000000000e+02,5.000000000000000000e+00,5.000000000000000000e+00,1.684395233114793111e+00
8.125000000000000000e+01,2.793877363204956055e+00,2.827614545822143555e+00,3.821737289428710938e+00,2.086729288101196289e+00,1.246520543609525244e+00,4.970000000000000000e+02,4.000000000000000000e+00,4.000000000000000000e+00,1.731090310074686611e+00
8.130000000000001137e+01,2.788946866989135742e+00,2.806463003158569336e+00,3.408794879913330078e+00,2.286154031753540039e+00,1.292951494727170747e+00,5.000000000000000000e+02,5.000000000000000000e+00,4.000000000000000000e+00,1.960611494976832736e+00
8.135000000000000853e+01,2.809626579284667969e+00,2.780087471008300781e+00,3.350068092346191406e+00,2.272173166275024414e+00,1.243255314352558871e+00,4.940000000000000000e+02,6.000000000000000000e+00,5.000000000000000000e+00,1.849335078745593552e+00
8.140000000000000568e+01,2.793972253799438477e+00,2.860409736633300781e+00,3.520208358764648438e+00,2.358141422271728516e+00,1.258315860328320879e+00,4.990000000000000000e+02,5.000000000000000000e+00,5.000000000000000000e+00,1.807637162853333646e+00
8.145000000000000284e+01,2.888987541198730469e+00,2.804366111755371094e+00,3.539335727691650391e+00,2.113996028900146484e+00,1.218275947302093876e+00,5.130000000000000000e+02,5.000000000000000000e+00,5.000000000000000000e+00,1.775570369464811948e+00
8.150000000000000000e+01,2.892513751983642578e+00,2.823310852050781250e+00,3.504878997802734375e+00,2.566013574600219727e+00,1.237939386334462988e+00,5.200000000000000000e+02,5.000000000000000000e+00,5.000000000000000000e+00,1.861396039438298677e+00
8.155000000000001137e+01,2.864661216735839844e+00,2.893591403961181641e+00,3.425344467163085938e+00,2.098729848861694336e+00,1.259075468836358125e+00,4.990000000000000000e+02,4.000000000000000000e+00,4.000000000000000000e+00,1.924764732325048300e+00
8.160000000000000853e+01,2.764969110488891602e+00,2.793653011322021484e+00,3.504356145858764648e+00,2.272478580474853516e+00,1.218170408028133700e+00,5.040000000000000000e+02,5.000000000000000000e+00,5.000000000000000000e+00,1.747938933597553035e+00
8.165000000000000568e+01,2.760807037353515625e+00,2.768043518066406250e+00,3.336116075515747070e+00,2.344634294509887695e+00,1.239709767163990284e+00,4.870000000000000000e+02,4.000000000000000000e+00,4.000000000000000000e+00,1.918749260566498194e+00
8.170000000000000284e+01,2.890651702880859375e+00,2.848851203918457031e+00,3.450343847274780273e+00,2.086245298385620117e+00,1.205687283039867719e+00,5.220000000000000000e+02,5.000000000000000000e+00,5.000000000000000000e+00,1.746823036308573496e+00
8.175000000000000000e+01,2.838028430938720703e+00,2.781628131866455078e+00,3.606891870498657227e+00,2.244638919830322266e+00,1.218119009437637290e+00,4.860000000000000000e+02,6.000000000000000000e+00,5.000000000000000000e+00,1.827397594140159676e+00
8.180000000000001137e+01,2.812669277191162109e+00,2.770667076110839844e+00,3.631531715393066406e+00,2.160751819610595703e+00,1.231692495718414548e+00,4.920000000000000000e+02,5.000000000000000000e+00,4.000000000000000000e+00,1.815330244411032634e+00
8.185000000000000853e+01,2.825032472610473633e+00,2.707889080047607422e+00,3.575141191482543945e+00,2.377834081649780273e+00,1.236102493672863734e+00,5.190000000000000000e+02,6.000000000000000000e+00,5.000000000000000000e+00,1.786597606887677658e+00
8.190000000000000568e+01,2.855307579040527344e+00,2.777746677398681641e+00,3.731646776199340820e+00,2.257930278778076172e+00,1.262812326735713864e+00,4.860000000000000000e+02,4.000000000000000000e+00,4.000000000000000000e+00,1.703917994517492041e+00
8.195000000000000284e+01,2.815079689025878906e+00,2.699755191802978516e+00,3.485771417617797852e+00,2.381327390670776367e+00,1.239430063588945252e+00,5.040000000000000000e+02,5.000000000000000000e+00,5.000000000000000000e+00,1.780880021509526401e+00
8.200000000000000000e+01,2.879402399063110352e+00,2.755218982696533203e+00,3.871391296386718750e+00,2.315712451934814453e+00,1.258984844573367567e+00,5.210000000000000000e+02,5.000000000000000000e+00,3.000000000000000000e+00,1.743150118887920819e+00
8.205000000000001137e+01,2.887218952178955078e+00,2.766215324401855469e+00,3.559205532073974609e+00,2.549261093139648438e+00,1.256394248970600813e+00,4.890000000000000000e+02,5.000000000000000000e+00,4.000000000000000000e+00,1.842698730311061128e+00
8.210000000000000853e+01,2.913002490997314453e+00,2.776015996932983398e+00,3.604707241058349609e+00,2.123484373092651367e+00,1.236696787829746569e+00,5.150000000000000000e+02,4.000000000000000000e+00,3.000000000000000000e+00,1.836191954057227349e+00
8.215000000000000568e+01,2.687423229217529297e+00,2.694272518157958984e+00,3.844547510147094727e+00,2.300250053405761719e+00,1.260943946408840999e+00,4.980000000000000000e+02,6.000000000000000000e+00,5.000000000000000000e+00,1.865590562259090479e+00
8.220000000000000284e+01,2.874770402908325195e+00,2.764921665191650391e+00,3.441412687301635742e+00,2.383600234985351562e+00,1.259918768419737489e+00,5.010000000000000000e+02,5.000000000000000000e+00,5.000000000000000000e+00,1.919582146523251209e+00
8.225000000000000000e+01,2.836987972259521484e+00,2.799484252929687500e+00,3.617875099182128906e+00,2.501827478408813477e+00,1.269233555172651684e+00,4.720000000000000000e+02,5.000000000000000000e+00,5.000000000000000000e+00,1.837184041388667533e+00
8.230000000000001137e+01,2.769635200500488281e+00,2.724638223648071289e+00,3.627050161361694336e+00,2.105829715728759766e+00,1.263811673649233080e+00,4.830000000000000000e+02,4.000000000000000000e+00,4.000000000000000000e+00,1.843392189921447821e+00
8.235000000000000853e+01,2.802699804306030273e+00,2.725315093994140625e+00,3.330262899398803711e+00,2.353928327560424805e+00,1.289137632800010369e+00,5.210000000000000000e+02,5.000000000000000000e+00,4.000000000000000000e+00,1.847047905534303869e+00
8.240000000000000568e+01,2.914683818817138672e+00,2.904242515563964844e+00,3.391303062438964844e+00,2.680413961410522461e+00,1.267588947164044022e+00,5.300000000000000000e+02,5.000000000000000000e+00,5.000000000000000000e+00,1.867265820521515352e+00
8.245000000000000284e+01,2.710477113723754883e+00,2.699506521224975586e+00,3.460381984710693359e+00,2.401246786117553711e+00,1.246847763477614723e+00,5.090000000000000000e+02,6.000000000000000000e+00,5.000000000000000000e+00,1.986147683520866680e+00
8.250000000000000000e+01,2.919856309890747070e+00,2.772729158401489258e+00,3.245671272277832031e+00,2.585890531539916992e+00,1.248193231347771937e+00,5.220000000000000000e+02,5.000000000000000000e+00,4.000000000000000000e+00,1.805950971081305756e+00
8.255000000000001137e+01,2.663681507110595703e+00,2.656615257263183594e+00,3.596148252487182617e+00,2.248989820480346680e+00,1.260325588794104945e+00,5.220000000000000000e+02,5.000000000000000000e+00,5.000000000000000000e+00,1.816971202879199332e+00
8.260000000000000853e+01,2.769307613372802734e+00,2.654137134552001953e+00,3.329725265502929688e+00,2.393429040908813477e+00,1.249542737320890717e+00,5.190000000000000000e+02,4.000000000000000000e+00,4.000000000000000000e+00,1.856505295885635176e+00
8.265000000000000568e+01,2.865740776062011719e+00,2.877601385116577148e+00,3.173922061920166016e+00,2.431620121002197266e+00,1.252338025056207949e+00,5.160000000000000000e+02,5.000000000000000000e+00,5.000000000000000000e+00,1.712899887942670230e+00
8.270000000000000284e+01,2.852573633193969727e+00,2.846164703369140625e+00,3.301451683044433594e+00,2.459144115447998047e+00,1.266871339047268119e+00,5.060000000000000000e+02,6.000000000000000000e+00,5.000000000000000000e+00,1.775273873505214040e+00
8.275000000000000000e+01,2.849034786224365234e+00,2.835868358612060547e+00,3.604800224304199219e+00,2.379842042922973633e+00,1.278018502209077756e+00,5.160000000000000000e+02,5.000000000000000000e+00,5.000000000000000000e+00,1.876290050558561129e+00
8.280000000000001137e+01,2.877294063568115234e+00,2.774276971817016602e+00,3.298232793807983398e+00,2.488189697265625000e+00,1.230675782838366095e+00,5.290000000000000000e+02,5.000000000000000000e+00,3.000000000000000000e+00,1.851674289755270708e+00
8.285000000000000853e+01,2.742177963256835938e+00,2.690284490585327148e+00,3.354364871978759766e+00,2.261264562606811523e+00,1.238998580405971994e+00,4.880000000000000000e+02,4.000000000000000000e+00,4.000000000000000000e+00,1.850042887221278409e+00
8.290000000000000568e+01,2.707478046417236328e+00,2.741391658782958984e+00,3.613752126693725586e+00,2.394117832183837891e+00,1.247716617538647377e+00,5.250000000000000000e+02,6.000000000000000000e+00,4.000000000000000000e+00,1.775450749728393340e+00
8.295000000000000284e+01,2.710459232330322266e+00,2.749071121215820312e+00,3.084828615188598633e+00,2.606599569320678711e+00,1.230472862599890416e+00,4.730000000000000000e+02,4.000000000000000000e+00,4.000000000000000000e+00,1.858434088303307918e+00
8.300000000000000000e+01,2.734544038772583008e+00,2.742623805999755859e+00,3.279535293579101562e+00,2.503648281097412109e+00,1.252587966955390542e+00,5.230000000000000000e+02,6.000000000000000000e+00,5.000000000000000000e+00,1.794056946684861487e+00
8.305000000000001137e+01,2.802918434143066406e+00,2.772377967834472656e+00,3.259730339050292969e+00,2.501762866973876953e+00,1.238531060704349374e+00,5.180000000000000000e+02,4.000000000000000000e+00,4.000000000000000000e+00,1.929695919692298922e+00
8.310000000000000853e+01,2.953027248382568359e+00,3.010855913162231445e+00,3.333440780639648438e+00,2.452486038208007812e+00,1.242244167393240950e+00,4.910000000000000000e+02,5.000000000000000000e+00,4.000000000000000000e+00,1.761746993384214033e+00
8.315000000000000568e+01,2.829266071319580078e+00,2.870731115341186523e+00,3.339771986007690430e+00,2.435681581497192383e+00,1.218637584984359146e+00,5.140000000000000000e+02,5.000000000000000000e+00,5.000000000000000000e+00,1.837103606764340480e+00
8.320000000000000284e+01,2.730329513549804688e+00,2.764204978942871094e+00,3.376073598861694336e+00,2.331104755401611328e+00,1.248691079624416833e+00,5.180000000000000000e+02,5.000000000000000000e+00,4.000000000000000000e+00,1.820937406799307379e+00
8.325000000000000000e+01,2.881307840347290039e+00,2.888209342956542969e+00,3.318616867065429688e+00,2.511117696762084961e+00,1.294472856792343141e+00,5.200000000000000000e+02,5.000000000000000000e+00,4.000000000000000000e+00,1.892176229668102838e+00
8.330000000000001137e+01,2.758016109466552734e+00,2.819480657577514648e+00,3.346596002578735352e+00,2.426358699798583984e+00,1.261924071072454634e+00,5.140000000000000000e+02,5.000000000000000000e+00,5.000000000000000000e+00,1.865372103924584302e+00
8.335000000000000853e+01,2.711172580718994141e+00,2.804114818572998047e+00,3.562711715698242188e+00,2.091437101364135742e+00,1.196633743349632129e+00,5.290000000000000000e+02,6.000000000000000000e+00,5.000000000000000000e+00,1.878601243864679748e+00
8.340000000000000568e+01,2.784043788909912109e+00,2.808416366577148438e+00,3.420865297317504883e+00,2.210036993026733398e+00,1.258093722537156678e+00,4.940000000000000000e+02,6.000000000000000000e+00,5.000000000000000000e+00,1.874231906094698585e+00
8.345000000000000284e+01,2.835343122482299805e+00,2.893144607543945312e+00,3.459576606750488281e+00,2.591475248336791992e+00,1.257549568253255590e+00,5.030000000000000000e+02,4.000000000000000000e+00,4.000000000000000000e+00,1.863706750670692580e+00
8.350000000000000000e+01,2.782258987426757812e+00,2.970713138580322266e+00,3.510992050170898438e+00,2.363027572631835938e+00,1.238973652913298196e+00,4.770000000000000000e+02,5.000000000000000000e+00,5.000000000000000000e+00,1.826901921897995162e+00
8.355000000000001137e+01,2.823777437210083008e+00,2.865568161010742188e+00,3.490775108337402344e+00,2.365014076232910156e+00,1.270314088016257781e+00,4.930000000000000000e+02,4.000000000000000000e+00,4.000000000000000000e+00,1.733364826401968095e+00
8.360000000000000853e+01,2.815253734588623047e+00,2.870554447174072266e+00,3.503957271575927734e+00,2.440256834030151367e+00,1.260778667394624186e+00,5.440000000000000000e+02,4.000000000000000000e+00,4.000000000000000000e+00,1.792385491087166161e+00
8.365000000000000568e+01,2.901298999786376953e+00,2.978286743164062500e+00,3.224135398864746094e+00,2.482282161712646484e+00,1.256344929080867256e+00,5.280000000000000000e+02,5.000000000000000000e+00,5.000000000000000000e+00,1.691492307715926291e+00
8.370000000000000284e+01,2.805881977081298828e+00,2.828249931335449219e+00,3.335693120956420898e+00,2.236838817596435547e+00,1.250309976937104217e+00,5.430000000000000000e+02,6.000000000000000000e+00,5.000000000000000000e+00,1.844022580803530209e+00
8.375000000000000000e+01,2.878014087677001953e+00,2.800046920776367188e+00,3.346127271652221680e+00,2.342065334320068359e+00,1.219997145272849970e+00,5.180000000000000000e+02,7.000000000000000000e+00,5.000000000000000000e+00,1.805208203463502192e+00
8.380000000000001137e+01,2.955752849578857422e+00,2.934527873992919922e+00,3.596660852432250977e+00,2.193053722381591797e+00,1.253119600201554995e+00,5.100000000000000000e+02,4.000000000000000000e+00,4.000000000000000000e+00,1.697184747216008649e+00
8.385000000000000853e+01,2.851825714111328125e+00,2.886751651763916016e+00,3.055307626724243164e+00,2.573084592819213867e+00,1.215726573430738755e+00,4.960000000000000000e+02,5.000000000000000000e+00,5.000000000000000000e+00,1.753263539379562586e+00
8.390000000000000568e+01,2.907080888748168945e+00,2.903859615325927734e+00,3.357215881347656250e+00,2.576219081878662109e+00,1.278442267869300153e+00,4.810000000000000000e+02,5.000000000000000000e+00,5.000000000000000000e+00,1.889203171139426152e+00
8.395000000000000284e+01,3.140416622161865234e+00,2.999630928039550781e+00,3.237480640411376953e+00,2.376398801803588867e+00,1.243260651524265459e+00,5.190000000000000000e+02,5.000000000000000000e+00,5.000000000000000000e+00,1.758807733476656754e+00
8.400000000000000000e+01,2.940418481826782227e+00,2.884728431701660156e+00,3.318326711654663086e+00,2.423631906509399414e+00,1.263289669902222467e+00,4.980000000000000000e+02,4.000000000000000000e+00,4.000000000000000000e+00,1.781718815596238015e+00
8.405000000000001137e+01,2.946894645690917969e+00,2.950712203979492188e+00,3.393791675567626953e+00,2.477566242218017578e+00,1.253426773480901701e+00,5.130000000000000000e+02,5.000000000000000000e+00,5.000000000000000000e+00,1.836601819297886129e+00
8.410000000000000853e+01,2.993557214736938477e+00,2.960789442062377930e+00,3.304277896881103516e+00,2.552477359771728516e+00,1.234435551799365927e+00,4.800000000000000000e+02,5.000000000000000000e+00,5.000000000000000000e+00,1.840906583592700985e+00
8.415000000000000568e+01,2.999097347259521484e+00,2.987469434738159180e+00,3.414026260375976562e+00,2.382038116455078125e+00,1.245817113975362878e+00,5.160000000000000000e+02,5.000000000000000000e+00,5.000000000000000000e+00,1.796126313425469689e+00
8.420000000000000284e+01,2.937390804290771484e+00,2.856826543807983398e+00,3.327382802963256836e+00,2.530288696289062500e+00,1.222869857827066031e+00,4.800000000000000000e+02,6.000000000000000000e+00,5.000000000000000000e+00,1.820708299328075652e+00
8.425000000000000000e+01,2.892607450485229492e+00,2.794899463653564453e+00,3.382623672485351562e+00,2.355039596557617188e+00,1.224980404393835709e+00,4.820000000000000000e+02,6.000000000000000000e+00,5.000000000000000000e+00,1.805273988590421430e+00
8.430000000000001137e+01,2.866173267364501953e+00,2.832127809524536133e+00,3.350178003311157227e+00,2.481763839721679688e+00,1.229395919561075079e+00,4.980000000000000000e+02,5.000000000000000000e+00,5.000000000000000000e+00,1.911977542283437526e+00
8.435000000000000853e+01,2.840851783752441406e+00,2.837675571441650391e+00,3.256374597549438477e+00,2.354378223419189453e+00,1.232167373409421396e+00,4.730000000000000000e+02,5.000000000000000000e+00,4.000000000000000000e+00,1.730142588819260974e+00
8.440000000000000568e+01,2.906752824783325195e+00,2.754843473434448242e+00,3.342763185501098633e+00,2.384194374084472656e+00,1.225860548883457080e+00,4.900000000000000000e+02,5.000000000000000000e+00,5.000000000000000000e+00,1.803180028804485691e+00
8.445000000000000284e+01,2.887112855911254883e+00,2.811960697174072266e+00,3.352743625640869141e+00,2.180705308914184570e+00,1.208511655746734581e+00,5.080000000000000000e+02,5.000000000000000000e+00,5.000000000000000000e+00,1.825298616004491503e+00
8.450000000000000000e+01,2.828486919403076172e+00,2.761623859405517578e+00,3.304850816726684570e+00,2.382983922958374023e+00,1.260746889883167743e+00,4.910000000000000000e+02,5.000000000000000000e+00,4.000000000000000000e+00,1.827043938199714557e+00
8.455000000000001137e+01,2.928171396255493164e+00,2.815115928649902344e+00,3.097992420196533203e+00,2.389032602310180664e+00,1.237296756885508220e+00,5.010000000000000000e+02,5.000000000000000000e+00,5.000000000000000000e+00,1.724856604417321915e+00
8.460000000000000853e+01,2.834057807922363281e+00,2.788863658905029297e+00,3.397436141967773438e+00,2.317438840866088867e+00,1.214259855100142893e+00,5.010000000000000000e+02,4.000000000000000000e+00,4.000000000000000000e+00,1.902392447194696246e+00
8.465000000000000568e+01,2.873077869415283203e+00,2.920147180557250977e+00,3.493309259414672852e+00,2.206403732299804688e+00,1.251877253926712452e+00,5.260000000000000000e+02,6.000000000000000000e+00,5.000000000000000000e+00,1.785465835892092734e+00
8.470000000000000284e+01,2.956151723861694336e+00,2.906960964202880859e+00,3.085890054702758789e+00,2.672935485839843750e+00,1.270499048575410406e+00,5.030000000000000000e+02,6.000000000000000000e+00,6.000000000000000000e+00,1.708968943962282605e+00
8.475000000000000000e+01,3.016733884811401367e+00,2.915780782699584961e+00,3.171257019042968750e+00,2.427496671676635742e+00,1.221204599122446499e+00,4.820000000000000000e+02,5.000000000000000000e+00,5.000000000000000000e+00,1.759552560583986791e+00
8.480000000000001137e+01,3.000103950500488281e+00,2.981774330139160156e+00,3.488734722137451172e+00,2.326096534729003906e+00,1.187797587197322535e+00,5.200000000000000000e+02,5.000000000000000000e+00,4.000000000000000000e+00,1.762733772737645754e+00
8.485000000000000853e+01,2.944549083709716797e+00,2.783369541168212891e+00,3.497403144836425781e+00,2.361138105392456055e+00,1.240386234487933947e+00,5.010000000000000000e+02,4.000000000000000000e+00,4.000000000000000000e+00,1.851159850728203216e+00
8.490000000000000568e+01,2.997491598129272461e+00,2.860299348831176758e+00,3.667049407958984375e+00,2.180432081222534180e+00,1.210901886226051438e+00,4.990000000000000000e+02,5.000000000000000000e+00,5.000000000000000000e+00,1.712222661373110855e+00
8.495000000000000284e+01,3.018869876861572266e+00,2.895347118377685547e+00,3.640311956405639648e+00,2.154987335205078125e+00,1.293538443819255646e+00,5.150000000000000000e+02,6.000000000000000000e+00,6.000000000000000000e+00,1.760306718152517602e+00
8.500000000000000000e+01,3.061044216156005859e+00,3.005575895309448242e+00,3.578666687011718750e+00,2.314973831176757812e+00,1.228575039377380218e+00,5.190000000000000000e+02,6.000000000000000000e+00,4.000000000000000000e+00,1.833158022802521048e+00
8.505000000000001137e+01,2.990561008453369141e+00,2.868025779724121094e+00,3.190519571304321289e+00,2.344785690307617188e+00,1.235041087311826713e+00,4.840000000000000000e+02,4.000000000000000000e+00,4.000000000000000000e+00,1.862752476117870870e+00
8.510000000000000853e+01,3.022052049636840820e+00,2.896977663040161133e+00,3.573721647262573242e+00,2.089647293090820312e+00,1.242470266505205867e+00,4.930000000000000000e+02,4.000000000000000000e+00,4.000000000000000000e+00,1.849711381743665894e+00
8.515000000000000568e+01,3.122562170028686523e+00,3.033309936523437500e+00,3.339155673980712891e+00,2.406057357788085938e+00,1.249670204070632895e+00,5.060000000000000000e+02,6.000000000000000000e+00,6.000000000000000000e+00,1.662039335793158212e+00
8.520000000000000284e+01,3.063710689544677734e+00,2.972861528396606445e+00,3.634377002716064453e+00,2.308416128158569336e+00,1.248784207617176012e+00,4.860000000000000000e+02,5.000000000000000000e+00,5.000000000000000000e+00,1.725424930705825366e+00
8.525000000000000000e+01,3.129554986953735352e+00,3.062564849853515625e+00,3.505060672760009766e+00,2.107983112335205078e+00,1.214794014039551007e+00,5.090000000000000000e+02,6.000000000000000000e+00,5.000000000000000000e+00,1.858237933513459117e+00
8.530000000000001137e+01,3.141016721725463867e+00,2.961776733398437500e+00,3.294228553771972656e+00,2.347503423690795898e+00,1.259567489757991599e+00,5.230000000000000000e+02,5.000000000000000000e+00,5.000000000000000000e+00,1.882079151990887045e+00
8.535000000000000853e+01,2.963221073150634766e+00,2.929591178894042969e+00,3.341939210891723633e+00,2.506117343902587891e+00,1.244790791999948576e+00,5.270000000000000000e+02,4.000000000000000000e+00,4.000000000000000000e+00,1.750984937454097778e+00
8.540000000000000568e+01,2.969204425811767578e+00,2.929349899291992188e+00,3.406899929046630859e+00,2.496581554412841797e+00,1.258810888807590844e+00,5.100000000000000000e+02,4.000000000000000000e+00,4.000000000000000000e+00,1.820987195858042362e+00
8.545000000000000284e+01,3.140735626220703125e+00,3.045958280563354492e+00,3.481051921844482422e+00,2.500493526458740234e+00,1.209807703794533396e+00,5.450000000000000000e+02,5.000000000000000000e+00,5.000000000000000000e+00,1.867589073089200635e+00
8.550000000000000000e+01,3.032395362854003906e+00,2.994879722595214844e+00,3.727507114410400391e+00,2.233572721481323242e+00,1.292613107452347032e+00,4.930000000000000000e+02,4.000000000000000000e+00,4.000000000000000000e+00,1.791967954930712370e+00
8.555000000000001137e+01,3.117701768875122070e+00,3.046289443969726562e+00,3.391004800796508789e+00,2.409493684768676758e+00,1.218952857355078967e+00,5.200000000000000000e+02,5.000000000000000000e+00,5.000000000000000000e+00,1.672042928960639774e+00
8.560000000000000853e+01,3.079487085342407227e+00,2.972657203674316406e+00,3.620481967926025391e+00,2.223235130310058594e+00,1.264286638841664923e+00,4.910000000000000000e+02,6.000000000000000000e+00,5.000000000000000000e+00,1.717512187475670471e+00
8.565000000000000568e+01,3.107471466064453125e+00,3.081058025360107422e+00,3.637961149215698242e+00,2.161693334579467773e+00,1.259052671853930772e+00,4.990000000000000000e+02,4.000000000000000000e+00,4.000000000000000000e+00,1.749431616005559187e+00
8.570000000000000284e+01,3.127101659774780273e+00,3.076021909713745117e+00,3.528661966323852539e+00,2.215027093887329102e+00,1.261221355084610085e+00,5.410000000000000000e+02,4.000000000000000000e+00,4.000000000000000000e+00,1.797288938657570778e+00
8.575000000000000000e+01,3.079884529113769531e+00,2.990797519683837891e+00,3.380580425262451172e+00,2.239209651947021484e+00,1.237176163638585180e+00,5.140000000000000000e+02,4.000000000000000000e+00,4.000000000000000000e+00,1.852704514877042019e+00
8.580000000000001137e+01,3.100320816040039062e+00,3.008071422576904297e+00,3.407654285430908203e+00,2.404464483261108398e+00,1.240003209914449345e+00,5.230000000000000000e+02,5.000000000000000000e+00,4.000000000000000000e+00,1.787260817161133275e+00
8.585000000000000853e+01,3.106564283370971680e+00,3.065828800201416016e+00,3.391890764236450195e+00,2.167687416076660156e+00,1.274179691875552134e+00,5.120000000000000000e+02,5.000000000000000000e+00,4.000000000000000000e+00,1.791374068210942028e+00
8.590000000000000568e+01,3.062627315521240234e+00,2.919475793838500977e+00,3.429596424102783203e+00,2.322806835174560547e+00,1.266351145182455618e+00,5.020000000000000000e+02,5.000000000000000000e+00,4.000000000000000000e+00,1.894817074351882180e+00
8.595000000000000284e+01,3.124189376831054688e+00,3.040572404861450195e+00,3.375990390777587891e+00,2.282204151153564453e+00,1.267853414082041885e+00,4.760000000000000000e+02,6.000000000000000000e+00,6.000000000000000000e+00,1.828077828102965707e+00
8.600000000000000000e+01,3.155731678009033203e+00,3.099368095397949219e+00,3.671793937683105469e+00,2.175204753875732422e+00,1.262341864575966310e+00,5.390000000000000000e+02,6.000000000000000000e+00,4.000000000000000000e+00,1.729275570163812059e+00
8.605000000000001137e+01,3.154702186584472656e+00,3.007800340652465820e+00,3.737392663955688477e+00,2.307177782058715820e+00,1.271654803535997802e+00,5.190000000000000000e+02,5.000000000000000000e+00,4.000000000000000000e+00,1.820584105437255129e+00
8.610000000000000853e+01,3.010713577270507812e+00,2.944362163543701172e+00,3.381212711334228516e+00,2.344539642333984375e+00,1.253964946589229523e+00,5.030000000000000000e+02,5.000000000000000000e+00,5.000000000000000000e+00,1.750209323319553922e+00
8.615000000000000568e+01,3.023040056228637695e+00,2.897976875305175781e+00,3.702943086624145508e+00,2.220793962478637695e+00,1.258007984150268044e+00,4.840000000000000000e+02,4.000000000000000000e+00,4.000000000000000000e+00,1.817534835792102399e+00
8.620000000000000284e+01,3.131422042846679688e+00,2.995027065277099609e+00,3.783015012741088867e+00,2.253318548202514648e+00,1.254773097176001828e+00,5.070000000000000000e+02,4.000000000000000000e+00,4.000000000000000000e+00,1.821258260400414608e+00
8.625000000000000000e+01,2.977211952209472656e+00,2.710725069046020508e+00,3.759719848632812500e+00,2.154084920883178711e+00,1.231748102468919193e+00,5.220000000000000000e+02,6.000000000000000000e+00,4.000000000000000000e+00,1.747612361982656459e+00
8.630000000000001137e+01,2.948565006256103516e+00,2.880456447601318359e+00,3.474149465560913086e+00,2.196379184722900391e+00,1.199027611663348702e+00,4.980000000000000000e+02,5.000000000000000000e+00,5.000000000000000000e+00,1.783057425893509240e+00
8.635000000000000853e+01,3.020054817199707031e+00,2.827988624572753906e+00,3.614420890808105469e+00,2.136234760284423828e+00,1.293898787272095063e+00,5.070000000000000000e+02,4.000000000000000000e+00,4.000000000000000000e+00,1.832057525848608259e+00
8.640000000000000568e+01,3.015811681747436523e+00,2.833245038986206055e+00,3.618126153945922852e+00,2.194259166717529297e+00,1.270508460377948401e+00,5.160000000000000000e+02,4.000000000000000000e+00,4.000000000000000000e+00,1.947623977196445200e+00
8.645000000000000284e+01,3.010823488235473633e+00,2.893623828887939453e+00,3.941828250885009766e+00,2.197900056838989258e+00,1.231581085279791266e+00,5.050000000000000000e+02,6.000000000000000000e+00,3.000000000000000000e+00,1.736140345655545314e+00
8.650000000000000000e+01,3.029431343078613281e+00,2.915621995925903320e+00,3.509376287460327148e+00,2.236947059631347656e+00,1.281354663701977925e+00,5.180000000000000000e+02,4.000000000000000000e+00,4.000000000000000000e+00,1.834616889584836708e+00
8.655000000000001137e+01,3.049706935882568359e+00,2.982434988021850586e+00,3.681843757629394531e+00,2.332834243774414062e+00,1.241818792557366713e+00,5.150000000000000000e+02,5.000000000000000000e+00,4.000000000000000000e+00,1.691854052386466467e+00
8.660000000000000853e+01,3.014572620391845703e+00,2.925746917724609375e+00,3.597189188003540039e+00,2.237656593322753906e+00,1.258493941415947059e+00,5.270000000000000000e+02,4.000000000000000000e+00,4.000000000000000000e+00,1.752449328692452735e+00
8.665000000000000568e+01,3.063289165496826172e+00,2.904895544052124023e+00,3.768566846847534180e+00,2.295282363891601562e+00,1.274269774260108345e+00,5.060000000000000000e+02,5.000000000000000000e+00,4.000000000000000000e+00,1.804535176518293760e+00
8.670000000000000284e+01,3.155014276504516602e+00,3.018081426620483398e+00,3.580736160278320312e+00,2.177758932113647461e+00,1.245056299862224769e+00,5.130000000000000000e+02,5.000000000000000000e+00,4.000000000000000000e+00,1.737440299375391017e+00
8.675000000000000000e+01,3.049853801727294922e+00,2.881095647811889648e+00,3.539375305175781250e+00,2.423242807388305664e+00,1.212714717266613285e+00,5.080000000000000000e+02,5.000000000000000000e+00,3.000000000000000000e+00,1.687427421160849317e+00
8.680000000000001137e+01,3.112299442291259766e+00,2.992691516876220703e+00,3.765066862106323242e+00,2.126696586608886719e+00,1.203685893934138385e+00,5.050000000000000000e+02,4.000000000000000000e+00,4.000000000000000000e+00,1.797578172569352928e+00
8.685000000000000853e+01,3.218653440475463867e+00,3.251555442810058594e+00,3.729448318481445312e+00,2.212832927703857422e+00,1.268959722256935763e+00,5.190000000000000000e+02,6.000000000000000000e+00,6.000000000000000000e+00,1.715669615875880183e+00
8.690000000000000568e+01,3.304186820983886719e+00,3.311339616775512695e+00,3.511033058166503906e+00,2.470586538314819336e+00,1.220263217118356502e+00,5.090000000000000000e+02,6.000000000000000000e+00,4.000000000000000000e+00,1.752149816019533013e+00
8.695000000000000284e+01,3.126549959182739258e+00,3.058971166610717773e+00,3.611607074737548828e+00,2.347430229187011719e+00,1.224615072312396968e+00,4.920000000000000000e+02,5.000000000000000000e+00,4.000000000000000000e+00,1.821289158075260151e+00
8.700000000000000000e+01,3.081103563308715820e+00,3.062674522399902344e+00,3.304586172103881836e+00,2.455047845840454102e+00,1.240719943098140599e+00,4.970000000000000000e+02,4.000000000000000000e+00,4.000000000000000000e+00,1.843651468210490973e+00
8.705000000000001137e+01,3.177347421646118164e+00,3.170377016067504883e+00,3.683890104293823242e+00,2.638748645782470703e+00,1.281318748856336676e+00,5.010000000000000000e+02,5.000000000000000000e+00,4.000000000000000000e+00,1.842561280958799896e+00
8.710000000000000853e+01,3.114172458648681641e+00,3.066386222839355469e+00,3.429510354995727539e+00,2.353170871734619141e+00,1.270551731170380005e+00,5.250000000000000000e+02,5.000000000000000000e+00,3.000000000000000000e+00,1.742087684833903749e+00
8.715000000000000568e+01,3.244611978530883789e+00,3.216639757156372070e+00,3.461622714996337891e+00,2.515182018280029297e+00,1.305535077788390064e+00,4.910000000000000000e+02,4.000000000000000000e+00,4.000000000000000000e+00,1.875753325887388634e+00
8.720000000000000284e+01,3.100831508636474609e+00,3.011873006820678711e+00,3.411102771759033203e+00,2.481412887573242188e+00,1.240224410187312110e+00,5.090000000000000000e+02,4.000000000000000000e+00,4.000000000000000000e+00,1.882973743543543632e+00
8.725000000000000000e+01,3.173389911651611328e+00,3.167574405670166016e+00,3.428053379058837891e+00,2.385402679443359375e+00,1.269797003257477908e+00,4.830000000000000000e+02,4.000000000000000000e+00,4.000000000000000000e+00,1.831464900766460069e+00
8.730000000000001137e+01,3.179217576980590820e+00,3.202104806900024414e+00,3.218803882598876953e+00,2.537896394729614258e+00,1.219301514182971058e+00,5.350000000000000000e+02,5.000000000000000000e+00,5.000000000000000000e+00,1.845791321995995826e+00
8.735000000000000853e+01,3.120982646942138672e+00,3.045358180999755859e+00,3.688119649887084961e+00,2.302469015121459961e+00,1.242597436214313511e+00,4.930000000000000000e+02,5.000000000000000000e+00,3.000000000000000000e+00,1.805105584072487002e+00
8.740000000000000568e+01,3.160581827163696289e+00,3.187137126922607422e+00,3.429046869277954102e+00,2.440004110336303711e+00,1.225173168994281303e+00,5.230000000000000000e+02,6.000000000000000000e+00,6.000000000000000000e+00,1.763042788229614022e+00
8.745000000000000284e+01,3.058729171752929688e+00,3.026112318038940430e+00,3.507951498031616211e+00,2.253204107284545898e+00,1.239748525991403394e+00,4.920000000000000000e+02,5.000000000000000000e+00,4.000000000000000000e+00,1.705500560200226223e+00
8.750000000000000000e+01,3.153541564941406250e+00,3.109158039093017578e+00,3.099179029464721680e+00,2.662396430969238281e+00,1.273113121004167070e+00,5.100000000000000000e+02,5.000000000000000000e+00,5.000000000000000000e+00,1.778772112695956142e+00
8.755000000000001137e+01,3.154082775115966797e+00,3.064157724380493164e+00,3.600916624069213867e+00,2.188934564590454102e+00,1.242194072552006201e+00,4.990000000000000000e+02,5.000000000000000000e+00,3.000000000000000000e+00,1.743392792157145710e+00
8.760000000000000853e+01,3.143019437789916992e+00,3.078988790512084961e+00,3.268982887268066406e+00,2.502847671508789062e+00,1.267763245478267464e+00,5.260000000000000000e+02,7.000000000000000000e+00,5.000000000000000000e+00,1.711421296134185699e+00
8.765000000000000568e+01,3.042042255401611328e+00,3.049701213836669922e+00,3.540268421173095703e+00,2.443364620208740234e+00,1.228647504416044534e+00,5.040000000000000000e+02,5.000000000000000000e+00,5.000000000000000000e+00,1.734796320300555195e+00
8.770000000000000284e+01,3.098412990570068359e+00,3.090083122253417969e+00,3.225142002105712891e+00,2.709988594055175781e+00,1.245756926260271236e+00,4.960000000000000000e+02,5.000000000000000000e+00,5.000000000000000000e+00,1.841763706715229265e+00
8.775000000000000000e+01,3.286472558975219727e+00,3.227210044860839844e+00,3.342466592788696289e+00,2.612812042236328125e+00,1.252761718943147029e+00,5.290000000000000000e+02,7.000000000000000000e+00,6.000000000000000000e+00,1.796168201891044980e+00
8.780000000000001137e+01,3.189327955245971680e+00,3.191995859146118164e+00,3.333686590194702148e+00,2.510100364685058594e+00,1.258176978163269677e+00,5.110000000000000000e+02,6.000000000000000000e+00,6.000000000000000000e+00,1.591065987268883930e+00
8.785000000000000853e+01,3.081846475601196289e+00,3.023076295852661133e+00,3.464565753936767578e+00,2.391926765441894531e+00,1.255637979999538745e+00,5.010000000000000000e+02,5.000000000000000000e+00,5.000000000000000000e+00,1.802077064805025275e+00
8.790000000000000568e+01,2.995997667312622070e+00,3.014450073242187500e+00,3.521395921707153320e+00,2.099478244781494141e+00,1.237090433118014365e+00,5.150000000000000000e+02,6.000000000000000000e+00,4.000000000000000000e+00,1.764946441535375943e+00
8.795000000000000284e+01,2.991265773773193359e+00,3.008688449859619141e+00,3.602109193801879883e+00,2.411337375640869141e+00,1.281172095599424354e+00,5.180000000000000000e+02,5.000000000000000000e+00,5.000000000000000000e+00,1.828901434178802132e+00
8.800000000000000000e+01,3.075459003448486328e+00,3.037201404571533203e+00,3.495874881744384766e+00,2.278898715972900391e+00,1.205525560904648241e+00,4.770000000000000000e+02,5.000000000000000000e+00,4.000000000000000000e+00,1.793932843631009355e+00
8.805000000000001137e+01,3.073471546173095703e+00,3.026255607604980469e+00,3.319759130477905273e+00,2.555241584777832031e+00,1.239957359618554023e+00,5.140000000000000000e+02,4.000000000000000000e+00,4.000000000000000000e+00,1.928993463521760710e+00
8.810000000000000853e+01,3.066638708114624023e+00,2.930562973022460938e+00,3.756059408187866211e+00,2.240153074264526367e+00,1.241301856408064008e+00,4.990000000000000000e+02,4.000000000000000000e+00,4.000000000000000000e+00,1.782266634619691370e+00
8.815000000000000568e+01,3.045581340789794922e+00,2.985444068908691406e+00,3.370094776153564453e+00,2.343764066696166992e+00,1.251741415203149188e+00,5.010000000000000000e+02,6.000000000000000000e+00,6.000000000000000000e+00,1.623400216346088332e+00
8.820000000000000284e+01,3.022337913513183594e+00,2.962506294250488281e+00,3.265389919281005859e+00,2.673555850982666016e+00,1.262639547850179955e+00,4.830000000000000000e+02,4.000000000000000000e+00,4.000000000000000000e+00,1.745333490693705691e+00
8.825000000000000000e+01,3.037633419036865234e+00,3.031588792800903320e+00,3.352104425430297852e+00,2.387780189514160156e+00,1.235205881239667569e+00,4.950000000000000000e+02,5.000000000000000000e+00,5.000000000000000000e+00,1.923942893498353568e+00
8.830000000000001137e+01,3.148169755935668945e+00,3.060093402862548828e+00,3.477919578552246094e+00,2.288744688034057617e+00,1.204079283241621390e+00,4.800000000000000000e+02,5.000000000000000000e+00,4.000000000000000000e+00,1.745541726205277033e+00
8.835000000000000853e+01,3.064163684844970703e+00,3.044704914093017578e+00,3.161709547042846680e+00,2.843773126602172852e+00,1.240148183269247362e+00,5.120000000000000000e+02,5.000000000000000000e+00,5.000000000000000000e+00,1.757950010687673537e+00
8.840000000000000568e+01,3.125603199005126953e+00,3.113491296768188477e+00,3.377012729644775391e+00,2.463079452514648438e+00,1.247223218986586390e+00,5.220000000000000000e+02,5.000000000000000000e+00,5.000000000000000000e+00,1.808242042322891763e+00
8.845000000000000284e+01,3.064834594726562500e+00,2.990063190460205078e+00,3.493125677108764648e+00,2.288144111633300781e+00,1.261868202925479965e+00,5.190000000000000000e+02,7.000000000000000000e+00,5.000000000000000000e+00,1.823059461969994022e+00
8.850000000000000000e+01,3.075445890426635742e+00,2.920946836471557617e+00,3.448768615722656250e+00,2.407579183578491211e+00,1.259842092331757257e+00,4.890000000000000000e+02,4.000000000000000000e+00,4.000000000000000000e+00,1.695292549939697802e+00
8.855000000000001137e+01,3.117417812347412109e+00,3.016269445419311523e+00,3.554940462112426758e+00,2.298582553863525391e+00,1.238736269090606301e+00,4.880000000000000000e+02,5.000000000000000000e+00,5.000000000000000000e+00,1.778386754640054690e+00
8.860000000000000853e+01,3.166538715362548828e+00,2.996278762817382812e+00,3.338052749633789062e+00,2.482295989990234375e+00,1.253401790219302647e+00,5.070000000000000000e+02,4.000000000000000000e+00,4.000000000000000000e+00,1.815572279240895481e+00
8.865000000000000568e+01,2.922481298446655273e+00,2.888721466064453125e+00,3.419185161590576172e+00,2.500624179840087891e+00,1.236764858924956467e+00,4.920000000000000000e+02,6.000000000000000000e+00,6.000000000000000000e+00,1.700346046622430496e+00
8.870000000000000284e+01,3.101444244384765625e+00,3.056880950927734375e+00,3.311125993728637695e+00,2.554649829864501953e+00,1.257448410213115819e+00,5.060000000000000000e+02,4.000000000000000000e+00,4.000000000000000000e+00,1.830004362364728188e+00
8.875000000000000000e+01,3.073109149932861328e+00,3.093904256820678711e+00,3.535551548004150391e+00,2.449927568435668945e+00,1.255040614697490398e+00,5.020000000000000000e+02,5.000000000000000000e+00,5.000000000000000000e+00,1.635610825036989180e+00
8.880000000000001137e+01,3.072712659835815430e+00,3.000674009323120117e+00,3.575278759002685547e+00,2.285027503967285156e+00,1.262115979557775436e+00,5.020000000000000000e+02,5.000000000000000000e+00,4.000000000000000000e+00,1.874854645698398548e+00
8.885000000000000853e+01,3.139805793762207031e+00,3.027554035186767578e+00,3.423392772674560547e+00,2.345090389251708984e+00,1.256286294414503235e+00,5.060000000000000000e+02,4.000000000000000000e+00,4.000000000000000000e+00,1.741067506910552343e+00
8.890000000000000568e+01,2.903349399566650391e+00,2.887002229690551758e+00,3.363008260726928711e+00,2.346679210662841797e+00,1.250027882078596608e+00,4.930000000000000000e+02,5.000000000000000000e+00,4.000000000000000000e+00,1.857576581856374975e+00
8.895000000000000284e+01,3.094949722290039062e+00,3.038053035736083984e+00,3.733673095703125000e+00,2.143258810043334961e+00,1.246254645655507476e+00,4.870000000000000000e+02,5.000000000000000000e+00,4.000000000000000000e+00,1.919525395180271765e+00
8.900000000000000000e+01,2.981596469879150391e+00,2.867328643798828125e+00,3.516750574111938477e+00,2.265343189239501953e+00,1.237804830367065900e+00,5.160000000000000000e+02,4.000000000000000000e+00,4.000000000000000000e+00,1.837096196742684429e+00
8.905000000000001137e+01,3.077475070953369141e+00,3.067667722702026367e+00,3.559674024581909180e+00,2.566987991333007812e+00,1.209618439407661228e+00,4.920000000000000000e+02,5.000000000000000000e+00,4.000000000000000000e+00,1.757280435223669501e+00
8.910000000000000853e+01,3.186979293823242188e+00,3.141500711441040039e+00,3.209032773971557617e+00,2.687248706817626953e+00,1.286020056997498884e+00,5.090000000000000000e+02,4.000000000000000000e+00,4.000000000000000000e+00,1.780312793691049222e+00
8.915000000000000568e+01,2.914191484451293945e+00,2.850375652313232422e+00,3.314093351364135742e+00,2.323235511779785156e+00,1.228617165491911578e+00,5.210000000000000000e+02,5.000000000000000000e+00,4.000000000000000000e+00,1.730828059276336983e+00
8.920000000000000284e+01,3.048453330993652344e+00,3.009191036224365234e+00,3.652688503265380859e+00,2.275858879089355469e+00,1.216895858870578273e+00,5.010000000000000000e+02,5.000000000000000000e+00,5.000000000000000000e+00,1.726699725748118697e+00
8.925000000000000000e+01,3.057508945465087891e+00,2.945666790008544922e+00,3.454779148101806641e+00,2.411870718002319336e+00,1.264282660543382786e+00,5.130000000000000000e+02,5.000000000000000000e+00,5.000000000000000000e+00,1.734347493591677392e+00
8.930000000000001137e+01,2.974786996841430664e+00,2.935600757598876953e+00,3.438950777053833008e+00,2.353220462799072266e+00,1.248165327666487245e+00,5.100000000000000000e+02,5.000000000000000000e+00,4.000000000000000000e+00,1.892619162357850549e+00
8.935000000000000853e+01,3.194244146347045898e+00,3.157238721847534180e+00,3.386907100677490234e+00,2.617069721221923828e+00,1.282753857526617303e+00,4.710000000000000000e+02,5.000000000000000000e+00,5.000000000000000000e+00,1.828169352369651168e+00
8.940000000000000568e+01,3.191735506057739258e+00,3.145629167556762695e+00,3.280104398727416992e+00,2.402639150619506836e+00,1.235529667529779552e+00,5.110000000000000000e+02,5.000000000000000000e+00,5.000000000000000000e+00,1.855193943768897791e+00
8.945000000000000284e+01,3.052268028259277344e+00,2.986278533935546875e+00,3.384315490722656250e+00,2.292798757553100586e+00,1.250003001154507576e+00,4.800000000000000000e+02,4.000000000000000000e+00,4.000000000000000000e+00,1.790142144708867011e+00
8.950000000000000000e+01,3.018916845321655273e+00,2.980816125869750977e+00,3.235956192016601562e+00,2.449350357055664062e+00,1.223664990521093454e+00,5.140000000000000000e+02,4.000000000000000000e+00,4.000000000000000000e+00,1.864626608222437421e+00
8.955000000000001137e+01,3.055097579956054688e+00,2.982957363128662109e+00,3.601208209991455078e+00,2.119885444641113281e+00,1.264751448252149135e+00,5.170000000000000000e+02,5.000000000000000000e+00,5.000000000000000000e+00,1.783908214585421703e+00
8.960000000000000853e+01,2.996191740036010742e+00,2.967172861099243164e+00,3.431155443191528320e+00,2.561584711074829102e+00,1.250479661746835891e+00,5.080000000000000000e+02,5.000000000000000000e+00,5.000000000000000000e+00,1.852868505778641817e+00
8.965000000000000568e+01,3.280725240707397461e+00,3.223461627960205078e+00,3.578670978546142578e+00,2.058393239974975586e+00,1.270197979392281296e+00,5.390000000000000000e+02,4.000000000000000000e+00,4.000000000000000000e+00,1.772375887120928306e+00
8.970000000000000284e+01,3.059883594512939453e+00,2.983271121978759766e+00,3.363780498504638672e+00,2.467053413391113281e+00,1.241386851470951846e+00,5.090000000000000000e+02,5.000000000000000000e+00,5.000000000000000000e+00,1.707786552936867430e+00
8.975000000000000000e+01,3.220434188842773438e+00,3.151146888732910156e+00,3.589057445526123047e+00,2.181740045547485352e+00,1.253868717742924188e+00,4.890000000000000000e+02,6.000000000000000000e+00,5.000000000000000000e+00,1.814051671545933164e+00
8.980000000000001137e+01,3.155291557312011719e+00,3.065537214279174805e+00,3.433801889419555664e+00,2.330416917800903320e+00,1.236891339489244235e+00,4.860000000000000000e+02,4.000000000000000000e+00,3.000000000000000000e+00,1.770771670744645920e+00
8.985000000000000853e+01,3.020255327224731445e+00,2.975938796997070312e+00,3.461345672607421875e+00,2.327480554580688477e+00,1.225852813821590948e+00,5.010000000000000000e+02,5.000000000000000000e+00,5.000000000000000000e+00,1.849496835282927965e+00
8.990000000000000568e+01,3.071048736572265625e+00,3.034405469894409180e+00,3.347734212875366211e+00,2.248210430145263672e+00,1.269126475286019851e+00,5.370000000000000000e+02,4.000000000000000000e+00,3.000000000000000000e+00,1.819799954189622371e+00
8.995000000000000284e+01,3.136093616485595703e+00,3.060539960861206055e+00,3.695980548858642578e+00,2.312962532043457031e+00,1.230610843686012146e+00,4.860000000000000000e+02,4.000000000000000000e+00,4.000000000000000000e+00,1.976481828099197369e+00
9.000000000000000000e+01,3.094136953353881836e+00,3.031518936157226562e+00,3.421976089477539062e+00,2.603690385818481445e+00,1.235619939595428596e+00,5.140000000000000000e+02,5.000000000000000000e+00,4.000000000000000000e+00,1.827717737977314627e+00
9.005000000000001137e+01,3.154649257659912109e+00,3.061061382293701172e+00,3.560901641845703125e+00,2.601325511932373047e+00,1.271005693760292932e+00,5.230000000000000000e+02,5.000000000000000000e+00,5.000000000000000000e+00,1.806340938154088471e+00
9.010000000000000853e+01,3.163556098937988281e+00,3.095545291900634766e+00,3.213133573532104492e+00,2.712234020233154297e+00,1.290413717177077757e+00,4.980000000000000000e+02,5.000000000000000000e+00,4.000000000000000000e+00,1.939181607890277714e+00
9.015000000000000568e+01,3.044038057327270508e+00,3.016683816909790039e+00,3.332240581512451172e+00,2.407715797424316406e+00,1.205720465827251120e+00,5.030000000000000000e+02,4.000000000000000000e+00,4.000000000000000000e+00,1.832796429605181299e+00
9.020000000000000284e+01,3.068292617797851562e+00,2.909583806991577148e+00,3.291010618209838867e+00,2.336031198501586914e+00,1.223227079187691357e+00,4.700000000000000000e+02,5.000000000000000000e+00,4.000000000000000000e+00,1.767443364768779501e+00
9.025000000000000000e+01,2.825911521911621094e+00,2.730910539627075195e+00,3.440974235534667969e+00,2.297609806060791016e+00,1.297488721857555927e+00,5.060000000000000000e+02,5.000000000000000000e+00,4.000000000000000000e+00,1.824707749565010584e+00
9.030000000000001137e+01,3.093017578125000000e+00,3.017091512680053711e+00,3.525214195251464844e+00,2.103445053100585938e+00,1.246876077777386183e+00,5.210000000000000000e+02,6.000000000000000000e+00,5.000000000000000000e+00,1.874132706108649016e+00
9.035000000000000853e+01,3.035140514373779297e+00,3.005911111831665039e+00,3.459973096847534180e+00,2.381577014923095703e+00,1.220890851503843022e+00,4.760000000000000000e+02,5.000000000000000000e+00,5.000000000000000000e+00,1.759266857690951147e+00
9.040000000000000568e+01,3.098636150360107422e+00,2.956454515457153320e+00,3.031973838806152344e+00,2.587560415267944336e+00,1.254426461160182749e+00,4.860000000000000000e+02,3.000000000000000000e+00,3.000000000000000000e+00,1.701975799358836028e+00
9.045000000000000284e+01,3.073363065719604492e+00,2.909482717514038086e+00,3.372769832611083984e+00,2.439294815063476562e+00,1.264293649721968560e+00,4.820000000000000000e+02,5.000000000000000000e+00,4.000000000000000000e+00,1.824196009934744733e+00
9.050000000000000000e+01,3.198086977005004883e+00,3.117916345596313477e+00,3.410565614700317383e+00,2.210869550704956055e+00,1.230431840125257192e+00,4.950000000000000000e+02,6.000000000000000000e+00,4.000000000000000000e+00,1.755014430805390324e+00
9.055000000000001137e+01,3.212551116943359375e+00,3.149003505706787109e+00,3.418152809143066406e+00,2.421078205108642578e+00,1.233593304458126427e+00,5.170000000000000000e+02,5.000000000000000000e+00,5.000000000000000000e+00,1.863522251938173557e+00
9.060000000000000853e+01,3.118330478668212891e+00,3.143462181091308594e+00,3.335883617401123047e+00,2.393360614776611328e+00,1.215218302763456437e+00,5.040000000000000000e+02,4.000000000000000000e+00,4.000000000000000000e+00,1.785159185127342729e+00
9.065000000000000568e+01,3.204348087310791016e+00,3.205723762512207031e+00,3.319994211196899414e+00,2.610088586807250977e+00,1.244886768326119775e+00,5.070000000000000000e+02,6.000000000000000000e+00,5.000000000000000000e+00,1.818058695348591769e+00
9.070000000000000284e+01,3.090804576873779297e+00,2.990241289138793945e+00,3.478574275970458984e+00,2.438421010971069336e+00,1.293047971342372593e+00,4.990000000000000000e+02,5.000000000000000000e+00,5.000000000000000000e+00,1.925064238320546073e+00
9.075000000000000000e+01,3.070919752120971680e+00,2.966530561447143555e+00,3.507659435272216797e+00,2.458701372146606445e+00,1.235255154724209214e+00,5.340000000000000000e+02,5.000000000000000000e+00,3.000000000000000000e+00,1.850317764332734871e+00
9.080000000000001137e+01,3.044860124588012695e+00,2.969594955444335938e+00,3.332509517669677734e+00,2.598671674728393555e+00,1.276424389162680750e+00,5.040000000000000000e+02,5.000000000000000000e+00,5.000000000000000000e+00,1.767693583582288230e+00
9.085000000000000853e+01,3.094464540481567383e+00,3.114251613616943359e+00,3.391444683074951172e+00,2.424197912216186523e+00,1.264107065528712770e+00,4.780000000000000000e+02,6.000000000000000000e+00,5.000000000000000000e+00,1.857619510040898758e+00
9.090000000000000568e+01,3.150639295578002930e+00,3.163680553436279297e+00,3.540208816528320312e+00,2.291144371032714844e+00,1.262404779329770577e+00,5.110000000000000000e+02,5.000000000000000000e+00,3.000000000000000000e+00,1.744901132485457751e+00
9.095000000000000284e+01,3.200533866882324219e+00,3.247603893280029297e+00,3.335361719131469727e+00,2.318826675415039062e+00,1.240719107744493455e+00,5.200000000000000000e+02,5.000000000000000000e+00,5.000000000000000000e+00,1.671314122160725280e+00
9.100000000000000000e+01,3.098071813583374023e+00,3.089835882186889648e+00,3.322669982910156250e+00,2.477729558944702148e+00,1.244167662086172577e+00,5.080000000000000000e+02,5.000000000000000000e+00,4.000000000000000000e+00,1.891151703772569137e+00
9.105000000000001137e+01,3.055603742599487305e+00,3.054605722427368164e+00,3.496336698532104492e+00,2.450152397155761719e+00,1.253816917702319733e+00,5.330000000000000000e+02,6.000000000000000000e+00,6.000000000000000000e+00,1.773144046899780779e+00
9.110000000000000853e+01,3.230750322341918945e+00,3.144853353500366211e+00,3.399162292480468750e+00,2.256698608398437500e+00,1.230528041097657566e+00,5.150000000000000000e+02,6.000000000000000000e+00,4.000000000000000000e+00,1.798282075415250869e+00
9.115000000000000568e+01,3.280320167541503906e+00,3.259734869003295898e+00,3.311363458633422852e+00,2.444648981094360352e+00,1.249719322550413736e+00,5.180000000000000000e+02,6.000000000000000000e+00,5.000000000000000000e+00,1.799710473080128104e+00
9.120000000000000284e+01,3.155495882034301758e+00,3.055232763290405273e+00,3.468849897384643555e+00,2.286260366439819336e+00,1.265064517306686787e+00,4.900000000000000000e+02,4.000000000000000000e+00,4.000000000000000000e+00,1.866601200885859679e+00
9.125000000000000000e+01,3.104325771331787109e+00,3.066374063491821289e+00,3.566976547241210938e+00,2.281034708023071289e+00,1.238016972714996111e+00,5.160000000000000000e+02,4.000000000000000000e+00,4.000000000000000000e+00,1.856001905043096478e+00
9.130000000000001137e+01,2.977499008178710938e+00,2.902685165405273438e+00,3.459978342056274414e+00,2.273022890090942383e+00,1.252662128414620213e+00,5.110000000000000000e+02,5.000000000000000000e+00,3.000000000000000000e+00,1.770344283852119949e+00
9.135000000000000853e+01,3.129547834396362305e+00,3.048044681549072266e+00,3.477802515029907227e+00,2.379502773284912109e+00,1.245425328191229530e+00,5.260000000000000000e+02,5.000000000000000000e+00,5.000000000000000000e+00,1.847891119437475860e+00
9.140000000000000568e+01,3.173074722290039062e+00,3.095614671707153320e+00,3.327354907989501953e+00,2.468341588973999023e+00,1.186422816675214209e+00,5.030000000000000000e+02,4.000000000000000000e+00,4.000000000000000000e+00,1.947389102837087993e+00
9.145000000000000284e+01,3.142696619033813477e+00,3.070374727249145508e+00,3.280251264572143555e+00,2.701640605926513672e+00,1.269396264870619406e+00,5.310000000000000000e+02,5.000000000000000000e+00,5.000000000000000000e+00,1.716405717918258578e+00
9.150000000000000000e+01,3.068102598190307617e+00,2.960415840148925781e+00,3.767660617828369141e+00,2.029679775238037109e+00,1.250882235783615570e+00,5.020000000000000000e+02,4.000000000000000000e+00,4.000000000000000000e+00,1.769223049122997438e+00
9.155000000000001137e+01,3.243331909179687500e+00,3.227784395217895508e+00,3.249297380447387695e+00,2.694792509078979492e+00,1.269136620596505338e+00,4.900000000000000000e+02,5.000000000000000000e+00,5.000000000000000000e+00,1.737876602695685335e+00
9.160000000000000853e+01,3.144969463348388672e+00,3.090095520019531250e+00,3.284561395645141602e+00,2.367676734924316406e+00,1.227596978335144584e+00,5.270000000000000000e+02,5.000000000000000000e+00,3.000000000000000000e+00,1.700707872043779822e+00
9.165000000000000568e+01,3.221202850341796875e+00,3.169366121292114258e+00,3.548600673675537109e+00,2.267830848693847656e+00,1.255302265346345036e+00,4.770000000000000000e+02,5.000000000000000000e+00,4.000000000000000000e+00,1.743289142827820770e+00
9.170000000000000284e+01,3.253443717956542969e+00,3.086644172668457031e+00,3.368201732635498047e+00,2.604151010513305664e+00,1.261676025749937757e+00,4.630000000000000000e+02,5.000000000000000000e+00,5.000000000000000000e+00,1.830349568016900186e+00
9.175000000000000000e+01,3.118767499923706055e+00,3.032157182693481445e+00,3.352798223495483398e+00,2.537359714508056641e+00,1.246283718520588613e+00,5.090000000000000000e+02,4.000000000000000000e+00,4.000000000000000000e+00,1.749261679029802785e+00
9.180000000000001137e+01,3.259886503219604492e+00,3.157121181488037109e+00,3.499000072479248047e+00,2.561635017395019531e+00,1.244975276121618402e+00,4.930000000000000000e+02,5.000000000000000000e+00,3.000000000000000000e+00,1.867998916103254192e+00
9.185000000000000853e+01,3.128583192825317383e+00,3.048195600509643555e+00,3.577720165252685547e+00,2.444865465164184570e+00,1.248381357859687180e+00,5.040000000000000000e+02,5.000000000000000000e+00,3.000000000000000000e+00,1.771427593383867238e+00
9.190000000000000568e+01,3.135974407196044922e+00,3.154491424560546875e+00,3.826021194458007812e+00,2.183702707290649414e+00,1.264890108841868255e+00,4.830000000000000000e+02,5.000000000000000000e+00,4.000000000000000000e+00,1.847612355869119538e+00
9.195000000000000284e+01,3.114360332489013672e+00,3.122422456741333008e+00,3.679991722106933594e+00,2.330193996429443359e+00,1.244751883282959160e+00,5.010000000000000000e+02,5.000000000000000000e+00,4.000000000000000000e+00,2.004838569270105175e+00
9.200000000000000000e+01,3.226840257644653320e+00,3.104808568954467773e+00,3.525417327880859375e+00,2.400908708572387695e+00,1.279577855181518453e+00,5.120000000000000000e+02,5.000000000000000000e+00,5.000000000000000000e+00,1.899162634879796085e+00
9.205000000000001137e+01,3.108096599578857422e+00,2.996428966522216797e+00,3.711335659027099609e+00,2.265605688095092773e+00,1.263422014101966528e+00,4.860000000000000000e+02,5.000000000000000000e+00,5.000000000000000000e+00,1.811817523046187484e+00
9.210000000000000853e+01,3.217027664184570312e+00,3.100518941879272461e+00,3.448678255081176758e+00,2.400529384613037109e+00,1.228988294818581073e+00,4.920000000000000000e+02,4.000000000000000000e+00,4.000000000000000000e+00,1.752299004177163333e+00
9.215000000000000568e+01,3.075039148330688477e+00,2.951137781143188477e+00,3.370573520660400391e+00,2.588188648223876953e+00,1.246189595167078057e+00,5.060000000000000000e+02,6.000000000000000000e+00,6.000000000000000000e+00,1.774278052290588770e+00
9.220000000000000284e+01,3.170590400695800781e+00,3.036222219467163086e+00,3.469275474548339844e+00,2.385342597961425781e+00,1.274110302537192485e+00,4.840000000000000000e+02,4.000000000000000000e+00,4.000000000000000000e+00,1.732731404533617514e+00
9.225000000000000000e+01,3.133361816406250000e+00,3.003597497940063477e+00,3.602474927902221680e+00,2.147501230239868164e+00,1.230200398751740698e+00,5.100000000000000000e+02,5.000000000000000000e+00,3.000000000000000000e+00,1.803719214254074776e+00
9.230000000000001137e+01,3.213761091232299805e+00,3.182800292968750000e+00,3.136688232421875000e+00,2.472647905349731445e+00,1.235149789833060785e+00,5.280000000000000000e+02,6.000000000000000000e+00,5.000000000000000000e+00,1.770932565721277108e+00
9.235000000000000853e+01,3.206402778625488281e+00,3.154968261718750000e+00,3.676624059677124023e+00,2.270408630371093750e+00,1.246803394548340327e+00,5.550000000000000000e+02,4.000000000000000000e+00,4.000000000000000000e+00,1.824527273362402724e+00
9.240000000000000568e+01,3.047778367996215820e+00,2.977900266647338867e+00,3.719339847564697266e+00,2.314715623855590820e+00,1.271597857300089673e+00,4.790000000000000000e+02,5.000000000000000000e+00,3.000000000000000000e+00,1.867643885736897102e+00
9.245000000000000284e+01,3.197591543197631836e+00,3.152539968490600586e+00,3.352401018142700195e+00,2.517860889434814453e+00,1.245845300568034109e+00,4.970000000000000000e+02,5.000000000000000000e+00,5.000000000000000000e+00,1.827166318431742376e+00
9.250000000000000000e+01,3.218524217605590820e+00,3.115726947784423828e+00,3.525553703308105469e+00,2.446310997009277344e+00,1.249127483043096509e+00,5.070000000000000000e+02,4.000000000000000000e+00,3.000000000000000000e+00,1.949427600819535922e+00
9.255000000000001137e+01,3.020491361618041992e+00,2.916074275970458984e+00,3.438607454299926758e+00,2.253968954086303711e+00,1.260087327497207532e+00,5.220000000000000000e+02,4.000000000000000000e+00,4.000000000000000000e+00,1.835602611475485313e+00
9.260000000000000853e+01,3.094821214675903320e+00,3.028687477111816406e+00,3.658201932907104492e+00,2.334613323211669922e+00,1.249898446166131549e+00,4.800000000000000000e+02,4.000000000000000000e+00,3.000000000000000000e+00,1.887005663536902578e+00
9.265000000000000568e+01,3.022930145263671875e+00,2.931138515472412109e+00,3.310295104980468750e+00,2.556120157241821289e+00,1.287096309094523994e+00,5.020000000000000000e+02,5.000000000000000000e+00,3.000000000000000000e+00,1.789206521162457486e+00
9.270000000000000284e+01,3.356475353240966797e+00,3.311893701553344727e+00,3.204050540924072266e+00,2.479064702987670898e+00,1.228556548474427634e+00,5.060000000000000000e+02,4.000000000000000000e+00,4.000000000000000000e+00,1.838684198950486959e+00
9.275000000000000000e+01,3.157961606979370117e+00,3.052247762680053711e+00,3.376689434051513672e+00,2.503010749816894531e+00,1.269442952799869850e+00,4.980000000000000000e+02,4.000000000000000000e+00,4.000000000000000000e+00,1.780335238071125703e+00
9.280000000000001137e+01,3.077346801757812500e+00,3.036321163177490234e+00,3.597841262817382812e+00,2.417315006256103516e+00,1.228403596276999465e+00,5.070000000000000000e+02,6.000000000000000000e+00,6.000000000000000000e+00,1.832962064183356610e+00
9.285000000000000853e+01,3.157865762710571289e+00,3.108869552612304688e+00,4.005105495452880859e+00,2.295389890670776367e+00,1.257907566302501001e+00,4.520000000000000000e+02,5.000000000000000000e+00,5.000000000000000000e+00,1.702849987891939865e+00
9.290000000000000568e+01,3.062315464019775391e+00,3.019834756851196289e+00,3.964395999908447266e+00,2.264426231384277344e+00,1.287955393035813634e+00,4.950000000000000000e+02,6.000000000000000000e+00,4.000000000000000000e+00,1.931199851888320662e+00
9.295000000000000284e+01,3.035702943801879883e+00,3.041609525680541992e+00,4.040246963500976562e+00,2.522535800933837891e+00,1.252290565184670079e+00,4.600000000000000000e+02,4.000000000000000000e+00,3.000000000000000000e+00,1.925998677136981030e+00
9.300000000000000000e+01,3.136116266250610352e+00,3.061115980148315430e+00,4.021833896636962891e+00,2.398348569869995117e+00,1.260885860368454514e+00,4.830000000000000000e+02,6.000000000000000000e+00,5.000000000000000000e+00,1.831298089010537700e+00
9.305000000000001137e+01,3.047041654586791992e+00,2.920632123947143555e+00,3.422231912612915039e+00,2.453285694122314453e+00,1.248647534367710810e+00,4.860000000000000000e+02,5.000000000000000000e+00,4.000000000000000000e+00,1.810020922358952289e+00
9.310000000000000853e+01,3.111600875854492188e+00,2.876599073410034180e+00,3.737717628479003906e+00,2.122741222381591797e+00,1.007210206489388860e+00,5.150000000000000000e+02,4.000000000000000000e+00,4.000000000000000000e+00,1.817733096339675836e+00
9.315000000000000568e+01,3.009956121444702148e+00,2.887194633483886719e+00,3.674040794372558594e+00,2.416037559509277344e+00,1.106099510456506119e+00,4.990000000000000000e+02,6.000000000000000000e+00,5.000000000000000000e+00,1.800611154558354077e+00
9.320000000000000284e+01,3.175299167633056641e+00,3.079150199890136719e+00,3.706318855285644531e+00,2.303750514984130859e+00,1.230202696537899154e+00,4.820000000000000000e+02,6.000000000000000000e+00,6.000000000000000000e+00,1.658487378624242670e+00
9.325000000000000000e+01,3.239360332489013672e+00,3.182177782058715820e+00,3.369797229766845703e+00,2.535265684127807617e+00,1.280927044163158612e+00,4.980000000000000000e+02,5.000000000000000000e+00,5.000000000000000000e+00,1.719760494593372435e+00
9.330000000000001137e+01,3.208507537841796875e+00,3.171282291412353516e+00,3.858273267745971680e+00,2.511770963668823242e+00,1.271620696297964592e+00,4.970000000000000000e+02,6.000000000000000000e+00,4.000000000000000000e+00,1.769631414465998365e+00
9.335000000000000853e+01,3.299492597579956055e+00,3.265559911727905273e+00,3.554078578948974609e+00,2.528418302536010742e+00,1.263668708224106485e+00,4.860000000000000000e+02,5.000000000000000000e+00,4.000000000000000000e+00,1.802418835265615860e+00
9.340000000000000568e+01,3.077769279479980469e+00,3.066270112991333008e+00,3.610308170318603516e+00,2.132450342178344727e+00,1.078879987652140215e+00,4.700000000000000000e+02,5.000000000000000000e+00,5.000000000000000000e+00,1.843578617448281776e+00
9.345000000000000284e+01,3.095698356628417969e+00,3.044354677200317383e+00,3.637583017349243164e+00,2.229534387588500977e+00,9.960818270398341667e-01,4.820000000000000000e+02,5.000000000000000000e+00,4.000000000000000000e+00,1.719270260115311366e+00
9.350000000000000000e+01,3.050851821899414062e+00,2.974946260452270508e+00,3.755371332168579102e+00,2.158257246017456055e+00,9.796596274220032985e-01,4.840000000000000000e+02,6.000000000000000000e+00,4.000000000000000000e+00,1.806402232228487836e+00
9.355000000000001137e+01,3.130678176879882812e+00,3.103814125061035156e+00,3.557108640670776367e+00,2.320728778839111328e+00,9.490290809714387876e-01,4.490000000000000000e+02,6.000000000000000000e+00,6.000000000000000000e+00,1.769840893420060235e+00
9.360000000000000853e+01,3.113831043243408203e+00,3.098049402236938477e+00,3.353286743164062500e+00,2.348373889923095703e+00,9.910898420380174212e-01,4.780000000000000000e+02,5.000000000000000000e+00,4.000000000000000000e+00,1.778433276216272452e+00
9.365000000000000568e+01,3.121836423873901367e+00,3.186612606048583984e+00,3.444414377212524414e+00,2.609376668930053711e+00,9.861173436433329220e-01,4.930000000000000000e+02,5.000000000000000000e+00,5.000000000000000000e+00,1.812510661048373439e+00
9.370000000000000284e+01,3.041713714599609375e+00,2.996812343597412109e+00,3.478039741516113281e+00,2.458388566970825195e+00,9.697708074105328979e-01,4.640000000000000000e+02,4.000000000000000000e+00,4.000000000000000000e+00,1.721917664246041868e+00
9.375000000000000000e+01,3.073637962341308594e+00,3.028168678283691406e+00,3.771143198013305664e+00,2.191229343414306641e+00,1.033394851479298104e+00,4.700000000000000000e+02,5.000000000000000000e+00,4.000000000000000000e+00,1.848307802772952924e+00
9.380000000000001137e+01,3.153869152069091797e+00,3.135392427444458008e+00,3.427203893661499023e+00,2.555684566497802734e+00,9.943725068263522537e-01,4.590000000000000000e+02,4.000000000000000000e+00,4.000000000000000000e+00,1.692504841593583054e+00
9.385000000000000853e+01,3.140070199966430664e+00,3.176939010620117188e+00,3.531337738037109375e+00,2.489762067794799805e+00,9.538767268246126640e-01,4.940000000000000000e+02,4.000000000000000000e+00,4.000000000000000000e+00,1.835705232180396163e+00
9.390000000000000568e+01,3.151430845260620117e+00,3.218370914459228516e+00,3.623918056488037109e+00,2.354187488555908203e+00,1.011206328149560685e+00,5.040000000000000000e+02,6.000000000000000000e+00,4.000000000000000000e+00,1.780520610922343039e+00
9.395000000000000284e+01,3.057837486267089844e+00,3.006329774856567383e+00,3.482156753540039062e+00,2.412993669509887695e+00,9.523337136606762066e-01,5.050000000000000000e+02,5.000000000000000000e+00,4.000000000000000000e+00,1.808657699646168959e+00
9.400000000000000000e+01,3.121060371398925781e+00,3.062517642974853516e+00,3.804679870605468750e+00,2.464744329452514648e+00,1.017284367916366117e+00,4.660000000000000000e+02,5.000000000000000000e+00,4.000000000000000000e+00,1.750286476030029403e+00
9.405000000000001137e+01,3.171061515808105469e+00,2.989487886428833008e+00,3.586944103240966797e+00,2.289246082305908203e+00,1.007103933588713529e+00,4.880000000000000000e+02,4.000000000000000000e+00,4.000000000000000000e+00,1.899888737392404492e+00
9.410000000000000853e+01,3.046853303909301758e+00,3.008697271347045898e+00,3.372838973999023438e+00,2.676206827163696289e+00,1.034547482573193955e+00,4.630000000000000000e+02,5.000000000000000000e+00,5.000000000000000000e+00,1.760642699100926079e+00
9.415000000000000568e+01,3.023541212081909180e+00,2.943521738052368164e+00,3.726848125457763672e+00,2.300268173217773438e+00,9.594739198672418423e-01,4.880000000000000000e+02,5.000000000000000000e+00,5.000000000000000000e+00,1.751342348889266320e+00
9.420000000000000284e+01,3.067172050476074219e+00,2.933202743530273438e+00,3.635296344757080078e+00,2.353029966354370117e+00,1.081109936949327333e+00,5.080000000000000000e+02,5.000000000000000000e+00,5.000000000000000000e+00,1.943323574222155958e+00
9.425000000000000000e+01,3.024163246154785156e+00,2.963320255279541016e+00,3.151408672332763672e+00,2.625895023345947266e+00,1.081507979728845381e+00,5.110000000000000000e+02,4.000000000000000000e+00,4.000000000000000000e+00,1.810975018860118357e+00
9.430000000000001137e+01,2.999999046325683594e+00,2.919457435607910156e+00,3.615525245666503906e+00,2.145134687423706055e+00,1.020480830457459298e+00,4.680000000000000000e+02,4.000000000000000000e+00,4.000000000000000000e+00,1.900565191557783695e+00
9.435000000000000853e+01,3.050147533416748047e+00,2.930849075317382812e+00,3.489619731903076172e+00,2.261050224304199219e+00,9.656279568113586009e-01,4.970000000000000000e+02,4.000000000000000000e+00,4.000000000000000000e+00,1.761015598974073448e+00
9.440000000000000568e+01,3.081926822662353516e+00,3.019752264022827148e+00,3.518851995468139648e+00,2.550882816314697266e+00,1.018194834901292367e+00,4.990000000000000000e+02,6.000000000000000000e+00,5.000000000000000000e+00,1.846418144384127880e+00
9.445000000000000284e+01,2.973677873611450195e+00,2.867316007614135742e+00,3.437540531158447266e+00,2.092591762542724609e+00,1.039052653026702799e+00,5.130000000000000000e+02,6.000000000000000000e+00,5.000000000000000000e+00,1.864050682692852234e+00
9.450000000000000000e+01,3.195381641387939453e+00,3.095823764801025391e+00,3.527995586395263672e+00,2.409751415252685547e+00,9.910159880650861730e-01,4.660000000000000000e+02,7.000000000000000000e+00,5.000000000000000000e+00,1.811454729766710514e+00
9.455000000000001137e+01,2.998681545257568359e+00,2.856657981872558594e+00,3.732465267181396484e+00,2.427346229553222656e+00,1.001154170520520470e+00,4.820000000000000000e+02,5.000000000000000000e+00,5.000000000000000000e+00,1.783289047651817283e+00
9.460000000000000853e+01,3.112871885299682617e+00,2.975987195968627930e+00,3.665996789932250977e+00,2.321574926376342773e+00,1.045408410862021853e+00,4.910000000000000000e+02,6.000000000000000000e+00,5.000000000000000000e+00,1.981033130989704460e+00
9.465000000000000568e+01,3.196618795394897461e+00,3.034998416900634766e+00,3.546771049499511719e+00,2.394688367843627930e+00,9.541881448669015109e-01,4.710000000000000000e+02,7.000000000000000000e+00,5.000000000000000000e+00,1.716675639658067798e+00
9.470000000000000284e+01,3.262014865875244141e+00,3.186075925827026367e+00,3.438992977142333984e+00,2.354712009429931641e+00,1.021220584177521484e+00,5.000000000000000000e+02,6.000000000000000000e+00,5.000000000000000000e+00,1.738821757950033575e+00
9.475000000000000000e+01,3.019961357116699219e+00,2.996340274810791016e+00,3.575852870941162109e+00,2.307702779769897461e+00,1.001273890789090348e+00,4.900000000000000000e+02,4.000000000000000000e+00,4.000000000000000000e+00,1.824846945026312950e+00
9.480000000000001137e+01,3.261461734771728516e+00,3.230675220489501953e+00,3.187644958496093750e+00,2.507067203521728516e+00,1.074441278491718776e+00,4.540000000000000000e+02,4.000000000000000000e+00,4.000000000000000000e+00,1.894857347374025558e+00
9.485000000000000853e+01,3.073102951049804688e+00,2.982352018356323242e+00,3.466441392898559570e+00,2.419742584228515625e+00,9.792854125333443349e-01,4.960000000000000000e+02,4.000000000000000000e+00,4.000000000000000000e+00,1.837384821041805338e+00
9.490000000000000568e+01,3.177712917327880859e+00,3.111359596252441406e+00,3.522226572036743164e+00,2.376922130584716797e+00,1.030805425410817877e+00,4.940000000000000000e+02,5.000000000000000000e+00,5.000000000000000000e+00,1.760841530084632733e+00
9.495000000000000284e+01,3.069451093673706055e+00,3.010551929473876953e+00,3.450189590454101562e+00,2.358382463455200195e+00,1.000479669326074461e+00,4.950000000000000000e+02,6.000000000000000000e+00,5.000000000000000000e+00,1.639873546944200289e+00
9.500000000000000000e+01,3.075914859771728516e+00,2.954000949859619141e+00,3.650539159774780273e+00,2.092036724090576172e+00,1.012010670713834992e+00,4.840000000000000000e+02,4.000000000000000000e+00,4.000000000000000000e+00,1.684404291278139620e+00
9.505000000000001137e+01,3.258414268493652344e+00,3.137443304061889648e+00,3.454318523406982422e+00,2.333305835723876953e+00,1.049792395388820410e+00,4.990000000000000000e+02,6.000000000000000000e+00,5.000000000000000000e+00,1.857066161242713509e+00
9.510000000000000853e+01,3.296131134033203125e+00,3.220351934432983398e+00,3.699238538742065430e+00,2.312278270721435547e+00,1.057926817962172805e+00,4.900000000000000000e+02,5.000000000000000000e+00,5.000000000000000000e+00,1.636022357841776520e+00
9.515000000000000568e+01,3.186606168746948242e+00,3.094306230545043945e+00,3.702953338623046875e+00,2.365644931793212891e+00,9.695304853642883192e-01,4.750000000000000000e+02,6.000000000000000000e+00,5.000000000000000000e+00,1.951055608181637702e+00
9.520000000000000284e+01,3.165709018707275391e+00,3.100089788436889648e+00,3.850853681564331055e+00,2.340348005294799805e+00,1.031691401596624313e+00,4.990000000000000000e+02,5.000000000000000000e+00,5.000000000000000000e+00,1.848133586350372948e+00
9.525000000000000000e+01,3.253935337066650391e+00,3.215801239013671875e+00,3.511848211288452148e+00,2.764759063720703125e+00,1.064052642589266906e+00,4.720000000000000000e+02,6.000000000000000000e+00,5.000000000000000000e+00,1.805526121334604994e+00
9.530000000000001137e+01,3.371128797531127930e+00,3.301466941833496094e+00,3.900440692901611328e+00,2.281036138534545898e+00,1.082167843063971402e+00,4.710000000000000000e+02,7.000000000000000000e+00,6.000000000000000000e+00,1.763266208873999208e+00
9.535000000000000853e+01,3.015425443649291992e+00,2.949740886688232422e+00,3.852499723434448242e+00,2.389415264129638672e+00,1.093283486876315269e+00,5.050000000000000000e+02,6.000000000000000000e+00,5.000000000000000000e+00,1.698227408339694433e+00
9.540000000000000568e+01,3.030379772186279297e+00,2.928264141082763672e+00,3.556715250015258789e+00,2.368380784988403320e+00,1.071144604674195033e+00,4.950000000000000000e+02,6.000000000000000000e+00,5.000000000000000000e+00,1.849504376630393354e+00
9.545000000000000284e+01,3.086433649063110352e+00,3.030929327011108398e+00,3.667399406433105469e+00,1.996736288070678711e+00,1.070546150651448869e+00,4.930000000000000000e+02,5.000000000000000000e+00,5.000000000000000000e+00,1.771907572176746104e+00
9.550000000000000000e+01,3.178247213363647461e+00,3.091586828231811523e+00,3.600306749343872070e+00,2.177347660064697266e+00,1.005314823345688335e+00,5.000000000000000000e+02,6.000000000000000000e+00,5.000000000000000000e+00,1.739446880906849735e+00
9.555000000000001137e+01,3.253503322601318359e+00,3.270864963531494141e+00,3.998489618301391602e+00,1.862577795982360840e+00,1.252116654705882626e+00,4.630000000000000000e+02,4.000000000000000000e+00,4.000000000000000000e+00,1.678143008421657312e+00
9.560000000000000853e+01,3.222303867340087891e+00,3.218559980392456055e+00,3.736267089843750000e+00,2.404979467391967773e+00,1.161934025080773925e+00,4.700000000000000000e+02,6.000000000000000000e+00,4.000000000000000000e+00,1.744295153727943637e+00
9.565000000000000568e+01,3.228165864944458008e+00,3.206117630004882812e+00,3.649090290069580078e+00,2.203913927078247070e+00,1.009880663960627700e+00,4.650000000000000000e+02,6.000000000000000000e+00,5.000000000000000000e+00,1.860258068674806031e+00
9.570000000000000284e+01,3.151027202606201172e+00,3.132324218750000000e+00,3.631258964538574219e+00,2.015342950820922852e+00,1.020267363855727138e+00,4.930000000000000000e+02,6.000000000000000000e+00,5.000000000000000000e+00,1.851699846849472753e+00
9.575000000000000000e+01,3.129468441009521484e+00,3.110091447830200195e+00,3.639478206634521484e+00,1.861963748931884766e+00,1.056424777309683094e+00,4.610000000000000000e+02,4.000000000000000000e+00,4.000000000000000000e+00,1.770179466574501870e+00
9.580000000000001137e+01,3.255673885345458984e+00,3.151535749435424805e+00,3.380817413330078125e+00,2.297354936599731445e+00,9.871183305614111836e-01,4.950000000000000000e+02,4.000000000000000000e+00,4.000000000000000000e+00,1.843037460104248293e+00
9.585000000000000853e+01,3.213842868804931641e+00,3.156056404113769531e+00,3.599741935729980469e+00,2.275740146636962891e+00,1.000636700258182854e+00,4.870000000000000000e+02,4.000000000000000000e+00,4.000000000000000000e+00,1.920709458110416490e+00
9.590000000000000568e+01,3.156027793884277344e+00,3.203332901000976562e+00,3.450374126434326172e+00,2.260450839996337891e+00,9.567315573752975810e-01,5.030000000000000000e+02,6.000000000000000000e+00,5.000000000000000000e+00,1.774409742863637396e+00
9.595000000000000284e+01,3.178844213485717773e+00,3.113466262817382812e+00,3.449488162994384766e+00,2.524696588516235352e+00,1.012144352322888130e+00,4.790000000000000000e+02,5.000000000000000000e+00,5.000000000000000000e+00,1.754073012967597656e+00
9.600000000000000000e+01,3.066785097122192383e+00,3.050170898437500000e+00,3.421317338943481445e+00,2.108777523040771484e+00,9.747859913839339585e-01,4.900000000000000000e+02,5.000000000000000000e+00,5.000000000000000000e+00,1.810895375774463023e+00
9.605000000000001137e+01,3.120978832244873047e+00,3.137365579605102539e+00,3.634473323822021484e+00,2.387544631958007812e+00,1.141653979594931645e+00,4.410000000000000000e+02,5.000000000000000000e+00,3.000000000000000000e+00,1.880336158733687757e+00
9.610000000000000853e+01,3.278207302093505859e+00,3.304343700408935547e+00,3.469441413879394531e+00,2.593026638031005859e+00,1.038629180908891225e+00,4.600000000000000000e+02,4.000000000000000000e+00,3.000000000000000000e+00,1.887430349567720267e+00
9.615000000000000568e+01,3.379281997680664062e+00,3.252020359039306641e+00,3.463151931762695312e+00,2.302248239517211914e+00,1.067062714680486968e+00,4.320000000000000000e+02,4.000000000000000000e+00,4.000000000000000000e+00,1.766473004962989091e+00
9.620000000000000284e+01,3.246145486831665039e+00,3.175355434417724609e+00,3.516180515289306641e+00,2.550213098526000977e+00,1.048818732927346620e+00,4.900000000000000000e+02,5.000000000000000000e+00,4.000000000000000000e+00,1.926700956136321086e+00
9.625000000000000000e+01,3.203773260116577148e+00,3.100558519363403320e+00,3.374880552291870117e+00,2.647009134292602539e+00,1.216827069112210502e+00,4.720000000000000000e+02,5.000000000000000000e+00,4.000000000000000000e+00,1.881342570390509339e+00
9.630000000000001137e+01,3.090361118316650391e+00,3.038727283477783203e+00,3.242608308792114258e+00,2.446843147277832031e+00,9.545586821996716598e-01,4.740000000000000000e+02,6.000000000000000000e+00,5.000000000000000000e+00,1.809176800116527595e+00
9.635000000000000853e+01,3.229847908020019531e+00,3.104605197906494141e+00,3.491017341613769531e+00,2.288445711135864258e+00,1.049126636961827064e+00,4.610000000000000000e+02,6.000000000000000000e+00,5.000000000000000000e+00,1.900030832774504130e+00
9.640000000000000568e+01,3.147831201553344727e+00,3.094045877456665039e+00,3.534281730651855469e+00,2.342912435531616211e+00,1.080625103901391215e+00,4.940000000000000000e+02,5.000000000000000000e+00,5.000000000000000000e+00,1.677051218646460562e+00
9.645000000000000284e+01,3.083168268203735352e+00,3.004569530487060547e+00,3.378390789031982422e+00,2.463396549224853516e+00,1.135067038956343533e+00,4.740000000000000000e+02,5.000000000000000000e+00,5.000000000000000000e+00,1.819158548697711097e+00
9.650000000000000000e+01,3.227594137191772461e+00,3.115653991699218750e+00,3.190425872802734375e+00,2.568798065185546875e+00,1.072146647445307188e+00,4.460000000000000000e+02,3.000000000000000000e+00,3.000000000000000000e+00,1.887649450951681462e+00
9.655000000000001137e+01,3.307189464569091797e+00,3.199685573577880859e+00,3.314369201660156250e+00,2.365478515625000000e+00,9.763714291849366900e-01,4.750000000000000000e+02,6.000000000000000000e+00,4.000000000000000000e+00,1.876145585213234046e+00
9.660000000000000853e+01,3.356939554214477539e+00,3.179318666458129883e+00,3.065594196319580078e+00,2.810959577560424805e+00,1.094419544299378266e+00,4.670000000000000000e+02,5.000000000000000000e+00,5.000000000000000000e+00,1.774002266745768441e+00
9.665000000000000568e+01,3.339531660079956055e+00,3.202613353729248047e+00,3.188699722290039062e+00,2.581343412399291992e+00,1.179287356303670542e+00,4.910000000000000000e+02,6.000000000000000000e+00,6.000000000000000000e+00,1.754838728425508476e+00
9.670000000000000284e+01,3.231098413467407227e+00,3.069022893905639648e+00,3.469746351242065430e+00,2.449578762054443359e+00,1.000192308008338582e+00,4.890000000000000000e+02,5.000000000000000000e+00,5.000000000000000000e+00,1.795129878543382462e+00
9.675000000000000000e+01,3.199769496917724609e+00,3.108245849609375000e+00,3.518889188766479492e+00,2.338764667510986328e+00,9.952335672408446632e-01,4.630000000000000000e+02,4.000000000000000000e+00,4.000000000000000000e+00,1.826138583021366113e+00
9.680000000000001137e+01,3.092605829238891602e+00,2.995846509933471680e+00,3.323788881301879883e+00,2.365866899490356445e+00,1.003498251383588835e+00,5.040000000000000000e+02,5.000000000000000000e+00,5.000000000000000000e+00,1.721301909717975143e+00
9.685000000000000853e+01,3.195619821548461914e+00,3.116001605987548828e+00,3.338868141174316406e+00,2.399800062179565430e+00,1.127898648000928539e+00,4.650000000000000000e+02,5.000000000000000000e+00,5.000000000000000000e+00,1.625078427721695418e+00
9.690000000000000568e+01,3.178508758544921875e+00,2.965201377868652344e+00,3.332635879516601562e+00,2.518704414367675781e+00,1.110157139176823682e+00,4.890000000000000000e+02,6.000000000000000000e+00,5.000000000000000000e+00,1.694729359756869114e+00
9.695000000000000284e+01,3.065069675445556641e+00,3.016089916229248047e+00,3.259811401367187500e+00,2.448636531829833984e+00,1.101184613164861936e+00,4.920000000000000000e+02,4.000000000000000000e+00,3.000000000000000000e+00,1.766324675571405489e+00
9.700000000000000000e+01,3.147687911987304688e+00,3.013146877288818359e+00,3.382349014282226562e+00,2.690262794494628906e+00,1.174320467318450190e+00,4.760000000000000000e+02,5.000000000000000000e+00,5.000000000000000000e+00,1.809145575218266355e+00
9.705000000000001137e+01,3.273015022277832031e+00,3.184587001800537109e+00,3.340384721755981445e+00,2.842092514038085938e+00,1.176022953312763519e+00,4.550000000000000000e+02,4.000000000000000000e+00,4.000000000000000000e+00,1.923128058369915072e+00
9.710000000000000853e+01,3.218757867813110352e+00,3.131609916687011719e+00,3.232761859893798828e+00,2.393398761749267578e+00,1.116322423678091980e+00,4.660000000000000000e+02,5.000000000000000000e+00,4.000000000000000000e+00,1.757553549492405054e+00
9.715000000000000568e+01,3.199253082275390625e+00,3.105859518051147461e+00,3.409333229064941406e+00,2.368052244186401367e+00,1.175917113504212352e+00,4.910000000000000000e+02,5.000000000000000000e+00,5.000000000000000000e+00,1.756770566079835172e+00
9.720000000000000284e+01,3.163331985473632812e+00,3.045679569244384766e+00,3.290987253189086914e+00,2.493504524230957031e+00,1.192593553283856078e+00,4.740000000000000000e+02,6.000000000000000000e+00,5.000000000000000000e+00,1.801181498515960655e+00
9.725000000000000000e+01,3.298108339309692383e+00,3.303575038909912109e+00,3.084029197692871094e+00,2.771624565124511719e+00,1.105965518707184625e+00,4.920000000000000000e+02,5.000000000000000000e+00,5.000000000000000000e+00,1.733406404824981095e+00
9.730000000000001137e+01,3.248353004455566406e+00,3.254875659942626953e+00,3.567637205123901367e+00,2.497553110122680664e+00,1.111680862436606354e+00,4.810000000000000000e+02,4.000000000000000000e+00,3.000000000000000000e+00,1.716023309421704779e+00
9.735000000000000853e+01,3.071511030197143555e+00,3.000472545623779297e+00,3.434908866882324219e+00,2.339364051818847656e+00,1.151953343596587631e+00,4.730000000000000000e+02,5.000000000000000000e+00,5.000000000000000000e+00,1.768526824925221064e+00
9.740000000000000568e+01,3.155731201171875000e+00,3.090700149536132812e+00,3.352797031402587891e+00,2.410545349121093750e+00,1.101260751767787927e+00,4.550000000000000000e+02,6.000000000000000000e+00,5.000000000000000000e+00,1.862316370276444699e+00
9.745000000000000284e+01,3.080233097076416016e+00,2.954613685607910156e+00,3.204395532608032227e+00,2.527325153350830078e+00,1.128835957357453346e+00,4.560000000000000000e+02,5.000000000000000000e+00,5.000000000000000000e+00,1.679357960709052300e+00
9.750000000000000000e+01,3.161378383636474609e+00,3.165068149566650391e+00,3.465903759002685547e+00,2.440453529357910156e+00,1.129571029997866738e+00,4.510000000000000000e+02,5.000000000000000000e+00,5.000000000000000000e+00,1.858814047736780939e+00
9.755000000000001137e+01,3.345831871032714844e+00,3.273300886154174805e+00,3.390946865081787109e+00,2.704385519027709961e+00,1.129118316992008486e+00,4.690000000000000000e+02,5.000000000000000000e+00,4.000000000000000000e+00,1.884386165325546703e+00
9.760000000000000853e+01,3.206831455230712891e+00,3.123268127441406250e+00,3.373029708862304688e+00,2.595872402191162109e+00,1.114371406196829728e+00,4.660000000000000000e+02,5.000000000000000000e+00,5.000000000000000000e+00,1.784724325502065057e+00
9.765000000000000568e+01,3.263883352279663086e+00,3.146471977233886719e+00,3.342461347579956055e+00,2.712272644042968750e+00,1.149194360326150965e+00,4.890000000000000000e+02,6.000000000000000000e+00,6.000000000000000000e+00,1.811188322712124155e+00
9.770000000000000284e+01,3.153611183166503906e+00,3.066460132598876953e+00,3.033383131027221680e+00,2.764010667800903320e+00,1.144118029273362591e+00,4.700000000000000000e+02,5.000000000000000000e+00,4.000000000000000000e+00,1.890384076863316665e+00
9.775000000000000000e+01,3.292251586914062500e+00,3.098009824752807617e+00,3.577882051467895508e+00,2.234676361083984375e+00,1.072800071006718703e+00,4.830000000000000000e+02,6.000000000000000000e+00,4.000000000000000000e+00,1.723091989721319273e+00
9.780000000000001137e+01,3.336018085479736328e+00,3.180357933044433594e+00,3.486565589904785156e+00,2.492016315460205078e+00,1.077366861633747286e+00,4.920000000000000000e+02,5.000000000000000000e+00,3.000000000000000000e+00,1.812349493808440792e+00
9.785000000000000853e+01,3.283720254898071289e+00,3.134800195693969727e+00,3.982262134552001953e+00,2.182523250579833984e+00,1.137939134348386006e+00,4.690000000000000000e+02,5.000000000000000000e+00,4.000000000000000000e+00,1.719265353696714849e+00
9.790000000000000568e+01,3.309990882873535156e+00,3.241144418716430664e+00,3.553461074829101562e+00,2.597485542297363281e+00,1.119773349687134933e+00,4.650000000000000000e+02,4.000000000000000000e+00,3.000000000000000000e+00,1.807787514189284739e+00
9.795000000000000284e+01,3.300513744354248047e+00,3.229964971542358398e+00,3.946474075317382812e+00,2.176610231399536133e+00,1.185921220250186092e+00,4.450000000000000000e+02,4.000000000000000000e+00,4.000000000000000000e+00,1.854419008986190942e+00
9.800000000000000000e+01,3.136894702911376953e+00,2.991286277770996094e+00,3.634957075119018555e+00,2.139662265777587891e+00,1.099477519711532736e+00,4.660000000000000000e+02,5.000000000000000000e+00,4.000000000000000000e+00,1.732747925960357316e+00
9.805000000000001137e+01,3.302221059799194336e+00,3.303085803985595703e+00,3.448884487152099609e+00,2.499691486358642578e+00,1.137458975828314456e+00,4.820000000000000000e+02,5.000000000000000000e+00,5.000000000000000000e+00,1.760630212223794677e+00
9.810000000000000853e+01,3.251933097839355469e+00,3.058762311935424805e+00,3.451536893844604492e+00,2.551334857940673828e+00,1.154896559411501489e+00,4.990000000000000000e+02,6.000000000000000000e+00,5.000000000000000000e+00,1.765709498311973880e+00
9.815000000000000568e+01,3.221928834915161133e+00,3.127260208129882812e+00,3.410421371459960938e+00,2.481407642364501953e+00,1.143656894788531275e+00,4.600000000000000000e+02,5.000000000000000000e+00,4.000000000000000000e+00,1.783765367551901848e+00
9.820000000000000284e+01,3.251057863235473633e+00,3.119648933410644531e+00,3.196970939636230469e+00,2.416779518127441406e+00,1.060461341495908760e+00,4.700000000000000000e+02,5.000000000000000000e+00,5.000000000000000000e+00,1.691137855355630215e+00
9.825000000000000000e+01,3.210497856140136719e+00,3.197040557861328125e+00,3.354120492935180664e+00,2.384327411651611328e+00,1.072963338557078705e+00,4.860000000000000000e+02,6.000000000000000000e+00,6.000000000000000000e+00,1.727676410298341070e+00
9.830000000000001137e+01,3.252023696899414062e+00,3.106113433837890625e+00,3.845691919326782227e+00,2.022198677062988281e+00,1.157942702184555195e+00,4.640000000000000000e+02,6.000000000000000000e+00,5.000000000000000000e+00,1.767301055372157315e+00
9.835000000000000853e+01,3.152531385421752930e+00,3.045535564422607422e+00,3.619943857192993164e+00,2.274996519088745117e+00,1.105925725731295772e+00,4.790000000000000000e+02,5.000000000000000000e+00,5.000000000000000000e+00,1.772493567544449533e+00
9.840000000000000568e+01,3.166731357574462891e+00,3.162548542022705078e+00,3.685254573822021484e+00,2.286483287811279297e+00,1.132922594477695499e+00,4.640000000000000000e+02,6.000000000000000000e+00,5.000000000000000000e+00,1.860864539499661685e+00
9.845000000000000284e+01,3.213244676589965820e+00,3.207316160202026367e+00,3.340401887893676758e+00,2.279050111770629883e+00,1.067930404684381607e+00,4.600000000000000000e+02,3.000000000000000000e+00,3.000000000000000000e+00,1.707111685178094973e+00
9.850000000000000000e+01,3.267065525054931641e+00,3.231512308120727539e+00,3.790507555007934570e+00,2.276072025299072266e+00,9.666724214766300172e-01,4.970000000000000000e+02,5.000000000000000000e+00,5.000000000000000000e+00,1.810953464073053354e+00
9.855000000000001137e+01,3.187835693359375000e+00,3.070886611938476562e+00,3.432398319244384766e+00,2.164371252059936523e+00,1.078878432504339457e+00,4.540000000000000000e+02,5.000000000000000000e+00,5.000000000000000000e+00,1.785049828570893782e+00
9.860000000000000853e+01,3.123548269271850586e+00,3.021691083908081055e+00,3.389062881469726562e+00,2.450136184692382812e+00,1.085297708515952309e+00,4.570000000000000000e+02,4.000000000000000000e+00,4.000000000000000000e+00,1.786177778509279612e+00
9.865000000000000568e+01,3.183637857437133789e+00,3.100979089736938477e+00,3.444670438766479492e+00,2.387789011001586914e+00,1.127846413894838307e+00,4.810000000000000000e+02,5.000000000000000000e+00,5.000000000000000000e+00,1.772281230383413231e+00
9.870000000000000284e+01,3.262721300125122070e+00,3.128005981445312500e+00,3.569037437438964844e+00,2.251770019531250000e+00,1.127645435586057898e+00,5.030000000000000000e+02,6.000000000000000000e+00,4.000000000000000000e+00,1.860455963976425986e+00
9.875000000000000000e+01,3.189143180847167969e+00,3.150683403015136719e+00,3.452842712402343750e+00,2.328725337982177734e+00,9.642008856737392941e-01,4.950000000000000000e+02,4.000000000000000000e+00,4.000000000000000000e+00,1.850693497322238867e+00
9.880000000000001137e+01,3.240401744842529297e+00,3.142762184143066406e+00,3.276801586151123047e+00,2.230613708496093750e+00,1.024853433326362140e+00,4.800000000000000000e+02,5.000000000000000000e+00,4.000000000000000000e+00,1.680334767722120093e+00
9.885000000000000853e+01,3.194150686264038086e+00,3.005905389785766602e+00,3.688109159469604492e+00,2.243756532669067383e+00,9.678439921203174645e-01,4.490000000000000000e+02,4.000000000000000000e+00,4.000000000000000000e+00,1.764514214540239267e+00
9.890000000000000568e+01,3.327506542205810547e+00,3.158424139022827148e+00,3.282904386520385742e+00,2.291634559631347656e+00,1.090267779960903072e+00,4.860000000000000000e+02,4.000000000000000000e+00,4.000000000000000000e+00,1.744371100090182036e+00
9.895000000000000284e+01,3.266620874404907227e+00,3.122487545013427734e+00,3.627895116806030273e+00,1.978679180145263672e+00,1.037856663724654460e+00,4.520000000000000000e+02,5.000000000000000000e+00,4.000000000000000000e+00,1.732538991108803383e+00
9.900000000000000000e+01,3.206381320953369141e+00,3.065252780914306641e+00,3.404245376586914062e+00,2.360693931579589844e+00,9.876536724872406747e-01,5.060000000000000000e+02,4.000000000000000000e+00,4.000000000000000000e+00,1.885183476330836605e+00
9.905000000000001137e+01,3.234590530395507812e+00,3.180769681930541992e+00,3.719414234161376953e+00,2.141561985015869141e+00,1.137793369160111423e+00,4.770000000000000000e+02,6.000000000000000000e+00,5.000000000000000000e+00,1.704548708011411673e+00
9.910000000000000853e+01,3.426975965499877930e+00,3.288870334625244141e+00,3.658275604248046875e+00,2.210145235061645508e+00,1.078119061598516337e+00,4.840000000000000000e+02,5.000000000000000000e+00,5.000000000000000000e+00,1.755147225833085800e+00
9.915000000000000568e+01,3.384320735931396484e+00,3.193423748016357422e+00,3.611698389053344727e+00,2.006559371948242188e+00,1.065165437514971947e+00,4.900000000000000000e+02,6.000000000000000000e+00,4.000000000000000000e+00,1.878382742687991547e+00
9.920000000000000284e+01,3.215838670730590820e+00,3.092999696731567383e+00,3.276208639144897461e+00,2.277354001998901367e+00,1.127978352463943512e+00,4.940000000000000000e+02,6.000000000000000000e+00,5.000000000000000000e+00,1.775303582463810814e+00
9.925000000000000000e+01,3.160210132598876953e+00,3.105903863906860352e+00,3.090044260025024414e+00,2.438125133514404297e+00,1.074767995814190691e+00,4.740000000000000000e+02,6.000000000000000000e+00,5.000000000000000000e+00,1.780901063442496213e+00
9.930000000000001137e+01,3.197063922882080078e+00,3.101712703704833984e+00,3.807157516479492188e+00,2.020904064178466797e+00,1.098695888964133616e+00,4.990000000000000000e+02,6.000000000000000000e+00,4.000000000000000000e+00,1.866610981008012482e+00
9.935000000000000853e+01,3.240818023681640625e+00,3.131751060485839844e+00,3.304933309555053711e+00,2.208872795104980469e+00,1.097788880730329097e+00,4.750000000000000000e+02,5.000000000000000000e+00,4.000000000000000000e+00,1.723662379920183563e+00
9.940000000000000568e+01,3.133254289627075195e+00,3.124916791915893555e+00,3.465883493423461914e+00,2.203972339630126953e+00,1.131238482002351331e+00,4.690000000000000000e+02,5.000000000000000000e+00,5.000000000000000000e+00,1.858890053525523500e+00
9.945000000000000284e+01,3.153237819671630859e+00,3.142343997955322266e+00,3.590047836303710938e+00,2.401927947998046875e+00,1.253977982068553931e+00,4.650000000000000000e+02,4.000000000000000000e+00,4.000000000000000000e+00,1.822856829498239239e+00
9.950000000000000000e+01,3.153042554855346680e+00,3.071217536926269531e+00,3.357419013977050781e+00,2.323933124542236328e+00,1.115119406760432419e+00,4.930000000000000000e+02,5.000000000000000000e+00,5.000000000000000000e+00,1.786727235726885965e+00
9.955000000000001137e+01,3.248325824737548828e+00,3.103303670883178711e+00,3.414876937866210938e+00,2.280631303787231445e+00,1.139663517016833216e+00,4.840000000000000000e+02,5.000000000000000000e+00,5.000000000000000000e+00,1.774742574044314347e+00
9.960000000000000853e+01,3.139339685440063477e+00,3.028658390045166016e+00,3.799815654754638672e+00,2.309511184692382812e+00,1.183594164616057265e+00,4.790000000000000000e+02,5.000000000000000000e+00,4.000000000000000000e+00,2.055900734391353346e+00
9.965000000000000568e+01,3.467082500457763672e+00,3.464062213897705078e+00,3.458045005798339844e+00,2.729248046875000000e+00,1.151310244908993585e+00,4.870000000000000000e+02,5.000000000000000000e+00,5.000000000000000000e+00,1.812899529742224125e+00
9.970000000000000284e+01,3.314123630523681641e+00,3.235443592071533203e+00,3.437291383743286133e+00,2.241916179656982422e+00,1.119096068804582789e+00,4.760000000000000000e+02,5.000000000000000000e+00,5.000000000000000000e+00,1.890037872614426240e+00
9.975000000000000000e+01,3.301774501800537109e+00,3.233838558197021484e+00,3.080600500106811523e+00,2.815130233764648438e+00,1.131934299548043921e+00,4.740000000000000000e+02,5.000000000000000000e+00,5.000000000000000000e+00,1.753257195430029336e+00
9.980000000000001137e+01,3.216143846511840820e+00,3.109376430511474609e+00,3.637224674224853516e+00,2.568433046340942383e+00,1.151701607542160222e+00,4.810000000000000000e+02,5.000000000000000000e+00,4.000000000000000000e+00,1.711865933388576178e+00
9.985000000000000853e+01,3.299255371093750000e+00,3.260604143142700195e+00,3.505411624908447266e+00,2.307271480560302734e+00,1.156488036723648749e+00,4.810000000000000000e+02,5.000000000000000000e+00,5.000000000000000000e+00,1.782443695970983732e+00
9.990000000000000568e+01,3.135766744613647461e+00,3.026835918426513672e+00,3.671706199645996094e+00,2.382032394409179688e+00,1.191378900528854201e+00,5.020000000000000000e+02,6.000000000000000000e+00,5.000000000000000000e+00,1.754363097429534335e+00
