time_ns,rec_rmsd_vs_crystal_A,rec_rmsd_vs_f0_A,lig_rmsd_vs_crystal_A,lig_rmsd_vs_f0_A,lig_internal_rmsd_A,n_contacts,n_polar,hbond_count,min_lig_prot_dist_A
0.000000000000000000e+00,2.251970529556274414e+00,0.000000000000000000e+00,2.143572330474853516e+00,0.000000000000000000e+00,1.057874685662940850e+00,3.500000000000000000e+02,0.000000000000000000e+00,0.000000000000000000e+00,2.394417578764931331e+00
5.000000000000000278e-02,1.943460226058959961e+00,1.299583315849304199e+00,1.600535154342651367e+00,1.312240242958068848e+00,1.161107582959138185e+00,3.760000000000000000e+02,0.000000000000000000e+00,0.000000000000000000e+00,2.314953625811501325e+00
1.000000000000000056e-01,1.780725836753845215e+00,1.834856748580932617e+00,2.865448951721191406e+00,2.268024921417236328e+00,9.788068805902554459e-01,3.930000000000000000e+02,2.000000000000000000e+00,1.000000000000000000e+00,1.550305678369537032e+00
1.500000000000000222e-01,1.710678339004516602e+00,1.982628226280212402e+00,2.445523977279663086e+00,2.148981571197509766e+00,9.704562635497253620e-01,3.900000000000000000e+02,3.000000000000000000e+00,1.000000000000000000e+00,1.648295639392107992e+00
2.000000000000000111e-01,1.717483282089233398e+00,1.656402587890625000e+00,2.601348876953125000e+00,2.229433059692382812e+00,1.031116027883711928e+00,3.830000000000000000e+02,1.000000000000000000e+00,1.000000000000000000e+00,1.605864624347697944e+00
2.500000000000000000e-01,1.685805439949035645e+00,1.878282785415649414e+00,2.812191963195800781e+00,2.377486467361450195e+00,9.777713720475372794e-01,3.850000000000000000e+02,3.000000000000000000e+00,1.000000000000000000e+00,1.747946071747831009e+00
3.000000000000000444e-01,1.707894802093505859e+00,1.773023724555969238e+00,2.604673385620117188e+00,2.364965438842773438e+00,1.007054578991442462e+00,3.390000000000000000e+02,2.000000000000000000e+00,1.000000000000000000e+00,1.645443485516562054e+00
3.500000000000000333e-01,1.875143051147460938e+00,1.562365412712097168e+00,2.687301635742187500e+00,2.063818454742431641e+00,9.827888458743704314e-01,3.600000000000000000e+02,3.000000000000000000e+00,1.000000000000000000e+00,1.638704033935893367e+00
4.000000000000000222e-01,1.858222484588623047e+00,1.886653780937194824e+00,2.593969106674194336e+00,2.297440528869628906e+00,1.096419661388003730e+00,3.870000000000000000e+02,2.000000000000000000e+00,1.000000000000000000e+00,1.728174769458714399e+00
4.500000000000000111e-01,2.016193151473999023e+00,1.564150571823120117e+00,2.620712518692016602e+00,2.189872503280639648e+00,1.041938478665329848e+00,3.950000000000000000e+02,2.000000000000000000e+00,1.000000000000000000e+00,1.575308269879996947e+00
5.000000000000000000e-01,1.798418283462524414e+00,1.850428581237792969e+00,2.433016300201416016e+00,2.032084941864013672e+00,1.021351473337903881e+00,3.300000000000000000e+02,2.000000000000000000e+00,1.000000000000000000e+00,1.740715536086588244e+00
5.500000000000000444e-01,2.046652317047119141e+00,1.947056174278259277e+00,2.480636119842529297e+00,2.131889581680297852e+00,1.049450191745557426e+00,3.800000000000000000e+02,2.000000000000000000e+00,1.000000000000000000e+00,1.648197218577613699e+00
6.000000000000000888e-01,1.980552673339843750e+00,1.742384552955627441e+00,2.929399967193603516e+00,2.374320507049560547e+00,1.020554704697554271e+00,3.750000000000000000e+02,2.000000000000000000e+00,1.000000000000000000e+00,1.707943493049754791e+00
6.500000000000000222e-01,1.994302153587341309e+00,2.010574102401733398e+00,2.691840887069702148e+00,2.153683185577392578e+00,1.024789131652771079e+00,3.850000000000000000e+02,1.000000000000000000e+00,1.000000000000000000e+00,1.938009841502575048e+00
7.000000000000000666e-01,1.965826153755187988e+00,1.955876946449279785e+00,2.440475940704345703e+00,2.338059186935424805e+00,1.026171036115590463e+00,4.000000000000000000e+02,2.000000000000000000e+00,1.000000000000000000e+00,1.748613471450053192e+00
7.500000000000000000e-01,1.855727434158325195e+00,1.836462974548339844e+00,2.346143245697021484e+00,2.363022804260253906e+00,1.007416557795816736e+00,3.600000000000000000e+02,2.000000000000000000e+00,1.000000000000000000e+00,1.622204443055128786e+00
8.000000000000000444e-01,1.878178000450134277e+00,1.762851715087890625e+00,2.693760395050048828e+00,2.332140922546386719e+00,1.229064207582583945e+00,3.530000000000000000e+02,1.000000000000000000e+00,1.000000000000000000e+00,1.715998927075482072e+00
8.500000000000000888e-01,1.967622756958007812e+00,1.934136152267456055e+00,2.533960580825805664e+00,2.394747495651245117e+00,1.271587030123064510e+00,3.950000000000000000e+02,2.000000000000000000e+00,1.000000000000000000e+00,1.787606812783156141e+00
9.000000000000000222e-01,2.039021492004394531e+00,1.847829222679138184e+00,2.466717720031738281e+00,2.041830062866210938e+00,1.226846133398610483e+00,3.970000000000000000e+02,2.000000000000000000e+00,1.000000000000000000e+00,1.827072517987858191e+00
9.500000000000000666e-01,1.943713426589965820e+00,1.774870634078979492e+00,2.983705997467041016e+00,2.303244829177856445e+00,1.244643022587894166e+00,3.460000000000000000e+02,1.000000000000000000e+00,1.000000000000000000e+00,1.652018076022972792e+00
1.000000000000000000e+00,2.118003606796264648e+00,1.875204324722290039e+00,2.448062419891357422e+00,2.367518424987792969e+00,1.251418568284486277e+00,3.720000000000000000e+02,1.000000000000000000e+00,1.000000000000000000e+00,1.836940772166718805e+00
1.050000000000000044e+00,2.167663335800170898e+00,2.135222434997558594e+00,2.476852416992187500e+00,2.189969301223754883e+00,1.198887611907782702e+00,3.830000000000000000e+02,1.000000000000000000e+00,1.000000000000000000e+00,1.810402481146837772e+00
1.100000000000000089e+00,2.065856933593750000e+00,2.065188646316528320e+00,2.223401546478271484e+00,2.330138921737670898e+00,1.198830525966928739e+00,3.830000000000000000e+02,2.000000000000000000e+00,1.000000000000000000e+00,1.769609765621070752e+00
1.150000000000000133e+00,1.859686374664306641e+00,1.985498785972595215e+00,2.546534776687622070e+00,2.222112655639648438e+00,1.182071433003992755e+00,3.790000000000000000e+02,2.000000000000000000e+00,1.000000000000000000e+00,1.755466863728440963e+00
1.200000000000000178e+00,2.149389505386352539e+00,1.942072391510009766e+00,2.471009969711303711e+00,2.483508348464965820e+00,1.157708010129005816e+00,3.580000000000000000e+02,2.000000000000000000e+00,1.000000000000000000e+00,1.594363521924003102e+00
1.250000000000000000e+00,2.204513788223266602e+00,1.879232645034790039e+00,2.079036712646484375e+00,2.267656803131103516e+00,1.200064469115462495e+00,3.880000000000000000e+02,2.000000000000000000e+00,1.000000000000000000e+00,1.788791983833142529e+00
1.300000000000000044e+00,1.999955296516418457e+00,1.854738593101501465e+00,2.240967988967895508e+00,2.283802270889282227e+00,1.141696142915249013e+00,4.090000000000000000e+02,2.000000000000000000e+00,1.000000000000000000e+00,1.753636195992461566e+00
1.350000000000000089e+00,1.993303060531616211e+00,1.912989854812622070e+00,2.674118280410766602e+00,2.255423545837402344e+00,1.236993283841155478e+00,3.950000000000000000e+02,2.000000000000000000e+00,1.000000000000000000e+00,1.645769744379030897e+00
1.400000000000000133e+00,1.984156370162963867e+00,1.836231827735900879e+00,2.323173046112060547e+00,2.428166389465332031e+00,1.192916646946169834e+00,3.990000000000000000e+02,2.000000000000000000e+00,1.000000000000000000e+00,1.662865262360555096e+00
1.450000000000000178e+00,2.137834787368774414e+00,1.914145350456237793e+00,2.333157539367675781e+00,2.107649326324462891e+00,1.197360531505270220e+00,4.160000000000000000e+02,2.000000000000000000e+00,1.000000000000000000e+00,1.700736484926637981e+00
1.500000000000000000e+00,2.027738809585571289e+00,1.782764792442321777e+00,2.364271402359008789e+00,2.189516544342041016e+00,1.202654159278058632e+00,4.080000000000000000e+02,2.000000000000000000e+00,1.000000000000000000e+00,1.817525542953295936e+00
1.550000000000000044e+00,2.113672733306884766e+00,1.791736960411071777e+00,2.549480438232421875e+00,2.282983779907226562e+00,1.217396738035559034e+00,4.090000000000000000e+02,1.000000000000000000e+00,1.000000000000000000e+00,1.704004221863854696e+00
1.600000000000000089e+00,2.247345209121704102e+00,1.701359868049621582e+00,2.428660869598388672e+00,2.168471336364746094e+00,1.264031134334963724e+00,3.760000000000000000e+02,2.000000000000000000e+00,1.000000000000000000e+00,1.737337579265344489e+00
1.650000000000000133e+00,2.103149890899658203e+00,2.013423919677734375e+00,2.272141218185424805e+00,2.179374456405639648e+00,1.139881025113892665e+00,4.190000000000000000e+02,1.000000000000000000e+00,1.000000000000000000e+00,1.627824447191113855e+00
1.700000000000000178e+00,2.122484207153320312e+00,1.990165591239929199e+00,2.209713220596313477e+00,2.329519033432006836e+00,1.216444664237737339e+00,4.130000000000000000e+02,2.000000000000000000e+00,1.000000000000000000e+00,1.770756571379494604e+00
1.750000000000000000e+00,2.084961414337158203e+00,1.888315439224243164e+00,2.311613082885742188e+00,2.182131528854370117e+00,1.193035592404904754e+00,4.140000000000000000e+02,2.000000000000000000e+00,1.000000000000000000e+00,1.624422194091889704e+00
1.800000000000000044e+00,1.992613077163696289e+00,1.835290908813476562e+00,2.644192695617675781e+00,2.356670618057250977e+00,1.177218808737732436e+00,3.930000000000000000e+02,2.000000000000000000e+00,1.000000000000000000e+00,1.616967767995005634e+00
1.850000000000000089e+00,2.037086248397827148e+00,1.889425277709960938e+00,2.569025039672851562e+00,2.256923913955688477e+00,1.167159871737364796e+00,4.070000000000000000e+02,1.000000000000000000e+00,1.000000000000000000e+00,1.734506318669313485e+00
1.900000000000000133e+00,2.138790607452392578e+00,1.938093662261962891e+00,2.470101833343505859e+00,2.230972528457641602e+00,1.191303123366871608e+00,4.300000000000000000e+02,2.000000000000000000e+00,1.000000000000000000e+00,1.801518012756906817e+00
1.950000000000000178e+00,2.032776594161987305e+00,1.883189797401428223e+00,2.494802951812744141e+00,2.281321048736572266e+00,1.180389504674737911e+00,3.860000000000000000e+02,2.000000000000000000e+00,1.000000000000000000e+00,1.724056182225429890e+00
2.000000000000000000e+00,2.079929351806640625e+00,1.874364018440246582e+00,2.458271265029907227e+00,2.229308366775512695e+00,1.275711327195085731e+00,3.900000000000000000e+02,2.000000000000000000e+00,1.000000000000000000e+00,1.895135192214073561e+00
2.050000000000000266e+00,1.994740843772888184e+00,1.854679584503173828e+00,2.657889127731323242e+00,2.393643856048583984e+00,1.166507359902411389e+00,4.110000000000000000e+02,3.000000000000000000e+00,1.000000000000000000e+00,1.856507092300749617e+00
2.100000000000000089e+00,2.085917234420776367e+00,1.818176746368408203e+00,2.583882808685302734e+00,2.218143701553344727e+00,1.159862641328851307e+00,4.090000000000000000e+02,2.000000000000000000e+00,1.000000000000000000e+00,1.696034809503265128e+00
2.149999999999999911e+00,2.026030063629150391e+00,1.813613176345825195e+00,2.346585273742675781e+00,2.374769687652587891e+00,1.181190342774644852e+00,3.830000000000000000e+02,1.000000000000000000e+00,1.000000000000000000e+00,2.034501618051216987e+00
2.200000000000000178e+00,2.134039878845214844e+00,1.748217463493347168e+00,2.249247789382934570e+00,2.217579364776611328e+00,1.204602750666968092e+00,3.950000000000000000e+02,3.000000000000000000e+00,1.000000000000000000e+00,1.838489019814031344e+00
2.250000000000000000e+00,2.011348247528076172e+00,1.894923329353332520e+00,2.448131322860717773e+00,2.221724510192871094e+00,1.214566690497762780e+00,4.020000000000000000e+02,1.000000000000000000e+00,1.000000000000000000e+00,1.638979307311225320e+00
2.300000000000000266e+00,1.976485729217529297e+00,1.877661228179931641e+00,2.497757434844970703e+00,2.256181716918945312e+00,1.200644995874483811e+00,3.890000000000000000e+02,1.000000000000000000e+00,1.000000000000000000e+00,1.759774248394753160e+00
2.350000000000000089e+00,1.800379753112792969e+00,1.947471618652343750e+00,2.306176424026489258e+00,2.165560245513916016e+00,1.221497630163596915e+00,4.220000000000000000e+02,1.000000000000000000e+00,1.000000000000000000e+00,1.758268125433796403e+00
2.400000000000000355e+00,1.872418045997619629e+00,2.027814865112304688e+00,2.992038965225219727e+00,2.654441356658935547e+00,1.169735520278678997e+00,4.120000000000000000e+02,2.000000000000000000e+00,1.000000000000000000e+00,1.576016681924857776e+00
2.450000000000000178e+00,2.050948619842529297e+00,1.822919726371765137e+00,2.454735040664672852e+00,2.283998966217041016e+00,1.261394844303998397e+00,3.980000000000000000e+02,2.000000000000000000e+00,1.000000000000000000e+00,1.607720953783755791e+00
2.500000000000000000e+00,2.044222831726074219e+00,1.926934957504272461e+00,2.469129323959350586e+00,2.300819396972656250e+00,1.213456594702646552e+00,4.260000000000000000e+02,2.000000000000000000e+00,1.000000000000000000e+00,1.612845470292549876e+00
2.550000000000000266e+00,2.001226186752319336e+00,2.085388660430908203e+00,2.375207901000976562e+00,2.115026950836181641e+00,1.256387071681321910e+00,3.950000000000000000e+02,2.000000000000000000e+00,1.000000000000000000e+00,1.752563703376037285e+00
2.600000000000000089e+00,2.011561870574951172e+00,2.069844007492065430e+00,2.064684867858886719e+00,2.305853605270385742e+00,1.172314988129084190e+00,3.940000000000000000e+02,1.000000000000000000e+00,1.000000000000000000e+00,1.737788383264158742e+00
2.650000000000000355e+00,1.916643261909484863e+00,2.113444328308105469e+00,2.611909866333007812e+00,2.442106962203979492e+00,1.204665254465927315e+00,3.600000000000000000e+02,1.000000000000000000e+00,1.000000000000000000e+00,1.604596913609274145e+00
2.700000000000000178e+00,1.918616414070129395e+00,2.013384342193603516e+00,2.308135509490966797e+00,2.368708133697509766e+00,1.171020005843354195e+00,3.920000000000000000e+02,2.000000000000000000e+00,1.000000000000000000e+00,1.807483993865732996e+00
2.750000000000000000e+00,2.033644199371337891e+00,2.100681066513061523e+00,2.129660606384277344e+00,2.271539688110351562e+00,1.197967722825447279e+00,4.200000000000000000e+02,2.000000000000000000e+00,1.000000000000000000e+00,1.602925068222342375e+00
2.800000000000000266e+00,1.967019319534301758e+00,1.868675708770751953e+00,2.219029426574707031e+00,2.305695772171020508e+00,1.243470944084307472e+00,4.300000000000000000e+02,2.000000000000000000e+00,1.000000000000000000e+00,1.723331919768560816e+00
2.850000000000000089e+00,2.038767576217651367e+00,1.647757887840270996e+00,2.331872224807739258e+00,2.362865447998046875e+00,1.256397004582282539e+00,4.030000000000000000e+02,2.000000000000000000e+00,1.000000000000000000e+00,1.621866383867416328e+00
2.900000000000000355e+00,1.951826095581054688e+00,1.886436700820922852e+00,2.327225446701049805e+00,2.420749187469482422e+00,1.216139107947635356e+00,4.010000000000000000e+02,2.000000000000000000e+00,1.000000000000000000e+00,1.708394248513489089e+00
2.950000000000000178e+00,1.920205473899841309e+00,1.954429149627685547e+00,2.173353910446166992e+00,2.303141593933105469e+00,1.228457084220804463e+00,3.960000000000000000e+02,2.000000000000000000e+00,1.000000000000000000e+00,1.622020073735293000e+00
3.000000000000000000e+00,2.051068782806396484e+00,1.963155865669250488e+00,2.766287803649902344e+00,2.497483730316162109e+00,1.237036426936742206e+00,3.980000000000000000e+02,2.000000000000000000e+00,1.000000000000000000e+00,1.581826527483922717e+00
3.050000000000000266e+00,2.060866832733154297e+00,1.946979880332946777e+00,2.199127912521362305e+00,2.202940225601196289e+00,1.226455580453326144e+00,3.750000000000000000e+02,1.000000000000000000e+00,1.000000000000000000e+00,1.814353000210725764e+00
3.100000000000000089e+00,2.066239833831787109e+00,1.868920445442199707e+00,2.224714279174804688e+00,2.287405490875244141e+00,1.228373112238305476e+00,4.070000000000000000e+02,2.000000000000000000e+00,1.000000000000000000e+00,1.753680368125482669e+00
3.150000000000000355e+00,2.111188650131225586e+00,1.798794269561767578e+00,2.309620857238769531e+00,2.501980304718017578e+00,1.197533063008958676e+00,4.070000000000000000e+02,2.000000000000000000e+00,1.000000000000000000e+00,1.544961610348692727e+00
3.200000000000000178e+00,2.124047040939331055e+00,1.796049833297729492e+00,2.288243532180786133e+00,2.371903896331787109e+00,1.198528675676359345e+00,3.730000000000000000e+02,2.000000000000000000e+00,1.000000000000000000e+00,1.631360958577990683e+00
3.250000000000000000e+00,2.259480714797973633e+00,1.896790027618408203e+00,2.408486604690551758e+00,2.535064697265625000e+00,1.170106506466576546e+00,3.980000000000000000e+02,2.000000000000000000e+00,1.000000000000000000e+00,1.719232210938404393e+00
3.300000000000000266e+00,2.073432683944702148e+00,1.880409717559814453e+00,2.225744485855102539e+00,2.190598964691162109e+00,1.273491708393499566e+00,4.080000000000000000e+02,2.000000000000000000e+00,1.000000000000000000e+00,1.639366795340075900e+00
3.350000000000000089e+00,2.123092174530029297e+00,2.007390975952148438e+00,2.297620296478271484e+00,2.338839054107666016e+00,1.264318011400404007e+00,4.020000000000000000e+02,2.000000000000000000e+00,1.000000000000000000e+00,1.742610620955326706e+00
3.400000000000000355e+00,2.177239656448364258e+00,1.982014417648315430e+00,2.366778373718261719e+00,2.347195625305175781e+00,1.241336158566708869e+00,3.870000000000000000e+02,2.000000000000000000e+00,1.000000000000000000e+00,1.613649495630882669e+00
3.450000000000000178e+00,2.163190364837646484e+00,1.860622882843017578e+00,2.553233861923217773e+00,2.328164339065551758e+00,1.208297362940510267e+00,4.140000000000000000e+02,2.000000000000000000e+00,1.000000000000000000e+00,1.714950686016163850e+00
3.500000000000000000e+00,2.236321449279785156e+00,2.153797626495361328e+00,2.234056949615478516e+00,2.443918704986572266e+00,1.182262925601930803e+00,3.780000000000000000e+02,1.000000000000000000e+00,1.000000000000000000e+00,1.878071508727225503e+00
3.550000000000000266e+00,2.085081100463867188e+00,2.129159688949584961e+00,2.657427310943603516e+00,2.316359996795654297e+00,1.251899003578317515e+00,3.820000000000000000e+02,2.000000000000000000e+00,1.000000000000000000e+00,1.583997828498571181e+00
3.600000000000000089e+00,1.951032400131225586e+00,1.932033896446228027e+00,2.556675910949707031e+00,2.312332153320312500e+00,1.215433963441517884e+00,4.090000000000000000e+02,1.000000000000000000e+00,1.000000000000000000e+00,1.619061094983454296e+00
3.650000000000000355e+00,2.001261949539184570e+00,1.957106709480285645e+00,2.224145174026489258e+00,2.323840618133544922e+00,1.185097235900816948e+00,4.150000000000000000e+02,2.000000000000000000e+00,1.000000000000000000e+00,1.836639973509915924e+00
3.700000000000000178e+00,1.920671582221984863e+00,2.083504438400268555e+00,2.529822587966918945e+00,2.189771652221679688e+00,1.192776972259686152e+00,4.050000000000000000e+02,2.000000000000000000e+00,1.000000000000000000e+00,1.731560420472875395e+00
3.750000000000000000e+00,2.008052110671997070e+00,1.869306325912475586e+00,2.319267988204956055e+00,2.260357856750488281e+00,1.184462029580765297e+00,3.910000000000000000e+02,2.000000000000000000e+00,1.000000000000000000e+00,1.802652372265997727e+00
3.800000000000000266e+00,2.273137807846069336e+00,2.212226867675781250e+00,2.405789375305175781e+00,2.304673194885253906e+00,1.261279962823805167e+00,3.900000000000000000e+02,2.000000000000000000e+00,1.000000000000000000e+00,1.640885240391991573e+00
3.850000000000000089e+00,2.106410980224609375e+00,2.047230482101440430e+00,2.383044242858886719e+00,2.250779628753662109e+00,1.259066640757936284e+00,3.820000000000000000e+02,2.000000000000000000e+00,1.000000000000000000e+00,1.743048854897911060e+00
3.900000000000000355e+00,2.201852321624755859e+00,2.005453824996948242e+00,2.225744009017944336e+00,2.124884843826293945e+00,1.205380516079413766e+00,4.160000000000000000e+02,2.000000000000000000e+00,1.000000000000000000e+00,1.621748692775970779e+00
3.950000000000000178e+00,2.060660362243652344e+00,2.075228929519653320e+00,2.335020065307617188e+00,2.254660367965698242e+00,1.177492572980812113e+00,3.820000000000000000e+02,1.000000000000000000e+00,1.000000000000000000e+00,1.972325196298385208e+00
4.000000000000000000e+00,2.089601516723632812e+00,1.849795579910278320e+00,2.151211738586425781e+00,2.150296688079833984e+00,1.182803931095624428e+00,4.040000000000000000e+02,1.000000000000000000e+00,1.000000000000000000e+00,1.808566097081664381e+00
4.049999999999999822e+00,2.119092464447021484e+00,2.076798200607299805e+00,2.235970497131347656e+00,2.182574748992919922e+00,1.249929987747470772e+00,4.040000000000000000e+02,2.000000000000000000e+00,1.000000000000000000e+00,1.614786460235918319e+00
4.100000000000000533e+00,2.303369522094726562e+00,2.145781993865966797e+00,2.512761116027832031e+00,2.413958549499511719e+00,1.227366018716164797e+00,3.750000000000000000e+02,1.000000000000000000e+00,1.000000000000000000e+00,1.767740173966346751e+00
4.150000000000000355e+00,1.999551534652709961e+00,1.930884718894958496e+00,2.214030981063842773e+00,2.394359827041625977e+00,1.146828864096655964e+00,4.060000000000000000e+02,2.000000000000000000e+00,1.000000000000000000e+00,1.623915593379056999e+00
4.200000000000000178e+00,2.440263509750366211e+00,2.080141305923461914e+00,2.623722076416015625e+00,2.526865482330322266e+00,1.138617884444584671e+00,3.460000000000000000e+02,1.000000000000000000e+00,1.000000000000000000e+00,1.623220708983340366e+00
4.250000000000000000e+00,2.287307977676391602e+00,2.072252988815307617e+00,2.385169506072998047e+00,2.495667457580566406e+00,1.153763636088300792e+00,3.600000000000000000e+02,1.000000000000000000e+00,1.000000000000000000e+00,1.706104048679596641e+00
4.299999999999999822e+00,2.062050819396972656e+00,2.109084844589233398e+00,2.528540134429931641e+00,2.408160924911499023e+00,1.180952560351112179e+00,3.780000000000000000e+02,1.000000000000000000e+00,1.000000000000000000e+00,1.813315417394752993e+00
4.350000000000000533e+00,2.199713706970214844e+00,2.048448324203491211e+00,2.335697174072265625e+00,2.195133686065673828e+00,1.200553377452568515e+00,3.590000000000000000e+02,2.000000000000000000e+00,1.000000000000000000e+00,1.642819373790499471e+00
4.400000000000000355e+00,2.118132114410400391e+00,2.039534568786621094e+00,2.136775493621826172e+00,2.283147811889648438e+00,1.206636317497278732e+00,3.630000000000000000e+02,1.000000000000000000e+00,1.000000000000000000e+00,1.786585717110820593e+00
4.450000000000000178e+00,2.089698314666748047e+00,2.012433052062988281e+00,2.210757255554199219e+00,2.199200391769409180e+00,1.242309401118913970e+00,3.830000000000000000e+02,2.000000000000000000e+00,1.000000000000000000e+00,1.724271433232455575e+00
4.500000000000000000e+00,2.217796087265014648e+00,1.987380981445312500e+00,2.406314849853515625e+00,2.312058925628662109e+00,1.225999636497387746e+00,3.860000000000000000e+02,2.000000000000000000e+00,1.000000000000000000e+00,1.730354612159249239e+00
4.549999999999999822e+00,2.085234642028808594e+00,2.048912286758422852e+00,3.258631467819213867e+00,2.582742214202880859e+00,1.207580443471606868e+00,3.650000000000000000e+02,1.000000000000000000e+00,1.000000000000000000e+00,1.704148889563323888e+00
4.600000000000000533e+00,2.048696041107177734e+00,1.940643906593322754e+00,2.522394180297851562e+00,2.270392656326293945e+00,1.203875792695312530e+00,3.780000000000000000e+02,2.000000000000000000e+00,1.000000000000000000e+00,1.653335910116648710e+00
4.650000000000000355e+00,2.173832416534423828e+00,2.080360412597656250e+00,2.388637304306030273e+00,2.231456756591796875e+00,1.229950645049066704e+00,3.850000000000000000e+02,2.000000000000000000e+00,1.000000000000000000e+00,1.717361777858310123e+00
4.700000000000000178e+00,2.298147201538085938e+00,2.088376998901367188e+00,2.283421039581298828e+00,2.479327201843261719e+00,1.249402739256953110e+00,3.730000000000000000e+02,2.000000000000000000e+00,1.000000000000000000e+00,1.743681560771923600e+00
4.750000000000000000e+00,2.029084920883178711e+00,1.943810224533081055e+00,2.334223747253417969e+00,2.264442682266235352e+00,1.136273332475416620e+00,3.730000000000000000e+02,1.000000000000000000e+00,1.000000000000000000e+00,1.845719863587581555e+00
4.800000000000000711e+00,2.104590654373168945e+00,1.907854676246643066e+00,2.302583694458007812e+00,2.286007642745971680e+00,1.216636955191281011e+00,3.840000000000000000e+02,2.000000000000000000e+00,1.000000000000000000e+00,1.920425094742508554e+00
4.850000000000000533e+00,2.251707553863525391e+00,1.907299637794494629e+00,2.375167608261108398e+00,2.210409402847290039e+00,1.218371434219908789e+00,3.630000000000000000e+02,1.000000000000000000e+00,1.000000000000000000e+00,1.634412395464024614e+00
4.900000000000000355e+00,2.134726285934448242e+00,2.080672025680541992e+00,2.209922552108764648e+00,2.263659000396728516e+00,1.237672276864345777e+00,4.100000000000000000e+02,2.000000000000000000e+00,1.000000000000000000e+00,1.709054227244621416e+00
4.950000000000000178e+00,2.134080171585083008e+00,1.821028947830200195e+00,2.399508237838745117e+00,2.526967048645019531e+00,1.179718215681604176e+00,3.820000000000000000e+02,1.000000000000000000e+00,1.000000000000000000e+00,1.815641667427073669e+00
5.000000000000000000e+00,1.989744186401367188e+00,1.960843563079833984e+00,2.406902551651000977e+00,2.293103218078613281e+00,1.220480956870573008e+00,4.070000000000000000e+02,1.000000000000000000e+00,1.000000000000000000e+00,1.821728444408142522e+00
5.050000000000000711e+00,1.994219779968261719e+00,2.013182163238525391e+00,2.606581449508666992e+00,2.473107814788818359e+00,1.171450619273068039e+00,3.490000000000000000e+02,1.000000000000000000e+00,1.000000000000000000e+00,1.739429638884917528e+00
5.100000000000000533e+00,1.971791982650756836e+00,1.707468509674072266e+00,2.352835178375244141e+00,2.303371906280517578e+00,1.182324961824147591e+00,3.770000000000000000e+02,1.000000000000000000e+00,1.000000000000000000e+00,1.879815160711261202e+00
5.150000000000000355e+00,1.914611339569091797e+00,1.939646482467651367e+00,2.282069683074951172e+00,2.195863485336303711e+00,1.149882702138269375e+00,4.020000000000000000e+02,2.000000000000000000e+00,1.000000000000000000e+00,1.602602073916711056e+00
5.200000000000000178e+00,1.906492471694946289e+00,1.747755765914916992e+00,2.327163934707641602e+00,2.390477418899536133e+00,1.190501554182133326e+00,3.880000000000000000e+02,2.000000000000000000e+00,1.000000000000000000e+00,1.646061167114875046e+00
5.250000000000000000e+00,2.278064727783203125e+00,1.880723476409912109e+00,2.443500518798828125e+00,2.300895452499389648e+00,1.177711325800845366e+00,3.720000000000000000e+02,2.000000000000000000e+00,1.000000000000000000e+00,1.680772475717310588e+00
5.300000000000000711e+00,1.890122652053833008e+00,1.890295624732971191e+00,2.426695585250854492e+00,2.285111904144287109e+00,1.198336517084940711e+00,3.780000000000000000e+02,1.000000000000000000e+00,1.000000000000000000e+00,1.716773642324422422e+00
5.350000000000000533e+00,2.154950141906738281e+00,1.844764351844787598e+00,2.339399337768554688e+00,2.437526702880859375e+00,1.250891659938480505e+00,4.010000000000000000e+02,2.000000000000000000e+00,1.000000000000000000e+00,1.599630772119568167e+00
5.400000000000000355e+00,1.956395506858825684e+00,1.767486095428466797e+00,2.482109308242797852e+00,2.386265516281127930e+00,1.194946247221247537e+00,3.700000000000000000e+02,2.000000000000000000e+00,1.000000000000000000e+00,1.655314042370891192e+00
5.450000000000000178e+00,2.002844333648681641e+00,1.770653486251831055e+00,2.343423843383789062e+00,2.347181320190429688e+00,1.232409455291252121e+00,3.750000000000000000e+02,2.000000000000000000e+00,1.000000000000000000e+00,1.655515688303562882e+00
5.500000000000000000e+00,2.007779598236083984e+00,1.898576736450195312e+00,2.506980419158935547e+00,2.115617752075195312e+00,1.184704799554055832e+00,3.610000000000000000e+02,2.000000000000000000e+00,1.000000000000000000e+00,1.639019438722634447e+00
5.550000000000000711e+00,2.027908086776733398e+00,1.976928710937500000e+00,2.507090330123901367e+00,2.440704345703125000e+00,1.212764665222343385e+00,4.060000000000000000e+02,2.000000000000000000e+00,1.000000000000000000e+00,1.791838809353088147e+00
5.600000000000000533e+00,2.140339374542236328e+00,2.065054655075073242e+00,2.578015089035034180e+00,2.378647804260253906e+00,1.213938624897861418e+00,3.870000000000000000e+02,2.000000000000000000e+00,1.000000000000000000e+00,1.612787115675595961e+00
5.650000000000000355e+00,2.161442041397094727e+00,2.284445762634277344e+00,2.534200191497802734e+00,2.261276245117187500e+00,1.239743158484167829e+00,3.750000000000000000e+02,1.000000000000000000e+00,1.000000000000000000e+00,1.632486896064589077e+00
5.700000000000000178e+00,1.974657058715820312e+00,2.155068635940551758e+00,2.296512365341186523e+00,2.269801616668701172e+00,1.274583175406591273e+00,4.150000000000000000e+02,2.000000000000000000e+00,1.000000000000000000e+00,1.666069333242895523e+00
5.750000000000000000e+00,2.110515117645263672e+00,2.021426200866699219e+00,2.283918619155883789e+00,2.465148925781250000e+00,1.198653749875749241e+00,3.800000000000000000e+02,1.000000000000000000e+00,1.000000000000000000e+00,1.611048486766968102e+00
5.800000000000000711e+00,1.970324754714965820e+00,1.963409423828125000e+00,2.924599170684814453e+00,2.583244323730468750e+00,1.217384592730767379e+00,3.790000000000000000e+02,1.000000000000000000e+00,1.000000000000000000e+00,1.581149700521246038e+00
5.850000000000000533e+00,1.903895020484924316e+00,2.003050327301025391e+00,2.630191087722778320e+00,2.393245697021484375e+00,1.193958633890449983e+00,4.000000000000000000e+02,2.000000000000000000e+00,1.000000000000000000e+00,1.740215626115323433e+00
5.900000000000000355e+00,1.939942121505737305e+00,1.956930160522460938e+00,2.612428426742553711e+00,2.440838336944580078e+00,1.180824127077161112e+00,3.920000000000000000e+02,2.000000000000000000e+00,1.000000000000000000e+00,1.700496178791151447e+00
5.950000000000000178e+00,2.035832881927490234e+00,2.052375793457031250e+00,2.408795595169067383e+00,2.334671735763549805e+00,1.283262708560254151e+00,4.260000000000000000e+02,1.000000000000000000e+00,1.000000000000000000e+00,1.702414120132234920e+00
6.000000000000000000e+00,2.090005397796630859e+00,2.015836000442504883e+00,2.673825740814208984e+00,2.587498426437377930e+00,1.190939533668514683e+00,3.880000000000000000e+02,2.000000000000000000e+00,1.000000000000000000e+00,1.825506634392445315e+00
6.050000000000000711e+00,2.082446575164794922e+00,2.013730287551879883e+00,2.561378717422485352e+00,2.312515020370483398e+00,1.204278668985029555e+00,4.000000000000000000e+02,1.000000000000000000e+00,1.000000000000000000e+00,1.737968608325205278e+00
6.100000000000000533e+00,2.081254959106445312e+00,2.012489080429077148e+00,2.799939632415771484e+00,2.450114011764526367e+00,1.192720658712538517e+00,3.830000000000000000e+02,2.000000000000000000e+00,1.000000000000000000e+00,1.646745938982124180e+00
6.150000000000000355e+00,2.113587856292724609e+00,2.078027963638305664e+00,2.464659929275512695e+00,2.364655017852783203e+00,1.215063478040707690e+00,3.910000000000000000e+02,1.000000000000000000e+00,1.000000000000000000e+00,1.613712339887071412e+00
6.200000000000000178e+00,2.038299798965454102e+00,2.063177824020385742e+00,2.677533149719238281e+00,2.452375650405883789e+00,1.222138210905113986e+00,3.980000000000000000e+02,1.000000000000000000e+00,1.000000000000000000e+00,1.781721603928899889e+00
6.250000000000000000e+00,2.045897483825683594e+00,2.051791667938232422e+00,2.468242168426513672e+00,2.320753812789916992e+00,1.184379814326832703e+00,4.050000000000000000e+02,2.000000000000000000e+00,1.000000000000000000e+00,1.838489620264585955e+00
6.300000000000000711e+00,2.052054882049560547e+00,2.009495258331298828e+00,2.421275615692138672e+00,2.364773273468017578e+00,1.183562873257306025e+00,4.080000000000000000e+02,1.000000000000000000e+00,1.000000000000000000e+00,1.650539075037406045e+00
6.350000000000000533e+00,1.997857689857482910e+00,2.064998388290405273e+00,2.341310501098632812e+00,2.167032241821289062e+00,1.200536700907485432e+00,4.210000000000000000e+02,2.000000000000000000e+00,1.000000000000000000e+00,1.553210706412438968e+00
6.400000000000000355e+00,2.061310768127441406e+00,2.166811943054199219e+00,2.687149524688720703e+00,2.484698772430419922e+00,1.187010374660531831e+00,3.890000000000000000e+02,1.000000000000000000e+00,1.000000000000000000e+00,1.802767173303875481e+00
6.450000000000000178e+00,2.102811574935913086e+00,1.983830451965332031e+00,2.496454000473022461e+00,2.386575222015380859e+00,1.218087702891887503e+00,3.790000000000000000e+02,1.000000000000000000e+00,1.000000000000000000e+00,1.691941612095806180e+00
6.500000000000000000e+00,2.036317348480224609e+00,2.043804645538330078e+00,2.663686513900756836e+00,2.333720207214355469e+00,1.229523417966780441e+00,4.130000000000000000e+02,1.000000000000000000e+00,1.000000000000000000e+00,1.634163625157421862e+00
6.550000000000000711e+00,1.978956937789916992e+00,1.936765789985656738e+00,2.436828613281250000e+00,2.331785678863525391e+00,1.227024449548987706e+00,3.690000000000000000e+02,2.000000000000000000e+00,1.000000000000000000e+00,1.636544789513688647e+00
6.600000000000000533e+00,2.081331968307495117e+00,2.108398437500000000e+00,2.269388198852539062e+00,2.385750532150268555e+00,1.225761042482171437e+00,4.160000000000000000e+02,2.000000000000000000e+00,1.000000000000000000e+00,1.758583436715626558e+00
6.650000000000000355e+00,2.112737178802490234e+00,1.949751138687133789e+00,2.416599988937377930e+00,2.319689035415649414e+00,1.259054307247913673e+00,3.600000000000000000e+02,2.000000000000000000e+00,1.000000000000000000e+00,1.568984273220451087e+00
6.700000000000000178e+00,2.171346187591552734e+00,1.927599668502807617e+00,2.319608211517333984e+00,2.380210399627685547e+00,1.179985172867646703e+00,3.760000000000000000e+02,2.000000000000000000e+00,1.000000000000000000e+00,1.636195689840087564e+00
6.750000000000000000e+00,2.133411884307861328e+00,2.216829538345336914e+00,2.592975854873657227e+00,2.556588411331176758e+00,1.243037622669817654e+00,3.780000000000000000e+02,2.000000000000000000e+00,1.000000000000000000e+00,1.707497246250230916e+00
6.800000000000000711e+00,2.194782257080078125e+00,2.185405731201171875e+00,2.236489772796630859e+00,2.302203893661499023e+00,1.248858737110738693e+00,3.740000000000000000e+02,2.000000000000000000e+00,1.000000000000000000e+00,1.819478238024665906e+00
6.850000000000000533e+00,2.076388597488403320e+00,2.178287506103515625e+00,2.483890295028686523e+00,2.378271341323852539e+00,1.202319673446510695e+00,4.040000000000000000e+02,1.000000000000000000e+00,1.000000000000000000e+00,1.624955717821776613e+00
6.900000000000000355e+00,2.056759119033813477e+00,1.995383501052856445e+00,2.363690137863159180e+00,2.208312273025512695e+00,1.142636301153111766e+00,4.220000000000000000e+02,2.000000000000000000e+00,1.000000000000000000e+00,1.667895401109698916e+00
6.950000000000000178e+00,2.080777168273925781e+00,2.082751989364624023e+00,2.396416902542114258e+00,2.203852176666259766e+00,1.250173693352420567e+00,3.830000000000000000e+02,2.000000000000000000e+00,1.000000000000000000e+00,1.591207625868572340e+00
7.000000000000000000e+00,2.136327981948852539e+00,2.040260314941406250e+00,2.831659793853759766e+00,2.457988023757934570e+00,1.230171900496250359e+00,4.300000000000000000e+02,3.000000000000000000e+00,1.000000000000000000e+00,1.746876285096748305e+00
7.050000000000000711e+00,2.209376811981201172e+00,2.059972286224365234e+00,2.349714756011962891e+00,2.279668807983398438e+00,1.242865991123721647e+00,4.160000000000000000e+02,2.000000000000000000e+00,1.000000000000000000e+00,1.692344110759481657e+00
7.100000000000000533e+00,2.136512041091918945e+00,2.096549510955810547e+00,2.450024604797363281e+00,2.295666694641113281e+00,1.238461250272082204e+00,3.940000000000000000e+02,2.000000000000000000e+00,1.000000000000000000e+00,1.791314017594228147e+00
7.150000000000000355e+00,2.056468963623046875e+00,2.234050273895263672e+00,2.527702808380126953e+00,2.186203241348266602e+00,1.241027245834952275e+00,4.250000000000000000e+02,2.000000000000000000e+00,1.000000000000000000e+00,1.704825796068049071e+00
7.200000000000000178e+00,2.141822814941406250e+00,1.895350813865661621e+00,2.578662633895874023e+00,2.279863834381103516e+00,1.240355343006144029e+00,4.040000000000000000e+02,1.000000000000000000e+00,1.000000000000000000e+00,1.636788216448489264e+00
7.250000000000000000e+00,2.119486570358276367e+00,2.154437065124511719e+00,2.780847549438476562e+00,2.247066736221313477e+00,1.326133135330087587e+00,3.700000000000000000e+02,2.000000000000000000e+00,1.000000000000000000e+00,1.835954608348492334e+00
7.300000000000000711e+00,2.117814779281616211e+00,2.060874462127685547e+00,2.476205587387084961e+00,2.271780729293823242e+00,1.214859892614973624e+00,3.940000000000000000e+02,2.000000000000000000e+00,1.000000000000000000e+00,1.893685839886149136e+00
7.350000000000000533e+00,2.022888183593750000e+00,2.075223684310913086e+00,2.250900030136108398e+00,2.154287338256835938e+00,1.162962078222440354e+00,4.120000000000000000e+02,2.000000000000000000e+00,1.000000000000000000e+00,1.720438681332481012e+00
7.400000000000000355e+00,2.154891014099121094e+00,2.309911727905273438e+00,2.367153644561767578e+00,2.190671205520629883e+00,1.240801931470575603e+00,3.770000000000000000e+02,2.000000000000000000e+00,1.000000000000000000e+00,1.861659825713080085e+00
7.450000000000000178e+00,2.061887264251708984e+00,2.048747062683105469e+00,2.450488567352294922e+00,2.245273113250732422e+00,1.251117564069089472e+00,3.900000000000000000e+02,2.000000000000000000e+00,1.000000000000000000e+00,1.741430278947598165e+00
7.500000000000000000e+00,2.118189573287963867e+00,2.096188306808471680e+00,2.366862773895263672e+00,2.265367984771728516e+00,1.189545310675726331e+00,4.280000000000000000e+02,2.000000000000000000e+00,1.000000000000000000e+00,1.717582901784348914e+00
7.550000000000000711e+00,2.059822320938110352e+00,1.991151452064514160e+00,2.962285518646240234e+00,2.444400072097778320e+00,1.205532229813211842e+00,4.140000000000000000e+02,2.000000000000000000e+00,1.000000000000000000e+00,1.734152240642718779e+00
7.600000000000000533e+00,2.449537992477416992e+00,1.851544499397277832e+00,2.612664937973022461e+00,2.291427373886108398e+00,1.178160062137969311e+00,3.940000000000000000e+02,2.000000000000000000e+00,1.000000000000000000e+00,1.695312249528728499e+00
7.650000000000000355e+00,2.328351020812988281e+00,1.787136793136596680e+00,2.521368503570556641e+00,2.152069568634033203e+00,1.135759600911947942e+00,4.290000000000000000e+02,3.000000000000000000e+00,1.000000000000000000e+00,1.550411175238213479e+00
7.700000000000000178e+00,2.543263912200927734e+00,1.955732107162475586e+00,2.413741827011108398e+00,2.325459480285644531e+00,1.193605318715468933e+00,4.300000000000000000e+02,2.000000000000000000e+00,1.000000000000000000e+00,1.535338450945266775e+00
7.750000000000000000e+00,2.399707078933715820e+00,1.891649842262268066e+00,2.735114574432373047e+00,2.396908044815063477e+00,1.200974918697010452e+00,3.700000000000000000e+02,2.000000000000000000e+00,1.000000000000000000e+00,1.735455508377498068e+00
7.800000000000000711e+00,2.300493478775024414e+00,1.834711909294128418e+00,2.775839567184448242e+00,2.401358842849731445e+00,1.252811123279053751e+00,3.920000000000000000e+02,1.000000000000000000e+00,1.000000000000000000e+00,1.809422510079888191e+00
7.850000000000000533e+00,2.288953542709350586e+00,1.794418096542358398e+00,2.509137630462646484e+00,2.273584604263305664e+00,1.219030098096556936e+00,4.070000000000000000e+02,2.000000000000000000e+00,1.000000000000000000e+00,1.609228466205164576e+00
7.900000000000000355e+00,2.597849845886230469e+00,1.883965253829956055e+00,2.818881034851074219e+00,2.492484331130981445e+00,1.249103241089430494e+00,4.180000000000000000e+02,2.000000000000000000e+00,1.000000000000000000e+00,1.615318524916138587e+00
7.950000000000000178e+00,2.300116062164306641e+00,1.805581331253051758e+00,2.435010194778442383e+00,2.364694356918334961e+00,1.237027693001895745e+00,3.730000000000000000e+02,2.000000000000000000e+00,1.000000000000000000e+00,1.652379634423033705e+00
8.000000000000000000e+00,2.647828578948974609e+00,1.977824926376342773e+00,2.194833993911743164e+00,2.448503971099853516e+00,1.223209597011452043e+00,3.700000000000000000e+02,2.000000000000000000e+00,1.000000000000000000e+00,1.817272648748034847e+00
8.050000000000000711e+00,2.576173782348632812e+00,1.923303365707397461e+00,2.398141145706176758e+00,2.311964273452758789e+00,1.226045415086471024e+00,4.060000000000000000e+02,2.000000000000000000e+00,1.000000000000000000e+00,1.659213046488741572e+00
8.099999999999999645e+00,2.736116647720336914e+00,2.132956743240356445e+00,2.237998008728027344e+00,2.238225698471069336e+00,1.247978768690404694e+00,4.210000000000000000e+02,2.000000000000000000e+00,1.000000000000000000e+00,1.814677886004573359e+00
8.150000000000000355e+00,2.565659046173095703e+00,1.836116909980773926e+00,2.355531692504882812e+00,2.525405406951904297e+00,1.215558744826559678e+00,4.160000000000000000e+02,2.000000000000000000e+00,1.000000000000000000e+00,1.664398777529192852e+00
8.200000000000001066e+00,2.665798187255859375e+00,1.941263794898986816e+00,2.363474607467651367e+00,2.286848783493041992e+00,1.271684404763030241e+00,4.100000000000000000e+02,2.000000000000000000e+00,1.000000000000000000e+00,1.612012138498325253e+00
8.250000000000000000e+00,2.545384407043457031e+00,1.920611619949340820e+00,2.355919122695922852e+00,2.370844364166259766e+00,1.209257479290025472e+00,4.050000000000000000e+02,2.000000000000000000e+00,1.000000000000000000e+00,1.690450129608037866e+00
8.300000000000000711e+00,2.409811735153198242e+00,1.853481769561767578e+00,2.168383121490478516e+00,2.215528964996337891e+00,1.198116219662144433e+00,3.590000000000000000e+02,2.000000000000000000e+00,1.000000000000000000e+00,1.710331610580879236e+00
8.349999999999999645e+00,2.524133682250976562e+00,1.857527494430541992e+00,2.215775966644287109e+00,2.367383480072021484e+00,1.163864552232813043e+00,3.680000000000000000e+02,1.000000000000000000e+00,1.000000000000000000e+00,2.124699392137828102e+00
8.400000000000000355e+00,2.545349121093750000e+00,1.874939680099487305e+00,2.319059610366821289e+00,2.348648071289062500e+00,1.175846008972506684e+00,3.860000000000000000e+02,2.000000000000000000e+00,1.000000000000000000e+00,1.727973224642157302e+00
8.450000000000001066e+00,2.693073749542236328e+00,1.907409191131591797e+00,2.559006452560424805e+00,2.618187904357910156e+00,1.211462451755919156e+00,4.180000000000000000e+02,2.000000000000000000e+00,1.000000000000000000e+00,1.747380895463453765e+00
8.500000000000000000e+00,2.437178611755371094e+00,1.723163008689880371e+00,2.434489727020263672e+00,2.296778202056884766e+00,1.205254621180333219e+00,3.610000000000000000e+02,2.000000000000000000e+00,1.000000000000000000e+00,1.787401795918091452e+00
8.550000000000000711e+00,2.512494325637817383e+00,1.824241757392883301e+00,2.480510711669921875e+00,2.270405054092407227e+00,1.256002510522628013e+00,3.600000000000000000e+02,2.000000000000000000e+00,1.000000000000000000e+00,1.677901457046528932e+00
8.599999999999999645e+00,2.420829296112060547e+00,1.819678425788879395e+00,2.335011482238769531e+00,2.434254169464111328e+00,1.171434041371224311e+00,3.890000000000000000e+02,2.000000000000000000e+00,1.000000000000000000e+00,1.713732507599248445e+00
8.650000000000000355e+00,2.545689582824707031e+00,1.831851243972778320e+00,2.907923460006713867e+00,2.590294837951660156e+00,1.278060527552935088e+00,3.950000000000000000e+02,2.000000000000000000e+00,1.000000000000000000e+00,1.654654137803109881e+00
8.700000000000001066e+00,2.691296100616455078e+00,1.990322828292846680e+00,2.581921100616455078e+00,2.408203363418579102e+00,1.225422544210903908e+00,4.000000000000000000e+02,2.000000000000000000e+00,1.000000000000000000e+00,1.734418480143571140e+00
8.750000000000000000e+00,2.386508464813232422e+00,1.856693267822265625e+00,2.539260625839233398e+00,2.523939609527587891e+00,1.198889956230444254e+00,3.950000000000000000e+02,2.000000000000000000e+00,1.000000000000000000e+00,1.672303459471849774e+00
8.800000000000000711e+00,2.552246570587158203e+00,1.854962587356567383e+00,2.784034252166748047e+00,2.808403491973876953e+00,1.169996945613822836e+00,3.930000000000000000e+02,2.000000000000000000e+00,1.000000000000000000e+00,1.603946706876318906e+00
8.849999999999999645e+00,2.682251691818237305e+00,1.993493795394897461e+00,2.194159269332885742e+00,2.398635625839233398e+00,1.219927499567005302e+00,4.130000000000000000e+02,3.000000000000000000e+00,1.000000000000000000e+00,1.680698913591223143e+00
8.900000000000000355e+00,2.577598333358764648e+00,1.853197693824768066e+00,2.392883539199829102e+00,2.383732557296752930e+00,1.185385319338282173e+00,3.930000000000000000e+02,1.000000000000000000e+00,1.000000000000000000e+00,1.798613811568736676e+00
8.950000000000001066e+00,2.324947357177734375e+00,1.842519044876098633e+00,2.589800834655761719e+00,2.322522640228271484e+00,1.257231673712257081e+00,3.920000000000000000e+02,2.000000000000000000e+00,1.000000000000000000e+00,1.672784285748620814e+00
9.000000000000000000e+00,2.513580322265625000e+00,1.954103469848632812e+00,2.685455322265625000e+00,2.554904222488403320e+00,1.125993542577773177e+00,4.030000000000000000e+02,1.000000000000000000e+00,1.000000000000000000e+00,1.763481803497264355e+00
9.050000000000000711e+00,2.792899608612060547e+00,1.978747725486755371e+00,2.652939796447753906e+00,2.469777345657348633e+00,1.254113628790648471e+00,3.970000000000000000e+02,2.000000000000000000e+00,1.000000000000000000e+00,1.667320330616474777e+00
9.099999999999999645e+00,2.541616201400756836e+00,1.885518908500671387e+00,2.601503849029541016e+00,2.603425979614257812e+00,1.221225542542514475e+00,3.890000000000000000e+02,2.000000000000000000e+00,1.000000000000000000e+00,1.638795898276131258e+00
9.150000000000000355e+00,2.554448127746582031e+00,1.943152427673339844e+00,2.477382898330688477e+00,2.223610877990722656e+00,1.253477068940851424e+00,3.850000000000000000e+02,2.000000000000000000e+00,1.000000000000000000e+00,1.857970898685753269e+00
9.200000000000001066e+00,2.419940233230590820e+00,1.797466397285461426e+00,2.224206447601318359e+00,2.449941873550415039e+00,1.203627912653754795e+00,3.680000000000000000e+02,2.000000000000000000e+00,1.000000000000000000e+00,1.754942131860475429e+00
9.250000000000000000e+00,2.467807531356811523e+00,1.847428202629089355e+00,2.515731334686279297e+00,2.355432510375976562e+00,1.173165564424224261e+00,4.020000000000000000e+02,2.000000000000000000e+00,1.000000000000000000e+00,1.646781042581723309e+00
9.300000000000000711e+00,2.459898233413696289e+00,1.835529208183288574e+00,2.420475244522094727e+00,2.273548364639282227e+00,1.128944352561439324e+00,3.740000000000000000e+02,2.000000000000000000e+00,1.000000000000000000e+00,1.813478061163531718e+00
9.349999999999999645e+00,2.537235021591186523e+00,1.959807634353637695e+00,2.279472351074218750e+00,2.354378223419189453e+00,1.180286859866684912e+00,3.700000000000000000e+02,2.000000000000000000e+00,1.000000000000000000e+00,1.773342376574516432e+00
9.400000000000000355e+00,2.464727163314819336e+00,1.993083000183105469e+00,2.425624847412109375e+00,2.314203262329101562e+00,1.169299391588887405e+00,4.030000000000000000e+02,2.000000000000000000e+00,1.000000000000000000e+00,1.637750595196383108e+00
9.450000000000001066e+00,2.456474304199218750e+00,1.913166522979736328e+00,2.279595375061035156e+00,2.365795135498046875e+00,1.200140184767228613e+00,3.920000000000000000e+02,1.000000000000000000e+00,1.000000000000000000e+00,1.779182313802967208e+00
9.500000000000000000e+00,2.438681364059448242e+00,1.847082257270812988e+00,2.331720590591430664e+00,2.482333183288574219e+00,1.173698187363282797e+00,3.880000000000000000e+02,2.000000000000000000e+00,1.000000000000000000e+00,1.606318337382588890e+00
9.550000000000000711e+00,2.663809061050415039e+00,1.978045105934143066e+00,2.285476684570312500e+00,2.307975292205810547e+00,1.221978369924449748e+00,3.970000000000000000e+02,2.000000000000000000e+00,1.000000000000000000e+00,1.690223641946746458e+00
9.600000000000001421e+00,2.443621635437011719e+00,1.807140111923217773e+00,2.717935800552368164e+00,2.473263502120971680e+00,1.193705483290201208e+00,3.440000000000000000e+02,1.000000000000000000e+00,1.000000000000000000e+00,1.627112124434411999e+00
9.650000000000000355e+00,2.430957317352294922e+00,1.857733845710754395e+00,2.550924301147460938e+00,2.402395486831665039e+00,1.203538673503510070e+00,3.320000000000000000e+02,1.000000000000000000e+00,1.000000000000000000e+00,1.961988313689305929e+00
9.700000000000001066e+00,2.267493009567260742e+00,1.806701421737670898e+00,2.731092929840087891e+00,2.335305452346801758e+00,1.218516681929580514e+00,3.720000000000000000e+02,2.000000000000000000e+00,1.000000000000000000e+00,1.784543108481746021e+00
9.750000000000000000e+00,2.500374794006347656e+00,2.009437084197998047e+00,2.368032455444335938e+00,2.212347507476806641e+00,1.261421402758230670e+00,4.140000000000000000e+02,2.000000000000000000e+00,1.000000000000000000e+00,1.813908415438270083e+00
9.800000000000000711e+00,2.387532711029052734e+00,1.936870813369750977e+00,2.378639936447143555e+00,2.316960811614990234e+00,1.196649116766857146e+00,4.140000000000000000e+02,2.000000000000000000e+00,1.000000000000000000e+00,1.698059285852811851e+00
9.850000000000001421e+00,2.695156574249267578e+00,2.161297559738159180e+00,2.274608850479125977e+00,2.161815881729125977e+00,1.271129428339834888e+00,4.000000000000000000e+02,2.000000000000000000e+00,1.000000000000000000e+00,1.718807994967394670e+00
9.900000000000000355e+00,2.452106237411499023e+00,2.034537792205810547e+00,2.132244586944580078e+00,2.328465700149536133e+00,1.174631459086239449e+00,4.020000000000000000e+02,2.000000000000000000e+00,1.000000000000000000e+00,1.625853522616726998e+00
9.950000000000001066e+00,2.336711645126342773e+00,1.838393688201904297e+00,2.628787755966186523e+00,2.200216054916381836e+00,1.227657292996200633e+00,4.080000000000000000e+02,2.000000000000000000e+00,1.000000000000000000e+00,1.629603749635451848e+00
1.000000000000000000e+01,2.303710699081420898e+00,1.755675673484802246e+00,2.358027219772338867e+00,2.170417785644531250e+00,1.317304851884447459e+00,3.890000000000000000e+02,1.000000000000000000e+00,1.000000000000000000e+00,1.893596431663372437e+00
1.005000000000000071e+01,2.633466720581054688e+00,1.928488254547119141e+00,2.398728370666503906e+00,2.441235303878784180e+00,1.193189224000094750e+00,4.170000000000000000e+02,2.000000000000000000e+00,1.000000000000000000e+00,1.655696487139547202e+00
1.010000000000000142e+01,2.468585014343261719e+00,1.900251507759094238e+00,2.446734666824340820e+00,2.373399972915649414e+00,1.265135628092687092e+00,3.970000000000000000e+02,2.000000000000000000e+00,1.000000000000000000e+00,1.508542381686092781e+00
1.015000000000000036e+01,2.503599166870117188e+00,1.891897439956665039e+00,2.449097871780395508e+00,2.562174797058105469e+00,1.233605925490254940e+00,3.690000000000000000e+02,1.000000000000000000e+00,1.000000000000000000e+00,1.537358306886181136e+00
1.020000000000000107e+01,2.644496202468872070e+00,1.909437775611877441e+00,2.241908788681030273e+00,2.570857048034667969e+00,1.242235861700906385e+00,3.970000000000000000e+02,2.000000000000000000e+00,1.000000000000000000e+00,1.745349225909142099e+00
1.025000000000000000e+01,2.542287349700927734e+00,1.825596332550048828e+00,2.472786426544189453e+00,2.310705184936523438e+00,1.257544494396358736e+00,3.520000000000000000e+02,1.000000000000000000e+00,1.000000000000000000e+00,1.666698348916117123e+00
1.030000000000000071e+01,2.346927165985107422e+00,1.786518573760986328e+00,2.315958023071289062e+00,2.203104496002197266e+00,1.240907947910809606e+00,4.050000000000000000e+02,2.000000000000000000e+00,1.000000000000000000e+00,1.863597776868079592e+00
1.035000000000000142e+01,2.375655651092529297e+00,1.834001421928405762e+00,2.518565177917480469e+00,2.525964975357055664e+00,1.181515937451817821e+00,3.740000000000000000e+02,1.000000000000000000e+00,1.000000000000000000e+00,1.885336019055905199e+00
1.040000000000000036e+01,2.454774141311645508e+00,1.844280004501342773e+00,2.608441829681396484e+00,2.388629436492919922e+00,1.220546418550351397e+00,4.070000000000000000e+02,2.000000000000000000e+00,1.000000000000000000e+00,1.832289720538497813e+00
1.045000000000000107e+01,2.392597436904907227e+00,1.940789461135864258e+00,2.302906990051269531e+00,2.449494361877441406e+00,1.154336097952679108e+00,3.980000000000000000e+02,2.000000000000000000e+00,1.000000000000000000e+00,1.743197858469679229e+00
1.050000000000000000e+01,2.400834083557128906e+00,1.909642338752746582e+00,2.278343915939331055e+00,2.274213790893554688e+00,1.203987016147094691e+00,3.990000000000000000e+02,1.000000000000000000e+00,1.000000000000000000e+00,2.199983588562307357e+00
1.055000000000000071e+01,2.550684213638305664e+00,1.788418769836425781e+00,2.391043186187744141e+00,2.463785171508789062e+00,1.240274468393268048e+00,3.770000000000000000e+02,2.000000000000000000e+00,1.000000000000000000e+00,1.777660523130512704e+00
1.060000000000000142e+01,2.766049385070800781e+00,2.187974929809570312e+00,2.540198564529418945e+00,2.234935045242309570e+00,1.226198354137965296e+00,3.550000000000000000e+02,1.000000000000000000e+00,1.000000000000000000e+00,1.655266469387866035e+00
1.065000000000000036e+01,2.509724140167236328e+00,1.959763288497924805e+00,2.316891193389892578e+00,2.618377208709716797e+00,1.201053316308019703e+00,3.880000000000000000e+02,2.000000000000000000e+00,1.000000000000000000e+00,1.773587209593206149e+00
1.070000000000000107e+01,2.408756256103515625e+00,1.776335000991821289e+00,2.567846775054931641e+00,2.533156633377075195e+00,1.239086605518550988e+00,3.670000000000000000e+02,2.000000000000000000e+00,1.000000000000000000e+00,1.855036804051555022e+00
1.075000000000000000e+01,2.424074649810791016e+00,1.875356554985046387e+00,2.335441589355468750e+00,2.246672868728637695e+00,1.154774434296178098e+00,3.790000000000000000e+02,2.000000000000000000e+00,1.000000000000000000e+00,1.728019511038933143e+00
1.080000000000000071e+01,2.793901205062866211e+00,2.123461961746215820e+00,2.635962486267089844e+00,2.755283117294311523e+00,1.157099634600421423e+00,4.290000000000000000e+02,2.000000000000000000e+00,1.000000000000000000e+00,1.482632020078785695e+00
1.085000000000000142e+01,2.600667953491210938e+00,1.798907995223999023e+00,2.489262342453002930e+00,2.484006404876708984e+00,1.036560327518961433e+00,4.000000000000000000e+02,2.000000000000000000e+00,1.000000000000000000e+00,1.607143271863409772e+00
1.090000000000000036e+01,2.520324230194091797e+00,1.801681518554687500e+00,2.314016103744506836e+00,2.337370872497558594e+00,9.999431627197630235e-01,3.990000000000000000e+02,1.000000000000000000e+00,1.000000000000000000e+00,2.170974818481636426e+00
1.095000000000000107e+01,2.628196239471435547e+00,1.887936472892761230e+00,2.367835521697998047e+00,2.497272253036499023e+00,1.032035481507468599e+00,3.850000000000000000e+02,2.000000000000000000e+00,1.000000000000000000e+00,1.916373317298854850e+00
1.100000000000000000e+01,2.781507492065429688e+00,2.053854942321777344e+00,2.623110771179199219e+00,2.656813859939575195e+00,1.015902455056695741e+00,4.150000000000000000e+02,2.000000000000000000e+00,1.000000000000000000e+00,1.694338638155503896e+00
1.105000000000000071e+01,2.663098812103271484e+00,1.956389188766479492e+00,2.363163948059082031e+00,2.183660984039306641e+00,1.024212766614290393e+00,4.460000000000000000e+02,2.000000000000000000e+00,1.000000000000000000e+00,1.865287564598722359e+00
1.110000000000000142e+01,2.411287546157836914e+00,1.776999711990356445e+00,2.393329620361328125e+00,2.392699718475341797e+00,9.917191032573053899e-01,4.230000000000000000e+02,2.000000000000000000e+00,1.000000000000000000e+00,1.733268629039619757e+00
1.115000000000000036e+01,2.619522809982299805e+00,1.998793482780456543e+00,2.528517723083496094e+00,2.461212158203125000e+00,1.079924900095059703e+00,3.960000000000000000e+02,2.000000000000000000e+00,1.000000000000000000e+00,1.689123040175964707e+00
1.120000000000000107e+01,2.512237548828125000e+00,1.884754300117492676e+00,2.511797428131103516e+00,2.594772577285766602e+00,1.119992475283004163e+00,4.000000000000000000e+02,2.000000000000000000e+00,1.000000000000000000e+00,1.717110596061242944e+00
1.125000000000000000e+01,2.419371604919433594e+00,1.858721733093261719e+00,2.627187728881835938e+00,2.454312562942504883e+00,1.124804801337137894e+00,4.260000000000000000e+02,1.000000000000000000e+00,1.000000000000000000e+00,1.503538656680417640e+00
1.130000000000000071e+01,2.590546369552612305e+00,1.834387898445129395e+00,2.380929708480834961e+00,2.436283349990844727e+00,1.055138158328472686e+00,4.160000000000000000e+02,2.000000000000000000e+00,1.000000000000000000e+00,1.766472107082360576e+00
1.135000000000000142e+01,2.586228847503662109e+00,1.861751556396484375e+00,2.566530466079711914e+00,2.409501791000366211e+00,1.031984545194334579e+00,3.790000000000000000e+02,2.000000000000000000e+00,1.000000000000000000e+00,1.965691209566449160e+00
1.140000000000000036e+01,2.795703411102294922e+00,1.996655702590942383e+00,2.327059030532836914e+00,2.371826648712158203e+00,9.697031876492879787e-01,4.000000000000000000e+02,2.000000000000000000e+00,1.000000000000000000e+00,1.757513184812194984e+00
1.145000000000000107e+01,2.503008365631103516e+00,1.897978544235229492e+00,2.671257257461547852e+00,2.672482728958129883e+00,1.046947125820914870e+00,3.900000000000000000e+02,1.000000000000000000e+00,1.000000000000000000e+00,1.680749754456429379e+00
1.150000000000000000e+01,2.789639949798583984e+00,1.958259105682373047e+00,2.456138372421264648e+00,2.390061616897583008e+00,1.047907751779242558e+00,4.110000000000000000e+02,2.000000000000000000e+00,1.000000000000000000e+00,1.692481008994711988e+00
1.155000000000000071e+01,2.536421775817871094e+00,1.888757944107055664e+00,2.324823141098022461e+00,2.438055753707885742e+00,9.547183922310802373e-01,4.020000000000000000e+02,2.000000000000000000e+00,1.000000000000000000e+00,1.915305085960132603e+00
1.160000000000000142e+01,2.535972595214843750e+00,1.820633292198181152e+00,2.288059234619140625e+00,2.441027641296386719e+00,9.576511466351954605e-01,3.670000000000000000e+02,2.000000000000000000e+00,1.000000000000000000e+00,1.788837258753647408e+00
1.165000000000000036e+01,2.253066539764404297e+00,1.811571240425109863e+00,2.329377174377441406e+00,2.253014564514160156e+00,1.050682160301569246e+00,3.790000000000000000e+02,2.000000000000000000e+00,1.000000000000000000e+00,1.525863783378184735e+00
1.170000000000000107e+01,2.584507226943969727e+00,1.890872001647949219e+00,2.194123506546020508e+00,2.296572208404541016e+00,1.034618017591735661e+00,3.820000000000000000e+02,2.000000000000000000e+00,1.000000000000000000e+00,1.597510520427677383e+00
1.175000000000000000e+01,2.642344951629638672e+00,1.905508995056152344e+00,2.394617557525634766e+00,2.425137519836425781e+00,9.762323376192856283e-01,3.940000000000000000e+02,2.000000000000000000e+00,1.000000000000000000e+00,1.637958132857984195e+00
1.180000000000000071e+01,2.753627300262451172e+00,2.033125162124633789e+00,2.459796905517578125e+00,2.407384395599365234e+00,1.001171827929358216e+00,4.070000000000000000e+02,2.000000000000000000e+00,1.000000000000000000e+00,1.642860231165301776e+00
1.185000000000000142e+01,2.499176502227783203e+00,1.932988882064819336e+00,2.376297712326049805e+00,2.416216373443603516e+00,1.012047917974157940e+00,3.860000000000000000e+02,2.000000000000000000e+00,1.000000000000000000e+00,1.603070846864142140e+00
1.190000000000000036e+01,2.299365282058715820e+00,1.872196197509765625e+00,2.315623283386230469e+00,2.433930873870849609e+00,1.079658441515221723e+00,4.240000000000000000e+02,2.000000000000000000e+00,1.000000000000000000e+00,1.732129187478762544e+00
1.195000000000000107e+01,2.217774868011474609e+00,1.954296112060546875e+00,2.164164543151855469e+00,2.346472978591918945e+00,1.018522819107101851e+00,4.170000000000000000e+02,2.000000000000000000e+00,1.000000000000000000e+00,1.585008290434810396e+00
1.200000000000000000e+01,2.376620531082153320e+00,1.939077138900756836e+00,2.450284957885742188e+00,2.496260881423950195e+00,9.876123923334074739e-01,4.010000000000000000e+02,2.000000000000000000e+00,1.000000000000000000e+00,1.796494578216103477e+00
1.205000000000000071e+01,2.389492511749267578e+00,1.811242103576660156e+00,2.434894800186157227e+00,2.428238630294799805e+00,1.009790276772553730e+00,4.070000000000000000e+02,2.000000000000000000e+00,1.000000000000000000e+00,1.731216541061388892e+00
1.210000000000000142e+01,2.485084772109985352e+00,1.885201930999755859e+00,2.358582496643066406e+00,2.161517620086669922e+00,9.953432251276141951e-01,4.030000000000000000e+02,2.000000000000000000e+00,1.000000000000000000e+00,1.671934738048368896e+00
1.215000000000000036e+01,2.739250421524047852e+00,1.928281188011169434e+00,2.464823722839355469e+00,2.491254568099975586e+00,1.070742714589310696e+00,3.940000000000000000e+02,2.000000000000000000e+00,1.000000000000000000e+00,1.646546816788315937e+00
1.220000000000000107e+01,2.779837846755981445e+00,1.880037307739257812e+00,2.393369674682617188e+00,2.366598606109619141e+00,1.053547759860253841e+00,3.820000000000000000e+02,2.000000000000000000e+00,1.000000000000000000e+00,1.598908545512776280e+00
1.225000000000000000e+01,2.750304222106933594e+00,1.912790775299072266e+00,2.502067327499389648e+00,2.323274374008178711e+00,1.005649449752664459e+00,3.400000000000000000e+02,1.000000000000000000e+00,1.000000000000000000e+00,1.829946030878555119e+00
1.230000000000000071e+01,2.662892103195190430e+00,1.878983736038208008e+00,2.496268987655639648e+00,2.363083839416503906e+00,1.072216777789445796e+00,3.730000000000000000e+02,1.000000000000000000e+00,1.000000000000000000e+00,1.588381745712426518e+00
1.235000000000000142e+01,2.904190063476562500e+00,2.164212942123413086e+00,2.237819433212280273e+00,2.160035133361816406e+00,1.129153424314817578e+00,4.310000000000000000e+02,2.000000000000000000e+00,1.000000000000000000e+00,1.998271279795551525e+00
1.240000000000000036e+01,2.777648925781250000e+00,1.955378770828247070e+00,2.601089000701904297e+00,2.688337802886962891e+00,1.036506068646764867e+00,4.060000000000000000e+02,2.000000000000000000e+00,1.000000000000000000e+00,1.550848482503999426e+00
1.245000000000000107e+01,2.999215126037597656e+00,2.117117404937744141e+00,2.325957536697387695e+00,2.243070602416992188e+00,1.035031263876073693e+00,4.190000000000000000e+02,2.000000000000000000e+00,1.000000000000000000e+00,1.746774213554634247e+00
1.250000000000000000e+01,2.961594104766845703e+00,1.971796035766601562e+00,2.579338073730468750e+00,2.698102235794067383e+00,1.054347739502786485e+00,3.980000000000000000e+02,2.000000000000000000e+00,1.000000000000000000e+00,1.675854740329764114e+00
1.255000000000000071e+01,2.871838092803955078e+00,2.097810268402099609e+00,2.515793323516845703e+00,2.488208293914794922e+00,1.092387024807508711e+00,4.090000000000000000e+02,1.000000000000000000e+00,1.000000000000000000e+00,1.898878757500999326e+00
1.260000000000000142e+01,2.848694086074829102e+00,2.015186786651611328e+00,2.336067914962768555e+00,2.285675048828125000e+00,1.068717536829030923e+00,4.150000000000000000e+02,2.000000000000000000e+00,1.000000000000000000e+00,1.828178750862540891e+00
1.265000000000000036e+01,2.686084270477294922e+00,2.013990640640258789e+00,2.545760154724121094e+00,2.646152734756469727e+00,1.084677550676333535e+00,4.240000000000000000e+02,2.000000000000000000e+00,1.000000000000000000e+00,1.628042513974384153e+00
1.270000000000000107e+01,2.574526786804199219e+00,1.812646627426147461e+00,2.389182090759277344e+00,2.529734373092651367e+00,1.048096958372668031e+00,3.960000000000000000e+02,2.000000000000000000e+00,1.000000000000000000e+00,1.785827917708749712e+00
1.275000000000000000e+01,2.563611984252929688e+00,1.911055088043212891e+00,2.162714958190917969e+00,2.350876808166503906e+00,9.364172426363593926e-01,4.090000000000000000e+02,1.000000000000000000e+00,1.000000000000000000e+00,1.684196112293455894e+00
1.280000000000000071e+01,2.813931941986083984e+00,2.026315450668334961e+00,2.497293472290039062e+00,2.541833400726318359e+00,1.026007023398987306e+00,3.750000000000000000e+02,1.000000000000000000e+00,1.000000000000000000e+00,1.642574273874222168e+00
1.285000000000000142e+01,2.831506252288818359e+00,1.961101055145263672e+00,2.431864500045776367e+00,2.415943861007690430e+00,1.022493933141255029e+00,3.830000000000000000e+02,1.000000000000000000e+00,1.000000000000000000e+00,1.623618210064552425e+00
1.290000000000000036e+01,3.034074306488037109e+00,2.154464960098266602e+00,2.385236740112304688e+00,2.333043098449707031e+00,1.075290975073282418e+00,4.030000000000000000e+02,2.000000000000000000e+00,1.000000000000000000e+00,1.677341257116070627e+00
1.295000000000000107e+01,2.684689521789550781e+00,1.867794990539550781e+00,2.420911073684692383e+00,2.323583602905273438e+00,9.112851583457357574e-01,4.010000000000000000e+02,1.000000000000000000e+00,1.000000000000000000e+00,1.637168796190310971e+00
1.300000000000000000e+01,2.807510375976562500e+00,1.963134527206420898e+00,2.192188739776611328e+00,2.333869695663452148e+00,9.814745473839935341e-01,3.900000000000000000e+02,2.000000000000000000e+00,1.000000000000000000e+00,1.640427389043622064e+00
1.305000000000000071e+01,2.664350509643554688e+00,1.897481679916381836e+00,2.318543195724487305e+00,2.297233819961547852e+00,9.964677138855244642e-01,3.860000000000000000e+02,2.000000000000000000e+00,1.000000000000000000e+00,1.608044713286110206e+00
1.310000000000000142e+01,2.759705781936645508e+00,1.899539828300476074e+00,2.513643503189086914e+00,2.393986940383911133e+00,1.057548994147652133e+00,3.880000000000000000e+02,1.000000000000000000e+00,1.000000000000000000e+00,1.749575134344743876e+00
1.315000000000000036e+01,2.703629732131958008e+00,1.934355616569519043e+00,2.335968017578125000e+00,2.611478328704833984e+00,1.075332851605504514e+00,4.060000000000000000e+02,2.000000000000000000e+00,1.000000000000000000e+00,1.697620494717524631e+00
1.320000000000000107e+01,2.672292709350585938e+00,2.028614044189453125e+00,2.554886579513549805e+00,2.611473798751831055e+00,9.635992355037535928e-01,4.320000000000000000e+02,2.000000000000000000e+00,1.000000000000000000e+00,1.783320858343398374e+00
1.325000000000000000e+01,2.437887907028198242e+00,1.903614044189453125e+00,2.441305637359619141e+00,2.361004829406738281e+00,1.068477067653517576e+00,3.900000000000000000e+02,1.000000000000000000e+00,1.000000000000000000e+00,2.255851356973693100e+00
1.330000000000000071e+01,2.572439670562744141e+00,1.842428922653198242e+00,2.457099437713623047e+00,2.153814077377319336e+00,1.029827932904758381e+00,3.520000000000000000e+02,1.000000000000000000e+00,1.000000000000000000e+00,1.920465597189213502e+00
1.335000000000000142e+01,2.623534440994262695e+00,1.856993675231933594e+00,2.283788204193115234e+00,2.435683012008666992e+00,9.410826469295494601e-01,4.160000000000000000e+02,2.000000000000000000e+00,1.000000000000000000e+00,1.599639963594183811e+00
1.340000000000000036e+01,2.708854913711547852e+00,1.920645356178283691e+00,2.341470956802368164e+00,2.561464309692382812e+00,1.016203714464467112e+00,4.480000000000000000e+02,1.000000000000000000e+00,1.000000000000000000e+00,1.597422975006073331e+00
1.345000000000000107e+01,2.735624313354492188e+00,1.905866146087646484e+00,2.228643894195556641e+00,2.286007642745971680e+00,9.512770785884571145e-01,4.050000000000000000e+02,1.000000000000000000e+00,1.000000000000000000e+00,1.639129746757048478e+00
1.350000000000000000e+01,2.904894113540649414e+00,2.039606094360351562e+00,2.371182918548583984e+00,2.571179628372192383e+00,1.099714215085704216e+00,3.680000000000000000e+02,1.000000000000000000e+00,1.000000000000000000e+00,1.592769834429651477e+00
1.355000000000000071e+01,2.910537242889404297e+00,2.033135652542114258e+00,2.405473709106445312e+00,2.270289897918701172e+00,1.043429020870666468e+00,4.030000000000000000e+02,2.000000000000000000e+00,1.000000000000000000e+00,1.793877373275405418e+00
1.360000000000000142e+01,2.767023086547851562e+00,1.968578338623046875e+00,2.188797473907470703e+00,2.473119258880615234e+00,8.602665269285969529e-01,3.990000000000000000e+02,2.000000000000000000e+00,1.000000000000000000e+00,1.624086279450597470e+00
1.365000000000000036e+01,2.867498874664306641e+00,1.990720510482788086e+00,2.430395603179931641e+00,2.383197307586669922e+00,9.861317930643396235e-01,3.970000000000000000e+02,2.000000000000000000e+00,1.000000000000000000e+00,1.699796865164917126e+00
1.370000000000000107e+01,2.847646713256835938e+00,1.891261219978332520e+00,2.386933326721191406e+00,2.566426277160644531e+00,9.609934234437684797e-01,3.540000000000000000e+02,2.000000000000000000e+00,1.000000000000000000e+00,1.681964170447750373e+00
1.375000000000000000e+01,2.855048418045043945e+00,1.971798896789550781e+00,2.605717658996582031e+00,2.245317697525024414e+00,1.012663015935642674e+00,3.960000000000000000e+02,2.000000000000000000e+00,1.000000000000000000e+00,1.663195271562260880e+00
1.380000000000000071e+01,2.863759040832519531e+00,1.950118660926818848e+00,2.419445753097534180e+00,2.407275915145874023e+00,1.076667266889737462e+00,3.880000000000000000e+02,2.000000000000000000e+00,1.000000000000000000e+00,1.674688198702122932e+00
1.385000000000000142e+01,3.280295848846435547e+00,2.167887210845947266e+00,2.486250400543212891e+00,2.569595813751220703e+00,1.011356087682930616e+00,3.940000000000000000e+02,2.000000000000000000e+00,1.000000000000000000e+00,1.659561607507903380e+00
1.390000000000000036e+01,3.212783575057983398e+00,2.140243053436279297e+00,2.313766002655029297e+00,2.510122299194335938e+00,9.797033084355694088e-01,4.110000000000000000e+02,2.000000000000000000e+00,1.000000000000000000e+00,1.608248277823918659e+00
1.395000000000000107e+01,3.325653314590454102e+00,2.222081661224365234e+00,2.459092617034912109e+00,2.512247085571289062e+00,1.043376707540689896e+00,3.960000000000000000e+02,2.000000000000000000e+00,1.000000000000000000e+00,1.661840519050806986e+00
1.400000000000000000e+01,3.233711957931518555e+00,2.184328556060791016e+00,2.606394290924072266e+00,2.271831989288330078e+00,1.015949290161698215e+00,3.570000000000000000e+02,2.000000000000000000e+00,1.000000000000000000e+00,1.737323653947963287e+00
1.405000000000000071e+01,3.066094398498535156e+00,2.199552297592163086e+00,2.652768611907958984e+00,2.484457254409790039e+00,8.755466501869663132e-01,3.950000000000000000e+02,2.000000000000000000e+00,1.000000000000000000e+00,1.586765018186165221e+00
1.410000000000000142e+01,3.507403850555419922e+00,2.440162420272827148e+00,2.625240087509155273e+00,2.413112878799438477e+00,1.017198067051292565e+00,3.490000000000000000e+02,2.000000000000000000e+00,1.000000000000000000e+00,1.639035587925654402e+00
1.415000000000000036e+01,3.191903114318847656e+00,2.172206163406372070e+00,2.664457559585571289e+00,2.678474187850952148e+00,9.983206701918942994e-01,3.740000000000000000e+02,2.000000000000000000e+00,1.000000000000000000e+00,1.684778438067354500e+00
1.420000000000000107e+01,3.132733345031738281e+00,2.091975450515747070e+00,2.493548154830932617e+00,2.395847797393798828e+00,9.733512627054012878e-01,3.660000000000000000e+02,1.000000000000000000e+00,1.000000000000000000e+00,1.678964446166875124e+00
1.425000000000000000e+01,3.533344268798828125e+00,2.434917688369750977e+00,2.372080087661743164e+00,2.492677688598632812e+00,8.765861017481815232e-01,4.420000000000000000e+02,2.000000000000000000e+00,1.000000000000000000e+00,1.674432643997622705e+00
1.430000000000000071e+01,3.258306741714477539e+00,2.264630079269409180e+00,2.698201179504394531e+00,2.357438564300537109e+00,1.011504366114732933e+00,3.740000000000000000e+02,2.000000000000000000e+00,1.000000000000000000e+00,1.768496512382841779e+00
1.435000000000000142e+01,3.077244997024536133e+00,2.094327211380004883e+00,2.698391675949096680e+00,2.351885557174682617e+00,1.027490165246068177e+00,3.910000000000000000e+02,1.000000000000000000e+00,1.000000000000000000e+00,1.690371552738104688e+00
1.440000000000000036e+01,3.130955457687377930e+00,2.182203769683837891e+00,2.528579473495483398e+00,2.369107246398925781e+00,1.027136077791045432e+00,3.820000000000000000e+02,2.000000000000000000e+00,1.000000000000000000e+00,1.835102468872271464e+00
1.445000000000000107e+01,3.053117990493774414e+00,2.124888181686401367e+00,2.386779069900512695e+00,2.412288427352905273e+00,9.537509850361008956e-01,4.030000000000000000e+02,2.000000000000000000e+00,1.000000000000000000e+00,1.732309670895844977e+00
1.450000000000000000e+01,3.403332233428955078e+00,2.333839416503906250e+00,2.467138290405273438e+00,2.457274198532104492e+00,9.950638906530802075e-01,3.460000000000000000e+02,2.000000000000000000e+00,1.000000000000000000e+00,1.680686297565556764e+00
1.455000000000000071e+01,2.964608669281005859e+00,2.069418907165527344e+00,2.576144933700561523e+00,2.581376552581787109e+00,9.967341444053015032e-01,4.240000000000000000e+02,1.000000000000000000e+00,1.000000000000000000e+00,1.897485622737202338e+00
1.460000000000000142e+01,3.019553184509277344e+00,2.052450895309448242e+00,2.474255323410034180e+00,2.478985071182250977e+00,9.754438348728117214e-01,3.640000000000000000e+02,1.000000000000000000e+00,1.000000000000000000e+00,1.849041227520076713e+00
1.465000000000000036e+01,2.798826694488525391e+00,2.044655323028564453e+00,2.212315559387207031e+00,2.224627971649169922e+00,1.097455275955392162e+00,3.820000000000000000e+02,2.000000000000000000e+00,1.000000000000000000e+00,1.797946957810461210e+00
1.470000000000000107e+01,2.808607578277587891e+00,1.972927451133728027e+00,2.474970340728759766e+00,2.370270252227783203e+00,1.057593044026639451e+00,3.720000000000000000e+02,2.000000000000000000e+00,1.000000000000000000e+00,1.585593976832572194e+00
1.475000000000000000e+01,2.825423240661621094e+00,1.963500499725341797e+00,2.288372278213500977e+00,2.288478851318359375e+00,1.070852965191715578e+00,3.860000000000000000e+02,2.000000000000000000e+00,1.000000000000000000e+00,1.849884534799687952e+00
1.480000000000000071e+01,2.702315330505371094e+00,1.932692766189575195e+00,2.516376733779907227e+00,2.389542341232299805e+00,1.099302099996386284e+00,3.700000000000000000e+02,1.000000000000000000e+00,1.000000000000000000e+00,1.864409899958207273e+00
1.485000000000000142e+01,2.834452152252197266e+00,1.989882469177246094e+00,2.294531106948852539e+00,2.696630716323852539e+00,9.332495985308114639e-01,3.880000000000000000e+02,2.000000000000000000e+00,1.000000000000000000e+00,1.649463442541666547e+00
1.490000000000000036e+01,2.807672262191772461e+00,2.044348239898681641e+00,2.452370882034301758e+00,2.377611637115478516e+00,1.041701146837870517e+00,4.080000000000000000e+02,1.000000000000000000e+00,1.000000000000000000e+00,1.835896799986062033e+00
1.495000000000000107e+01,2.632002830505371094e+00,1.936982989311218262e+00,2.312876224517822266e+00,2.592093944549560547e+00,9.717713273073042002e-01,3.950000000000000000e+02,1.000000000000000000e+00,1.000000000000000000e+00,1.496351283465170656e+00
1.500000000000000000e+01,2.651145458221435547e+00,1.847622871398925781e+00,2.351808786392211914e+00,2.575771808624267578e+00,9.821559009156537456e-01,3.500000000000000000e+02,1.000000000000000000e+00,1.000000000000000000e+00,1.746966781439426075e+00
1.505000000000000071e+01,2.635876655578613281e+00,1.853717327117919922e+00,2.498918056488037109e+00,2.578610420227050781e+00,1.016008607519949036e+00,4.180000000000000000e+02,2.000000000000000000e+00,1.000000000000000000e+00,1.559508736125886141e+00
1.510000000000000142e+01,2.641660690307617188e+00,2.038923501968383789e+00,2.542844772338867188e+00,2.415476322174072266e+00,1.068011142452135687e+00,4.320000000000000000e+02,1.000000000000000000e+00,1.000000000000000000e+00,1.488341407417405726e+00
1.515000000000000036e+01,2.443390369415283203e+00,1.918587803840637207e+00,2.065589904785156250e+00,2.375355243682861328e+00,9.428210842725847085e-01,4.020000000000000000e+02,2.000000000000000000e+00,1.000000000000000000e+00,1.700402872478865568e+00
1.520000000000000107e+01,3.015428781509399414e+00,2.090058088302612305e+00,2.261169195175170898e+00,2.369644880294799805e+00,9.322044174819603679e-01,4.130000000000000000e+02,2.000000000000000000e+00,1.000000000000000000e+00,1.773690939656229482e+00
1.525000000000000000e+01,2.682085037231445312e+00,1.887426376342773438e+00,2.448351860046386719e+00,2.481052875518798828e+00,1.030334437570660677e+00,3.840000000000000000e+02,2.000000000000000000e+00,1.000000000000000000e+00,1.752600726709506507e+00
1.530000000000000071e+01,2.773711204528808594e+00,2.017497777938842773e+00,2.361732721328735352e+00,2.573029756546020508e+00,1.025150116732785666e+00,3.990000000000000000e+02,1.000000000000000000e+00,1.000000000000000000e+00,1.680351075179286946e+00
1.535000000000000142e+01,3.047830820083618164e+00,2.264575481414794922e+00,2.336016178131103516e+00,2.462492465972900391e+00,9.604381580287593145e-01,3.920000000000000000e+02,2.000000000000000000e+00,1.000000000000000000e+00,1.684820017689312888e+00
1.540000000000000036e+01,2.804674863815307617e+00,1.976253867149353027e+00,2.231578350067138672e+00,2.591492891311645508e+00,9.013356785470387766e-01,4.150000000000000000e+02,2.000000000000000000e+00,1.000000000000000000e+00,1.722627311163122954e+00
1.545000000000000107e+01,2.598757743835449219e+00,1.897919893264770508e+00,2.619561195373535156e+00,2.636819124221801758e+00,9.629653306398716639e-01,3.960000000000000000e+02,2.000000000000000000e+00,1.000000000000000000e+00,1.633109749249302078e+00
1.550000000000000000e+01,2.467099666595458984e+00,1.754873394966125488e+00,2.389185905456542969e+00,2.432309150695800781e+00,9.726456932837270752e-01,4.090000000000000000e+02,1.000000000000000000e+00,1.000000000000000000e+00,1.758340022658355872e+00
1.555000000000000071e+01,2.525767803192138672e+00,1.990326166152954102e+00,2.464743852615356445e+00,2.436897754669189453e+00,9.870147971152940514e-01,4.150000000000000000e+02,2.000000000000000000e+00,1.000000000000000000e+00,1.558513249550167235e+00
1.560000000000000142e+01,2.474985837936401367e+00,1.940904736518859863e+00,2.494396924972534180e+00,2.441585540771484375e+00,1.053408862515285316e+00,3.950000000000000000e+02,2.000000000000000000e+00,1.000000000000000000e+00,1.678387487963719948e+00
1.565000000000000036e+01,2.508470773696899414e+00,1.930642843246459961e+00,2.692898273468017578e+00,2.633809089660644531e+00,1.069738319092924161e+00,3.710000000000000000e+02,1.000000000000000000e+00,1.000000000000000000e+00,1.741794016589400140e+00
1.570000000000000107e+01,2.230018138885498047e+00,1.750196099281311035e+00,2.438844680786132812e+00,2.622251749038696289e+00,8.809226435586368087e-01,4.060000000000000000e+02,2.000000000000000000e+00,1.000000000000000000e+00,1.600857424867859535e+00
1.575000000000000000e+01,2.445846557617187500e+00,2.190059900283813477e+00,2.439706563949584961e+00,2.448963165283203125e+00,1.036084162221766691e+00,4.090000000000000000e+02,2.000000000000000000e+00,1.000000000000000000e+00,1.679576110656276988e+00
1.580000000000000071e+01,2.415478229522705078e+00,1.898544311523437500e+00,2.473602056503295898e+00,2.412492275238037109e+00,1.081217205210122767e+00,3.910000000000000000e+02,1.000000000000000000e+00,1.000000000000000000e+00,1.808518145244749409e+00
1.585000000000000142e+01,2.298278331756591797e+00,1.962517738342285156e+00,2.340622901916503906e+00,2.471847057342529297e+00,1.052529024673433122e+00,4.020000000000000000e+02,2.000000000000000000e+00,1.000000000000000000e+00,1.627007989819559963e+00
1.590000000000000036e+01,2.724368095397949219e+00,2.037393093109130859e+00,2.408772468566894531e+00,2.428890705108642578e+00,1.030942407118326187e+00,3.930000000000000000e+02,1.000000000000000000e+00,1.000000000000000000e+00,1.733817128290038534e+00
1.595000000000000107e+01,2.897638082504272461e+00,2.101264238357543945e+00,2.342844486236572266e+00,2.545369625091552734e+00,9.314594951848149673e-01,3.840000000000000000e+02,2.000000000000000000e+00,1.000000000000000000e+00,1.715718606878018360e+00
1.600000000000000000e+01,2.731857061386108398e+00,2.080952882766723633e+00,2.414889574050903320e+00,2.456245899200439453e+00,9.424059298760953940e-01,3.730000000000000000e+02,2.000000000000000000e+00,1.000000000000000000e+00,1.791205044981064809e+00
1.605000000000000071e+01,2.741219758987426758e+00,1.924484014511108398e+00,2.190612554550170898e+00,2.315241575241088867e+00,1.011051437925621022e+00,3.990000000000000000e+02,2.000000000000000000e+00,1.000000000000000000e+00,1.701909641171708287e+00
1.610000000000000142e+01,2.459112167358398438e+00,1.722737073898315430e+00,2.432062864303588867e+00,2.471196174621582031e+00,1.092657924778411171e+00,3.860000000000000000e+02,1.000000000000000000e+00,1.000000000000000000e+00,2.015568559106894586e+00
1.615000000000000213e+01,2.717082500457763672e+00,2.003512859344482422e+00,2.332279443740844727e+00,2.437334299087524414e+00,1.015176288381855807e+00,4.100000000000000000e+02,2.000000000000000000e+00,1.000000000000000000e+00,1.751483273787935779e+00
1.619999999999999929e+01,2.619323253631591797e+00,1.913093209266662598e+00,2.795486927032470703e+00,2.605155944824218750e+00,9.736825333034542229e-01,3.560000000000000000e+02,1.000000000000000000e+00,1.000000000000000000e+00,1.657351856525556943e+00
1.625000000000000000e+01,2.604899883270263672e+00,1.883466124534606934e+00,2.430155754089355469e+00,2.331328153610229492e+00,1.065427989418755939e+00,4.060000000000000000e+02,2.000000000000000000e+00,1.000000000000000000e+00,1.676017544238106893e+00
1.630000000000000071e+01,2.639581203460693359e+00,1.738561987876892090e+00,2.639949083328247070e+00,2.556905984878540039e+00,1.038521250946101038e+00,3.810000000000000000e+02,2.000000000000000000e+00,1.000000000000000000e+00,1.568004363178278737e+00
1.635000000000000142e+01,2.631617784500122070e+00,1.882025241851806641e+00,2.567440271377563477e+00,2.644806146621704102e+00,1.066514182835058611e+00,3.740000000000000000e+02,2.000000000000000000e+00,1.000000000000000000e+00,1.730423625820466160e+00
1.640000000000000213e+01,2.592275381088256836e+00,1.877592206001281738e+00,2.313897609710693359e+00,2.428202867507934570e+00,1.027162229403151938e+00,4.000000000000000000e+02,2.000000000000000000e+00,1.000000000000000000e+00,1.842610212107762546e+00
1.644999999999999929e+01,2.754788637161254883e+00,1.997482895851135254e+00,2.301429271697998047e+00,2.274307727813720703e+00,1.037413085604067309e+00,3.840000000000000000e+02,1.000000000000000000e+00,1.000000000000000000e+00,1.740147372074182019e+00
1.650000000000000000e+01,2.703898906707763672e+00,1.988630175590515137e+00,2.493463516235351562e+00,2.286156892776489258e+00,1.007308167866076687e+00,3.830000000000000000e+02,2.000000000000000000e+00,1.000000000000000000e+00,1.663147693990429055e+00
1.655000000000000071e+01,2.774650573730468750e+00,2.193902492523193359e+00,2.585566997528076172e+00,2.691275119781494141e+00,1.040280387595115652e+00,4.070000000000000000e+02,2.000000000000000000e+00,1.000000000000000000e+00,1.606133899669617282e+00
1.660000000000000142e+01,2.593158245086669922e+00,1.893556356430053711e+00,2.359646558761596680e+00,2.741670608520507812e+00,9.187559549178097029e-01,3.780000000000000000e+02,2.000000000000000000e+00,1.000000000000000000e+00,1.669681509696791855e+00
1.665000000000000213e+01,2.601633310317993164e+00,1.922047853469848633e+00,2.451219558715820312e+00,2.689376831054687500e+00,1.005794245140613219e+00,3.950000000000000000e+02,2.000000000000000000e+00,1.000000000000000000e+00,1.711827926840874481e+00
1.669999999999999929e+01,2.595757007598876953e+00,1.954362869262695312e+00,2.711887598037719727e+00,2.949189901351928711e+00,9.373069911633253870e-01,3.760000000000000000e+02,2.000000000000000000e+00,1.000000000000000000e+00,1.597406809691698237e+00
1.675000000000000000e+01,2.799957275390625000e+00,1.953561305999755859e+00,2.643436193466186523e+00,2.636980772018432617e+00,1.082893685768890002e+00,3.690000000000000000e+02,1.000000000000000000e+00,1.000000000000000000e+00,1.633707747845766223e+00
1.680000000000000071e+01,2.731059551239013672e+00,1.970415830612182617e+00,2.472176074981689453e+00,2.485559225082397461e+00,1.016999897528549690e+00,3.720000000000000000e+02,2.000000000000000000e+00,1.000000000000000000e+00,1.771977378993586649e+00
1.685000000000000142e+01,2.604972362518310547e+00,1.905226230621337891e+00,2.392986297607421875e+00,2.481929540634155273e+00,1.045691195842072485e+00,3.480000000000000000e+02,1.000000000000000000e+00,1.000000000000000000e+00,1.575432803263943304e+00
1.690000000000000213e+01,2.872062206268310547e+00,2.115663290023803711e+00,2.748533487319946289e+00,2.748470783233642578e+00,9.170999241935855473e-01,3.780000000000000000e+02,2.000000000000000000e+00,1.000000000000000000e+00,1.602213556272944039e+00
1.694999999999999929e+01,2.847235679626464844e+00,2.171784877777099609e+00,2.887953281402587891e+00,2.616799831390380859e+00,9.776856154363439133e-01,3.730000000000000000e+02,1.000000000000000000e+00,1.000000000000000000e+00,1.701782010004368129e+00
1.700000000000000000e+01,2.869215965270996094e+00,2.203893184661865234e+00,2.893359661102294922e+00,2.702726364135742188e+00,9.306715073255789061e-01,4.270000000000000000e+02,2.000000000000000000e+00,1.000000000000000000e+00,1.597604190461197948e+00
1.705000000000000071e+01,2.808205127716064453e+00,2.114184617996215820e+00,2.372837543487548828e+00,2.635728836059570312e+00,8.678682397293395745e-01,3.800000000000000000e+02,2.000000000000000000e+00,1.000000000000000000e+00,1.769777641707075855e+00
1.710000000000000142e+01,2.781892776489257812e+00,2.173548936843872070e+00,2.447932004928588867e+00,2.385249376296997070e+00,9.028010210644157318e-01,3.970000000000000000e+02,2.000000000000000000e+00,1.000000000000000000e+00,1.767409122613884387e+00
1.715000000000000213e+01,2.683896780014038086e+00,2.037468433380126953e+00,2.572357177734375000e+00,2.519237041473388672e+00,9.085966951009174508e-01,4.160000000000000000e+02,2.000000000000000000e+00,1.000000000000000000e+00,1.645194442067278828e+00
1.719999999999999929e+01,2.733840942382812500e+00,2.063414096832275391e+00,2.711276531219482422e+00,2.603508234024047852e+00,9.247046825071751908e-01,3.940000000000000000e+02,1.000000000000000000e+00,1.000000000000000000e+00,1.963315397709341159e+00
1.725000000000000000e+01,2.680912017822265625e+00,1.789691448211669922e+00,2.207726001739501953e+00,2.345127344131469727e+00,9.160865987283922651e-01,4.010000000000000000e+02,2.000000000000000000e+00,1.000000000000000000e+00,1.653675902536834386e+00
1.730000000000000071e+01,2.861009836196899414e+00,2.026591777801513672e+00,2.454444885253906250e+00,2.525928020477294922e+00,1.063483809088881848e+00,4.240000000000000000e+02,2.000000000000000000e+00,1.000000000000000000e+00,1.559789958516758501e+00
1.735000000000000142e+01,2.879741430282592773e+00,2.026402473449707031e+00,2.361318111419677734e+00,2.659790277481079102e+00,9.411747903592292408e-01,3.810000000000000000e+02,2.000000000000000000e+00,1.000000000000000000e+00,1.632178830460390140e+00
1.740000000000000213e+01,2.969786643981933594e+00,2.187866449356079102e+00,2.419543743133544922e+00,2.208788156509399414e+00,9.324473327073529161e-01,3.670000000000000000e+02,2.000000000000000000e+00,1.000000000000000000e+00,1.537855385078741310e+00
1.744999999999999929e+01,2.896013259887695312e+00,2.030197143554687500e+00,2.441860675811767578e+00,2.628507614135742188e+00,1.044172363473381715e+00,4.000000000000000000e+02,2.000000000000000000e+00,1.000000000000000000e+00,1.651492296233616708e+00
1.750000000000000000e+01,2.919636964797973633e+00,2.116266727447509766e+00,2.280632257461547852e+00,2.283090829849243164e+00,9.919209753028823684e-01,3.980000000000000000e+02,1.000000000000000000e+00,1.000000000000000000e+00,1.868567580091545111e+00
1.755000000000000071e+01,2.878446817398071289e+00,2.092384338378906250e+00,2.598897933959960938e+00,2.357089996337890625e+00,1.001163219878595134e+00,4.160000000000000000e+02,2.000000000000000000e+00,1.000000000000000000e+00,1.528859759713580235e+00
1.760000000000000142e+01,2.706811904907226562e+00,1.912813901901245117e+00,2.243447780609130859e+00,2.330508708953857422e+00,1.004218753009527454e+00,4.000000000000000000e+02,2.000000000000000000e+00,1.000000000000000000e+00,1.683600947712752927e+00
1.765000000000000213e+01,2.820759057998657227e+00,1.984675645828247070e+00,2.264547824859619141e+00,2.283632516860961914e+00,1.013512241056912844e+00,4.160000000000000000e+02,2.000000000000000000e+00,1.000000000000000000e+00,1.831504089010443037e+00
1.769999999999999929e+01,2.929806232452392578e+00,2.030898332595825195e+00,2.579469919204711914e+00,2.346804380416870117e+00,1.085773841069907597e+00,4.090000000000000000e+02,2.000000000000000000e+00,1.000000000000000000e+00,1.602061214407128009e+00
1.775000000000000000e+01,2.986323833465576172e+00,2.124198436737060547e+00,2.393850803375244141e+00,2.573482513427734375e+00,1.001175079828791947e+00,4.000000000000000000e+02,1.000000000000000000e+00,1.000000000000000000e+00,1.775479582340226958e+00
1.780000000000000071e+01,2.863088846206665039e+00,2.122316598892211914e+00,2.701158046722412109e+00,2.591780185699462891e+00,1.027610741974396280e+00,4.090000000000000000e+02,2.000000000000000000e+00,1.000000000000000000e+00,1.869463665228112470e+00
1.785000000000000142e+01,2.752653360366821289e+00,1.997531890869140625e+00,2.408933877944946289e+00,2.527604103088378906e+00,9.916072533315883897e-01,4.410000000000000000e+02,3.000000000000000000e+00,1.000000000000000000e+00,1.900960254627594548e+00
1.790000000000000213e+01,2.864922046661376953e+00,2.107945919036865234e+00,2.383995056152343750e+00,2.320801973342895508e+00,9.696902323358222997e-01,3.780000000000000000e+02,2.000000000000000000e+00,1.000000000000000000e+00,1.731891128387327949e+00
1.794999999999999929e+01,2.811632394790649414e+00,2.100931406021118164e+00,2.356397867202758789e+00,2.263538122177124023e+00,1.048757328622223151e+00,3.910000000000000000e+02,2.000000000000000000e+00,1.000000000000000000e+00,1.689442804291347855e+00
1.800000000000000000e+01,2.994819164276123047e+00,2.002941846847534180e+00,2.344484090805053711e+00,2.265081405639648438e+00,1.057931575080465869e+00,4.140000000000000000e+02,2.000000000000000000e+00,1.000000000000000000e+00,1.821312874254175540e+00
1.805000000000000071e+01,2.565527200698852539e+00,1.808924913406372070e+00,2.443221569061279297e+00,2.328313350677490234e+00,1.033783335336253772e+00,4.060000000000000000e+02,2.000000000000000000e+00,1.000000000000000000e+00,1.884468480784238009e+00
1.810000000000000142e+01,2.717570781707763672e+00,1.964393734931945801e+00,2.624596595764160156e+00,2.444468498229980469e+00,1.068980671618373179e+00,4.260000000000000000e+02,2.000000000000000000e+00,1.000000000000000000e+00,1.685499592542355485e+00
1.815000000000000213e+01,2.726946353912353516e+00,2.038602352142333984e+00,2.329028367996215820e+00,2.454392671585083008e+00,1.006795199378332173e+00,4.030000000000000000e+02,2.000000000000000000e+00,1.000000000000000000e+00,1.661165025025985509e+00
1.819999999999999929e+01,2.570171833038330078e+00,1.841381311416625977e+00,2.599954843521118164e+00,2.477922916412353516e+00,9.965987099948734329e-01,4.070000000000000000e+02,2.000000000000000000e+00,1.000000000000000000e+00,1.679000165598996563e+00
1.825000000000000000e+01,2.836993217468261719e+00,1.916418194770812988e+00,2.417548656463623047e+00,2.573495149612426758e+00,1.007088012094967677e+00,4.120000000000000000e+02,2.000000000000000000e+00,1.000000000000000000e+00,1.552063728664464515e+00
1.830000000000000071e+01,2.922633171081542969e+00,2.112748861312866211e+00,2.531764745712280273e+00,2.463976383209228516e+00,1.057897175759398234e+00,4.130000000000000000e+02,2.000000000000000000e+00,1.000000000000000000e+00,1.694024395945021855e+00
1.835000000000000142e+01,3.077727794647216797e+00,2.169233083724975586e+00,2.205852270126342773e+00,2.441590309143066406e+00,9.809963380547577216e-01,4.050000000000000000e+02,2.000000000000000000e+00,1.000000000000000000e+00,1.747561496611307552e+00
1.840000000000000213e+01,2.813056707382202148e+00,1.949473381042480469e+00,2.496162652969360352e+00,2.453541278839111328e+00,9.642108920807874739e-01,3.720000000000000000e+02,2.000000000000000000e+00,1.000000000000000000e+00,1.827000087972710851e+00
1.844999999999999929e+01,2.781929969787597656e+00,1.994237780570983887e+00,2.336392641067504883e+00,2.487587690353393555e+00,9.716467115698684820e-01,3.940000000000000000e+02,2.000000000000000000e+00,1.000000000000000000e+00,1.671225295973726599e+00
1.850000000000000000e+01,2.929744958877563477e+00,2.067630767822265625e+00,2.402596950531005859e+00,2.567199707031250000e+00,1.004961110503649113e+00,3.820000000000000000e+02,2.000000000000000000e+00,1.000000000000000000e+00,1.666658426723017783e+00
1.855000000000000071e+01,2.747468709945678711e+00,1.928040027618408203e+00,2.299643278121948242e+00,2.481709718704223633e+00,9.642432830129474830e-01,3.900000000000000000e+02,1.000000000000000000e+00,1.000000000000000000e+00,1.783757093781075165e+00
1.860000000000000142e+01,3.297873973846435547e+00,2.333063840866088867e+00,2.335983514785766602e+00,2.380763292312622070e+00,9.807404392398588744e-01,4.160000000000000000e+02,2.000000000000000000e+00,1.000000000000000000e+00,1.710809890930740318e+00
1.865000000000000213e+01,3.239013195037841797e+00,2.320445299148559570e+00,2.709305286407470703e+00,2.871975660324096680e+00,1.024093835349774828e+00,3.860000000000000000e+02,1.000000000000000000e+00,1.000000000000000000e+00,1.721596570086612488e+00
1.869999999999999929e+01,2.927823305130004883e+00,2.263452529907226562e+00,2.333619356155395508e+00,2.719353675842285156e+00,1.008237725173608101e+00,3.580000000000000000e+02,2.000000000000000000e+00,1.000000000000000000e+00,1.658061200273329039e+00
1.875000000000000000e+01,2.389047622680664062e+00,1.999856472015380859e+00,2.527405977249145508e+00,2.446304798126220703e+00,1.038573283186565943e+00,3.820000000000000000e+02,2.000000000000000000e+00,1.000000000000000000e+00,1.877499875434884391e+00
1.880000000000000071e+01,2.607813358306884766e+00,2.088112592697143555e+00,2.595801353454589844e+00,2.720669269561767578e+00,9.828547914669112373e-01,3.970000000000000000e+02,2.000000000000000000e+00,1.000000000000000000e+00,1.822939633271591031e+00
1.885000000000000142e+01,2.837867498397827148e+00,2.108161687850952148e+00,2.697513580322265625e+00,2.634196281433105469e+00,1.056388757042239002e+00,3.990000000000000000e+02,2.000000000000000000e+00,1.000000000000000000e+00,1.553119905998167738e+00
1.890000000000000213e+01,2.731177568435668945e+00,2.246948957443237305e+00,2.660368442535400391e+00,2.591598987579345703e+00,9.276779952770813908e-01,4.200000000000000000e+02,2.000000000000000000e+00,1.000000000000000000e+00,1.716224695777698983e+00
1.894999999999999929e+01,2.408020734786987305e+00,2.005674362182617188e+00,2.576665878295898438e+00,2.548437118530273438e+00,1.022268725701323211e+00,3.850000000000000000e+02,1.000000000000000000e+00,1.000000000000000000e+00,1.699337620565183560e+00
1.900000000000000000e+01,2.540833711624145508e+00,2.006532430648803711e+00,2.598138093948364258e+00,2.617599725723266602e+00,9.532652723266334949e-01,4.150000000000000000e+02,2.000000000000000000e+00,1.000000000000000000e+00,1.764992429205005875e+00
1.905000000000000071e+01,2.544722795486450195e+00,2.032016754150390625e+00,2.581538200378417969e+00,2.415265560150146484e+00,9.273791556052802809e-01,4.100000000000000000e+02,2.000000000000000000e+00,1.000000000000000000e+00,1.655336215715174086e+00
1.910000000000000142e+01,2.627813816070556641e+00,2.122003078460693359e+00,2.490739345550537109e+00,2.510063886642456055e+00,1.086542985660557736e+00,4.040000000000000000e+02,3.000000000000000000e+00,1.000000000000000000e+00,1.617498099698468694e+00
1.915000000000000213e+01,2.696792125701904297e+00,2.092494726181030273e+00,2.831687927246093750e+00,2.634701728820800781e+00,1.015423939825157884e+00,3.500000000000000000e+02,4.000000000000000000e+00,1.000000000000000000e+00,1.739045027174596303e+00
1.920000000000000284e+01,2.613392829895019531e+00,2.029906272888183594e+00,2.555729866027832031e+00,2.527745246887207031e+00,1.079883076125079722e+00,4.060000000000000000e+02,1.000000000000000000e+00,1.000000000000000000e+00,1.799991891485812179e+00
1.925000000000000000e+01,2.631108999252319336e+00,2.060127973556518555e+00,2.600500345230102539e+00,2.633798122406005859e+00,9.413999797909606837e-01,3.820000000000000000e+02,1.000000000000000000e+00,1.000000000000000000e+00,1.863961855230615861e+00
1.930000000000000071e+01,2.791730165481567383e+00,1.981637477874755859e+00,2.475783586502075195e+00,2.547334194183349609e+00,1.052663533989968592e+00,4.160000000000000000e+02,2.000000000000000000e+00,1.000000000000000000e+00,1.695906616049136284e+00
1.935000000000000142e+01,2.639643192291259766e+00,2.013242006301879883e+00,2.389873981475830078e+00,2.424645423889160156e+00,1.061939049234205346e+00,3.810000000000000000e+02,2.000000000000000000e+00,1.000000000000000000e+00,1.770737548499562664e+00
1.940000000000000213e+01,2.691538333892822266e+00,2.186621665954589844e+00,2.377910852432250977e+00,2.669257879257202148e+00,1.013169166428566692e+00,4.320000000000000000e+02,2.000000000000000000e+00,1.000000000000000000e+00,1.675653692839162545e+00
1.945000000000000284e+01,2.644218206405639648e+00,1.896912336349487305e+00,2.548354148864746094e+00,2.401890516281127930e+00,9.866119962002255495e-01,3.730000000000000000e+02,2.000000000000000000e+00,1.000000000000000000e+00,1.690951067869517432e+00
1.950000000000000000e+01,2.785206794738769531e+00,2.095450401306152344e+00,2.547631025314331055e+00,2.347660779953002930e+00,1.057039633024472902e+00,3.850000000000000000e+02,2.000000000000000000e+00,1.000000000000000000e+00,1.553432654756162545e+00
1.955000000000000071e+01,2.690576314926147461e+00,2.006453514099121094e+00,2.385155200958251953e+00,2.345671653747558594e+00,1.059359296390808280e+00,4.150000000000000000e+02,2.000000000000000000e+00,1.000000000000000000e+00,1.562899173980684786e+00
1.960000000000000142e+01,2.798136234283447266e+00,2.135475635528564453e+00,2.608685255050659180e+00,2.559463977813720703e+00,1.059166084327743507e+00,3.740000000000000000e+02,1.000000000000000000e+00,1.000000000000000000e+00,1.853942509792679161e+00
1.965000000000000213e+01,2.666668653488159180e+00,2.122785806655883789e+00,2.577326536178588867e+00,2.683155775070190430e+00,9.800325595390180222e-01,4.180000000000000000e+02,3.000000000000000000e+00,1.000000000000000000e+00,1.603729814884737870e+00
1.970000000000000284e+01,2.775335550308227539e+00,2.024395227432250977e+00,2.634588718414306641e+00,2.366225004196166992e+00,1.028020526732373652e+00,3.780000000000000000e+02,1.000000000000000000e+00,1.000000000000000000e+00,1.736760420856182208e+00
1.975000000000000000e+01,2.619191169738769531e+00,1.919406890869140625e+00,2.506494760513305664e+00,2.374802350997924805e+00,1.060823366972174719e+00,4.240000000000000000e+02,2.000000000000000000e+00,1.000000000000000000e+00,1.596370008633776205e+00
1.980000000000000071e+01,2.617480278015136719e+00,2.052819967269897461e+00,2.513404369354248047e+00,2.404756069183349609e+00,1.037422666945666316e+00,4.230000000000000000e+02,2.000000000000000000e+00,1.000000000000000000e+00,1.682048616807817698e+00
1.985000000000000142e+01,2.461719512939453125e+00,1.914083957672119141e+00,2.149669647216796875e+00,2.198971748352050781e+00,9.864254847067921439e-01,3.840000000000000000e+02,2.000000000000000000e+00,1.000000000000000000e+00,1.950724403320666767e+00
1.990000000000000213e+01,2.591489553451538086e+00,1.983268976211547852e+00,2.619426250457763672e+00,2.685422897338867188e+00,1.025173501296464673e+00,3.970000000000000000e+02,2.000000000000000000e+00,1.000000000000000000e+00,1.708654840788476736e+00
1.995000000000000284e+01,2.580106735229492188e+00,1.995812058448791504e+00,2.746002435684204102e+00,2.501885652542114258e+00,1.037242279718488591e+00,4.240000000000000000e+02,2.000000000000000000e+00,1.000000000000000000e+00,1.557593942137760479e+00
2.000000000000000000e+01,2.575167655944824219e+00,1.976114392280578613e+00,2.926652908325195312e+00,2.739721775054931641e+00,1.034604766974783985e+00,3.750000000000000000e+02,1.000000000000000000e+00,1.000000000000000000e+00,2.083474816777539207e+00
2.005000000000000071e+01,2.400907516479492188e+00,1.918436765670776367e+00,2.706273555755615234e+00,2.426907539367675781e+00,9.908888840868256276e-01,3.930000000000000000e+02,2.000000000000000000e+00,1.000000000000000000e+00,1.748517029689925728e+00
2.010000000000000142e+01,2.371032476425170898e+00,1.889441013336181641e+00,2.494664430618286133e+00,2.594134569168090820e+00,1.004735006294287469e+00,4.290000000000000000e+02,2.000000000000000000e+00,1.000000000000000000e+00,1.697323464684465932e+00
2.015000000000000213e+01,2.448307752609252930e+00,1.757171034812927246e+00,2.510573863983154297e+00,2.444107294082641602e+00,9.006526137971716528e-01,3.810000000000000000e+02,2.000000000000000000e+00,1.000000000000000000e+00,1.729282792825017845e+00
2.020000000000000284e+01,2.646750450134277344e+00,1.828342914581298828e+00,2.421108245849609375e+00,2.532495260238647461e+00,1.015751955003748819e+00,4.040000000000000000e+02,2.000000000000000000e+00,1.000000000000000000e+00,1.762621275561882861e+00
2.025000000000000000e+01,2.834987401962280273e+00,2.043881893157958984e+00,2.702920913696289062e+00,2.594835281372070312e+00,9.962908064332453018e-01,4.020000000000000000e+02,2.000000000000000000e+00,1.000000000000000000e+00,1.644784172045086201e+00
2.030000000000000071e+01,2.717702388763427734e+00,1.968148708343505859e+00,2.553027153015136719e+00,2.440719604492187500e+00,9.880650626142672976e-01,3.780000000000000000e+02,1.000000000000000000e+00,1.000000000000000000e+00,1.707145655055995359e+00
2.035000000000000142e+01,2.970675945281982422e+00,2.133060932159423828e+00,2.629132032394409180e+00,2.470404148101806641e+00,9.975623713482715260e-01,3.850000000000000000e+02,2.000000000000000000e+00,1.000000000000000000e+00,1.580885827135525057e+00
2.040000000000000213e+01,2.267256736755371094e+00,2.023643255233764648e+00,2.314109563827514648e+00,2.248380661010742188e+00,1.005918598526151175e+00,3.820000000000000000e+02,1.000000000000000000e+00,1.000000000000000000e+00,1.906773724137707848e+00
2.045000000000000284e+01,2.325327634811401367e+00,1.946746587753295898e+00,2.522752761840820312e+00,2.474206447601318359e+00,9.580890003879929395e-01,3.560000000000000000e+02,1.000000000000000000e+00,1.000000000000000000e+00,1.619567521280038447e+00
2.050000000000000000e+01,2.751815080642700195e+00,2.166140317916870117e+00,2.641362905502319336e+00,2.644358158111572266e+00,8.878610389311190065e-01,3.880000000000000000e+02,2.000000000000000000e+00,1.000000000000000000e+00,1.793061855914411806e+00
2.055000000000000071e+01,2.446084260940551758e+00,2.024690866470336914e+00,2.412950754165649414e+00,2.273052215576171875e+00,9.947454179422964282e-01,4.040000000000000000e+02,2.000000000000000000e+00,1.000000000000000000e+00,1.675114182978497457e+00
2.060000000000000142e+01,2.413563251495361328e+00,1.938351154327392578e+00,2.398941755294799805e+00,2.314695119857788086e+00,9.933685506704623691e-01,3.890000000000000000e+02,2.000000000000000000e+00,1.000000000000000000e+00,1.623954749273135212e+00
2.065000000000000213e+01,2.600106239318847656e+00,1.953613996505737305e+00,2.522589921951293945e+00,2.565582990646362305e+00,1.012854143213736791e+00,3.740000000000000000e+02,1.000000000000000000e+00,1.000000000000000000e+00,1.658254969787992472e+00
2.070000000000000284e+01,2.559338569641113281e+00,1.992342472076416016e+00,2.422315120697021484e+00,2.357662200927734375e+00,9.899712523840860090e-01,3.600000000000000000e+02,2.000000000000000000e+00,1.000000000000000000e+00,1.930773694297759135e+00
2.075000000000000000e+01,2.341671466827392578e+00,2.111555337905883789e+00,2.764019012451171875e+00,2.223834276199340820e+00,1.091661046959348624e+00,3.890000000000000000e+02,1.000000000000000000e+00,1.000000000000000000e+00,1.843415825019188103e+00
2.080000000000000071e+01,2.372416496276855469e+00,2.029817342758178711e+00,2.464781284332275391e+00,2.299166202545166016e+00,1.041154804630871400e+00,3.990000000000000000e+02,2.000000000000000000e+00,1.000000000000000000e+00,1.685423762563793337e+00
2.085000000000000142e+01,2.803475618362426758e+00,2.163542032241821289e+00,2.301481246948242188e+00,2.259096860885620117e+00,1.088765379181640514e+00,4.140000000000000000e+02,2.000000000000000000e+00,1.000000000000000000e+00,1.943965164464011908e+00
2.090000000000000213e+01,2.711609363555908203e+00,1.886079549789428711e+00,2.645756959915161133e+00,2.699585437774658203e+00,1.066937031826863169e+00,3.860000000000000000e+02,1.000000000000000000e+00,1.000000000000000000e+00,1.542221109199207962e+00
2.095000000000000284e+01,2.609850168228149414e+00,2.049021482467651367e+00,2.372398853302001953e+00,2.296559810638427734e+00,1.058228686671805363e+00,4.020000000000000000e+02,1.000000000000000000e+00,1.000000000000000000e+00,1.724444559080703376e+00
2.100000000000000000e+01,2.539760589599609375e+00,1.948726296424865723e+00,2.731973886489868164e+00,2.593466997146606445e+00,9.905251131368519868e-01,3.710000000000000000e+02,1.000000000000000000e+00,1.000000000000000000e+00,1.628016524152778866e+00
2.105000000000000071e+01,2.513645172119140625e+00,1.966596961021423340e+00,2.202837228775024414e+00,2.093419551849365234e+00,1.034427674818900300e+00,3.590000000000000000e+02,2.000000000000000000e+00,1.000000000000000000e+00,1.606253525783977176e+00
2.110000000000000142e+01,2.449529409408569336e+00,1.957191348075866699e+00,2.527690887451171875e+00,2.529278755187988281e+00,1.002716359188691175e+00,3.940000000000000000e+02,3.000000000000000000e+00,1.000000000000000000e+00,1.811835770190503681e+00
2.115000000000000213e+01,2.498142957687377930e+00,1.991649866104125977e+00,2.560461997985839844e+00,2.501578569412231445e+00,1.032455511991588804e+00,3.910000000000000000e+02,1.000000000000000000e+00,1.000000000000000000e+00,1.689741592928506453e+00
2.120000000000000284e+01,2.452854156494140625e+00,1.952745318412780762e+00,2.350806713104248047e+00,2.490544795989990234e+00,9.640472108992501621e-01,4.120000000000000000e+02,2.000000000000000000e+00,1.000000000000000000e+00,1.804449199986412955e+00
2.125000000000000000e+01,2.735225915908813477e+00,2.062432050704956055e+00,2.602118253707885742e+00,2.418916463851928711e+00,1.022120031105520299e+00,4.010000000000000000e+02,3.000000000000000000e+00,1.000000000000000000e+00,1.596000289545459250e+00
2.130000000000000071e+01,2.767810583114624023e+00,2.159911870956420898e+00,2.281310081481933594e+00,2.354158878326416016e+00,9.997880516036840026e-01,3.940000000000000000e+02,1.000000000000000000e+00,1.000000000000000000e+00,2.054513383274975791e+00
2.135000000000000142e+01,2.703331708908081055e+00,2.080473423004150391e+00,2.335291385650634766e+00,2.650547027587890625e+00,1.021164728431352309e+00,3.820000000000000000e+02,1.000000000000000000e+00,1.000000000000000000e+00,1.548025134889430054e+00
2.140000000000000213e+01,2.665167331695556641e+00,1.966664314270019531e+00,2.470293283462524414e+00,2.487231731414794922e+00,9.565927837777393750e-01,3.760000000000000000e+02,2.000000000000000000e+00,1.000000000000000000e+00,1.695677938688078035e+00
2.145000000000000284e+01,2.803938388824462891e+00,2.175650835037231445e+00,2.553030252456665039e+00,2.415226459503173828e+00,1.035656707736427151e+00,4.090000000000000000e+02,1.000000000000000000e+00,1.000000000000000000e+00,1.729995217214286063e+00
2.150000000000000000e+01,2.801509857177734375e+00,1.983013868331909180e+00,2.440930843353271484e+00,2.549582958221435547e+00,1.011617684492553071e+00,3.880000000000000000e+02,2.000000000000000000e+00,1.000000000000000000e+00,2.044870403128997260e+00
2.155000000000000071e+01,2.674386262893676758e+00,2.133116006851196289e+00,2.251271724700927734e+00,2.573014259338378906e+00,1.010413389567120124e+00,4.080000000000000000e+02,1.000000000000000000e+00,1.000000000000000000e+00,1.777269156059197996e+00
2.160000000000000142e+01,2.743923664093017578e+00,2.074639320373535156e+00,2.580621004104614258e+00,2.464636802673339844e+00,1.060766018568508162e+00,4.000000000000000000e+02,1.000000000000000000e+00,1.000000000000000000e+00,1.929187558516586298e+00
2.165000000000000213e+01,2.936930179595947266e+00,2.216304302215576172e+00,2.301379442214965820e+00,2.576691627502441406e+00,1.000690828065080140e+00,3.840000000000000000e+02,2.000000000000000000e+00,1.000000000000000000e+00,1.705567986263628599e+00
2.170000000000000284e+01,2.664699316024780273e+00,2.190018177032470703e+00,2.512517452239990234e+00,2.632320880889892578e+00,1.043512517837186682e+00,4.070000000000000000e+02,2.000000000000000000e+00,1.000000000000000000e+00,1.635045496184386327e+00
2.175000000000000000e+01,2.746663331985473633e+00,2.301870107650756836e+00,2.333647727966308594e+00,2.415161609649658203e+00,9.794193916691031898e-01,4.050000000000000000e+02,2.000000000000000000e+00,1.000000000000000000e+00,1.758525606332280056e+00
2.180000000000000071e+01,2.677696704864501953e+00,2.161823272705078125e+00,2.137341260910034180e+00,2.361917734146118164e+00,1.057530268148840991e+00,3.860000000000000000e+02,2.000000000000000000e+00,1.000000000000000000e+00,1.609825279895434225e+00
2.185000000000000142e+01,2.667705774307250977e+00,2.041106700897216797e+00,2.400009393692016602e+00,2.386223316192626953e+00,1.030174826580262604e+00,3.840000000000000000e+02,1.000000000000000000e+00,1.000000000000000000e+00,1.889687450494724974e+00
2.190000000000000213e+01,2.597377300262451172e+00,1.926509737968444824e+00,2.268485546112060547e+00,2.237042903900146484e+00,1.065381160435212804e+00,3.900000000000000000e+02,1.000000000000000000e+00,1.000000000000000000e+00,1.501186380359116557e+00
2.195000000000000284e+01,2.733652114868164062e+00,2.024760246276855469e+00,2.457012653350830078e+00,2.567789793014526367e+00,9.572213529460420478e-01,4.120000000000000000e+02,2.000000000000000000e+00,1.000000000000000000e+00,1.547688708989384265e+00
2.200000000000000000e+01,2.691731452941894531e+00,2.067404747009277344e+00,2.293663740158081055e+00,2.555204868316650391e+00,1.046731816572327833e+00,4.190000000000000000e+02,1.000000000000000000e+00,1.000000000000000000e+00,1.974126894511790464e+00
2.205000000000000071e+01,2.855404853820800781e+00,2.144989013671875000e+00,2.360981225967407227e+00,2.438630342483520508e+00,1.047351764205284086e+00,3.920000000000000000e+02,2.000000000000000000e+00,1.000000000000000000e+00,1.861214059830187173e+00
2.210000000000000142e+01,2.765448093414306641e+00,2.145653009414672852e+00,2.339427471160888672e+00,2.425726652145385742e+00,9.985095346323573651e-01,3.780000000000000000e+02,2.000000000000000000e+00,1.000000000000000000e+00,1.924067712868957392e+00
2.215000000000000213e+01,2.622778177261352539e+00,2.127773046493530273e+00,2.321538448333740234e+00,2.394630670547485352e+00,9.967353683258045605e-01,4.070000000000000000e+02,2.000000000000000000e+00,1.000000000000000000e+00,1.614667739766825205e+00
2.220000000000000284e+01,2.705679416656494141e+00,2.176607847213745117e+00,2.690603494644165039e+00,2.477915763854980469e+00,1.003821983697456233e+00,3.710000000000000000e+02,2.000000000000000000e+00,1.000000000000000000e+00,1.672756670288404690e+00
2.225000000000000000e+01,2.729467153549194336e+00,2.127747297286987305e+00,2.472036838531494141e+00,2.316303968429565430e+00,1.002429744480286100e+00,4.040000000000000000e+02,2.000000000000000000e+00,1.000000000000000000e+00,1.861175963764374108e+00
2.230000000000000071e+01,2.877094745635986328e+00,2.155972480773925781e+00,2.166095018386840820e+00,2.495782613754272461e+00,1.028570405406646904e+00,3.990000000000000000e+02,1.000000000000000000e+00,1.000000000000000000e+00,1.830200725844896681e+00
2.235000000000000142e+01,2.742675781250000000e+00,2.110095262527465820e+00,2.499914646148681641e+00,2.592315673828125000e+00,1.123807955849218887e+00,3.680000000000000000e+02,2.000000000000000000e+00,1.000000000000000000e+00,1.858641250778541920e+00
2.240000000000000213e+01,2.761503458023071289e+00,2.199492216110229492e+00,2.210108757019042969e+00,2.341964960098266602e+00,1.009294402432913351e+00,4.070000000000000000e+02,2.000000000000000000e+00,1.000000000000000000e+00,1.670976627674183090e+00
2.245000000000000284e+01,2.826218366622924805e+00,2.106607913970947266e+00,2.328036308288574219e+00,2.493378877639770508e+00,1.073889516123535781e+00,4.280000000000000000e+02,2.000000000000000000e+00,1.000000000000000000e+00,1.758341293785593340e+00
2.250000000000000000e+01,2.915956020355224609e+00,2.153012990951538086e+00,2.435720920562744141e+00,2.531848192214965820e+00,1.091129108644616652e+00,4.140000000000000000e+02,2.000000000000000000e+00,1.000000000000000000e+00,1.709428225249963074e+00
2.255000000000000071e+01,2.800898551940917969e+00,2.207601547241210938e+00,2.277269840240478516e+00,2.378302335739135742e+00,1.095767182336079948e+00,3.990000000000000000e+02,2.000000000000000000e+00,1.000000000000000000e+00,1.540679579559236734e+00
2.260000000000000142e+01,2.914314031600952148e+00,2.121107578277587891e+00,2.403281211853027344e+00,2.458310365676879883e+00,1.048513715238872157e+00,3.590000000000000000e+02,1.000000000000000000e+00,1.000000000000000000e+00,1.915508930771277152e+00
2.265000000000000213e+01,2.902316808700561523e+00,2.332716464996337891e+00,2.378542661666870117e+00,2.651238203048706055e+00,1.023745244319759884e+00,3.630000000000000000e+02,1.000000000000000000e+00,1.000000000000000000e+00,1.889724195159249165e+00
2.270000000000000284e+01,2.828755617141723633e+00,2.055834293365478516e+00,2.768306970596313477e+00,2.713718891143798828e+00,1.090199605556974261e+00,4.000000000000000000e+02,2.000000000000000000e+00,1.000000000000000000e+00,1.521418008569475289e+00
2.275000000000000000e+01,2.789260149002075195e+00,2.168341636657714844e+00,2.493966579437255859e+00,2.563127279281616211e+00,1.057763547257135839e+00,3.710000000000000000e+02,1.000000000000000000e+00,1.000000000000000000e+00,1.861978083461172107e+00
2.280000000000000071e+01,2.863538265228271484e+00,2.111626148223876953e+00,2.365315675735473633e+00,2.426255941390991211e+00,1.040925583282196420e+00,3.790000000000000000e+02,1.000000000000000000e+00,1.000000000000000000e+00,1.750372784758914335e+00
2.285000000000000142e+01,3.017291784286499023e+00,2.239682912826538086e+00,2.423205375671386719e+00,2.533022403717041016e+00,1.055549878422314736e+00,4.020000000000000000e+02,2.000000000000000000e+00,1.000000000000000000e+00,1.694532392118780706e+00
2.290000000000000213e+01,2.919586896896362305e+00,2.118094682693481445e+00,2.423558235168457031e+00,2.412827253341674805e+00,1.046068345311489622e+00,3.720000000000000000e+02,1.000000000000000000e+00,1.000000000000000000e+00,1.719512788610101151e+00
2.295000000000000284e+01,2.771928071975708008e+00,2.227055788040161133e+00,2.541472911834716797e+00,2.603526592254638672e+00,1.020175889532479951e+00,4.070000000000000000e+02,1.000000000000000000e+00,1.000000000000000000e+00,1.643789348142993489e+00
2.300000000000000000e+01,2.771234512329101562e+00,2.041506528854370117e+00,2.425868988037109375e+00,2.378513574600219727e+00,9.928004814050663818e-01,3.960000000000000000e+02,2.000000000000000000e+00,1.000000000000000000e+00,1.968432233226146355e+00
2.305000000000000071e+01,2.910270690917968750e+00,2.153039216995239258e+00,2.479729652404785156e+00,2.587479591369628906e+00,1.030493139923484014e+00,4.020000000000000000e+02,2.000000000000000000e+00,1.000000000000000000e+00,1.595936377012877827e+00
2.310000000000000142e+01,2.819625377655029297e+00,2.066195011138916016e+00,2.431757688522338867e+00,2.568982601165771484e+00,1.044982321058181229e+00,3.930000000000000000e+02,1.000000000000000000e+00,1.000000000000000000e+00,1.830893695791250497e+00
2.315000000000000213e+01,2.920346260070800781e+00,2.147722721099853516e+00,2.486146688461303711e+00,2.508930921554565430e+00,1.007564016350634528e+00,3.870000000000000000e+02,3.000000000000000000e+00,1.000000000000000000e+00,1.643496252808984925e+00
2.320000000000000284e+01,2.794487237930297852e+00,2.104023218154907227e+00,2.364326953887939453e+00,2.623336791992187500e+00,1.052284533268184052e+00,3.840000000000000000e+02,2.000000000000000000e+00,1.000000000000000000e+00,1.706959940698772327e+00
2.325000000000000000e+01,2.499237537384033203e+00,2.150577783584594727e+00,2.419842004776000977e+00,2.447214126586914062e+00,1.029752179017718650e+00,4.090000000000000000e+02,2.000000000000000000e+00,1.000000000000000000e+00,1.596913699786691732e+00
2.330000000000000071e+01,2.722754001617431641e+00,1.969887614250183105e+00,2.358916282653808594e+00,2.491522312164306641e+00,1.024181387336757343e+00,4.290000000000000000e+02,2.000000000000000000e+00,1.000000000000000000e+00,1.751767630465248748e+00
2.335000000000000142e+01,2.814817190170288086e+00,2.086010217666625977e+00,2.409288883209228516e+00,2.474876403808593750e+00,1.046394527432324084e+00,3.960000000000000000e+02,2.000000000000000000e+00,1.000000000000000000e+00,1.723344206456318473e+00
2.340000000000000213e+01,2.993829488754272461e+00,2.194910287857055664e+00,2.518910169601440430e+00,2.725909948348999023e+00,9.907755711798394982e-01,4.070000000000000000e+02,1.000000000000000000e+00,1.000000000000000000e+00,1.800759806742166624e+00
2.345000000000000284e+01,2.818401813507080078e+00,2.104348421096801758e+00,2.205339908599853516e+00,2.404523849487304688e+00,1.012019894126304775e+00,3.860000000000000000e+02,2.000000000000000000e+00,1.000000000000000000e+00,1.667130445049468390e+00
2.350000000000000000e+01,2.765048503875732422e+00,2.083342075347900391e+00,2.543265819549560547e+00,2.783498764038085938e+00,1.042037658211238726e+00,3.660000000000000000e+02,1.000000000000000000e+00,1.000000000000000000e+00,1.709723690883051317e+00
2.355000000000000071e+01,2.807829856872558594e+00,2.090305328369140625e+00,2.445869922637939453e+00,2.423782825469970703e+00,1.033253600943238704e+00,3.570000000000000000e+02,2.000000000000000000e+00,1.000000000000000000e+00,1.800068285504245802e+00
2.360000000000000142e+01,2.619025230407714844e+00,2.124507188796997070e+00,2.564501762390136719e+00,2.303081989288330078e+00,1.024677890985348450e+00,3.890000000000000000e+02,2.000000000000000000e+00,1.000000000000000000e+00,1.611288110830224163e+00
2.365000000000000213e+01,3.001009941101074219e+00,2.162325620651245117e+00,2.515942573547363281e+00,2.552741765975952148e+00,1.071317238456681142e+00,3.890000000000000000e+02,2.000000000000000000e+00,1.000000000000000000e+00,1.838133704270874080e+00
2.370000000000000284e+01,2.876900672912597656e+00,2.214888811111450195e+00,2.398486614227294922e+00,2.389963150024414062e+00,1.061475856724045652e+00,3.730000000000000000e+02,1.000000000000000000e+00,1.000000000000000000e+00,1.645771389009211383e+00
2.375000000000000000e+01,2.868183135986328125e+00,2.222715616226196289e+00,2.366201162338256836e+00,2.499410629272460938e+00,1.004984676054033965e+00,4.090000000000000000e+02,1.000000000000000000e+00,1.000000000000000000e+00,1.588710350156572249e+00
2.380000000000000071e+01,2.956677436828613281e+00,2.221246957778930664e+00,2.381093740463256836e+00,2.490467786788940430e+00,1.058914346417250574e+00,4.000000000000000000e+02,2.000000000000000000e+00,1.000000000000000000e+00,1.617924420966891486e+00
2.385000000000000142e+01,2.847280025482177734e+00,2.190445661544799805e+00,2.400604724884033203e+00,2.447792053222656250e+00,1.017745438189188611e+00,3.810000000000000000e+02,1.000000000000000000e+00,1.000000000000000000e+00,1.723747944128713350e+00
2.390000000000000213e+01,2.810261249542236328e+00,2.023555278778076172e+00,2.357627391815185547e+00,2.378816604614257812e+00,1.044109178494163848e+00,3.830000000000000000e+02,1.000000000000000000e+00,1.000000000000000000e+00,1.859992423723149546e+00
2.395000000000000284e+01,2.807036876678466797e+00,2.172605514526367188e+00,2.710234642028808594e+00,2.544758796691894531e+00,1.048435045986952474e+00,3.710000000000000000e+02,2.000000000000000000e+00,1.000000000000000000e+00,1.685368428472330926e+00
2.400000000000000000e+01,2.839968204498291016e+00,2.236299753189086914e+00,2.703780651092529297e+00,2.742775678634643555e+00,1.035904923590913240e+00,3.590000000000000000e+02,1.000000000000000000e+00,1.000000000000000000e+00,2.106450626483253430e+00
2.405000000000000071e+01,2.856384515762329102e+00,2.135779380798339844e+00,2.453796863555908203e+00,2.401882886886596680e+00,1.059669935819618214e+00,3.910000000000000000e+02,1.000000000000000000e+00,1.000000000000000000e+00,1.706538810041973386e+00
2.410000000000000142e+01,2.954732894897460938e+00,2.235481023788452148e+00,2.664522886276245117e+00,2.611320972442626953e+00,1.086390919255801224e+00,4.190000000000000000e+02,2.000000000000000000e+00,1.000000000000000000e+00,1.695536456895775590e+00
2.415000000000000213e+01,2.829272985458374023e+00,2.036535263061523438e+00,2.465580701828002930e+00,2.408941268920898438e+00,9.988733874092006193e-01,3.850000000000000000e+02,2.000000000000000000e+00,1.000000000000000000e+00,1.754369661171059747e+00
2.420000000000000284e+01,2.737416744232177734e+00,2.105889081954956055e+00,2.348474025726318359e+00,2.580349206924438477e+00,9.188556998820176513e-01,3.680000000000000000e+02,1.000000000000000000e+00,1.000000000000000000e+00,1.671711600035554302e+00
2.425000000000000000e+01,2.710144042968750000e+00,2.093425512313842773e+00,2.358975172042846680e+00,2.581578254699707031e+00,9.929045462973995484e-01,4.100000000000000000e+02,3.000000000000000000e+00,1.000000000000000000e+00,1.643670626110958821e+00
2.430000000000000071e+01,2.726412296295166016e+00,2.190475702285766602e+00,2.355480670928955078e+00,2.302669048309326172e+00,1.018765796118743960e+00,4.130000000000000000e+02,1.000000000000000000e+00,1.000000000000000000e+00,1.822613347721740773e+00
2.435000000000000142e+01,2.778145074844360352e+00,2.268952369689941406e+00,2.368954658508300781e+00,2.513309478759765625e+00,9.904068473844297449e-01,4.080000000000000000e+02,2.000000000000000000e+00,1.000000000000000000e+00,1.845889465751155090e+00
2.440000000000000213e+01,2.776965141296386719e+00,2.227973699569702148e+00,2.672889232635498047e+00,2.505376815795898438e+00,1.092874096909373760e+00,3.960000000000000000e+02,2.000000000000000000e+00,1.000000000000000000e+00,1.507035004052570626e+00
2.445000000000000284e+01,2.706473350524902344e+00,2.031671762466430664e+00,2.444402694702148438e+00,2.363047122955322266e+00,1.039854842692486736e+00,3.910000000000000000e+02,1.000000000000000000e+00,1.000000000000000000e+00,1.738144541867535864e+00
2.450000000000000000e+01,3.052019596099853516e+00,2.405027866363525391e+00,2.427666902542114258e+00,2.495481014251708984e+00,1.073803072112616386e+00,3.730000000000000000e+02,1.000000000000000000e+00,1.000000000000000000e+00,1.798923154651942635e+00
2.455000000000000071e+01,2.955831050872802734e+00,2.299612045288085938e+00,2.304843425750732422e+00,2.570768833160400391e+00,9.676574502663493060e-01,4.230000000000000000e+02,3.000000000000000000e+00,1.000000000000000000e+00,1.649893922610720987e+00
2.460000000000000142e+01,2.895101547241210938e+00,2.083820343017578125e+00,2.344149589538574219e+00,2.469666481018066406e+00,1.024293639796721722e+00,4.090000000000000000e+02,1.000000000000000000e+00,1.000000000000000000e+00,1.689820244840339880e+00
2.465000000000000213e+01,2.784123659133911133e+00,2.202736139297485352e+00,2.521152496337890625e+00,2.739931344985961914e+00,1.038461765704971285e+00,3.940000000000000000e+02,2.000000000000000000e+00,1.000000000000000000e+00,1.622519492249948403e+00
2.470000000000000284e+01,2.856739759445190430e+00,2.084218025207519531e+00,2.594081878662109375e+00,2.556936740875244141e+00,1.168568439491835420e+00,3.240000000000000000e+02,2.000000000000000000e+00,1.000000000000000000e+00,1.740941971671218003e+00
2.475000000000000000e+01,3.114608526229858398e+00,2.201729059219360352e+00,2.607551574707031250e+00,2.336157321929931641e+00,1.045649662930967727e+00,3.550000000000000000e+02,1.000000000000000000e+00,1.000000000000000000e+00,1.686398222628078702e+00
2.480000000000000071e+01,3.160462856292724609e+00,2.430255651473999023e+00,2.613982915878295898e+00,2.593605995178222656e+00,1.076453052481656014e+00,3.570000000000000000e+02,1.000000000000000000e+00,1.000000000000000000e+00,1.678587368712377792e+00
2.485000000000000142e+01,3.315111160278320312e+00,2.376522302627563477e+00,2.428705692291259766e+00,2.387855052947998047e+00,9.694151898997096506e-01,3.540000000000000000e+02,1.000000000000000000e+00,1.000000000000000000e+00,1.781559625731631069e+00
2.490000000000000213e+01,2.939335346221923828e+00,2.192218065261840820e+00,2.316774368286132812e+00,2.312818050384521484e+00,1.055041598907544120e+00,3.680000000000000000e+02,1.000000000000000000e+00,1.000000000000000000e+00,1.656653771567363265e+00
2.495000000000000284e+01,3.019819021224975586e+00,2.316763639450073242e+00,2.543857336044311523e+00,2.453068733215332031e+00,9.987538946255707373e-01,3.920000000000000000e+02,1.000000000000000000e+00,1.000000000000000000e+00,1.729590157530454420e+00
2.500000000000000000e+01,3.196224689483642578e+00,2.423639774322509766e+00,2.719942092895507812e+00,2.803656816482543945e+00,9.825064999011434708e-01,3.990000000000000000e+02,1.000000000000000000e+00,1.000000000000000000e+00,1.751088093324331574e+00
2.505000000000000071e+01,3.395759582519531250e+00,2.480937957763671875e+00,2.733528852462768555e+00,2.956990003585815430e+00,1.051683932741085625e+00,3.840000000000000000e+02,1.000000000000000000e+00,1.000000000000000000e+00,1.539334773817114144e+00
2.510000000000000142e+01,2.909599542617797852e+00,2.104335069656372070e+00,2.742997407913208008e+00,2.834111690521240234e+00,1.091846892213537368e+00,3.830000000000000000e+02,2.000000000000000000e+00,1.000000000000000000e+00,1.702604991453615213e+00
2.515000000000000213e+01,3.176913499832153320e+00,2.318113088607788086e+00,2.836468219757080078e+00,2.938780546188354492e+00,1.040570625804609239e+00,3.270000000000000000e+02,1.000000000000000000e+00,1.000000000000000000e+00,1.638040509009621282e+00
2.520000000000000284e+01,3.166974782943725586e+00,2.246172189712524414e+00,2.438647985458374023e+00,2.615645170211791992e+00,1.090353665547988182e+00,4.250000000000000000e+02,2.000000000000000000e+00,1.000000000000000000e+00,1.632326386119503647e+00
2.525000000000000000e+01,2.992844820022583008e+00,2.212204217910766602e+00,2.688800811767578125e+00,2.578884363174438477e+00,1.124427182336538822e+00,3.830000000000000000e+02,2.000000000000000000e+00,1.000000000000000000e+00,1.808122538974764826e+00
2.530000000000000071e+01,3.044706583023071289e+00,2.277963399887084961e+00,2.410463571548461914e+00,2.672363281250000000e+00,1.048880418674831949e+00,3.990000000000000000e+02,1.000000000000000000e+00,1.000000000000000000e+00,1.602763308598329273e+00
2.535000000000000142e+01,3.000831365585327148e+00,2.248785972595214844e+00,2.854040861129760742e+00,2.848314285278320312e+00,9.858083065157098313e-01,3.600000000000000000e+02,1.000000000000000000e+00,1.000000000000000000e+00,1.574574003409073164e+00
2.540000000000000213e+01,3.015265941619873047e+00,2.185198307037353516e+00,2.366220474243164062e+00,2.615325450897216797e+00,1.039062334409247335e+00,3.600000000000000000e+02,2.000000000000000000e+00,1.000000000000000000e+00,1.638225530968888899e+00
2.545000000000000284e+01,3.109273910522460938e+00,2.308290719985961914e+00,2.523549079895019531e+00,2.815352678298950195e+00,9.560183193485859432e-01,3.750000000000000000e+02,1.000000000000000000e+00,1.000000000000000000e+00,1.937864272982218417e+00
2.550000000000000000e+01,2.774451255798339844e+00,2.005623340606689453e+00,2.577141761779785156e+00,2.451401710510253906e+00,9.639932146080583131e-01,3.910000000000000000e+02,1.000000000000000000e+00,1.000000000000000000e+00,1.662491185502751323e+00
2.555000000000000071e+01,2.930755376815795898e+00,2.166216611862182617e+00,2.367506742477416992e+00,2.368215560913085938e+00,1.057580424549600329e+00,4.230000000000000000e+02,2.000000000000000000e+00,1.000000000000000000e+00,1.589153522159063359e+00
2.560000000000000142e+01,3.438193321228027344e+00,2.304822206497192383e+00,2.742433547973632812e+00,2.809885978698730469e+00,9.775146352181941500e-01,4.050000000000000000e+02,1.000000000000000000e+00,1.000000000000000000e+00,1.769676799743594930e+00
2.565000000000000213e+01,3.144676446914672852e+00,2.172579526901245117e+00,2.459566831588745117e+00,2.541577339172363281e+00,9.739058858928566487e-01,3.910000000000000000e+02,1.000000000000000000e+00,1.000000000000000000e+00,1.824473560024493013e+00
2.570000000000000284e+01,3.467617273330688477e+00,2.447893857955932617e+00,2.884695291519165039e+00,2.866878271102905273e+00,9.077285586255186001e-01,3.760000000000000000e+02,2.000000000000000000e+00,1.000000000000000000e+00,1.922977742401679402e+00
2.575000000000000000e+01,3.293017148971557617e+00,2.302372217178344727e+00,2.651394605636596680e+00,2.617269754409790039e+00,9.994733128063487682e-01,3.870000000000000000e+02,2.000000000000000000e+00,1.000000000000000000e+00,1.585635581635199465e+00
2.580000000000000071e+01,3.311106920242309570e+00,2.282826423645019531e+00,2.704504489898681641e+00,2.499016046524047852e+00,9.994908833305180540e-01,3.860000000000000000e+02,1.000000000000000000e+00,1.000000000000000000e+00,1.679255198570436924e+00
2.585000000000000142e+01,3.331997156143188477e+00,2.277460336685180664e+00,2.672034502029418945e+00,2.791172981262207031e+00,9.342216493933923616e-01,3.860000000000000000e+02,1.000000000000000000e+00,1.000000000000000000e+00,1.808558519370477402e+00
2.590000000000000213e+01,2.758258581161499023e+00,2.265676021575927734e+00,2.890865564346313477e+00,3.013422727584838867e+00,1.094669673455033854e+00,4.380000000000000000e+02,2.000000000000000000e+00,1.000000000000000000e+00,1.572662204865525215e+00
2.595000000000000284e+01,2.425967216491699219e+00,2.045629739761352539e+00,2.254755735397338867e+00,2.458912849426269531e+00,1.035634353385038064e+00,4.200000000000000000e+02,2.000000000000000000e+00,1.000000000000000000e+00,1.642133208830224067e+00
2.600000000000000000e+01,2.581939697265625000e+00,2.042978763580322266e+00,2.547418832778930664e+00,2.637861013412475586e+00,1.068231239731550763e+00,4.060000000000000000e+02,2.000000000000000000e+00,1.000000000000000000e+00,1.692433838497645393e+00
2.605000000000000071e+01,2.532644033432006836e+00,2.038936853408813477e+00,2.600576639175415039e+00,2.551506042480468750e+00,1.004412709527890524e+00,4.300000000000000000e+02,2.000000000000000000e+00,1.000000000000000000e+00,1.568269287142270985e+00
2.610000000000000142e+01,2.651734828948974609e+00,2.155861377716064453e+00,2.491939544677734375e+00,2.426575422286987305e+00,1.041532489585029086e+00,4.270000000000000000e+02,2.000000000000000000e+00,1.000000000000000000e+00,1.639128062012379150e+00
2.615000000000000213e+01,2.629103422164916992e+00,2.196145534515380859e+00,2.660821437835693359e+00,2.660284280776977539e+00,1.054958333801077952e+00,3.870000000000000000e+02,1.000000000000000000e+00,1.000000000000000000e+00,1.600140514996025498e+00
2.620000000000000284e+01,2.821471691131591797e+00,2.197995662689208984e+00,2.524717807769775391e+00,2.618788242340087891e+00,1.052460395397077031e+00,3.810000000000000000e+02,2.000000000000000000e+00,1.000000000000000000e+00,1.700779251045011264e+00
2.625000000000000000e+01,2.729449748992919922e+00,2.103498935699462891e+00,2.370607376098632812e+00,2.683111667633056641e+00,1.040285972851452190e+00,3.940000000000000000e+02,2.000000000000000000e+00,1.000000000000000000e+00,1.615848050587461726e+00
2.630000000000000071e+01,2.678247928619384766e+00,2.039891719818115234e+00,2.557745933532714844e+00,2.594729900360107422e+00,1.044675694597122506e+00,3.990000000000000000e+02,2.000000000000000000e+00,1.000000000000000000e+00,1.748144681095454178e+00
2.635000000000000142e+01,2.452595949172973633e+00,1.863294720649719238e+00,2.456411361694335938e+00,2.469424486160278320e+00,9.554646104411010921e-01,4.290000000000000000e+02,2.000000000000000000e+00,1.000000000000000000e+00,1.651633181898714886e+00
2.640000000000000213e+01,2.580562829971313477e+00,2.078861951828002930e+00,2.520307064056396484e+00,2.554668188095092773e+00,1.069072410107962057e+00,3.840000000000000000e+02,2.000000000000000000e+00,1.000000000000000000e+00,1.696177879111124387e+00
2.645000000000000284e+01,2.612704038619995117e+00,2.030767917633056641e+00,2.471705913543701172e+00,2.482044935226440430e+00,1.011478063756350076e+00,4.300000000000000000e+02,2.000000000000000000e+00,1.000000000000000000e+00,1.647973994014347854e+00
2.650000000000000000e+01,2.578760147094726562e+00,2.120348930358886719e+00,2.722079277038574219e+00,2.458891153335571289e+00,1.163757170839950339e+00,3.610000000000000000e+02,2.000000000000000000e+00,1.000000000000000000e+00,1.697993855322773582e+00
2.655000000000000071e+01,2.802072525024414062e+00,2.124558687210083008e+00,2.795424461364746094e+00,2.660789489746093750e+00,1.004139353303208582e+00,4.240000000000000000e+02,2.000000000000000000e+00,1.000000000000000000e+00,1.646680419098281112e+00
2.660000000000000142e+01,2.540764808654785156e+00,2.031298637390136719e+00,2.556266307830810547e+00,2.726311445236206055e+00,1.069785822881492932e+00,4.180000000000000000e+02,2.000000000000000000e+00,1.000000000000000000e+00,1.617623140913803326e+00
2.665000000000000213e+01,2.457490921020507812e+00,2.067334413528442383e+00,2.937556505203247070e+00,2.654801368713378906e+00,1.045419863798347615e+00,3.720000000000000000e+02,2.000000000000000000e+00,1.000000000000000000e+00,1.726838279583609470e+00
2.670000000000000284e+01,2.676604270935058594e+00,2.100863933563232422e+00,2.611391305923461914e+00,2.542752981185913086e+00,1.005355612107892815e+00,3.850000000000000000e+02,2.000000000000000000e+00,1.000000000000000000e+00,1.676337124782928623e+00
2.675000000000000000e+01,2.425949096679687500e+00,1.999008178710937500e+00,2.783601760864257812e+00,2.724267482757568359e+00,1.061990932105245644e+00,4.150000000000000000e+02,2.000000000000000000e+00,1.000000000000000000e+00,1.972274263692864738e+00
2.680000000000000071e+01,2.641535282135009766e+00,2.177141189575195312e+00,2.754663228988647461e+00,2.559869050979614258e+00,1.055886601510777734e+00,4.130000000000000000e+02,1.000000000000000000e+00,1.000000000000000000e+00,1.752774658905271288e+00
2.685000000000000142e+01,2.550457000732421875e+00,2.100313425064086914e+00,2.822499513626098633e+00,2.853332757949829102e+00,1.054777317272042270e+00,3.620000000000000000e+02,1.000000000000000000e+00,1.000000000000000000e+00,1.648113550327689802e+00
2.690000000000000213e+01,2.594675540924072266e+00,1.922182321548461914e+00,2.805907487869262695e+00,2.960848569869995117e+00,1.001057959192271696e+00,3.630000000000000000e+02,1.000000000000000000e+00,1.000000000000000000e+00,2.032717149658867850e+00
2.695000000000000284e+01,2.634364128112792969e+00,2.195027112960815430e+00,2.935364723205566406e+00,2.950715541839599609e+00,1.058251137155475696e+00,3.780000000000000000e+02,1.000000000000000000e+00,1.000000000000000000e+00,1.719903431019881301e+00
2.700000000000000000e+01,2.725009918212890625e+00,2.253061056137084961e+00,2.845644712448120117e+00,2.989953041076660156e+00,1.078230410028223396e+00,3.800000000000000000e+02,2.000000000000000000e+00,1.000000000000000000e+00,1.625202731167072479e+00
2.705000000000000071e+01,2.719943761825561523e+00,2.230633497238159180e+00,2.984508514404296875e+00,3.275048255920410156e+00,9.703379505372482505e-01,4.160000000000000000e+02,2.000000000000000000e+00,0.000000000000000000e+00,2.376249294049324945e+00
2.710000000000000142e+01,2.692086696624755859e+00,2.147141456604003906e+00,2.907386064529418945e+00,3.549012899398803711e+00,9.430361590506637359e-01,3.940000000000000000e+02,1.000000000000000000e+00,0.000000000000000000e+00,2.222411027986520349e+00
2.715000000000000213e+01,2.874090433120727539e+00,2.270539760589599609e+00,3.030329704284667969e+00,3.727887630462646484e+00,9.287083917257665799e-01,3.630000000000000000e+02,2.000000000000000000e+00,1.000000000000000000e+00,1.742958078000286459e+00
2.720000000000000284e+01,2.675032854080200195e+00,2.253711700439453125e+00,2.890126705169677734e+00,3.425048589706420898e+00,1.042098481386338094e+00,3.830000000000000000e+02,2.000000000000000000e+00,1.000000000000000000e+00,1.560388721279537760e+00
2.725000000000000000e+01,2.867078542709350586e+00,2.280818462371826172e+00,2.828771829605102539e+00,3.347255945205688477e+00,9.989963035770537125e-01,3.550000000000000000e+02,2.000000000000000000e+00,1.000000000000000000e+00,1.681820041753025796e+00
2.730000000000000071e+01,2.730124950408935547e+00,2.375893115997314453e+00,2.752233982086181641e+00,3.203294515609741211e+00,9.623850361084715921e-01,4.190000000000000000e+02,2.000000000000000000e+00,1.000000000000000000e+00,1.709692288925862558e+00
2.735000000000000142e+01,2.777079343795776367e+00,2.279637575149536133e+00,2.854498624801635742e+00,3.450692176818847656e+00,1.019742780058143561e+00,3.770000000000000000e+02,1.000000000000000000e+00,1.000000000000000000e+00,1.707568721453932348e+00
2.740000000000000213e+01,2.864859342575073242e+00,2.209719181060791016e+00,2.875239610671997070e+00,3.469763040542602539e+00,9.727840213567526817e-01,3.890000000000000000e+02,2.000000000000000000e+00,1.000000000000000000e+00,1.644463193821022129e+00
2.745000000000000284e+01,2.754726886749267578e+00,2.188447713851928711e+00,3.245906352996826172e+00,3.600061416625976562e+00,9.902725310427651362e-01,3.800000000000000000e+02,2.000000000000000000e+00,1.000000000000000000e+00,1.768116590652059061e+00
2.750000000000000000e+01,2.788788795471191406e+00,2.218989849090576172e+00,3.015094995498657227e+00,3.548287153244018555e+00,9.498614014734284572e-01,3.980000000000000000e+02,1.000000000000000000e+00,1.000000000000000000e+00,2.141426961947474172e+00
2.755000000000000071e+01,2.738058090209960938e+00,2.128314971923828125e+00,2.770668029785156250e+00,3.131235837936401367e+00,1.008407083118365355e+00,3.740000000000000000e+02,2.000000000000000000e+00,1.000000000000000000e+00,2.133756414074380547e+00
2.760000000000000142e+01,2.939935207366943359e+00,2.272866249084472656e+00,3.158442497253417969e+00,3.529920816421508789e+00,1.045192853544859801e+00,3.630000000000000000e+02,2.000000000000000000e+00,1.000000000000000000e+00,1.805744570214055766e+00
2.765000000000000213e+01,2.678443908691406250e+00,2.312918663024902344e+00,2.809269189834594727e+00,3.333156585693359375e+00,1.016366427215875889e+00,4.000000000000000000e+02,2.000000000000000000e+00,1.000000000000000000e+00,1.649359980063805686e+00
2.770000000000000284e+01,3.032768964767456055e+00,2.490983963012695312e+00,3.046177864074707031e+00,3.484275341033935547e+00,1.028061340092941478e+00,3.920000000000000000e+02,2.000000000000000000e+00,1.000000000000000000e+00,1.774685376712849649e+00
2.775000000000000000e+01,2.773013353347778320e+00,2.382432699203491211e+00,2.947345256805419922e+00,3.310544490814208984e+00,9.257898965863304852e-01,3.670000000000000000e+02,2.000000000000000000e+00,1.000000000000000000e+00,1.959370322426287281e+00
2.780000000000000071e+01,2.884940147399902344e+00,2.317968368530273438e+00,3.034434080123901367e+00,3.621021509170532227e+00,9.307691535001229033e-01,4.000000000000000000e+02,1.000000000000000000e+00,1.000000000000000000e+00,1.800797564047077470e+00
2.785000000000000142e+01,2.824652433395385742e+00,2.271269321441650391e+00,2.958379268646240234e+00,3.355242967605590820e+00,1.010150466034670957e+00,3.800000000000000000e+02,2.000000000000000000e+00,1.000000000000000000e+00,1.815599729129113493e+00
2.790000000000000213e+01,3.090299129486083984e+00,2.292926073074340820e+00,2.933837175369262695e+00,3.377666234970092773e+00,1.029036491669615083e+00,3.680000000000000000e+02,2.000000000000000000e+00,1.000000000000000000e+00,1.810362302046371274e+00
2.795000000000000284e+01,2.947137594223022461e+00,2.174447774887084961e+00,2.916752099990844727e+00,3.230029106140136719e+00,9.626407085988902823e-01,3.920000000000000000e+02,2.000000000000000000e+00,1.000000000000000000e+00,1.763261653690929798e+00
2.800000000000000000e+01,2.796186447143554688e+00,2.294940710067749023e+00,2.826765060424804688e+00,3.258619070053100586e+00,9.649372655445116465e-01,3.840000000000000000e+02,2.000000000000000000e+00,1.000000000000000000e+00,1.779581829492034029e+00
2.805000000000000071e+01,2.892506599426269531e+00,2.274938821792602539e+00,2.869514226913452148e+00,3.447619915008544922e+00,9.563266710148542460e-01,4.090000000000000000e+02,2.000000000000000000e+00,1.000000000000000000e+00,1.849315585561787989e+00
2.810000000000000142e+01,2.885911464691162109e+00,2.269825458526611328e+00,3.059960365295410156e+00,3.805753946304321289e+00,9.137546170663195522e-01,3.930000000000000000e+02,2.000000000000000000e+00,1.000000000000000000e+00,1.656535831298030725e+00
2.815000000000000213e+01,3.064378261566162109e+00,2.372277021408081055e+00,3.003630638122558594e+00,3.510540485382080078e+00,9.863713064748468318e-01,3.720000000000000000e+02,2.000000000000000000e+00,1.000000000000000000e+00,1.550158734661326809e+00
2.820000000000000284e+01,2.909743785858154297e+00,2.156334400177001953e+00,3.050961732864379883e+00,3.381237983703613281e+00,1.010895325326842897e+00,3.500000000000000000e+02,2.000000000000000000e+00,1.000000000000000000e+00,1.682199058586696605e+00
2.825000000000000000e+01,2.794570922851562500e+00,2.163911342620849609e+00,3.124828815460205078e+00,3.690743684768676758e+00,9.866714910394841498e-01,3.530000000000000000e+02,2.000000000000000000e+00,1.000000000000000000e+00,1.726981256268609322e+00
2.830000000000000071e+01,3.082893133163452148e+00,2.217471122741699219e+00,3.124842643737792969e+00,3.382035493850708008e+00,9.571665456842852748e-01,3.710000000000000000e+02,2.000000000000000000e+00,1.000000000000000000e+00,1.726341933943709162e+00
2.835000000000000142e+01,2.980039358139038086e+00,2.227878570556640625e+00,3.100572109222412109e+00,3.603945016860961914e+00,1.032525522343697322e+00,4.060000000000000000e+02,2.000000000000000000e+00,1.000000000000000000e+00,1.724672973899075146e+00
2.840000000000000213e+01,2.956830263137817383e+00,2.330834865570068359e+00,3.095397472381591797e+00,3.676925659179687500e+00,9.602919992896310486e-01,4.190000000000000000e+02,2.000000000000000000e+00,1.000000000000000000e+00,1.775468460147092031e+00
2.845000000000000284e+01,2.659286260604858398e+00,2.149227619171142578e+00,2.867614030838012695e+00,3.617970943450927734e+00,9.356181350812136088e-01,3.790000000000000000e+02,2.000000000000000000e+00,1.000000000000000000e+00,2.100151148261557132e+00
2.850000000000000000e+01,3.051661252975463867e+00,2.319948673248291016e+00,3.092680215835571289e+00,3.651675224304199219e+00,1.032119632948255372e+00,4.140000000000000000e+02,2.000000000000000000e+00,1.000000000000000000e+00,1.863350956432108463e+00
2.855000000000000071e+01,2.869050025939941406e+00,2.189072608947753906e+00,2.722949504852294922e+00,3.204805374145507812e+00,9.566665677133316947e-01,3.890000000000000000e+02,2.000000000000000000e+00,1.000000000000000000e+00,1.640258044270925364e+00
2.860000000000000142e+01,2.895493268966674805e+00,2.210264682769775391e+00,2.943132162094116211e+00,3.502068758010864258e+00,9.074472981369361424e-01,3.890000000000000000e+02,1.000000000000000000e+00,0.000000000000000000e+00,2.319557089387961124e+00
2.865000000000000213e+01,2.936838865280151367e+00,2.390463113784790039e+00,2.831331729888916016e+00,3.492649555206298828e+00,1.044222194990549912e+00,3.920000000000000000e+02,2.000000000000000000e+00,1.000000000000000000e+00,1.784034327041155388e+00
2.870000000000000284e+01,2.896343469619750977e+00,2.201065778732299805e+00,2.678643703460693359e+00,3.259745836257934570e+00,9.727081849978200800e-01,3.820000000000000000e+02,2.000000000000000000e+00,1.000000000000000000e+00,1.688603314477405082e+00
2.875000000000000000e+01,2.993901729583740234e+00,2.250910282135009766e+00,2.868377685546875000e+00,3.458271265029907227e+00,1.003768457669003356e+00,3.670000000000000000e+02,2.000000000000000000e+00,1.000000000000000000e+00,1.724485600946305652e+00
2.880000000000000071e+01,3.008786678314208984e+00,2.305359125137329102e+00,2.804681777954101562e+00,3.228300809860229492e+00,9.368194903435461685e-01,3.770000000000000000e+02,2.000000000000000000e+00,1.000000000000000000e+00,1.898783921478389480e+00
2.885000000000000142e+01,2.800058841705322266e+00,2.291792392730712891e+00,2.970583200454711914e+00,3.492310523986816406e+00,1.001712802488593512e+00,3.840000000000000000e+02,2.000000000000000000e+00,1.000000000000000000e+00,1.812592074708105905e+00
2.890000000000000213e+01,3.111151456832885742e+00,2.320354461669921875e+00,2.982528686523437500e+00,3.459637165069580078e+00,1.003881541843929082e+00,3.660000000000000000e+02,2.000000000000000000e+00,1.000000000000000000e+00,1.736954607262552797e+00
2.895000000000000284e+01,2.871393680572509766e+00,2.233368158340454102e+00,3.033499479293823242e+00,3.591897964477539062e+00,9.810897659284858463e-01,3.820000000000000000e+02,2.000000000000000000e+00,1.000000000000000000e+00,1.692622394382442552e+00
2.900000000000000000e+01,3.050065517425537109e+00,2.352761507034301758e+00,2.871941089630126953e+00,3.300714015960693359e+00,9.069924617725635407e-01,4.040000000000000000e+02,2.000000000000000000e+00,1.000000000000000000e+00,1.947842761216536545e+00
2.905000000000000071e+01,3.091964721679687500e+00,2.456147909164428711e+00,2.934440135955810547e+00,3.390885591506958008e+00,9.941384281870774275e-01,3.970000000000000000e+02,2.000000000000000000e+00,1.000000000000000000e+00,1.807497541465080015e+00
2.910000000000000142e+01,3.094073534011840820e+00,2.519775629043579102e+00,3.094197511672973633e+00,3.516771316528320312e+00,9.241527555322088805e-01,4.130000000000000000e+02,2.000000000000000000e+00,1.000000000000000000e+00,1.748390330778212043e+00
2.915000000000000213e+01,2.839319229125976562e+00,2.474095344543457031e+00,3.008652925491333008e+00,3.431555986404418945e+00,9.588635358885745363e-01,4.250000000000000000e+02,2.000000000000000000e+00,1.000000000000000000e+00,1.781001385890017996e+00
2.920000000000000284e+01,3.340508937835693359e+00,2.534867286682128906e+00,2.938400745391845703e+00,3.509549140930175781e+00,1.005188094798876941e+00,3.970000000000000000e+02,2.000000000000000000e+00,1.000000000000000000e+00,1.547165406894237316e+00
2.925000000000000000e+01,3.093023300170898438e+00,2.514457941055297852e+00,2.661704540252685547e+00,2.992638111114501953e+00,9.692167015157998611e-01,3.720000000000000000e+02,2.000000000000000000e+00,1.000000000000000000e+00,1.624561082823893221e+00
2.930000000000000071e+01,3.128510713577270508e+00,2.402186870574951172e+00,2.786195278167724609e+00,3.224803209304809570e+00,9.636396628067457337e-01,3.980000000000000000e+02,1.000000000000000000e+00,1.000000000000000000e+00,2.049316426560465310e+00
2.935000000000000142e+01,3.221208095550537109e+00,2.468463659286499023e+00,3.022708892822265625e+00,3.591818809509277344e+00,9.460078154571012199e-01,4.110000000000000000e+02,2.000000000000000000e+00,0.000000000000000000e+00,2.362881266050899320e+00
2.940000000000000213e+01,3.188588142395019531e+00,2.492978334426879883e+00,3.029958009719848633e+00,3.523642539978027344e+00,9.689850109984552429e-01,3.940000000000000000e+02,2.000000000000000000e+00,1.000000000000000000e+00,1.789636947125438304e+00
2.945000000000000284e+01,3.335146427154541016e+00,2.369695425033569336e+00,2.974809646606445312e+00,3.495657920837402344e+00,1.017038347447311253e+00,3.760000000000000000e+02,2.000000000000000000e+00,1.000000000000000000e+00,1.677734281868434651e+00
2.950000000000000000e+01,3.045753002166748047e+00,2.331747055053710938e+00,2.941777467727661133e+00,3.360984802246093750e+00,9.475884542021570933e-01,3.670000000000000000e+02,2.000000000000000000e+00,1.000000000000000000e+00,1.772506759471647264e+00
2.955000000000000071e+01,3.043489933013916016e+00,2.345310926437377930e+00,2.898794651031494141e+00,3.429428100585937500e+00,1.052078610275988035e+00,3.970000000000000000e+02,2.000000000000000000e+00,1.000000000000000000e+00,1.784731535404959324e+00
2.960000000000000142e+01,2.975536823272705078e+00,2.236723423004150391e+00,2.917685508728027344e+00,3.320280075073242188e+00,1.060481993292427205e+00,3.660000000000000000e+02,2.000000000000000000e+00,1.000000000000000000e+00,1.609242069808466402e+00
2.965000000000000213e+01,2.966389417648315430e+00,2.359253168106079102e+00,2.819379806518554688e+00,3.392288923263549805e+00,1.081639609404046354e+00,3.720000000000000000e+02,2.000000000000000000e+00,1.000000000000000000e+00,1.688497008964149559e+00
2.970000000000000284e+01,3.204903841018676758e+00,2.424735546112060547e+00,3.043985605239868164e+00,3.678013086318969727e+00,9.457577358759826636e-01,4.010000000000000000e+02,2.000000000000000000e+00,1.000000000000000000e+00,1.883708533652327377e+00
2.975000000000000000e+01,3.267648220062255859e+00,2.463180541992187500e+00,2.947497129440307617e+00,3.329335689544677734e+00,9.749789482876725089e-01,3.820000000000000000e+02,2.000000000000000000e+00,1.000000000000000000e+00,1.623033407894248770e+00
2.980000000000000071e+01,2.913675546646118164e+00,2.318788528442382812e+00,3.000603199005126953e+00,3.448888063430786133e+00,9.952063911001167718e-01,3.980000000000000000e+02,2.000000000000000000e+00,1.000000000000000000e+00,1.806458645049209055e+00
2.985000000000000142e+01,2.968959808349609375e+00,2.357822895050048828e+00,3.088518142700195312e+00,3.491396903991699219e+00,9.455413481033259071e-01,4.160000000000000000e+02,3.000000000000000000e+00,1.000000000000000000e+00,1.882660831682003266e+00
2.990000000000000213e+01,2.977989912033081055e+00,2.501287221908569336e+00,3.093502044677734375e+00,3.639897108078002930e+00,1.084224423630659073e+00,3.920000000000000000e+02,2.000000000000000000e+00,1.000000000000000000e+00,1.611329492406734509e+00
2.995000000000000284e+01,2.750939846038818359e+00,2.417300701141357422e+00,2.929144859313964844e+00,3.354096412658691406e+00,9.353960312725573267e-01,3.670000000000000000e+02,1.000000000000000000e+00,0.000000000000000000e+00,2.490584629486503943e+00
3.000000000000000000e+01,2.697021722793579102e+00,2.184993743896484375e+00,2.936253070831298828e+00,3.305241823196411133e+00,9.775938701236559503e-01,3.630000000000000000e+02,3.000000000000000000e+00,1.000000000000000000e+00,1.973424452538429463e+00
3.005000000000000071e+01,2.960840463638305664e+00,2.121937751770019531e+00,3.069400310516357422e+00,3.508391380310058594e+00,1.041949349555001847e+00,4.000000000000000000e+02,2.000000000000000000e+00,1.000000000000000000e+00,1.887933893663241713e+00
3.010000000000000142e+01,2.941889524459838867e+00,2.322811365127563477e+00,3.162882328033447266e+00,3.624122619628906250e+00,1.003834440367000091e+00,3.640000000000000000e+02,1.000000000000000000e+00,0.000000000000000000e+00,2.334682109212951495e+00
3.015000000000000213e+01,2.813866615295410156e+00,2.298414945602416992e+00,2.947938203811645508e+00,3.513280153274536133e+00,9.652490584095658743e-01,4.370000000000000000e+02,2.000000000000000000e+00,1.000000000000000000e+00,1.803516587583140485e+00
3.020000000000000284e+01,2.948373556137084961e+00,2.414141178131103516e+00,3.041352748870849609e+00,3.426404476165771484e+00,1.096785938793883641e+00,3.780000000000000000e+02,2.000000000000000000e+00,1.000000000000000000e+00,1.668639697873407490e+00
3.025000000000000000e+01,2.875392198562622070e+00,2.350708246231079102e+00,3.092997074127197266e+00,3.494613409042358398e+00,1.120093873491201597e+00,3.710000000000000000e+02,2.000000000000000000e+00,1.000000000000000000e+00,1.559377595469222832e+00
3.030000000000000071e+01,2.953955650329589844e+00,2.295496940612792969e+00,3.218447923660278320e+00,3.823743104934692383e+00,9.705247803766486880e-01,3.740000000000000000e+02,2.000000000000000000e+00,1.000000000000000000e+00,1.901963460197304112e+00
3.035000000000000142e+01,2.930277585983276367e+00,2.256333351135253906e+00,3.192878723144531250e+00,3.738808870315551758e+00,9.788758036726262768e-01,4.040000000000000000e+02,2.000000000000000000e+00,1.000000000000000000e+00,1.710691910002399840e+00
3.040000000000000213e+01,2.945440053939819336e+00,2.370242595672607422e+00,3.370565891265869141e+00,3.318075656890869141e+00,9.793576043491096783e-01,3.820000000000000000e+02,3.000000000000000000e+00,2.000000000000000000e+00,1.970943443280676277e+00
3.045000000000000284e+01,2.995990753173828125e+00,2.382017612457275391e+00,3.191220760345458984e+00,3.201607704162597656e+00,9.107987853591048566e-01,3.690000000000000000e+02,4.000000000000000000e+00,1.000000000000000000e+00,2.178182667461811661e+00
3.050000000000000000e+01,3.037688970565795898e+00,2.375066280364990234e+00,3.239356040954589844e+00,3.225655794143676758e+00,9.573208696286407138e-01,3.730000000000000000e+02,2.000000000000000000e+00,1.000000000000000000e+00,1.720632839488780208e+00
3.055000000000000071e+01,2.937798976898193359e+00,2.326918601989746094e+00,3.285703897476196289e+00,3.287549972534179688e+00,9.360766918126840475e-01,3.720000000000000000e+02,3.000000000000000000e+00,1.000000000000000000e+00,1.720803940589712644e+00
3.060000000000000142e+01,2.957613468170166016e+00,2.257473945617675781e+00,3.253435850143432617e+00,3.212832212448120117e+00,9.262454845153715866e-01,3.690000000000000000e+02,2.000000000000000000e+00,1.000000000000000000e+00,1.858231682392422535e+00
3.065000000000000213e+01,3.000030994415283203e+00,2.283217906951904297e+00,3.213863611221313477e+00,3.113620519638061523e+00,9.664480965330817241e-01,3.730000000000000000e+02,2.000000000000000000e+00,1.000000000000000000e+00,2.101962485440024064e+00
3.070000000000000284e+01,2.815596580505371094e+00,2.179719448089599609e+00,3.207358121871948242e+00,3.312757968902587891e+00,8.838546774568158959e-01,3.710000000000000000e+02,2.000000000000000000e+00,1.000000000000000000e+00,1.937502432240042705e+00
3.075000000000000000e+01,2.644603252410888672e+00,2.196544885635375977e+00,3.173126935958862305e+00,3.223781108856201172e+00,9.714722332540403071e-01,3.860000000000000000e+02,0.000000000000000000e+00,0.000000000000000000e+00,2.242366700701011073e+00
3.080000000000000071e+01,2.751986742019653320e+00,2.251554250717163086e+00,2.879387140274047852e+00,2.929749250411987305e+00,9.784581541373281732e-01,3.770000000000000000e+02,3.000000000000000000e+00,0.000000000000000000e+00,2.420924200874827292e+00
3.085000000000000142e+01,2.936408042907714844e+00,2.321179151535034180e+00,3.281002044677734375e+00,4.099683284759521484e+00,8.931727106586867526e-01,3.770000000000000000e+02,1.000000000000000000e+00,0.000000000000000000e+00,2.238615660023034248e+00
3.090000000000000213e+01,2.869091510772705078e+00,2.396249771118164062e+00,3.685519933700561523e+00,4.447638511657714844e+00,9.434136778779582677e-01,4.220000000000000000e+02,0.000000000000000000e+00,0.000000000000000000e+00,2.428373861557723057e+00
3.095000000000000284e+01,3.011256694793701172e+00,2.564009428024291992e+00,3.283502101898193359e+00,3.884034395217895508e+00,1.019774469123267080e+00,3.890000000000000000e+02,0.000000000000000000e+00,0.000000000000000000e+00,2.293012737706560333e+00
3.100000000000000000e+01,2.833255767822265625e+00,2.365643024444580078e+00,3.506656885147094727e+00,4.301568984985351562e+00,9.652989599935910547e-01,4.280000000000000000e+02,0.000000000000000000e+00,0.000000000000000000e+00,2.360711746167843295e+00
3.105000000000000071e+01,2.952991962432861328e+00,2.495746374130249023e+00,2.880172967910766602e+00,3.206351280212402344e+00,9.808901597740450340e-01,3.790000000000000000e+02,2.000000000000000000e+00,0.000000000000000000e+00,2.332302065037185734e+00
3.110000000000000142e+01,2.860614061355590820e+00,2.344289779663085938e+00,3.345052719116210938e+00,3.953066349029541016e+00,9.672874986594481861e-01,4.200000000000000000e+02,0.000000000000000000e+00,0.000000000000000000e+00,2.452925305467843931e+00
3.115000000000000213e+01,2.850978374481201172e+00,2.389313220977783203e+00,3.208451032638549805e+00,3.689183235168457031e+00,9.149225345207081528e-01,4.270000000000000000e+02,1.000000000000000000e+00,0.000000000000000000e+00,2.331139014553853972e+00
3.120000000000000284e+01,2.952504634857177734e+00,2.427757024765014648e+00,3.394756555557250977e+00,3.929846048355102539e+00,9.904900033603336595e-01,3.890000000000000000e+02,1.000000000000000000e+00,0.000000000000000000e+00,2.398984234302655949e+00
3.125000000000000000e+01,2.999899864196777344e+00,2.620334863662719727e+00,3.503152847290039062e+00,4.165876865386962891e+00,9.846797093560427649e-01,4.310000000000000000e+02,0.000000000000000000e+00,0.000000000000000000e+00,2.137846810175975776e+00
3.130000000000000071e+01,2.906093120574951172e+00,2.482160568237304688e+00,3.477272510528564453e+00,4.043171882629394531e+00,9.489661632325392393e-01,3.960000000000000000e+02,1.000000000000000000e+00,0.000000000000000000e+00,2.345690267832235776e+00
3.135000000000000142e+01,2.809922456741333008e+00,2.322161674499511719e+00,3.352948188781738281e+00,4.055409431457519531e+00,9.094945766378801366e-01,4.190000000000000000e+02,1.000000000000000000e+00,0.000000000000000000e+00,2.423079176127008072e+00
3.140000000000000213e+01,2.967465877532958984e+00,2.543943166732788086e+00,3.459593296051025391e+00,4.139070034027099609e+00,9.233444397236449941e-01,4.390000000000000000e+02,0.000000000000000000e+00,0.000000000000000000e+00,2.284486422160835417e+00
3.145000000000000284e+01,2.871583461761474609e+00,2.507964372634887695e+00,3.411453008651733398e+00,3.923839330673217773e+00,1.004146207164310800e+00,4.090000000000000000e+02,0.000000000000000000e+00,0.000000000000000000e+00,2.360279608555932551e+00
3.150000000000000000e+01,2.930305004119873047e+00,2.601696014404296875e+00,2.992799758911132812e+00,3.347713708877563477e+00,8.930218401222522751e-01,3.840000000000000000e+02,2.000000000000000000e+00,1.000000000000000000e+00,1.782896634147875803e+00
3.155000000000000071e+01,2.696862459182739258e+00,2.414101362228393555e+00,3.109388828277587891e+00,3.607318639755249023e+00,1.002216583413182871e+00,4.270000000000000000e+02,2.000000000000000000e+00,0.000000000000000000e+00,2.282975243021182710e+00
3.160000000000000142e+01,2.868657350540161133e+00,2.536891698837280273e+00,3.436298370361328125e+00,3.956757783889770508e+00,9.571703904159317711e-01,4.180000000000000000e+02,2.000000000000000000e+00,1.000000000000000000e+00,1.778202496612337535e+00
3.165000000000000213e+01,2.946750879287719727e+00,2.681584835052490234e+00,3.258502483367919922e+00,3.950997829437255859e+00,9.449853610054841369e-01,3.980000000000000000e+02,1.000000000000000000e+00,1.000000000000000000e+00,1.895015516959227764e+00
3.170000000000000284e+01,2.884516716003417969e+00,2.593602657318115234e+00,3.727574825286865234e+00,4.482808589935302734e+00,9.378351234127612068e-01,4.040000000000000000e+02,0.000000000000000000e+00,0.000000000000000000e+00,2.486064904432287559e+00
3.175000000000000000e+01,3.063330173492431641e+00,2.507260084152221680e+00,3.321727752685546875e+00,3.894852161407470703e+00,9.910600977917358723e-01,4.260000000000000000e+02,1.000000000000000000e+00,1.000000000000000000e+00,1.988232578243645188e+00
3.180000000000000071e+01,2.848183155059814453e+00,2.455218791961669922e+00,2.820408344268798828e+00,3.329138755798339844e+00,1.011913828328057985e+00,3.960000000000000000e+02,3.000000000000000000e+00,1.000000000000000000e+00,1.654918744116449458e+00
3.185000000000000142e+01,2.877527236938476562e+00,2.396090745925903320e+00,3.457447528839111328e+00,4.021819114685058594e+00,1.031774415386577326e+00,4.110000000000000000e+02,2.000000000000000000e+00,1.000000000000000000e+00,1.779143446291238329e+00
3.190000000000000213e+01,2.988371849060058594e+00,2.355459690093994141e+00,3.021495580673217773e+00,3.500501155853271484e+00,1.031763031105629169e+00,4.100000000000000000e+02,2.000000000000000000e+00,1.000000000000000000e+00,1.703567988628264196e+00
3.195000000000000284e+01,2.806608438491821289e+00,2.308910846710205078e+00,3.270959854125976562e+00,3.918174266815185547e+00,9.310604972956239012e-01,4.010000000000000000e+02,2.000000000000000000e+00,1.000000000000000000e+00,1.702101114328435916e+00
3.200000000000000000e+01,2.849277973175048828e+00,2.330182552337646484e+00,2.881816387176513672e+00,3.261610031127929688e+00,9.754739599674501216e-01,4.050000000000000000e+02,1.000000000000000000e+00,1.000000000000000000e+00,1.714533701790848186e+00
3.205000000000000426e+01,2.852263927459716797e+00,2.384380340576171875e+00,3.335421085357666016e+00,4.045182228088378906e+00,8.838311481192911989e-01,3.790000000000000000e+02,0.000000000000000000e+00,0.000000000000000000e+00,2.385038455771524735e+00
3.210000000000000142e+01,2.991094112396240234e+00,2.497859477996826172e+00,3.581768989562988281e+00,4.355755329132080078e+00,9.456920496905613094e-01,4.620000000000000000e+02,0.000000000000000000e+00,0.000000000000000000e+00,2.294304980831339158e+00
3.214999999999999858e+01,2.958771705627441406e+00,2.392792940139770508e+00,3.449690818786621094e+00,4.258545398712158203e+00,9.232349128549482975e-01,3.750000000000000000e+02,1.000000000000000000e+00,0.000000000000000000e+00,2.385633485395454390e+00
3.220000000000000284e+01,2.798375129699707031e+00,2.275969982147216797e+00,3.783313274383544922e+00,4.501253128051757812e+00,1.003474967819728336e+00,4.380000000000000000e+02,0.000000000000000000e+00,0.000000000000000000e+00,2.332083590398490003e+00
3.225000000000000000e+01,2.831828117370605469e+00,2.438573360443115234e+00,3.489892005920410156e+00,4.336720466613769531e+00,9.638619982809804032e-01,3.960000000000000000e+02,0.000000000000000000e+00,0.000000000000000000e+00,2.436039215503703392e+00
3.230000000000000426e+01,2.785782814025878906e+00,2.465964317321777344e+00,3.204905748367309570e+00,3.984380722045898438e+00,1.000093309909732886e+00,4.090000000000000000e+02,2.000000000000000000e+00,1.000000000000000000e+00,1.690939309492745179e+00
3.235000000000000142e+01,3.076814174652099609e+00,2.535881042480468750e+00,3.437148332595825195e+00,4.138800621032714844e+00,9.923606674638303371e-01,4.210000000000000000e+02,2.000000000000000000e+00,1.000000000000000000e+00,1.739458640671312395e+00
3.239999999999999858e+01,2.863672256469726562e+00,2.268034696578979492e+00,3.382613658905029297e+00,4.209091186523437500e+00,9.736621091057856558e-01,4.140000000000000000e+02,2.000000000000000000e+00,1.000000000000000000e+00,1.666684490310030631e+00
3.245000000000000284e+01,2.835269927978515625e+00,2.554170846939086914e+00,3.658332824707031250e+00,4.455631732940673828e+00,9.841200388484899753e-01,4.270000000000000000e+02,2.000000000000000000e+00,1.000000000000000000e+00,1.694234875410698615e+00
3.250000000000000000e+01,3.142534732818603516e+00,2.519826412200927734e+00,3.450118064880371094e+00,4.182509422302246094e+00,9.207270506141873589e-01,3.750000000000000000e+02,2.000000000000000000e+00,1.000000000000000000e+00,1.749683436249421131e+00
3.255000000000000426e+01,3.014428853988647461e+00,2.354310035705566406e+00,3.571603775024414062e+00,4.326755523681640625e+00,9.326187776962192588e-01,4.010000000000000000e+02,2.000000000000000000e+00,1.000000000000000000e+00,1.799396206245662544e+00
3.260000000000000142e+01,2.958012104034423828e+00,2.410369396209716797e+00,3.556295871734619141e+00,4.340428829193115234e+00,9.693723568125252044e-01,3.780000000000000000e+02,2.000000000000000000e+00,1.000000000000000000e+00,1.743641561559403419e+00
3.264999999999999858e+01,2.986369132995605469e+00,2.271414279937744141e+00,3.521880149841308594e+00,4.183834075927734375e+00,1.012962988347913207e+00,3.860000000000000000e+02,0.000000000000000000e+00,0.000000000000000000e+00,2.401936338202636634e+00
3.270000000000000284e+01,3.076943874359130859e+00,2.246186733245849609e+00,4.088432788848876953e+00,4.934592723846435547e+00,9.536364951457653172e-01,4.310000000000000000e+02,2.000000000000000000e+00,1.000000000000000000e+00,1.876359428650879568e+00
3.275000000000000000e+01,2.986393928527832031e+00,2.376100778579711914e+00,4.238454818725585938e+00,4.913600444793701172e+00,8.971073802145008713e-01,3.900000000000000000e+02,2.000000000000000000e+00,1.000000000000000000e+00,1.708926936378036388e+00
3.280000000000000426e+01,2.973965167999267578e+00,2.397758007049560547e+00,3.895256519317626953e+00,4.766823291778564453e+00,9.588217660171689527e-01,4.110000000000000000e+02,2.000000000000000000e+00,1.000000000000000000e+00,1.798925542506139896e+00
3.285000000000000142e+01,3.089687347412109375e+00,2.514262676239013672e+00,4.100471973419189453e+00,4.879659652709960938e+00,9.669041391036670152e-01,3.880000000000000000e+02,2.000000000000000000e+00,1.000000000000000000e+00,1.655320146559333461e+00
3.289999999999999858e+01,3.021352291107177734e+00,2.375746250152587891e+00,3.938603878021240234e+00,4.742434501647949219e+00,9.764314094077455319e-01,4.370000000000000000e+02,2.000000000000000000e+00,1.000000000000000000e+00,1.677775841102438381e+00
3.295000000000000284e+01,2.995539665222167969e+00,2.442737817764282227e+00,3.575954914093017578e+00,4.338865756988525391e+00,9.022344660578944797e-01,3.990000000000000000e+02,2.000000000000000000e+00,1.000000000000000000e+00,1.611468092508045791e+00
3.300000000000000000e+01,3.071267604827880859e+00,2.578899383544921875e+00,3.521249294281005859e+00,4.214763164520263672e+00,8.941878380370842372e-01,4.020000000000000000e+02,2.000000000000000000e+00,1.000000000000000000e+00,1.795186190136755400e+00
3.305000000000000426e+01,2.999341964721679688e+00,2.544935226440429688e+00,3.440680265426635742e+00,4.069165229797363281e+00,8.611082048659025601e-01,3.660000000000000000e+02,2.000000000000000000e+00,1.000000000000000000e+00,1.810962497913486180e+00
3.310000000000000142e+01,3.087296962738037109e+00,2.421930313110351562e+00,3.664291143417358398e+00,4.237894535064697266e+00,8.806282485889811440e-01,3.790000000000000000e+02,2.000000000000000000e+00,1.000000000000000000e+00,1.771946897160425749e+00
3.314999999999999858e+01,3.214059829711914062e+00,2.540981292724609375e+00,3.598714351654052734e+00,4.296736240386962891e+00,9.274469417393171877e-01,3.960000000000000000e+02,2.000000000000000000e+00,1.000000000000000000e+00,1.626359068993989965e+00
3.320000000000000284e+01,2.931862354278564453e+00,2.323782682418823242e+00,3.353442907333374023e+00,4.121226310729980469e+00,8.855420204905635195e-01,3.760000000000000000e+02,2.000000000000000000e+00,1.000000000000000000e+00,1.841969823422814123e+00
3.325000000000000000e+01,2.777945995330810547e+00,2.462060451507568359e+00,2.889775276184082031e+00,3.221548080444335938e+00,9.310590837221583982e-01,4.000000000000000000e+02,3.000000000000000000e+00,1.000000000000000000e+00,1.688408952470918045e+00
3.330000000000000426e+01,3.080919265747070312e+00,2.479843378067016602e+00,3.621546983718872070e+00,4.424355506896972656e+00,9.235654978962228867e-01,3.810000000000000000e+02,1.000000000000000000e+00,1.000000000000000000e+00,1.861294582427028388e+00
3.335000000000000142e+01,2.917097091674804688e+00,2.281419992446899414e+00,3.259145259857177734e+00,3.979625225067138672e+00,9.072514607804023079e-01,3.630000000000000000e+02,2.000000000000000000e+00,1.000000000000000000e+00,1.661543508246781320e+00
3.339999999999999858e+01,3.056746482849121094e+00,2.696136474609375000e+00,3.413954257965087891e+00,4.081426143646240234e+00,9.507432184427677679e-01,3.980000000000000000e+02,2.000000000000000000e+00,1.000000000000000000e+00,2.073668892427418697e+00
3.345000000000000284e+01,3.191020965576171875e+00,2.643754005432128906e+00,3.615652322769165039e+00,4.341423034667968750e+00,9.809034831089029627e-01,3.650000000000000000e+02,0.000000000000000000e+00,0.000000000000000000e+00,2.275699419082413577e+00
3.350000000000000000e+01,2.791043519973754883e+00,2.450333118438720703e+00,3.900358438491821289e+00,4.718002319335937500e+00,9.614279288133554813e-01,4.170000000000000000e+02,2.000000000000000000e+00,1.000000000000000000e+00,1.872543836668611794e+00
3.355000000000000426e+01,2.923254013061523438e+00,2.521086931228637695e+00,3.823530912399291992e+00,4.465216636657714844e+00,1.011722211069779442e+00,4.180000000000000000e+02,2.000000000000000000e+00,1.000000000000000000e+00,1.728330273676432993e+00
3.360000000000000142e+01,2.939398765563964844e+00,2.469511747360229492e+00,2.914741992950439453e+00,3.399564743041992188e+00,9.233295580632027155e-01,3.870000000000000000e+02,1.000000000000000000e+00,0.000000000000000000e+00,2.321889903392851728e+00
3.364999999999999858e+01,2.950141668319702148e+00,2.547352552413940430e+00,3.161711215972900391e+00,3.343339443206787109e+00,9.474326966739353706e-01,3.950000000000000000e+02,0.000000000000000000e+00,0.000000000000000000e+00,2.382714981596107950e+00
3.370000000000000284e+01,2.826559543609619141e+00,2.553948163986206055e+00,2.664017677307128906e+00,2.790348052978515625e+00,9.903077151154058289e-01,4.040000000000000000e+02,4.000000000000000000e+00,1.000000000000000000e+00,1.778532862510955548e+00
3.375000000000000000e+01,2.915210485458374023e+00,2.516225814819335938e+00,3.039259910583496094e+00,3.335248231887817383e+00,1.043534577656115570e+00,4.130000000000000000e+02,3.000000000000000000e+00,1.000000000000000000e+00,1.982729057453194388e+00
3.380000000000000426e+01,2.853380203247070312e+00,2.582261800765991211e+00,2.999266624450683594e+00,3.324456453323364258e+00,9.462952727207083470e-01,3.840000000000000000e+02,4.000000000000000000e+00,2.000000000000000000e+00,1.880869531189172994e+00
3.385000000000000142e+01,3.086588621139526367e+00,2.616359710693359375e+00,3.080183029174804688e+00,3.358218193054199219e+00,9.615702588977957932e-01,3.670000000000000000e+02,3.000000000000000000e+00,1.000000000000000000e+00,1.729218861163891230e+00
3.389999999999999858e+01,2.874827384948730469e+00,2.547867059707641602e+00,3.256490707397460938e+00,3.806872844696044922e+00,9.524183800641357056e-01,3.930000000000000000e+02,2.000000000000000000e+00,1.000000000000000000e+00,1.617816318506283935e+00
3.395000000000000284e+01,2.949676990509033203e+00,2.396245241165161133e+00,3.216592788696289062e+00,3.585164308547973633e+00,9.865017371404474211e-01,3.670000000000000000e+02,2.000000000000000000e+00,1.000000000000000000e+00,1.759384078999633116e+00
3.400000000000000000e+01,2.995686769485473633e+00,2.486456871032714844e+00,3.382117748260498047e+00,3.604232788085937500e+00,9.862705822134920641e-01,4.150000000000000000e+02,3.000000000000000000e+00,1.000000000000000000e+00,1.870866137462347867e+00
3.405000000000000426e+01,2.885019302368164062e+00,2.335680007934570312e+00,3.641692638397216797e+00,4.345416069030761719e+00,9.105257399998002432e-01,4.090000000000000000e+02,2.000000000000000000e+00,1.000000000000000000e+00,1.756372569835142672e+00
3.410000000000000142e+01,2.765849590301513672e+00,2.388195991516113281e+00,3.919507503509521484e+00,4.618591785430908203e+00,8.951728142170249924e-01,3.960000000000000000e+02,2.000000000000000000e+00,1.000000000000000000e+00,1.751830564960774828e+00
3.414999999999999858e+01,2.736385345458984375e+00,2.450287580490112305e+00,3.699135303497314453e+00,4.254285335540771484e+00,9.609779558896129892e-01,3.820000000000000000e+02,3.000000000000000000e+00,1.000000000000000000e+00,1.779620525785121865e+00
3.420000000000000284e+01,3.099832057952880859e+00,2.462591171264648438e+00,3.140012264251708984e+00,3.336937427520751953e+00,1.010358762651078823e+00,4.040000000000000000e+02,3.000000000000000000e+00,0.000000000000000000e+00,2.008292204094725086e+00
3.425000000000000000e+01,3.042992353439331055e+00,2.657487869262695312e+00,2.978140354156494141e+00,3.362585306167602539e+00,1.005918898050180976e+00,3.860000000000000000e+02,2.000000000000000000e+00,0.000000000000000000e+00,1.853972077464641099e+00
3.430000000000000426e+01,2.790121078491210938e+00,2.482709884643554688e+00,3.922337293624877930e+00,4.532425880432128906e+00,9.629772791306535629e-01,3.680000000000000000e+02,2.000000000000000000e+00,1.000000000000000000e+00,1.951731961962590578e+00
3.435000000000000142e+01,2.807022333145141602e+00,2.484028577804565430e+00,3.164100170135498047e+00,3.449325561523437500e+00,1.092906089812162529e+00,3.790000000000000000e+02,3.000000000000000000e+00,1.000000000000000000e+00,1.556240257840991958e+00
3.439999999999999858e+01,2.802345275878906250e+00,2.525210857391357422e+00,3.213114500045776367e+00,3.640271186828613281e+00,1.037957497626321501e+00,3.650000000000000000e+02,4.000000000000000000e+00,1.000000000000000000e+00,1.698777693363185071e+00
3.445000000000000284e+01,2.877723217010498047e+00,2.436898946762084961e+00,2.972661972045898438e+00,3.288919687271118164e+00,9.436580221817679748e-01,3.860000000000000000e+02,2.000000000000000000e+00,1.000000000000000000e+00,1.825630224202880791e+00
3.450000000000000000e+01,3.039889097213745117e+00,2.400121927261352539e+00,4.145480155944824219e+00,4.822937965393066406e+00,9.053855661908027930e-01,3.990000000000000000e+02,2.000000000000000000e+00,1.000000000000000000e+00,1.868460202523183566e+00
3.455000000000000426e+01,2.961566209793090820e+00,2.398220539093017578e+00,4.043155670166015625e+00,4.734030723571777344e+00,1.023237530468574352e+00,4.100000000000000000e+02,3.000000000000000000e+00,1.000000000000000000e+00,1.954274041463608169e+00
3.460000000000000142e+01,2.996542215347290039e+00,2.359261751174926758e+00,4.036042213439941406e+00,4.808613777160644531e+00,8.848766955322735495e-01,3.820000000000000000e+02,0.000000000000000000e+00,0.000000000000000000e+00,2.082145803375100801e+00
3.464999999999999858e+01,2.888509273529052734e+00,2.371250867843627930e+00,3.763190269470214844e+00,4.540513515472412109e+00,9.339975217258764673e-01,3.850000000000000000e+02,2.000000000000000000e+00,1.000000000000000000e+00,1.655338965881072433e+00
3.470000000000000284e+01,2.880909919738769531e+00,2.513880491256713867e+00,3.612345457077026367e+00,4.206981658935546875e+00,9.329532782086912279e-01,3.860000000000000000e+02,2.000000000000000000e+00,1.000000000000000000e+00,1.802710049686779614e+00
3.475000000000000000e+01,2.781882286071777344e+00,2.492746829986572266e+00,4.013060092926025391e+00,4.766752243041992188e+00,1.000257659131598587e+00,3.700000000000000000e+02,2.000000000000000000e+00,1.000000000000000000e+00,1.607096649561225998e+00
3.480000000000000426e+01,2.962805986404418945e+00,2.369506120681762695e+00,3.628236293792724609e+00,4.416985034942626953e+00,9.488402537590097108e-01,3.770000000000000000e+02,2.000000000000000000e+00,1.000000000000000000e+00,1.843246959386796391e+00
3.485000000000000142e+01,2.865819931030273438e+00,2.446102619171142578e+00,3.855337619781494141e+00,4.575477600097656250e+00,9.780051132508517098e-01,3.910000000000000000e+02,2.000000000000000000e+00,1.000000000000000000e+00,1.812910019668767969e+00
3.489999999999999858e+01,2.780931472778320312e+00,2.293784379959106445e+00,3.237935066223144531e+00,3.702136039733886719e+00,9.586996122626587624e-01,3.650000000000000000e+02,2.000000000000000000e+00,1.000000000000000000e+00,1.801034720684013601e+00
3.495000000000000284e+01,2.944355010986328125e+00,2.416691541671752930e+00,3.252051115036010742e+00,3.791275024414062500e+00,9.932515568906642445e-01,3.860000000000000000e+02,5.000000000000000000e+00,1.000000000000000000e+00,1.668816127051473197e+00
3.500000000000000000e+01,2.952888250350952148e+00,2.384331226348876953e+00,3.953149318695068359e+00,4.675040245056152344e+00,9.052293726982786337e-01,3.950000000000000000e+02,2.000000000000000000e+00,1.000000000000000000e+00,2.074049477555232279e+00
3.505000000000000426e+01,2.894361257553100586e+00,2.571860313415527344e+00,3.429453134536743164e+00,4.023694038391113281e+00,8.988928830760374300e-01,3.910000000000000000e+02,2.000000000000000000e+00,1.000000000000000000e+00,1.796983741021418224e+00
3.510000000000000142e+01,2.991343975067138672e+00,2.551898002624511719e+00,3.636205434799194336e+00,4.370170593261718750e+00,9.198648413344530095e-01,3.850000000000000000e+02,2.000000000000000000e+00,1.000000000000000000e+00,1.666292092478727005e+00
3.514999999999999858e+01,2.866728305816650391e+00,2.479021549224853516e+00,3.669143915176391602e+00,4.214535236358642578e+00,9.622761270904856001e-01,3.960000000000000000e+02,2.000000000000000000e+00,1.000000000000000000e+00,1.847305402603713453e+00
3.520000000000000284e+01,2.793147802352905273e+00,2.424733877182006836e+00,3.864252567291259766e+00,4.413030147552490234e+00,9.077691797867716295e-01,3.750000000000000000e+02,2.000000000000000000e+00,1.000000000000000000e+00,1.771982433033512994e+00
3.525000000000000000e+01,2.884377241134643555e+00,2.495824337005615234e+00,3.385457515716552734e+00,3.847353935241699219e+00,9.931443337752201561e-01,3.810000000000000000e+02,2.000000000000000000e+00,1.000000000000000000e+00,1.843616041772580205e+00
3.530000000000000426e+01,2.991287469863891602e+00,2.559627294540405273e+00,3.540344238281250000e+00,3.989698410034179688e+00,1.095348447646862455e+00,4.060000000000000000e+02,3.000000000000000000e+00,2.000000000000000000e+00,1.992465946403358945e+00
3.535000000000000142e+01,2.866790294647216797e+00,2.483124732971191406e+00,3.700427055358886719e+00,4.137129306793212891e+00,1.064732844600578598e+00,4.150000000000000000e+02,2.000000000000000000e+00,1.000000000000000000e+00,1.817330236925026821e+00
3.539999999999999858e+01,2.914877414703369141e+00,2.441195249557495117e+00,3.529239654541015625e+00,4.104900360107421875e+00,9.845589286220155500e-01,4.350000000000000000e+02,3.000000000000000000e+00,1.000000000000000000e+00,1.664794568768785066e+00
3.545000000000000284e+01,3.001406669616699219e+00,2.463677167892456055e+00,3.716000080108642578e+00,4.194624900817871094e+00,1.054157949872291722e+00,4.310000000000000000e+02,5.000000000000000000e+00,1.000000000000000000e+00,1.908024480359909125e+00
3.550000000000000000e+01,2.935771465301513672e+00,2.535737514495849609e+00,3.722099781036376953e+00,4.392086982727050781e+00,9.396082420145074332e-01,4.060000000000000000e+02,3.000000000000000000e+00,1.000000000000000000e+00,1.814141314188626231e+00
3.555000000000000426e+01,3.174324035644531250e+00,2.651941776275634766e+00,3.980569839477539062e+00,4.595117092132568359e+00,7.959283882081503725e-01,4.130000000000000000e+02,2.000000000000000000e+00,1.000000000000000000e+00,1.606773594350240142e+00
3.560000000000000142e+01,2.930732965469360352e+00,2.598289966583251953e+00,3.581563234329223633e+00,4.296438217163085938e+00,8.819395598210075793e-01,4.080000000000000000e+02,2.000000000000000000e+00,1.000000000000000000e+00,1.590899045941795764e+00
3.564999999999999858e+01,2.973878622055053711e+00,2.521730422973632812e+00,3.515389204025268555e+00,4.253733158111572266e+00,9.179201517846531377e-01,4.210000000000000000e+02,2.000000000000000000e+00,1.000000000000000000e+00,1.571566710230807740e+00
3.570000000000000284e+01,2.991224288940429688e+00,2.441153764724731445e+00,3.383626699447631836e+00,3.626544475555419922e+00,1.000036465743900038e+00,3.810000000000000000e+02,3.000000000000000000e+00,1.000000000000000000e+00,1.775389135132046992e+00
3.575000000000000000e+01,2.802563667297363281e+00,2.558466911315917969e+00,3.393331527709960938e+00,3.653624057769775391e+00,9.241166861612164496e-01,3.500000000000000000e+02,2.000000000000000000e+00,1.000000000000000000e+00,1.755986876986877832e+00
3.580000000000000426e+01,2.806879520416259766e+00,2.288605690002441406e+00,3.712137699127197266e+00,4.103965282440185547e+00,9.890559148191315764e-01,3.950000000000000000e+02,3.000000000000000000e+00,1.000000000000000000e+00,1.654007244302225788e+00
3.585000000000000142e+01,2.898455142974853516e+00,2.500854492187500000e+00,3.480282306671142578e+00,3.873459815979003906e+00,9.637856094362959869e-01,3.950000000000000000e+02,3.000000000000000000e+00,1.000000000000000000e+00,1.677745572221643888e+00
3.589999999999999858e+01,2.989901065826416016e+00,2.423503637313842773e+00,3.776376008987426758e+00,4.231406211853027344e+00,9.389693106956742419e-01,4.100000000000000000e+02,4.000000000000000000e+00,1.000000000000000000e+00,2.271988604436218750e+00
3.595000000000000284e+01,2.918815135955810547e+00,2.459457635879516602e+00,3.691314458847045898e+00,4.116796493530273438e+00,9.527304312044679868e-01,3.840000000000000000e+02,4.000000000000000000e+00,1.000000000000000000e+00,2.128007312773978921e+00
3.600000000000000000e+01,2.969642877578735352e+00,2.566472530364990234e+00,3.788274765014648438e+00,4.470933437347412109e+00,9.102706293647454538e-01,3.790000000000000000e+02,2.000000000000000000e+00,1.000000000000000000e+00,2.049969722121606885e+00
3.605000000000000426e+01,2.872245550155639648e+00,2.402031660079956055e+00,4.089020729064941406e+00,4.667601585388183594e+00,8.975629697133584717e-01,3.910000000000000000e+02,2.000000000000000000e+00,1.000000000000000000e+00,1.753812853156761831e+00
3.610000000000000142e+01,2.765933275222778320e+00,2.352398872375488281e+00,3.641619682312011719e+00,4.208583831787109375e+00,9.393252320052082327e-01,4.050000000000000000e+02,4.000000000000000000e+00,1.000000000000000000e+00,1.786378623567719481e+00
3.614999999999999858e+01,2.806792259216308594e+00,2.407697677612304688e+00,3.509731054306030273e+00,4.065180778503417969e+00,9.303251513566263009e-01,3.750000000000000000e+02,3.000000000000000000e+00,2.000000000000000000e+00,1.677474115438348790e+00
3.620000000000000284e+01,2.784314632415771484e+00,2.354151964187622070e+00,4.166284561157226562e+00,4.817894458770751953e+00,1.015670606612515403e+00,3.880000000000000000e+02,2.000000000000000000e+00,1.000000000000000000e+00,1.968140110105087714e+00
3.625000000000000000e+01,2.695647478103637695e+00,2.492501020431518555e+00,3.430534601211547852e+00,4.005537986755371094e+00,9.194205710046320368e-01,3.840000000000000000e+02,2.000000000000000000e+00,1.000000000000000000e+00,2.015062507295712901e+00
3.630000000000000426e+01,2.906530141830444336e+00,2.582386016845703125e+00,3.221867561340332031e+00,3.428649425506591797e+00,1.020281433928771797e+00,3.870000000000000000e+02,3.000000000000000000e+00,1.000000000000000000e+00,2.005590577575893096e+00
3.635000000000000142e+01,2.874647140502929688e+00,2.551511287689208984e+00,3.537330389022827148e+00,3.998485803604125977e+00,9.668785776172663660e-01,3.810000000000000000e+02,3.000000000000000000e+00,1.000000000000000000e+00,2.194036810618744227e+00
3.639999999999999858e+01,2.921025753021240234e+00,2.573866367340087891e+00,3.163627386093139648e+00,3.476338148117065430e+00,1.021658748482858536e+00,4.000000000000000000e+02,3.000000000000000000e+00,1.000000000000000000e+00,2.035485591676390538e+00
3.645000000000000284e+01,2.941450119018554688e+00,2.551515579223632812e+00,3.012990474700927734e+00,3.386317729949951172e+00,1.046284332836532549e+00,3.840000000000000000e+02,2.000000000000000000e+00,1.000000000000000000e+00,2.336153161813320445e+00
3.650000000000000000e+01,2.797328948974609375e+00,2.274992465972900391e+00,3.139914035797119141e+00,3.485573291778564453e+00,1.041719112989219820e+00,3.950000000000000000e+02,4.000000000000000000e+00,1.000000000000000000e+00,1.677588133261322945e+00
3.655000000000000426e+01,2.746395111083984375e+00,2.333989143371582031e+00,2.859923601150512695e+00,3.202136754989624023e+00,1.051139048533972886e+00,3.990000000000000000e+02,3.000000000000000000e+00,1.000000000000000000e+00,2.086998742744591517e+00
3.660000000000000142e+01,3.026025056838989258e+00,2.562680006027221680e+00,3.353349208831787109e+00,3.612944602966308594e+00,9.379884803179459052e-01,3.660000000000000000e+02,0.000000000000000000e+00,0.000000000000000000e+00,2.299722053250905951e+00
3.664999999999999858e+01,2.859326839447021484e+00,2.510338783264160156e+00,2.922264099121093750e+00,3.123721599578857422e+00,1.022931458675009786e+00,4.220000000000000000e+02,5.000000000000000000e+00,1.000000000000000000e+00,1.706052143814259292e+00
3.670000000000000284e+01,3.129427194595336914e+00,2.491693735122680664e+00,3.344285726547241211e+00,3.629116058349609375e+00,1.000997166611871103e+00,3.940000000000000000e+02,2.000000000000000000e+00,1.000000000000000000e+00,1.838158350587173029e+00
3.675000000000000000e+01,2.989283561706542969e+00,2.395778656005859375e+00,3.269477367401123047e+00,3.634716033935546875e+00,1.009831058544817139e+00,4.080000000000000000e+02,2.000000000000000000e+00,1.000000000000000000e+00,1.733086741227115368e+00
3.680000000000000426e+01,3.064322471618652344e+00,2.479919195175170898e+00,3.057656526565551758e+00,3.219399690628051758e+00,9.652911400848035450e-01,4.270000000000000000e+02,4.000000000000000000e+00,1.000000000000000000e+00,2.037675022314391349e+00
3.685000000000000142e+01,2.975135803222656250e+00,2.422039031982421875e+00,2.800524234771728516e+00,3.163488388061523438e+00,1.054063747416566610e+00,4.130000000000000000e+02,3.000000000000000000e+00,2.000000000000000000e+00,2.078154951944505946e+00
3.689999999999999858e+01,2.806966066360473633e+00,2.461456298828125000e+00,2.898998260498046875e+00,2.951694011688232422e+00,1.010611722149044933e+00,4.020000000000000000e+02,3.000000000000000000e+00,1.000000000000000000e+00,1.928241560956424072e+00
3.695000000000000284e+01,2.975039958953857422e+00,2.384315013885498047e+00,2.927694797515869141e+00,3.217644691467285156e+00,9.716491447676820492e-01,4.060000000000000000e+02,3.000000000000000000e+00,0.000000000000000000e+00,2.148513030400226675e+00
3.700000000000000000e+01,2.945676803588867188e+00,2.612898588180541992e+00,3.401272535324096680e+00,3.520796537399291992e+00,9.471798153260646558e-01,3.760000000000000000e+02,0.000000000000000000e+00,0.000000000000000000e+00,1.910453421732094315e+00
3.705000000000000426e+01,2.933434009552001953e+00,2.583523035049438477e+00,2.703182220458984375e+00,2.955739974975585938e+00,1.024446392469298583e+00,4.000000000000000000e+02,3.000000000000000000e+00,0.000000000000000000e+00,2.115347851259171463e+00
3.710000000000000142e+01,2.996473550796508789e+00,2.427515506744384766e+00,3.123097658157348633e+00,3.451068162918090820e+00,1.024608774601964534e+00,4.110000000000000000e+02,2.000000000000000000e+00,1.000000000000000000e+00,1.775287069112178040e+00
3.714999999999999858e+01,2.978886127471923828e+00,2.640694618225097656e+00,3.018221855163574219e+00,3.081459045410156250e+00,9.970782037191638913e-01,4.160000000000000000e+02,4.000000000000000000e+00,0.000000000000000000e+00,2.076267789216009074e+00
3.720000000000000284e+01,3.014803886413574219e+00,2.413385391235351562e+00,3.260687351226806641e+00,3.692099809646606445e+00,1.030536866037933041e+00,3.980000000000000000e+02,3.000000000000000000e+00,1.000000000000000000e+00,1.945489244129261719e+00
3.725000000000000000e+01,2.922605514526367188e+00,2.489189863204956055e+00,2.785280227661132812e+00,3.092928409576416016e+00,1.055989456497114620e+00,4.290000000000000000e+02,3.000000000000000000e+00,1.000000000000000000e+00,1.699475653047895163e+00
3.730000000000000426e+01,3.069521427154541016e+00,2.656934738159179688e+00,3.228390216827392578e+00,3.276925086975097656e+00,9.296943354742086552e-01,4.180000000000000000e+02,3.000000000000000000e+00,1.000000000000000000e+00,2.082550482522652402e+00
3.735000000000000142e+01,3.028786420822143555e+00,2.499713420867919922e+00,3.156453132629394531e+00,3.461931228637695312e+00,9.402949252250076828e-01,4.180000000000000000e+02,3.000000000000000000e+00,2.000000000000000000e+00,1.843896790649823592e+00
3.739999999999999858e+01,3.044350385665893555e+00,2.681192159652709961e+00,3.020024061203002930e+00,3.129677295684814453e+00,1.005747250309428908e+00,4.100000000000000000e+02,2.000000000000000000e+00,1.000000000000000000e+00,1.829670181221776826e+00
3.745000000000000284e+01,3.015570878982543945e+00,2.578123569488525391e+00,2.828259944915771484e+00,3.088900804519653320e+00,9.790005897121984990e-01,4.050000000000000000e+02,3.000000000000000000e+00,1.000000000000000000e+00,1.915207826717518547e+00
3.750000000000000000e+01,3.015019416809082031e+00,2.737734317779541016e+00,3.121439456939697266e+00,3.054489135742187500e+00,1.002943259198798120e+00,4.140000000000000000e+02,4.000000000000000000e+00,1.000000000000000000e+00,1.772383673739372778e+00
3.755000000000000426e+01,2.922098636627197266e+00,2.523617506027221680e+00,3.230785131454467773e+00,3.429899692535400391e+00,1.005108833205690555e+00,3.950000000000000000e+02,2.000000000000000000e+00,1.000000000000000000e+00,1.695488371254166626e+00
3.760000000000000142e+01,3.006730318069458008e+00,2.462653875350952148e+00,3.211195707321166992e+00,3.484122991561889648e+00,1.041287479930417481e+00,3.850000000000000000e+02,2.000000000000000000e+00,1.000000000000000000e+00,1.729128593501343847e+00
3.764999999999999858e+01,2.900394201278686523e+00,2.374650239944458008e+00,2.801410198211669922e+00,2.964364290237426758e+00,1.022924344157006171e+00,3.900000000000000000e+02,3.000000000000000000e+00,1.000000000000000000e+00,1.701692565242509669e+00
3.770000000000000284e+01,2.964035511016845703e+00,2.452150583267211914e+00,3.116891860961914062e+00,3.042998313903808594e+00,9.496755182339777779e-01,4.250000000000000000e+02,3.000000000000000000e+00,1.000000000000000000e+00,1.909022454197092378e+00
3.775000000000000000e+01,3.076014518737792969e+00,2.696233272552490234e+00,3.263349533081054688e+00,3.352785110473632812e+00,9.972121222039920241e-01,4.150000000000000000e+02,2.000000000000000000e+00,1.000000000000000000e+00,1.759678097700767552e+00
3.780000000000000426e+01,2.902890682220458984e+00,2.389611482620239258e+00,2.883451223373413086e+00,3.102691173553466797e+00,9.742923819779654160e-01,3.740000000000000000e+02,2.000000000000000000e+00,1.000000000000000000e+00,1.707188729523810178e+00
3.785000000000000142e+01,3.029123306274414062e+00,2.587842702865600586e+00,3.219866991043090820e+00,3.306975126266479492e+00,1.067453931953294743e+00,4.140000000000000000e+02,2.000000000000000000e+00,1.000000000000000000e+00,1.829846120263550091e+00
3.789999999999999858e+01,2.999866008758544922e+00,2.401481389999389648e+00,3.260984420776367188e+00,3.449137210845947266e+00,1.001295819958262223e+00,4.070000000000000000e+02,3.000000000000000000e+00,1.000000000000000000e+00,1.729269179349220309e+00
3.795000000000000284e+01,2.853907585144042969e+00,2.435627937316894531e+00,3.253328323364257812e+00,3.482424736022949219e+00,9.783594972964997361e-01,4.020000000000000000e+02,3.000000000000000000e+00,1.000000000000000000e+00,1.873680344049288848e+00
3.800000000000000000e+01,2.875181198120117188e+00,2.426992893218994141e+00,3.454285860061645508e+00,3.707328319549560547e+00,9.624652717411128489e-01,3.940000000000000000e+02,2.000000000000000000e+00,0.000000000000000000e+00,1.941529814616214544e+00
3.805000000000000426e+01,2.963905572891235352e+00,2.467634916305541992e+00,3.509216785430908203e+00,4.094446659088134766e+00,9.481395292462306834e-01,3.910000000000000000e+02,2.000000000000000000e+00,1.000000000000000000e+00,1.791478074363020090e+00
3.810000000000000142e+01,2.877978086471557617e+00,2.557296752929687500e+00,3.235151529312133789e+00,3.362925052642822266e+00,1.038214919894902000e+00,4.210000000000000000e+02,4.000000000000000000e+00,1.000000000000000000e+00,2.026116077114923808e+00
3.814999999999999858e+01,2.808830499649047852e+00,2.560220241546630859e+00,3.052986860275268555e+00,3.329452276229858398e+00,1.042624448813507021e+00,4.190000000000000000e+02,3.000000000000000000e+00,1.000000000000000000e+00,1.943575558136021009e+00
3.820000000000000284e+01,2.808038711547851562e+00,2.507376909255981445e+00,2.988906860351562500e+00,3.295332908630371094e+00,9.893479592849856452e-01,4.160000000000000000e+02,5.000000000000000000e+00,1.000000000000000000e+00,1.729460839732686495e+00
3.825000000000000000e+01,2.964407205581665039e+00,2.611226558685302734e+00,3.127792119979858398e+00,3.223596096038818359e+00,1.026906155361608564e+00,4.030000000000000000e+02,5.000000000000000000e+00,1.000000000000000000e+00,1.765520899354435347e+00
3.830000000000000426e+01,2.949765205383300781e+00,2.651308536529541016e+00,3.292231082916259766e+00,3.469288349151611328e+00,1.094041828426044916e+00,4.140000000000000000e+02,3.000000000000000000e+00,1.000000000000000000e+00,1.664100905202817948e+00
3.835000000000000142e+01,2.927237749099731445e+00,2.621507406234741211e+00,3.104349613189697266e+00,3.309835195541381836e+00,9.863966604035969699e-01,3.900000000000000000e+02,2.000000000000000000e+00,1.000000000000000000e+00,1.773686905849040096e+00
3.840000000000000568e+01,2.808471918106079102e+00,2.293819427490234375e+00,3.167059898376464844e+00,3.313453674316406250e+00,9.776780121952994840e-01,3.870000000000000000e+02,4.000000000000000000e+00,1.000000000000000000e+00,1.995429714783092612e+00
3.845000000000000284e+01,2.892074823379516602e+00,2.577761411666870117e+00,3.425482273101806641e+00,3.672700166702270508e+00,9.921675399295631914e-01,4.200000000000000000e+02,2.000000000000000000e+00,2.000000000000000000e+00,1.489270365473079005e+00
3.850000000000000000e+01,2.826963901519775391e+00,2.533957958221435547e+00,3.003277540206909180e+00,3.080357313156127930e+00,9.675932477780337937e-01,4.180000000000000000e+02,5.000000000000000000e+00,1.000000000000000000e+00,1.882580924228587360e+00
3.855000000000000426e+01,2.810008049011230469e+00,2.419864654541015625e+00,3.033999919891357422e+00,3.202199697494506836e+00,9.604383325200795962e-01,4.210000000000000000e+02,4.000000000000000000e+00,1.000000000000000000e+00,1.882072672885887421e+00
3.860000000000000142e+01,2.915427923202514648e+00,2.455360412597656250e+00,2.946702480316162109e+00,3.001539945602416992e+00,9.873746202295392571e-01,3.680000000000000000e+02,3.000000000000000000e+00,1.000000000000000000e+00,1.824795662762894510e+00
3.865000000000000568e+01,2.836392879486083984e+00,2.438488483428955078e+00,3.124301671981811523e+00,3.271746397018432617e+00,9.895458435462746172e-01,4.130000000000000000e+02,3.000000000000000000e+00,1.000000000000000000e+00,1.824131000415842419e+00
3.870000000000000284e+01,2.933821678161621094e+00,2.443159103393554688e+00,2.920712947845458984e+00,2.950393676757812500e+00,1.035714110274867483e+00,4.000000000000000000e+02,2.000000000000000000e+00,1.000000000000000000e+00,1.851675504710411646e+00
3.875000000000000000e+01,3.067300558090209961e+00,2.640231847763061523e+00,3.132413864135742188e+00,3.321563005447387695e+00,9.214148090671209212e-01,3.950000000000000000e+02,2.000000000000000000e+00,0.000000000000000000e+00,2.190233844601475077e+00
3.880000000000000426e+01,2.839281082153320312e+00,2.542458057403564453e+00,3.036928176879882812e+00,3.121032953262329102e+00,1.016460442376873274e+00,3.840000000000000000e+02,5.000000000000000000e+00,1.000000000000000000e+00,1.763530031753002714e+00
3.885000000000000142e+01,2.868168592453002930e+00,2.414204597473144531e+00,3.200639247894287109e+00,3.183257818222045898e+00,9.659828551450542200e-01,3.920000000000000000e+02,4.000000000000000000e+00,2.000000000000000000e+00,1.861194781808571674e+00
3.890000000000000568e+01,2.954024314880371094e+00,2.617045402526855469e+00,3.335031509399414062e+00,3.462849617004394531e+00,9.910074044067185284e-01,4.180000000000000000e+02,5.000000000000000000e+00,1.000000000000000000e+00,1.785429415049494484e+00
3.895000000000000284e+01,3.028383016586303711e+00,2.657083034515380859e+00,3.179560661315917969e+00,3.313396453857421875e+00,9.729950727679604894e-01,3.950000000000000000e+02,5.000000000000000000e+00,2.000000000000000000e+00,1.734561724637932567e+00
3.900000000000000000e+01,2.887546777725219727e+00,2.395487785339355469e+00,3.453615188598632812e+00,3.709706068038940430e+00,9.423248363415742679e-01,3.970000000000000000e+02,2.000000000000000000e+00,1.000000000000000000e+00,1.676181491687908753e+00
3.905000000000000426e+01,2.800183773040771484e+00,2.311586380004882812e+00,3.105458259582519531e+00,3.416357040405273438e+00,9.097058075499765417e-01,3.870000000000000000e+02,2.000000000000000000e+00,1.000000000000000000e+00,1.722459669098729940e+00
3.910000000000000142e+01,2.871690034866333008e+00,2.450188875198364258e+00,3.313088655471801758e+00,3.465011358261108398e+00,9.496120761524429188e-01,3.740000000000000000e+02,2.000000000000000000e+00,1.000000000000000000e+00,1.934265522038828511e+00
3.915000000000000568e+01,2.975472211837768555e+00,2.671902656555175781e+00,3.319204092025756836e+00,3.370501041412353516e+00,1.046123574168058123e+00,4.060000000000000000e+02,5.000000000000000000e+00,2.000000000000000000e+00,1.728642701167395268e+00
3.920000000000000284e+01,2.943340778350830078e+00,2.559008598327636719e+00,2.927062034606933594e+00,2.998795270919799805e+00,1.051876819429272025e+00,4.140000000000000000e+02,3.000000000000000000e+00,1.000000000000000000e+00,1.991926774336661987e+00
3.925000000000000000e+01,2.755033016204833984e+00,2.454153537750244141e+00,3.090507984161376953e+00,3.299681186676025391e+00,1.026198137650439435e+00,3.920000000000000000e+02,4.000000000000000000e+00,1.000000000000000000e+00,1.871334676994368174e+00
3.930000000000000426e+01,2.934865474700927734e+00,2.509170055389404297e+00,3.181438922882080078e+00,3.333376407623291016e+00,9.583145336055789443e-01,4.100000000000000000e+02,2.000000000000000000e+00,1.000000000000000000e+00,1.996059943050596308e+00
3.935000000000000142e+01,2.857009410858154297e+00,2.452854633331298828e+00,3.249962329864501953e+00,3.468767404556274414e+00,9.694107935132313392e-01,4.160000000000000000e+02,1.000000000000000000e+00,0.000000000000000000e+00,2.235663811243442822e+00
3.940000000000000568e+01,2.851599454879760742e+00,2.411825418472290039e+00,2.718842506408691406e+00,3.068257808685302734e+00,1.026281629030997733e+00,3.650000000000000000e+02,3.000000000000000000e+00,1.000000000000000000e+00,1.881085333140961824e+00
3.945000000000000284e+01,2.717086076736450195e+00,2.446402549743652344e+00,3.052058458328247070e+00,3.371461391448974609e+00,1.014513856173124395e+00,4.020000000000000000e+02,5.000000000000000000e+00,1.000000000000000000e+00,1.621191967799306077e+00
3.950000000000000000e+01,2.780672550201416016e+00,2.346952199935913086e+00,2.989081859588623047e+00,3.322657346725463867e+00,1.022902746364543702e+00,3.610000000000000000e+02,1.000000000000000000e+00,0.000000000000000000e+00,2.051230740957092458e+00
3.955000000000000426e+01,2.936605215072631836e+00,2.414216518402099609e+00,2.871014595031738281e+00,3.086951255798339844e+00,9.635392361969450370e-01,4.090000000000000000e+02,4.000000000000000000e+00,1.000000000000000000e+00,1.662882419869050388e+00
3.960000000000000142e+01,2.921007156372070312e+00,2.548270463943481445e+00,2.812096834182739258e+00,2.804559469223022461e+00,9.996243814085405965e-01,3.860000000000000000e+02,1.000000000000000000e+00,0.000000000000000000e+00,2.103115398710103889e+00
3.965000000000000568e+01,2.845440387725830078e+00,2.460386037826538086e+00,2.794298887252807617e+00,2.882331609725952148e+00,1.006680316985812063e+00,4.110000000000000000e+02,5.000000000000000000e+00,1.000000000000000000e+00,1.837466093888203478e+00
3.970000000000000284e+01,2.811407804489135742e+00,2.477654457092285156e+00,2.679118871688842773e+00,2.981822252273559570e+00,1.109120699396361376e+00,3.770000000000000000e+02,5.000000000000000000e+00,1.000000000000000000e+00,1.683638389003641489e+00
3.975000000000000000e+01,2.926884174346923828e+00,2.358760356903076172e+00,3.474844455718994141e+00,4.272686958312988281e+00,1.007864905401383959e+00,4.130000000000000000e+02,2.000000000000000000e+00,1.000000000000000000e+00,1.809317322732256761e+00
3.980000000000000426e+01,3.003771066665649414e+00,2.497471570968627930e+00,3.565437555313110352e+00,4.261639118194580078e+00,9.711654589149482097e-01,4.250000000000000000e+02,2.000000000000000000e+00,1.000000000000000000e+00,1.587499872921872557e+00
3.985000000000000142e+01,2.924729347229003906e+00,2.340484142303466797e+00,3.912783145904541016e+00,4.636118412017822266e+00,9.662340250202805514e-01,4.130000000000000000e+02,3.000000000000000000e+00,0.000000000000000000e+00,2.391911351204671465e+00
3.990000000000000568e+01,2.714247703552246094e+00,2.331261396408081055e+00,3.792033672332763672e+00,4.432607650756835938e+00,9.605057278024544676e-01,4.090000000000000000e+02,2.000000000000000000e+00,1.000000000000000000e+00,1.762968052879524183e+00
3.995000000000000284e+01,3.039515018463134766e+00,2.434997081756591797e+00,4.121505260467529297e+00,4.363731384277343750e+00,9.182968262391697500e-01,4.160000000000000000e+02,2.000000000000000000e+00,1.000000000000000000e+00,1.724434878537580706e+00
4.000000000000000000e+01,2.959970474243164062e+00,2.384499073028564453e+00,3.547137975692749023e+00,4.417957782745361328e+00,9.870835498407332098e-01,4.610000000000000000e+02,2.000000000000000000e+00,1.000000000000000000e+00,1.797068424791864238e+00
4.005000000000000426e+01,3.107630729675292969e+00,2.532377243041992188e+00,3.835864067077636719e+00,4.408124923706054688e+00,9.625713580797484736e-01,4.230000000000000000e+02,2.000000000000000000e+00,1.000000000000000000e+00,1.664944841273610976e+00
4.010000000000000142e+01,2.846227645874023438e+00,2.447766780853271484e+00,4.153274536132812500e+00,4.915701866149902344e+00,9.673414263689801285e-01,4.210000000000000000e+02,3.000000000000000000e+00,1.000000000000000000e+00,1.749164556424307682e+00
4.015000000000000568e+01,2.927210330963134766e+00,2.287829875946044922e+00,3.836691617965698242e+00,4.566601753234863281e+00,9.551643542372263429e-01,4.080000000000000000e+02,3.000000000000000000e+00,1.000000000000000000e+00,1.774326756303730157e+00
4.020000000000000284e+01,2.923793554306030273e+00,2.400087594985961914e+00,3.946863651275634766e+00,4.677522659301757812e+00,9.704278239876762413e-01,4.290000000000000000e+02,2.000000000000000000e+00,0.000000000000000000e+00,2.427133800763904947e+00
4.025000000000000000e+01,2.925590991973876953e+00,2.321924924850463867e+00,4.000976562500000000e+00,4.750995635986328125e+00,1.041569181187929516e+00,4.040000000000000000e+02,3.000000000000000000e+00,1.000000000000000000e+00,1.752198827180793561e+00
4.030000000000000426e+01,2.841527223587036133e+00,2.342849016189575195e+00,3.642850160598754883e+00,4.374831199645996094e+00,9.720915645969381291e-01,4.050000000000000000e+02,2.000000000000000000e+00,1.000000000000000000e+00,1.725237091588193383e+00
4.035000000000000142e+01,3.019593238830566406e+00,2.582104682922363281e+00,3.884740829467773438e+00,4.612657546997070312e+00,9.969638480707292416e-01,4.040000000000000000e+02,3.000000000000000000e+00,1.000000000000000000e+00,1.886160610135944271e+00
4.040000000000000568e+01,2.880142211914062500e+00,2.333963632583618164e+00,4.048273086547851562e+00,4.813204765319824219e+00,9.527001456027129889e-01,3.600000000000000000e+02,3.000000000000000000e+00,1.000000000000000000e+00,1.748911537526913307e+00
4.045000000000000284e+01,3.015794277191162109e+00,2.456958770751953125e+00,3.807542562484741211e+00,4.544651031494140625e+00,1.009401532719469863e+00,4.150000000000000000e+02,3.000000000000000000e+00,1.000000000000000000e+00,1.981074264197202117e+00
4.050000000000000000e+01,2.817708253860473633e+00,2.306792736053466797e+00,4.016129493713378906e+00,4.776478290557861328e+00,8.657531410752365986e-01,4.290000000000000000e+02,3.000000000000000000e+00,1.000000000000000000e+00,1.825773808479826732e+00
4.055000000000000426e+01,3.170388936996459961e+00,2.361184597015380859e+00,3.987006187438964844e+00,4.656170845031738281e+00,1.051269552153386133e+00,3.750000000000000000e+02,2.000000000000000000e+00,1.000000000000000000e+00,1.710234898031112838e+00
4.060000000000000142e+01,2.997802257537841797e+00,2.392862081527709961e+00,3.952103853225708008e+00,4.716615676879882812e+00,1.022522603985503764e+00,3.880000000000000000e+02,2.000000000000000000e+00,1.000000000000000000e+00,1.824489096011719935e+00
4.065000000000000568e+01,2.912448644638061523e+00,2.392542600631713867e+00,3.666165351867675781e+00,4.309228420257568359e+00,1.006001909598680966e+00,3.780000000000000000e+02,3.000000000000000000e+00,0.000000000000000000e+00,2.384313270307897525e+00
4.070000000000000284e+01,2.784276962280273438e+00,2.288392066955566406e+00,3.722261428833007812e+00,4.504686355590820312e+00,9.550991257591884276e-01,4.020000000000000000e+02,2.000000000000000000e+00,1.000000000000000000e+00,1.702250283065945613e+00
4.075000000000000000e+01,2.819298505783081055e+00,2.368285894393920898e+00,3.471464872360229492e+00,4.247316837310791016e+00,9.724189752671680287e-01,4.350000000000000000e+02,2.000000000000000000e+00,1.000000000000000000e+00,1.593551337763524423e+00
4.080000000000000426e+01,2.948341608047485352e+00,2.493682861328125000e+00,3.602437019348144531e+00,4.310952663421630859e+00,9.850851022388312783e-01,3.800000000000000000e+02,2.000000000000000000e+00,1.000000000000000000e+00,1.811474487467059857e+00
4.085000000000000142e+01,3.168914556503295898e+00,2.636425971984863281e+00,3.920393466949462891e+00,4.567766666412353516e+00,9.567724958471301999e-01,3.980000000000000000e+02,2.000000000000000000e+00,1.000000000000000000e+00,1.613972198274199688e+00
4.090000000000000568e+01,3.181195735931396484e+00,2.764686107635498047e+00,3.033551931381225586e+00,3.455516815185546875e+00,9.578821855029968635e-01,4.200000000000000000e+02,2.000000000000000000e+00,0.000000000000000000e+00,2.442440857781222441e+00
4.095000000000000284e+01,2.987767696380615234e+00,2.438937187194824219e+00,3.497260808944702148e+00,4.387697696685791016e+00,9.773334488069216341e-01,4.220000000000000000e+02,2.000000000000000000e+00,1.000000000000000000e+00,1.963657233963405080e+00
4.100000000000000000e+01,3.053114891052246094e+00,2.669554948806762695e+00,3.610970020294189453e+00,4.390274047851562500e+00,9.995588395830032891e-01,4.250000000000000000e+02,2.000000000000000000e+00,1.000000000000000000e+00,1.757613853107241830e+00
4.105000000000000426e+01,2.891417980194091797e+00,2.492644071578979492e+00,3.550412893295288086e+00,4.318162918090820312e+00,9.853586768837973020e-01,4.010000000000000000e+02,2.000000000000000000e+00,1.000000000000000000e+00,1.561194333863995976e+00
4.110000000000000142e+01,2.971785306930541992e+00,2.437976837158203125e+00,3.617499113082885742e+00,4.397469520568847656e+00,1.019290052694571402e+00,4.420000000000000000e+02,2.000000000000000000e+00,1.000000000000000000e+00,1.810917381206559318e+00
4.115000000000000568e+01,2.994554281234741211e+00,2.479124784469604492e+00,3.445174694061279297e+00,4.139990329742431641e+00,9.671761906637078576e-01,3.800000000000000000e+02,3.000000000000000000e+00,1.000000000000000000e+00,1.671779304067659400e+00
4.120000000000000284e+01,2.922206401824951172e+00,2.455482006072998047e+00,3.840469121932983398e+00,4.547919273376464844e+00,9.427681341311499041e-01,3.720000000000000000e+02,2.000000000000000000e+00,1.000000000000000000e+00,1.797230469936610842e+00
4.125000000000000000e+01,2.889508724212646484e+00,2.479206562042236328e+00,3.680915355682373047e+00,4.428744792938232422e+00,1.017941627610396083e+00,4.030000000000000000e+02,2.000000000000000000e+00,1.000000000000000000e+00,1.639370888503329793e+00
4.130000000000000426e+01,2.954377174377441406e+00,2.349013328552246094e+00,3.993830919265747070e+00,4.743345260620117188e+00,9.880051338434372443e-01,4.070000000000000000e+02,2.000000000000000000e+00,1.000000000000000000e+00,1.794454028765843479e+00
4.135000000000000142e+01,3.032299518585205078e+00,2.306748151779174805e+00,4.208353042602539062e+00,4.888323307037353516e+00,9.903290383832052957e-01,4.270000000000000000e+02,2.000000000000000000e+00,1.000000000000000000e+00,1.834322014747437279e+00
4.140000000000000568e+01,3.037755727767944336e+00,2.364353895187377930e+00,3.897521495819091797e+00,4.580100059509277344e+00,9.692339212840456186e-01,3.830000000000000000e+02,2.000000000000000000e+00,1.000000000000000000e+00,1.671017882004998345e+00
4.145000000000000284e+01,2.842469692230224609e+00,2.279525518417358398e+00,4.039263248443603516e+00,4.663156032562255859e+00,1.051064085641418622e+00,3.900000000000000000e+02,2.000000000000000000e+00,1.000000000000000000e+00,1.693726917270148569e+00
4.150000000000000000e+01,2.850412845611572266e+00,2.406184434890747070e+00,3.486984968185424805e+00,4.184833049774169922e+00,9.507719562030371163e-01,3.680000000000000000e+02,2.000000000000000000e+00,1.000000000000000000e+00,1.729718222182807352e+00
4.155000000000000426e+01,2.939930915832519531e+00,2.521183490753173828e+00,3.559518337249755859e+00,4.414750099182128906e+00,9.548689101393132983e-01,4.030000000000000000e+02,1.000000000000000000e+00,1.000000000000000000e+00,1.919649518083672568e+00
4.160000000000000142e+01,3.091530561447143555e+00,2.643854141235351562e+00,3.972677707672119141e+00,4.655549049377441406e+00,9.176621571248955167e-01,3.910000000000000000e+02,3.000000000000000000e+00,1.000000000000000000e+00,1.834245380194631014e+00
4.165000000000000568e+01,2.851957321166992188e+00,2.488701105117797852e+00,3.873250007629394531e+00,4.584552764892578125e+00,9.844855948746712437e-01,3.970000000000000000e+02,3.000000000000000000e+00,1.000000000000000000e+00,2.006091120264407390e+00
4.170000000000000284e+01,3.094907045364379883e+00,2.629779338836669922e+00,3.731567621231079102e+00,4.395014286041259766e+00,9.679579004104731377e-01,3.920000000000000000e+02,2.000000000000000000e+00,1.000000000000000000e+00,1.668266210662754601e+00
4.175000000000000000e+01,2.924553871154785156e+00,2.492150783538818359e+00,3.561629772186279297e+00,4.226055145263671875e+00,9.144347369414361770e-01,3.930000000000000000e+02,2.000000000000000000e+00,1.000000000000000000e+00,1.691619234802410388e+00
4.180000000000000426e+01,2.879487276077270508e+00,2.356012344360351562e+00,3.997235774993896484e+00,4.645375251770019531e+00,1.011551032076918544e+00,4.020000000000000000e+02,2.000000000000000000e+00,1.000000000000000000e+00,1.796046696132648890e+00
4.185000000000000142e+01,2.741081953048706055e+00,2.329144477844238281e+00,3.959695816040039062e+00,4.592980861663818359e+00,8.989892673870919504e-01,3.630000000000000000e+02,2.000000000000000000e+00,1.000000000000000000e+00,1.846652528301423679e+00
4.190000000000000568e+01,2.982545852661132812e+00,2.443910837173461914e+00,3.816786289215087891e+00,4.552505493164062500e+00,9.797902507877418454e-01,3.920000000000000000e+02,2.000000000000000000e+00,1.000000000000000000e+00,1.910405511886586805e+00
4.195000000000000284e+01,2.854898929595947266e+00,2.443222522735595703e+00,3.479789495468139648e+00,4.174637317657470703e+00,1.017988314950904361e+00,3.880000000000000000e+02,2.000000000000000000e+00,1.000000000000000000e+00,1.562782709756864730e+00
4.200000000000000000e+01,2.956404924392700195e+00,2.467624902725219727e+00,3.646899461746215820e+00,4.279111385345458984e+00,1.048761387029332415e+00,3.780000000000000000e+02,2.000000000000000000e+00,1.000000000000000000e+00,2.030603121046944626e+00
4.205000000000000426e+01,2.730946779251098633e+00,2.420288801193237305e+00,3.776972532272338867e+00,4.399014472961425781e+00,9.969075877922772833e-01,3.820000000000000000e+02,3.000000000000000000e+00,1.000000000000000000e+00,1.746035190096350886e+00
4.210000000000000142e+01,2.857291936874389648e+00,2.434391498565673828e+00,3.812840938568115234e+00,4.457798480987548828e+00,1.003449818049370723e+00,3.940000000000000000e+02,3.000000000000000000e+00,1.000000000000000000e+00,1.576649481923215967e+00
4.215000000000000568e+01,2.927389144897460938e+00,2.255191326141357422e+00,4.147912025451660156e+00,4.655377388000488281e+00,9.509514080137129177e-01,3.670000000000000000e+02,2.000000000000000000e+00,1.000000000000000000e+00,2.315090960738917847e+00
4.220000000000000284e+01,3.105166435241699219e+00,2.323388099670410156e+00,4.359786987304687500e+00,4.725696563720703125e+00,8.239446022082951293e-01,3.830000000000000000e+02,3.000000000000000000e+00,1.000000000000000000e+00,1.808214451689441837e+00
4.225000000000000000e+01,3.087574243545532227e+00,2.380995273590087891e+00,3.888628482818603516e+00,4.227720260620117188e+00,9.562488826954539389e-01,3.390000000000000000e+02,3.000000000000000000e+00,0.000000000000000000e+00,2.434976417156208495e+00
4.230000000000000426e+01,3.098181724548339844e+00,2.500161886215209961e+00,4.058744907379150391e+00,4.788795471191406250e+00,9.304755419076939926e-01,3.820000000000000000e+02,2.000000000000000000e+00,1.000000000000000000e+00,1.828415500044949793e+00
4.235000000000000142e+01,2.939290761947631836e+00,2.214864969253540039e+00,4.591439723968505859e+00,4.911940097808837891e+00,9.249668418782732715e-01,3.730000000000000000e+02,2.000000000000000000e+00,1.000000000000000000e+00,1.911450458097246896e+00
4.240000000000000568e+01,3.139629125595092773e+00,2.619235515594482422e+00,3.561083316802978516e+00,4.182592391967773438e+00,9.501722095671688573e-01,3.960000000000000000e+02,1.000000000000000000e+00,1.000000000000000000e+00,1.815369143109019312e+00
4.245000000000000284e+01,2.986282110214233398e+00,2.473222970962524414e+00,4.420918464660644531e+00,5.007483482360839844e+00,9.436125829446667668e-01,3.880000000000000000e+02,1.000000000000000000e+00,0.000000000000000000e+00,2.348988402694722311e+00
4.250000000000000000e+01,3.200268745422363281e+00,2.562625646591186523e+00,4.492642879486083984e+00,4.888656616210937500e+00,9.866781572361806862e-01,3.730000000000000000e+02,2.000000000000000000e+00,1.000000000000000000e+00,1.697531428516592111e+00
4.255000000000000426e+01,2.731923580169677734e+00,2.241334915161132812e+00,3.864368915557861328e+00,4.641393184661865234e+00,9.499897975403195360e-01,3.720000000000000000e+02,2.000000000000000000e+00,1.000000000000000000e+00,2.227647415549272480e+00
4.260000000000000142e+01,3.178003311157226562e+00,2.624427318572998047e+00,3.959527492523193359e+00,4.635046482086181641e+00,9.664378630854392194e-01,3.870000000000000000e+02,2.000000000000000000e+00,0.000000000000000000e+00,2.505639991352833995e+00
4.265000000000000568e+01,3.163546085357666016e+00,2.659148693084716797e+00,4.180664062500000000e+00,4.786814689636230469e+00,9.409836003126526016e-01,3.850000000000000000e+02,3.000000000000000000e+00,0.000000000000000000e+00,2.459976347377103689e+00
4.270000000000000284e+01,3.070252895355224609e+00,2.637859821319580078e+00,4.272327423095703125e+00,4.629892826080322266e+00,8.794143715031110808e-01,3.930000000000000000e+02,2.000000000000000000e+00,1.000000000000000000e+00,1.558256660802229465e+00
4.275000000000000000e+01,3.002570867538452148e+00,2.454054117202758789e+00,4.072350502014160156e+00,4.638519763946533203e+00,9.201275780173294727e-01,3.860000000000000000e+02,3.000000000000000000e+00,1.000000000000000000e+00,1.816448654436928933e+00
4.280000000000000426e+01,2.964390516281127930e+00,2.486144065856933594e+00,4.109866142272949219e+00,4.759896278381347656e+00,9.994974360809704139e-01,3.960000000000000000e+02,3.000000000000000000e+00,1.000000000000000000e+00,2.166801467525038660e+00
4.285000000000000142e+01,2.930801868438720703e+00,2.332349061965942383e+00,3.802111148834228516e+00,4.500066280364990234e+00,9.635424021664864558e-01,3.900000000000000000e+02,3.000000000000000000e+00,1.000000000000000000e+00,1.787000693181888256e+00
4.290000000000000568e+01,2.916802167892456055e+00,2.490869998931884766e+00,3.841007947921752930e+00,4.467035293579101562e+00,9.427839756516300795e-01,4.190000000000000000e+02,2.000000000000000000e+00,1.000000000000000000e+00,1.724560010175966607e+00
4.295000000000000284e+01,2.795903205871582031e+00,2.560201883316040039e+00,3.841654062271118164e+00,4.409626960754394531e+00,1.011567667763441758e+00,4.040000000000000000e+02,2.000000000000000000e+00,1.000000000000000000e+00,1.820234805393103894e+00
4.300000000000000000e+01,3.035286426544189453e+00,2.817997932434082031e+00,3.891963481903076172e+00,4.563119411468505859e+00,9.789777707128060058e-01,4.260000000000000000e+02,2.000000000000000000e+00,1.000000000000000000e+00,1.741799412676014125e+00
4.305000000000000426e+01,3.034176588058471680e+00,2.668063879013061523e+00,3.927470684051513672e+00,4.580496788024902344e+00,1.018889948287658331e+00,3.950000000000000000e+02,1.000000000000000000e+00,0.000000000000000000e+00,2.308424870162706810e+00
4.310000000000000142e+01,3.001470804214477539e+00,2.547042846679687500e+00,3.780020713806152344e+00,4.398986339569091797e+00,9.077919093012638552e-01,3.390000000000000000e+02,2.000000000000000000e+00,1.000000000000000000e+00,1.721711833420995763e+00
4.315000000000000568e+01,2.891062498092651367e+00,2.563576459884643555e+00,3.949956893920898438e+00,4.522698402404785156e+00,9.725851648818393258e-01,3.840000000000000000e+02,2.000000000000000000e+00,1.000000000000000000e+00,1.760562364385733991e+00
4.320000000000000284e+01,3.010923385620117188e+00,2.568574428558349609e+00,4.218115329742431641e+00,4.867101192474365234e+00,9.653002222581530400e-01,3.880000000000000000e+02,3.000000000000000000e+00,1.000000000000000000e+00,1.678380400136874284e+00
4.325000000000000000e+01,3.190119504928588867e+00,2.546403169631958008e+00,4.220038414001464844e+00,4.722416400909423828e+00,8.927154710252815928e-01,3.840000000000000000e+02,3.000000000000000000e+00,0.000000000000000000e+00,2.427497293532925315e+00
4.330000000000000426e+01,3.057660579681396484e+00,2.487424135208129883e+00,4.422022342681884766e+00,4.846803188323974609e+00,9.391152995612918053e-01,3.550000000000000000e+02,3.000000000000000000e+00,1.000000000000000000e+00,1.780454583652015366e+00
4.335000000000000142e+01,2.925481557846069336e+00,2.520227432250976562e+00,3.763679027557373047e+00,4.393724918365478516e+00,1.044575319053089313e+00,4.150000000000000000e+02,1.000000000000000000e+00,0.000000000000000000e+00,2.398573367293203695e+00
4.340000000000000568e+01,2.870634794235229492e+00,2.419050693511962891e+00,3.827953577041625977e+00,4.442051410675048828e+00,9.656532762113609891e-01,3.400000000000000000e+02,3.000000000000000000e+00,1.000000000000000000e+00,1.745584617700237429e+00
4.345000000000000284e+01,2.980396509170532227e+00,2.383212804794311523e+00,3.868760824203491211e+00,4.431752204895019531e+00,9.558911172924491328e-01,3.760000000000000000e+02,2.000000000000000000e+00,1.000000000000000000e+00,1.865303663578147475e+00
4.350000000000000000e+01,3.198858737945556641e+00,2.540591955184936523e+00,3.791315317153930664e+00,4.480607032775878906e+00,9.819381805480695835e-01,3.780000000000000000e+02,2.000000000000000000e+00,1.000000000000000000e+00,1.745672636674478140e+00
4.355000000000000426e+01,3.021576166152954102e+00,2.438584804534912109e+00,3.737560510635375977e+00,4.339066028594970703e+00,9.395721622773555159e-01,3.740000000000000000e+02,2.000000000000000000e+00,0.000000000000000000e+00,2.335694927192509152e+00
4.360000000000000142e+01,2.655246734619140625e+00,2.502377033233642578e+00,3.577858448028564453e+00,4.341874122619628906e+00,9.579843959031469902e-01,4.010000000000000000e+02,3.000000000000000000e+00,1.000000000000000000e+00,1.606467066186824333e+00
4.365000000000000568e+01,2.915670633316040039e+00,2.673639297485351562e+00,3.970633983612060547e+00,4.501699924468994141e+00,1.063044758672015533e+00,4.260000000000000000e+02,3.000000000000000000e+00,1.000000000000000000e+00,1.815075622676231903e+00
4.370000000000000284e+01,2.877641916275024414e+00,2.382561922073364258e+00,4.051903724670410156e+00,4.795003414154052734e+00,9.860075724101147188e-01,3.860000000000000000e+02,3.000000000000000000e+00,1.000000000000000000e+00,1.898272923071613327e+00
4.375000000000000000e+01,2.942770004272460938e+00,2.413300275802612305e+00,3.612850189208984375e+00,4.453652858734130859e+00,9.439971174344479188e-01,3.990000000000000000e+02,3.000000000000000000e+00,1.000000000000000000e+00,1.652322142951401673e+00
4.380000000000000426e+01,3.185048103332519531e+00,2.674536705017089844e+00,3.700797557830810547e+00,4.344595909118652344e+00,1.019424833953447518e+00,3.700000000000000000e+02,2.000000000000000000e+00,1.000000000000000000e+00,1.733720146906423398e+00
4.385000000000000142e+01,3.079862833023071289e+00,2.640150547027587891e+00,3.639625310897827148e+00,4.267032623291015625e+00,1.002093543088629302e+00,4.150000000000000000e+02,3.000000000000000000e+00,1.000000000000000000e+00,1.908519893798889866e+00
4.390000000000000568e+01,3.047921180725097656e+00,2.516389131546020508e+00,4.057781219482421875e+00,4.739925861358642578e+00,9.831365338253361674e-01,4.060000000000000000e+02,3.000000000000000000e+00,1.000000000000000000e+00,1.980243653390910019e+00
4.395000000000000284e+01,2.990411281585693359e+00,2.537677764892578125e+00,4.294380187988281250e+00,4.827953815460205078e+00,9.313419043709996181e-01,3.880000000000000000e+02,2.000000000000000000e+00,1.000000000000000000e+00,1.791667055489303051e+00
4.400000000000000000e+01,2.953137397766113281e+00,2.424591541290283203e+00,4.228028774261474609e+00,4.567324638366699219e+00,9.082024950530906970e-01,4.010000000000000000e+02,2.000000000000000000e+00,1.000000000000000000e+00,1.683216960213888225e+00
4.405000000000000426e+01,3.160636186599731445e+00,2.687392711639404297e+00,4.141798496246337891e+00,4.556780338287353516e+00,9.310611535864345978e-01,3.910000000000000000e+02,4.000000000000000000e+00,1.000000000000000000e+00,1.869836541711323852e+00
4.410000000000000142e+01,3.018198966979980469e+00,2.394203901290893555e+00,3.855821847915649414e+00,4.340701103210449219e+00,9.203547918399879180e-01,3.740000000000000000e+02,1.000000000000000000e+00,0.000000000000000000e+00,2.347520324259744662e+00
4.415000000000000568e+01,2.904455900192260742e+00,2.499460458755493164e+00,4.078317642211914062e+00,4.535126209259033203e+00,9.657285220587142893e-01,3.770000000000000000e+02,3.000000000000000000e+00,1.000000000000000000e+00,1.694619655827582783e+00
4.420000000000000284e+01,2.732630968093872070e+00,2.285184621810913086e+00,3.741627931594848633e+00,4.355777740478515625e+00,9.997208989974590843e-01,3.710000000000000000e+02,2.000000000000000000e+00,1.000000000000000000e+00,1.777855272841577960e+00
4.425000000000000000e+01,2.934745550155639648e+00,2.368434906005859375e+00,3.717925071716308594e+00,4.235474109649658203e+00,9.979900682881266416e-01,3.670000000000000000e+02,2.000000000000000000e+00,1.000000000000000000e+00,1.634275681150257675e+00
4.430000000000000426e+01,2.911440849304199219e+00,2.557212352752685547e+00,3.683396339416503906e+00,4.123608112335205078e+00,1.010944619284660950e+00,4.040000000000000000e+02,2.000000000000000000e+00,1.000000000000000000e+00,1.844260417679903341e+00
4.435000000000000142e+01,2.881729125976562500e+00,2.408200740814208984e+00,3.890054702758789062e+00,4.185874462127685547e+00,9.312704225246535295e-01,3.930000000000000000e+02,2.000000000000000000e+00,0.000000000000000000e+00,2.143705181549209193e+00
4.440000000000000568e+01,3.006396770477294922e+00,2.708920955657958984e+00,3.603921890258789062e+00,3.988867044448852539e+00,9.988234387645883450e-01,4.080000000000000000e+02,3.000000000000000000e+00,1.000000000000000000e+00,1.913588936264396523e+00
4.445000000000000284e+01,2.918820619583129883e+00,2.316759347915649414e+00,3.934137582778930664e+00,4.300928592681884766e+00,9.545040843982416368e-01,4.120000000000000000e+02,3.000000000000000000e+00,1.000000000000000000e+00,2.071409809865602636e+00
4.450000000000000000e+01,2.922663927078247070e+00,2.307940006256103516e+00,3.869169235229492188e+00,4.342502117156982422e+00,1.009591442862762367e+00,3.900000000000000000e+02,3.000000000000000000e+00,1.000000000000000000e+00,1.899247028212665889e+00
4.455000000000000426e+01,2.921348810195922852e+00,2.634803295135498047e+00,3.760426998138427734e+00,4.163965702056884766e+00,9.608492901991059210e-01,3.880000000000000000e+02,3.000000000000000000e+00,1.000000000000000000e+00,1.936442162542179934e+00
4.460000000000000142e+01,2.989511728286743164e+00,2.599915981292724609e+00,4.036696910858154297e+00,4.456716537475585938e+00,9.434060653485225600e-01,3.930000000000000000e+02,3.000000000000000000e+00,1.000000000000000000e+00,2.120911710170070297e+00
4.465000000000000568e+01,2.956666946411132812e+00,2.492506027221679688e+00,4.240613460540771484e+00,4.553964614868164062e+00,8.777069299269542046e-01,3.750000000000000000e+02,1.000000000000000000e+00,0.000000000000000000e+00,2.417875905330193920e+00
4.470000000000000284e+01,3.079722881317138672e+00,2.486032485961914062e+00,3.874516963958740234e+00,4.462945938110351562e+00,9.813729909490255254e-01,3.850000000000000000e+02,2.000000000000000000e+00,1.000000000000000000e+00,1.740413425463000152e+00
4.475000000000000000e+01,2.914972782135009766e+00,2.474728107452392578e+00,3.835849523544311523e+00,4.599538803100585938e+00,9.132956334008943688e-01,3.570000000000000000e+02,0.000000000000000000e+00,0.000000000000000000e+00,2.397430995497342732e+00
4.480000000000000426e+01,2.953895330429077148e+00,2.465613365173339844e+00,3.943280220031738281e+00,4.570305824279785156e+00,9.472439958669198745e-01,3.940000000000000000e+02,1.000000000000000000e+00,0.000000000000000000e+00,2.350883535385635881e+00
4.485000000000000142e+01,2.852380752563476562e+00,2.365514993667602539e+00,3.774552345275878906e+00,4.230064868927001953e+00,9.056158185458769161e-01,3.730000000000000000e+02,2.000000000000000000e+00,1.000000000000000000e+00,1.749575443561909971e+00
4.490000000000000568e+01,2.909055948257446289e+00,2.405393362045288086e+00,4.054273128509521484e+00,4.655629158020019531e+00,8.891752932273638832e-01,3.870000000000000000e+02,2.000000000000000000e+00,1.000000000000000000e+00,1.873549212063221336e+00
4.495000000000000284e+01,2.959537506103515625e+00,2.439085483551025391e+00,4.060481071472167969e+00,4.508243083953857422e+00,9.707666231701250759e-01,3.880000000000000000e+02,2.000000000000000000e+00,0.000000000000000000e+00,2.336072278459513818e+00
4.500000000000000000e+01,3.173832654953002930e+00,2.582731723785400391e+00,3.961249589920043945e+00,4.342674732208251953e+00,1.020922441303993455e+00,4.020000000000000000e+02,3.000000000000000000e+00,1.000000000000000000e+00,1.798439381667207293e+00
4.505000000000000426e+01,3.258873939514160156e+00,2.549315690994262695e+00,3.985458850860595703e+00,4.445023059844970703e+00,9.028692643457745248e-01,4.080000000000000000e+02,2.000000000000000000e+00,0.000000000000000000e+00,2.174109526078652710e+00
4.510000000000000142e+01,3.136032819747924805e+00,2.505307435989379883e+00,3.495312690734863281e+00,3.900668144226074219e+00,1.037510480775875488e+00,3.960000000000000000e+02,2.000000000000000000e+00,1.000000000000000000e+00,1.812922270072090614e+00
4.515000000000000568e+01,3.125493288040161133e+00,2.560471057891845703e+00,3.528594732284545898e+00,4.062445640563964844e+00,9.984358782978457469e-01,3.630000000000000000e+02,3.000000000000000000e+00,1.000000000000000000e+00,1.799116339281254362e+00
4.520000000000000284e+01,3.110631465911865234e+00,2.540817022323608398e+00,4.001516819000244141e+00,4.343940734863281250e+00,8.772687261067055875e-01,3.870000000000000000e+02,0.000000000000000000e+00,0.000000000000000000e+00,2.285863282790147277e+00
4.525000000000000000e+01,3.160300493240356445e+00,2.460392475128173828e+00,3.940514326095581055e+00,4.210559844970703125e+00,9.648174199053015654e-01,3.930000000000000000e+02,2.000000000000000000e+00,1.000000000000000000e+00,1.772287628998640896e+00
4.530000000000000426e+01,2.866608142852783203e+00,2.262642621994018555e+00,4.239771842956542969e+00,4.583034992218017578e+00,9.768923833309524074e-01,3.700000000000000000e+02,0.000000000000000000e+00,0.000000000000000000e+00,2.446208391975440932e+00
4.535000000000000142e+01,2.963569402694702148e+00,2.497045040130615234e+00,3.777654409408569336e+00,4.152250766754150391e+00,8.793736354934276189e-01,3.710000000000000000e+02,0.000000000000000000e+00,0.000000000000000000e+00,2.148833000321033637e+00
4.540000000000000568e+01,2.961467504501342773e+00,2.398088932037353516e+00,4.054138183593750000e+00,4.310694694519042969e+00,9.324931902176232246e-01,3.660000000000000000e+02,2.000000000000000000e+00,0.000000000000000000e+00,2.459055923666751742e+00
4.545000000000000284e+01,3.130256175994873047e+00,2.486502170562744141e+00,4.140723228454589844e+00,4.524253368377685547e+00,9.397334784031099453e-01,3.850000000000000000e+02,1.000000000000000000e+00,0.000000000000000000e+00,2.298089036635225124e+00
4.550000000000000000e+01,2.819271326065063477e+00,2.478265285491943359e+00,3.919990301132202148e+00,4.315663337707519531e+00,9.296649003010573065e-01,3.700000000000000000e+02,2.000000000000000000e+00,0.000000000000000000e+00,2.004126915091021921e+00
4.555000000000000426e+01,2.989943265914916992e+00,2.454874753952026367e+00,4.011885166168212891e+00,4.260143280029296875e+00,9.261767590421803309e-01,3.520000000000000000e+02,2.000000000000000000e+00,1.000000000000000000e+00,1.776710686715228249e+00
4.560000000000000142e+01,2.858751773834228516e+00,2.457373619079589844e+00,4.238701343536376953e+00,4.629717350006103516e+00,9.948122345753975804e-01,3.600000000000000000e+02,2.000000000000000000e+00,1.000000000000000000e+00,1.837487766967395686e+00
4.565000000000000568e+01,3.125331401824951172e+00,2.515485763549804688e+00,4.497377395629882812e+00,4.945235729217529297e+00,9.808038438200362696e-01,3.580000000000000000e+02,2.000000000000000000e+00,1.000000000000000000e+00,1.761022100608065521e+00
4.570000000000000284e+01,3.072699308395385742e+00,2.403173685073852539e+00,4.311430931091308594e+00,4.722431659698486328e+00,9.321510775234888024e-01,3.880000000000000000e+02,3.000000000000000000e+00,1.000000000000000000e+00,1.760755917464697839e+00
4.575000000000000000e+01,3.176557540893554688e+00,2.502451419830322266e+00,4.168451786041259766e+00,4.525674819946289062e+00,8.972750942563861853e-01,3.800000000000000000e+02,3.000000000000000000e+00,1.000000000000000000e+00,2.290511011988297874e+00
4.580000000000000426e+01,3.152022361755371094e+00,2.531487941741943359e+00,4.078995704650878906e+00,4.372853755950927734e+00,8.960738758249785496e-01,3.650000000000000000e+02,1.000000000000000000e+00,0.000000000000000000e+00,2.322822218202995170e+00
4.585000000000000142e+01,2.891317844390869141e+00,2.475441932678222656e+00,4.453013420104980469e+00,4.746027469635009766e+00,9.026610755572657130e-01,3.820000000000000000e+02,1.000000000000000000e+00,0.000000000000000000e+00,2.223062947115947541e+00
4.590000000000000568e+01,2.880904674530029297e+00,2.273747682571411133e+00,4.235424041748046875e+00,4.450080871582031250e+00,9.031202356557832545e-01,4.020000000000000000e+02,2.000000000000000000e+00,2.000000000000000000e+00,1.654945088088697336e+00
4.595000000000000284e+01,2.978891372680664062e+00,2.559706926345825195e+00,3.913147449493408203e+00,4.362623214721679688e+00,1.019758565342492762e+00,3.420000000000000000e+02,1.000000000000000000e+00,0.000000000000000000e+00,2.361257923365498890e+00
4.600000000000000000e+01,3.100622892379760742e+00,2.565825223922729492e+00,3.854382038116455078e+00,4.184936523437500000e+00,9.696946485260110604e-01,3.880000000000000000e+02,3.000000000000000000e+00,1.000000000000000000e+00,1.838856599934968639e+00
4.605000000000000426e+01,2.827684402465820312e+00,2.475975990295410156e+00,3.741827011108398438e+00,4.050660610198974609e+00,8.970917722037403674e-01,3.620000000000000000e+02,3.000000000000000000e+00,1.000000000000000000e+00,1.777510020173412197e+00
4.610000000000000142e+01,3.053936481475830078e+00,2.568321466445922852e+00,3.773695230484008789e+00,4.107675552368164062e+00,8.400278639488463206e-01,3.560000000000000000e+02,1.000000000000000000e+00,0.000000000000000000e+00,2.299632360126002251e+00
4.615000000000000568e+01,2.935532093048095703e+00,2.259530544281005859e+00,4.133464813232421875e+00,4.519051551818847656e+00,8.754590884129560546e-01,3.640000000000000000e+02,1.000000000000000000e+00,0.000000000000000000e+00,2.105501641688478642e+00
4.620000000000000284e+01,2.949966192245483398e+00,2.342333316802978516e+00,4.157461166381835938e+00,4.462570667266845703e+00,9.077795600532910791e-01,3.700000000000000000e+02,1.000000000000000000e+00,0.000000000000000000e+00,2.256187613093861621e+00
4.625000000000000000e+01,2.949432134628295898e+00,2.437709808349609375e+00,3.622272968292236328e+00,3.967004776000976562e+00,9.376637605581779056e-01,3.870000000000000000e+02,3.000000000000000000e+00,1.000000000000000000e+00,2.002417844636992239e+00
4.630000000000000426e+01,2.995437145233154297e+00,2.358582973480224609e+00,4.148054599761962891e+00,4.421369552612304688e+00,9.260823493878347357e-01,3.680000000000000000e+02,3.000000000000000000e+00,0.000000000000000000e+00,2.479002316477361134e+00
4.635000000000000142e+01,3.097204923629760742e+00,2.523489952087402344e+00,4.000035285949707031e+00,4.321959972381591797e+00,8.938981405457240292e-01,3.950000000000000000e+02,2.000000000000000000e+00,0.000000000000000000e+00,2.405471370068832382e+00
4.640000000000000568e+01,3.038734197616577148e+00,2.466079950332641602e+00,3.764576435089111328e+00,4.075620651245117188e+00,9.391601541969729627e-01,3.920000000000000000e+02,3.000000000000000000e+00,1.000000000000000000e+00,1.876124002849590244e+00
4.645000000000000284e+01,3.151739597320556641e+00,2.344093799591064453e+00,4.872090339660644531e+00,5.166061401367187500e+00,9.130354978904604568e-01,4.200000000000000000e+02,2.000000000000000000e+00,1.000000000000000000e+00,2.273038438339622935e+00
4.650000000000000000e+01,2.854914903640747070e+00,2.361163854598999023e+00,4.204597949981689453e+00,4.447012901306152344e+00,9.028191303990952266e-01,4.110000000000000000e+02,3.000000000000000000e+00,1.000000000000000000e+00,2.359487017001661968e+00
4.655000000000000426e+01,2.886206626892089844e+00,2.320614337921142578e+00,3.839819192886352539e+00,4.163496017456054688e+00,9.230241370813432322e-01,3.960000000000000000e+02,2.000000000000000000e+00,1.000000000000000000e+00,1.741176543182261449e+00
4.660000000000000142e+01,2.790899276733398438e+00,2.387992143630981445e+00,4.511075496673583984e+00,4.701457500457763672e+00,1.081980220339253229e+00,4.210000000000000000e+02,2.000000000000000000e+00,1.000000000000000000e+00,1.950545153031838286e+00
4.665000000000000568e+01,3.036701202392578125e+00,2.340432882308959961e+00,4.250321865081787109e+00,4.520654678344726562e+00,1.178162128818121879e+00,3.930000000000000000e+02,2.000000000000000000e+00,1.000000000000000000e+00,1.648469978277166792e+00
4.670000000000000284e+01,2.927855491638183594e+00,2.403810977935791016e+00,4.097192764282226562e+00,4.343309879302978516e+00,1.057679749605971775e+00,4.370000000000000000e+02,3.000000000000000000e+00,1.000000000000000000e+00,1.947993677858208761e+00
4.675000000000000000e+01,3.026485919952392578e+00,2.413121700286865234e+00,4.017347812652587891e+00,4.205516815185546875e+00,1.172142409898913273e+00,4.480000000000000000e+02,5.000000000000000000e+00,1.000000000000000000e+00,1.784374928833146079e+00
4.680000000000000426e+01,2.756893634796142578e+00,2.437613725662231445e+00,3.537011623382568359e+00,3.987953186035156250e+00,1.190580612163891550e+00,4.500000000000000000e+02,2.000000000000000000e+00,1.000000000000000000e+00,1.917991209781459538e+00
4.685000000000000142e+01,2.749034166336059570e+00,2.515860557556152344e+00,3.704643487930297852e+00,3.917632579803466797e+00,1.110820040655887020e+00,4.230000000000000000e+02,3.000000000000000000e+00,1.000000000000000000e+00,1.700387782578557605e+00
4.690000000000000568e+01,2.813159942626953125e+00,2.382923364639282227e+00,3.664345264434814453e+00,3.977539777755737305e+00,1.130248565142704553e+00,4.830000000000000000e+02,4.000000000000000000e+00,1.000000000000000000e+00,1.651067184718303382e+00
4.695000000000000284e+01,2.826265335083007812e+00,2.424348592758178711e+00,3.851787090301513672e+00,4.154209136962890625e+00,1.131024951580570814e+00,4.380000000000000000e+02,3.000000000000000000e+00,0.000000000000000000e+00,2.264636364682180769e+00
4.700000000000000000e+01,2.676572799682617188e+00,2.334993839263916016e+00,4.089188098907470703e+00,4.409265041351318359e+00,1.209320412260746158e+00,4.820000000000000000e+02,3.000000000000000000e+00,1.000000000000000000e+00,1.904099572287091036e+00
4.705000000000000426e+01,2.718860149383544922e+00,2.484084606170654297e+00,3.863569498062133789e+00,4.149051189422607422e+00,1.066882916810479864e+00,4.640000000000000000e+02,3.000000000000000000e+00,2.000000000000000000e+00,1.815818022351401995e+00
4.710000000000000142e+01,2.818169593811035156e+00,2.471683979034423828e+00,3.867612838745117188e+00,4.011851787567138672e+00,1.084975281553363091e+00,4.450000000000000000e+02,2.000000000000000000e+00,1.000000000000000000e+00,1.724665067103874350e+00
4.715000000000000568e+01,2.760947704315185547e+00,2.553777217864990234e+00,3.910726070404052734e+00,4.142824172973632812e+00,1.061650185963730175e+00,4.150000000000000000e+02,3.000000000000000000e+00,1.000000000000000000e+00,1.719010192100710377e+00
4.720000000000000284e+01,2.860719203948974609e+00,2.544168472290039062e+00,3.902493000030517578e+00,4.110588073730468750e+00,1.168658666890696418e+00,4.370000000000000000e+02,3.000000000000000000e+00,2.000000000000000000e+00,2.033483880020549694e+00
4.725000000000000000e+01,2.993784904479980469e+00,2.598665952682495117e+00,3.466165304183959961e+00,3.740197658538818359e+00,1.103240337929991766e+00,4.880000000000000000e+02,2.000000000000000000e+00,1.000000000000000000e+00,1.865743836437229186e+00
4.730000000000000426e+01,2.859801769256591797e+00,2.583362579345703125e+00,3.971705675125122070e+00,4.100656986236572266e+00,1.172479171455807379e+00,4.360000000000000000e+02,0.000000000000000000e+00,0.000000000000000000e+00,2.248922100355839948e+00
4.735000000000000142e+01,2.987630605697631836e+00,2.535313129425048828e+00,3.781364917755126953e+00,4.090059280395507812e+00,1.183930806416142678e+00,4.690000000000000000e+02,3.000000000000000000e+00,1.000000000000000000e+00,1.782022000016809438e+00
4.740000000000000568e+01,3.080210924148559570e+00,2.686122894287109375e+00,3.563523292541503906e+00,3.781550168991088867e+00,1.181728721381622771e+00,4.380000000000000000e+02,3.000000000000000000e+00,1.000000000000000000e+00,1.847542194560812590e+00
4.745000000000000284e+01,2.806789875030517578e+00,2.664233446121215820e+00,3.854829311370849609e+00,4.127880096435546875e+00,1.144609662706650877e+00,4.280000000000000000e+02,4.000000000000000000e+00,2.000000000000000000e+00,1.674911016206865444e+00
4.750000000000000000e+01,2.875169515609741211e+00,2.622424125671386719e+00,3.466839313507080078e+00,3.731840848922729492e+00,1.124833712898481330e+00,4.420000000000000000e+02,3.000000000000000000e+00,1.000000000000000000e+00,1.687447031377175666e+00
4.755000000000000426e+01,2.817159652709960938e+00,2.487400770187377930e+00,3.736949443817138672e+00,4.121283531188964844e+00,1.171031385346636755e+00,4.200000000000000000e+02,3.000000000000000000e+00,1.000000000000000000e+00,1.809947495081143165e+00
4.760000000000000142e+01,2.909482955932617188e+00,2.470619201660156250e+00,3.934478759765625000e+00,4.220091819763183594e+00,1.187385775178572356e+00,4.510000000000000000e+02,4.000000000000000000e+00,1.000000000000000000e+00,2.001526705289945252e+00
4.765000000000000568e+01,2.886388540267944336e+00,2.457327604293823242e+00,4.058442592620849609e+00,4.258689403533935547e+00,1.178998330531020544e+00,4.430000000000000000e+02,2.000000000000000000e+00,1.000000000000000000e+00,1.785209740214127816e+00
4.770000000000000284e+01,2.974894285202026367e+00,2.499389171600341797e+00,4.287934780120849609e+00,4.478091239929199219e+00,1.184480234448859193e+00,4.380000000000000000e+02,0.000000000000000000e+00,0.000000000000000000e+00,2.359813300910127420e+00
4.775000000000000000e+01,2.789122104644775391e+00,2.695012569427490234e+00,3.460429668426513672e+00,3.712313652038574219e+00,1.130865020738479609e+00,4.530000000000000000e+02,4.000000000000000000e+00,1.000000000000000000e+00,1.867728913594530971e+00
4.780000000000000426e+01,2.823759555816650391e+00,2.557372093200683594e+00,3.885189294815063477e+00,4.065212726593017578e+00,1.123403899182878973e+00,4.410000000000000000e+02,3.000000000000000000e+00,1.000000000000000000e+00,2.326008358843463242e+00
4.785000000000000142e+01,2.787459373474121094e+00,2.563722372055053711e+00,4.359827518463134766e+00,4.628866672515869141e+00,1.232691648393182460e+00,4.720000000000000000e+02,2.000000000000000000e+00,1.000000000000000000e+00,1.721750396269112970e+00
4.790000000000000568e+01,2.931787490844726562e+00,2.634037971496582031e+00,3.787894010543823242e+00,3.877581596374511719e+00,1.167621905758695844e+00,4.020000000000000000e+02,4.000000000000000000e+00,1.000000000000000000e+00,1.931868211581546424e+00
4.795000000000000284e+01,2.795308113098144531e+00,2.315442085266113281e+00,3.951750040054321289e+00,4.231332302093505859e+00,1.133245340775090870e+00,4.290000000000000000e+02,4.000000000000000000e+00,1.000000000000000000e+00,1.966429080623220305e+00
4.800000000000000000e+01,3.085738182067871094e+00,2.494201898574829102e+00,3.761598110198974609e+00,3.977783203125000000e+00,1.275625995768389753e+00,4.120000000000000000e+02,5.000000000000000000e+00,2.000000000000000000e+00,1.940320908629722840e+00
4.805000000000000426e+01,3.034546613693237305e+00,2.448014974594116211e+00,4.016462802886962891e+00,4.350362300872802734e+00,1.110293676157480869e+00,4.330000000000000000e+02,2.000000000000000000e+00,1.000000000000000000e+00,1.877123700124800676e+00
4.810000000000000142e+01,2.785494804382324219e+00,2.370770931243896484e+00,3.983140230178833008e+00,4.262863636016845703e+00,1.148274924243030792e+00,4.590000000000000000e+02,3.000000000000000000e+00,1.000000000000000000e+00,1.646273037256061000e+00
4.815000000000000568e+01,2.905763149261474609e+00,2.594046592712402344e+00,3.868926763534545898e+00,4.254192829132080078e+00,1.141397279984797564e+00,4.240000000000000000e+02,2.000000000000000000e+00,1.000000000000000000e+00,1.698847099032536834e+00
4.820000000000000284e+01,2.908481597900390625e+00,2.435629844665527344e+00,4.060826778411865234e+00,4.306419849395751953e+00,1.104939360897952527e+00,4.320000000000000000e+02,3.000000000000000000e+00,1.000000000000000000e+00,1.634462224169085154e+00
4.825000000000000000e+01,2.903674602508544922e+00,2.451712608337402344e+00,3.853291273117065430e+00,4.099577426910400391e+00,1.057683153417719346e+00,4.250000000000000000e+02,3.000000000000000000e+00,1.000000000000000000e+00,1.618854344318252814e+00
4.830000000000000426e+01,2.804535865783691406e+00,2.437202453613281250e+00,4.360583305358886719e+00,4.646776199340820312e+00,9.805626850093801528e-01,4.490000000000000000e+02,2.000000000000000000e+00,1.000000000000000000e+00,1.571510367846058243e+00
4.835000000000000142e+01,2.951171636581420898e+00,2.441810607910156250e+00,3.826632261276245117e+00,4.059555530548095703e+00,1.075950379576462224e+00,4.280000000000000000e+02,3.000000000000000000e+00,1.000000000000000000e+00,1.918809085742065879e+00
4.840000000000000568e+01,2.819404602050781250e+00,2.374985456466674805e+00,4.117065429687500000e+00,4.312919139862060547e+00,1.163918166716666258e+00,4.180000000000000000e+02,3.000000000000000000e+00,1.000000000000000000e+00,1.821006983860646633e+00
4.845000000000000284e+01,2.752507209777832031e+00,2.344949245452880859e+00,4.237265110015869141e+00,4.539866447448730469e+00,1.133701103346264727e+00,4.190000000000000000e+02,3.000000000000000000e+00,1.000000000000000000e+00,1.708143251858868616e+00
4.850000000000000000e+01,2.926757574081420898e+00,2.567237615585327148e+00,4.162333488464355469e+00,4.451969146728515625e+00,1.118417673631303622e+00,4.470000000000000000e+02,4.000000000000000000e+00,1.000000000000000000e+00,1.631562797782917018e+00
4.855000000000000426e+01,2.805697441101074219e+00,2.402991294860839844e+00,4.117587089538574219e+00,4.401382923126220703e+00,1.224269246048864890e+00,4.260000000000000000e+02,3.000000000000000000e+00,1.000000000000000000e+00,1.656735176723638014e+00
4.860000000000000142e+01,2.755228281021118164e+00,2.560459375381469727e+00,4.471619129180908203e+00,4.644817829132080078e+00,1.061834959224838171e+00,4.270000000000000000e+02,1.000000000000000000e+00,0.000000000000000000e+00,2.208895672239740371e+00
4.865000000000000568e+01,2.864894390106201172e+00,2.438552379608154297e+00,4.098031520843505859e+00,4.301715850830078125e+00,1.037081874398543491e+00,4.460000000000000000e+02,4.000000000000000000e+00,2.000000000000000000e+00,1.756758974649340832e+00
4.870000000000000284e+01,2.859156131744384766e+00,2.257104158401489258e+00,4.162347316741943359e+00,4.514617919921875000e+00,1.226549866575800785e+00,4.220000000000000000e+02,3.000000000000000000e+00,2.000000000000000000e+00,1.699624826834180480e+00
4.875000000000000000e+01,2.919875144958496094e+00,2.344781398773193359e+00,4.382713794708251953e+00,4.563077449798583984e+00,1.225117958128371765e+00,4.600000000000000000e+02,4.000000000000000000e+00,1.000000000000000000e+00,1.949709771805990144e+00
4.880000000000000426e+01,3.002540826797485352e+00,2.364966630935668945e+00,4.077432155609130859e+00,4.403419017791748047e+00,1.229178919697427208e+00,4.390000000000000000e+02,2.000000000000000000e+00,1.000000000000000000e+00,1.890188031260737311e+00
4.885000000000000142e+01,3.011065006256103516e+00,2.455697536468505859e+00,4.220841884613037109e+00,4.500606536865234375e+00,1.192927131754564885e+00,4.210000000000000000e+02,4.000000000000000000e+00,1.000000000000000000e+00,1.607140917803830060e+00
4.890000000000000568e+01,2.892143249511718750e+00,2.569127082824707031e+00,3.734593391418457031e+00,3.991223812103271484e+00,9.280908510718564042e-01,4.740000000000000000e+02,2.000000000000000000e+00,2.000000000000000000e+00,1.612112777867494628e+00
4.895000000000000284e+01,3.185088872909545898e+00,2.384670257568359375e+00,4.216687679290771484e+00,4.443835258483886719e+00,9.407550156022761456e-01,4.090000000000000000e+02,2.000000000000000000e+00,1.000000000000000000e+00,1.735996553124095509e+00
4.900000000000000000e+01,2.945065736770629883e+00,2.349318742752075195e+00,4.144383430480957031e+00,4.325263023376464844e+00,9.351858035777389500e-01,4.200000000000000000e+02,2.000000000000000000e+00,1.000000000000000000e+00,1.728800113152543894e+00
4.905000000000000426e+01,2.966660261154174805e+00,2.414793491363525391e+00,3.871112346649169922e+00,4.076851844787597656e+00,9.393532516281464240e-01,4.560000000000000000e+02,2.000000000000000000e+00,1.000000000000000000e+00,2.074479656929959059e+00
4.910000000000000142e+01,2.985703945159912109e+00,2.337536096572875977e+00,4.155413627624511719e+00,4.298272132873535156e+00,8.956107250394569341e-01,4.190000000000000000e+02,2.000000000000000000e+00,1.000000000000000000e+00,1.684735148231196966e+00
4.915000000000000568e+01,3.116927385330200195e+00,2.375313282012939453e+00,4.213575839996337891e+00,4.483606338500976562e+00,9.488591642309276430e-01,4.150000000000000000e+02,3.000000000000000000e+00,2.000000000000000000e+00,1.668158174581552800e+00
4.920000000000000284e+01,2.947587490081787109e+00,2.308368682861328125e+00,4.000609397888183594e+00,4.235067844390869141e+00,8.904763559873978274e-01,4.520000000000000000e+02,3.000000000000000000e+00,2.000000000000000000e+00,1.973743801432567224e+00
4.925000000000000000e+01,3.022828102111816406e+00,2.437175512313842773e+00,3.942052841186523438e+00,4.241315841674804688e+00,9.274967170202312872e-01,4.540000000000000000e+02,3.000000000000000000e+00,1.000000000000000000e+00,2.191802351373837165e+00
4.930000000000000426e+01,2.785984992980957031e+00,2.225263595581054688e+00,3.816776752471923828e+00,4.044614315032958984e+00,9.069780822936034381e-01,4.070000000000000000e+02,2.000000000000000000e+00,1.000000000000000000e+00,2.074805248878724306e+00
4.935000000000000142e+01,2.783364295959472656e+00,2.163610696792602539e+00,3.922914266586303711e+00,4.210687637329101562e+00,8.667325504103031708e-01,4.190000000000000000e+02,1.000000000000000000e+00,1.000000000000000000e+00,2.023212642908090775e+00
4.940000000000000568e+01,3.221948146820068359e+00,2.369218111038208008e+00,4.413763046264648438e+00,4.695149898529052734e+00,9.575758560790701424e-01,4.040000000000000000e+02,4.000000000000000000e+00,1.000000000000000000e+00,1.848058553305444107e+00
4.945000000000000284e+01,3.079005718231201172e+00,2.381077051162719727e+00,4.436149597167968750e+00,4.648758888244628906e+00,9.331936291064573119e-01,4.370000000000000000e+02,3.000000000000000000e+00,1.000000000000000000e+00,1.670659138429911872e+00
4.950000000000000000e+01,3.098882675170898438e+00,2.337765693664550781e+00,3.941063880920410156e+00,4.255778789520263672e+00,9.846998829771895778e-01,4.100000000000000000e+02,3.000000000000000000e+00,1.000000000000000000e+00,1.831613581436096094e+00
4.955000000000000426e+01,3.003335237503051758e+00,2.248097419738769531e+00,3.700327634811401367e+00,4.016384124755859375e+00,9.468000154625372256e-01,4.600000000000000000e+02,3.000000000000000000e+00,1.000000000000000000e+00,1.646053867551308114e+00
4.960000000000000142e+01,2.893505096435546875e+00,2.325911998748779297e+00,4.035668373107910156e+00,4.328729152679443359e+00,1.069755679154341221e+00,4.530000000000000000e+02,3.000000000000000000e+00,1.000000000000000000e+00,1.817446091036893696e+00
4.965000000000000568e+01,3.120765924453735352e+00,2.495421409606933594e+00,3.731808423995971680e+00,3.957787752151489258e+00,1.125180732496757319e+00,4.670000000000000000e+02,3.000000000000000000e+00,1.000000000000000000e+00,1.770845771528180235e+00
4.970000000000000284e+01,3.257704019546508789e+00,2.411552190780639648e+00,4.365934371948242188e+00,4.582191944122314453e+00,1.099423137047085719e+00,3.750000000000000000e+02,2.000000000000000000e+00,1.000000000000000000e+00,2.388634936591393920e+00
4.975000000000000000e+01,3.053460359573364258e+00,2.389034748077392578e+00,4.418933391571044922e+00,4.437906265258789062e+00,1.166947870324369863e+00,4.170000000000000000e+02,3.000000000000000000e+00,1.000000000000000000e+00,1.839204975089585137e+00
4.980000000000000426e+01,3.071240901947021484e+00,2.390330791473388672e+00,4.016918182373046875e+00,4.151401996612548828e+00,1.237400849063267083e+00,4.470000000000000000e+02,4.000000000000000000e+00,2.000000000000000000e+00,1.610770384421561507e+00
4.985000000000000142e+01,3.051352024078369141e+00,2.405732154846191406e+00,4.017498970031738281e+00,4.143028736114501953e+00,1.087327390206042299e+00,4.200000000000000000e+02,3.000000000000000000e+00,1.000000000000000000e+00,1.574649888151806287e+00
4.990000000000000568e+01,2.805882692337036133e+00,2.291825532913208008e+00,4.221930980682373047e+00,4.362182617187500000e+00,1.171772965229048058e+00,4.280000000000000000e+02,5.000000000000000000e+00,2.000000000000000000e+00,1.975383590681140333e+00
4.995000000000000284e+01,3.035918474197387695e+00,2.281058788299560547e+00,4.217825412750244141e+00,4.496550559997558594e+00,1.139090607722993642e+00,4.270000000000000000e+02,1.000000000000000000e+00,1.000000000000000000e+00,1.776541535639453384e+00
5.000000000000000000e+01,2.965977668762207031e+00,2.420358896255493164e+00,3.819241046905517578e+00,4.114516258239746094e+00,1.116711523690273156e+00,4.210000000000000000e+02,3.000000000000000000e+00,1.000000000000000000e+00,1.726324184661829131e+00
5.005000000000000426e+01,2.843360900878906250e+00,2.240430355072021484e+00,4.238544464111328125e+00,4.355831623077392578e+00,1.042996818619016164e+00,4.350000000000000000e+02,1.000000000000000000e+00,1.000000000000000000e+00,1.874414732558051799e+00
5.010000000000000142e+01,2.896163225173950195e+00,2.380444765090942383e+00,3.848139762878417969e+00,4.068267822265625000e+00,1.115015854369181936e+00,4.710000000000000000e+02,4.000000000000000000e+00,1.000000000000000000e+00,1.886230889581306247e+00
5.015000000000000568e+01,3.162802219390869141e+00,2.419186592102050781e+00,4.292873859405517578e+00,4.603259086608886719e+00,1.163559453660629295e+00,4.270000000000000000e+02,4.000000000000000000e+00,1.000000000000000000e+00,1.825399287367105661e+00
5.020000000000000284e+01,2.972244024276733398e+00,2.311543464660644531e+00,4.082183361053466797e+00,4.391780853271484375e+00,1.223602651036628020e+00,4.510000000000000000e+02,3.000000000000000000e+00,2.000000000000000000e+00,1.811562953175282820e+00
5.025000000000000000e+01,2.809334993362426758e+00,2.319545030593872070e+00,3.990950584411621094e+00,4.301445484161376953e+00,1.089985931031204114e+00,4.240000000000000000e+02,3.000000000000000000e+00,1.000000000000000000e+00,1.737456541687453004e+00
5.030000000000000426e+01,2.931289672851562500e+00,2.224347114562988281e+00,4.372082233428955078e+00,4.566284179687500000e+00,1.246236836220740551e+00,4.530000000000000000e+02,3.000000000000000000e+00,1.000000000000000000e+00,1.888181797200157108e+00
5.035000000000000142e+01,3.084630727767944336e+00,2.366772174835205078e+00,4.262109756469726562e+00,4.449835300445556641e+00,1.141264336415981795e+00,4.420000000000000000e+02,4.000000000000000000e+00,1.000000000000000000e+00,2.094573781851985395e+00
5.040000000000000568e+01,2.962480545043945312e+00,2.403226852416992188e+00,4.356871604919433594e+00,4.660414695739746094e+00,1.125710909463268461e+00,4.440000000000000000e+02,2.000000000000000000e+00,1.000000000000000000e+00,1.955456544802247176e+00
5.045000000000000284e+01,2.882582902908325195e+00,2.253950119018554688e+00,3.598854303359985352e+00,4.109253883361816406e+00,1.102653044680014016e+00,4.690000000000000000e+02,3.000000000000000000e+00,1.000000000000000000e+00,1.784865588333613973e+00
5.050000000000000000e+01,3.001009941101074219e+00,2.230833292007446289e+00,3.982354402542114258e+00,4.225700378417968750e+00,1.078355371115692352e+00,4.640000000000000000e+02,4.000000000000000000e+00,1.000000000000000000e+00,2.211317729963826473e+00
5.055000000000000426e+01,2.907388448715209961e+00,2.265707969665527344e+00,3.936605691909790039e+00,4.310942649841308594e+00,1.088384873466035518e+00,4.450000000000000000e+02,3.000000000000000000e+00,1.000000000000000000e+00,1.881823095600716256e+00
5.060000000000000142e+01,3.123149633407592773e+00,2.425513029098510742e+00,4.016209602355957031e+00,4.333042621612548828e+00,1.102819212453873599e+00,4.270000000000000000e+02,2.000000000000000000e+00,1.000000000000000000e+00,2.074334655422092499e+00
5.065000000000000568e+01,3.026895999908447266e+00,2.288741827011108398e+00,3.743099927902221680e+00,4.238593101501464844e+00,1.074290722017220645e+00,4.320000000000000000e+02,2.000000000000000000e+00,1.000000000000000000e+00,1.789103597379630983e+00
5.070000000000000284e+01,3.247095584869384766e+00,2.430298328399658203e+00,3.824146032333374023e+00,4.279027462005615234e+00,1.069494084605597362e+00,4.410000000000000000e+02,3.000000000000000000e+00,1.000000000000000000e+00,1.889797944824573417e+00
5.075000000000000000e+01,3.058359384536743164e+00,2.324542522430419922e+00,3.912392139434814453e+00,4.378626823425292969e+00,1.153856267649525646e+00,4.290000000000000000e+02,3.000000000000000000e+00,1.000000000000000000e+00,2.215899616948912243e+00
5.080000000000000426e+01,2.983223199844360352e+00,2.186212778091430664e+00,3.695654630661010742e+00,4.125361919403076172e+00,1.133111486127704515e+00,4.250000000000000000e+02,2.000000000000000000e+00,1.000000000000000000e+00,2.041907341461620007e+00
5.085000000000000142e+01,2.941112279891967773e+00,2.331575632095336914e+00,4.445121288299560547e+00,4.875391006469726562e+00,1.254146125191977434e+00,4.290000000000000000e+02,2.000000000000000000e+00,1.000000000000000000e+00,1.680267964798811908e+00
5.090000000000000568e+01,2.954124450683593750e+00,2.329603672027587891e+00,3.831924200057983398e+00,4.286684989929199219e+00,8.787463368704437894e-01,4.420000000000000000e+02,2.000000000000000000e+00,1.000000000000000000e+00,1.787984886974218757e+00
5.095000000000000284e+01,2.911939382553100586e+00,2.241047859191894531e+00,4.069287300109863281e+00,4.580135345458984375e+00,9.018899819975012555e-01,4.710000000000000000e+02,4.000000000000000000e+00,1.000000000000000000e+00,1.973704973609187396e+00
5.100000000000000000e+01,3.184938430786132812e+00,2.508517503738403320e+00,3.655463457107543945e+00,4.101654529571533203e+00,9.265081511720554275e-01,4.400000000000000000e+02,2.000000000000000000e+00,0.000000000000000000e+00,1.985013087775199914e+00
5.105000000000000426e+01,3.172786474227905273e+00,2.290198564529418945e+00,3.817844152450561523e+00,4.228697299957275391e+00,9.611401028856796369e-01,4.450000000000000000e+02,3.000000000000000000e+00,1.000000000000000000e+00,1.928956656226410882e+00
5.110000000000000142e+01,2.974808692932128906e+00,2.398260593414306641e+00,4.210527420043945312e+00,4.580301284790039062e+00,9.284277812767263161e-01,4.590000000000000000e+02,2.000000000000000000e+00,1.000000000000000000e+00,1.731592732315226923e+00
5.115000000000000568e+01,3.019412517547607422e+00,2.453881502151489258e+00,3.751415252685546875e+00,4.271448612213134766e+00,9.078309836968058155e-01,4.380000000000000000e+02,2.000000000000000000e+00,1.000000000000000000e+00,1.997601889340931081e+00
5.120000000000000284e+01,2.805289745330810547e+00,2.323762655258178711e+00,4.281585693359375000e+00,4.637817859649658203e+00,9.351941763609888936e-01,4.450000000000000000e+02,3.000000000000000000e+00,1.000000000000000000e+00,1.632633650212529375e+00
5.125000000000000000e+01,2.928400278091430664e+00,2.357566595077514648e+00,4.602032661437988281e+00,5.009183406829833984e+00,9.864813021509445390e-01,4.610000000000000000e+02,3.000000000000000000e+00,1.000000000000000000e+00,1.783179943530162292e+00
5.130000000000000426e+01,3.061191797256469727e+00,2.348440170288085938e+00,4.332187652587890625e+00,4.717239856719970703e+00,8.821780984391436320e-01,4.740000000000000000e+02,2.000000000000000000e+00,2.000000000000000000e+00,1.846859339806900868e+00
5.135000000000000142e+01,3.045955657958984375e+00,2.289946317672729492e+00,3.912484169006347656e+00,4.361508369445800781e+00,9.578228837713855803e-01,4.420000000000000000e+02,3.000000000000000000e+00,2.000000000000000000e+00,2.187576807461832029e+00
5.140000000000000568e+01,3.108535051345825195e+00,2.461720466613769531e+00,3.984071016311645508e+00,4.481279373168945312e+00,9.826324879931727097e-01,4.310000000000000000e+02,2.000000000000000000e+00,1.000000000000000000e+00,2.255123902177633699e+00
5.145000000000000284e+01,2.916983127593994141e+00,2.327536582946777344e+00,3.807074785232543945e+00,4.286634445190429688e+00,9.334374434745945637e-01,4.340000000000000000e+02,3.000000000000000000e+00,1.000000000000000000e+00,1.723543146618966793e+00
5.150000000000000000e+01,3.044113159179687500e+00,2.532764434814453125e+00,3.976965904235839844e+00,4.396873474121093750e+00,1.045068086470291036e+00,4.470000000000000000e+02,3.000000000000000000e+00,1.000000000000000000e+00,1.720857127971529899e+00
5.155000000000000426e+01,3.040299892425537109e+00,2.435217380523681641e+00,3.849975824356079102e+00,4.349358558654785156e+00,9.159157761852059210e-01,4.070000000000000000e+02,2.000000000000000000e+00,1.000000000000000000e+00,1.732271043059651072e+00
5.160000000000000142e+01,3.129218816757202148e+00,2.488336086273193359e+00,3.985865354537963867e+00,4.357435226440429688e+00,9.117958079754857614e-01,4.230000000000000000e+02,2.000000000000000000e+00,0.000000000000000000e+00,2.389142620168420272e+00
5.165000000000000568e+01,3.067791938781738281e+00,2.523544073104858398e+00,4.005157947540283203e+00,4.368381500244140625e+00,9.760475922177480612e-01,4.520000000000000000e+02,3.000000000000000000e+00,1.000000000000000000e+00,2.007112773106920933e+00
5.170000000000000284e+01,3.114521503448486328e+00,2.532794475555419922e+00,3.716142416000366211e+00,4.283488273620605469e+00,8.995777177810813097e-01,4.780000000000000000e+02,4.000000000000000000e+00,2.000000000000000000e+00,1.847343022267154300e+00
5.175000000000000000e+01,2.965609788894653320e+00,2.444408178329467773e+00,3.777293205261230469e+00,4.313392162322998047e+00,9.173235839977446071e-01,4.590000000000000000e+02,2.000000000000000000e+00,1.000000000000000000e+00,1.779681768951800525e+00
5.180000000000000426e+01,3.161151409149169922e+00,2.528769731521606445e+00,3.983182430267333984e+00,4.454118251800537109e+00,9.010483551242287614e-01,4.490000000000000000e+02,2.000000000000000000e+00,1.000000000000000000e+00,1.843768440903990280e+00
5.185000000000000142e+01,2.777691125869750977e+00,2.312121868133544922e+00,3.776646852493286133e+00,4.215379238128662109e+00,9.291502443634385155e-01,4.850000000000000000e+02,3.000000000000000000e+00,2.000000000000000000e+00,1.731127842675582063e+00
5.190000000000000568e+01,3.124410867691040039e+00,2.522026300430297852e+00,3.803002357482910156e+00,4.306838989257812500e+00,9.448391637959024925e-01,4.100000000000000000e+02,2.000000000000000000e+00,1.000000000000000000e+00,1.828265474869720242e+00
5.195000000000000284e+01,2.930887699127197266e+00,2.480746269226074219e+00,3.970649480819702148e+00,4.340777397155761719e+00,9.332921720274557353e-01,4.620000000000000000e+02,2.000000000000000000e+00,2.000000000000000000e+00,1.694570120709170791e+00
5.200000000000000000e+01,3.004126071929931641e+00,2.508994579315185547e+00,3.940420150756835938e+00,4.378630638122558594e+00,9.489808814360654043e-01,4.630000000000000000e+02,3.000000000000000000e+00,2.000000000000000000e+00,1.887081641785870234e+00
5.205000000000000426e+01,2.972037315368652344e+00,2.441502571105957031e+00,4.338636875152587891e+00,4.776062965393066406e+00,9.630727466013826454e-01,4.290000000000000000e+02,3.000000000000000000e+00,1.000000000000000000e+00,1.798455546151043416e+00
5.210000000000000142e+01,2.962393760681152344e+00,2.414242267608642578e+00,4.053108215332031250e+00,4.590727806091308594e+00,1.226965987676369885e+00,4.340000000000000000e+02,3.000000000000000000e+00,1.000000000000000000e+00,1.751672653788098444e+00
5.215000000000000568e+01,2.935043811798095703e+00,2.314925432205200195e+00,4.650736331939697266e+00,5.025119304656982422e+00,1.103013036193891461e+00,4.420000000000000000e+02,3.000000000000000000e+00,2.000000000000000000e+00,1.710050847295218723e+00
5.220000000000000284e+01,2.855082750320434570e+00,2.310918807983398438e+00,3.867585659027099609e+00,4.317016124725341797e+00,9.927255011535935925e-01,4.320000000000000000e+02,3.000000000000000000e+00,2.000000000000000000e+00,1.843741634356587111e+00
5.225000000000000000e+01,2.824308872222900391e+00,2.343859434127807617e+00,3.666563272476196289e+00,4.084167480468750000e+00,9.752291509127450908e-01,4.440000000000000000e+02,2.000000000000000000e+00,1.000000000000000000e+00,1.916745439394277550e+00
5.230000000000000426e+01,2.929799795150756836e+00,2.511895656585693359e+00,4.188447475433349609e+00,4.557044029235839844e+00,1.079807574235099432e+00,4.470000000000000000e+02,4.000000000000000000e+00,2.000000000000000000e+00,1.878862348574692476e+00
5.235000000000000142e+01,2.776034116744995117e+00,2.520589828491210938e+00,3.900379180908203125e+00,4.300455093383789062e+00,1.050604919799822623e+00,4.570000000000000000e+02,2.000000000000000000e+00,1.000000000000000000e+00,1.915770723288964472e+00
5.240000000000000568e+01,2.863899469375610352e+00,2.363433599472045898e+00,4.323087692260742188e+00,4.646338462829589844e+00,1.091139598326942517e+00,4.490000000000000000e+02,2.000000000000000000e+00,1.000000000000000000e+00,1.669397358484410177e+00
5.245000000000000284e+01,2.773386240005493164e+00,2.455375671386718750e+00,4.317555427551269531e+00,4.741404533386230469e+00,1.036792843139221487e+00,4.070000000000000000e+02,3.000000000000000000e+00,1.000000000000000000e+00,1.740144771371242793e+00
5.250000000000000000e+01,3.041175842285156250e+00,2.281774997711181641e+00,3.851088285446166992e+00,4.389652729034423828e+00,1.015757746784689219e+00,4.270000000000000000e+02,2.000000000000000000e+00,0.000000000000000000e+00,1.882830005647054605e+00
5.255000000000000426e+01,2.697763204574584961e+00,2.317456722259521484e+00,3.835403442382812500e+00,4.228758335113525391e+00,1.123612023917588632e+00,4.740000000000000000e+02,2.000000000000000000e+00,1.000000000000000000e+00,1.682390946549363164e+00
5.260000000000000142e+01,2.830486059188842773e+00,2.505886793136596680e+00,3.911635637283325195e+00,4.371644973754882812e+00,1.117217191232169116e+00,4.410000000000000000e+02,2.000000000000000000e+00,1.000000000000000000e+00,1.625830802596326397e+00
5.265000000000000568e+01,2.755120754241943359e+00,2.488949060440063477e+00,4.044196128845214844e+00,4.603579044342041016e+00,1.131578950897387470e+00,4.600000000000000000e+02,2.000000000000000000e+00,1.000000000000000000e+00,1.799733792874918858e+00
5.270000000000000284e+01,2.878141641616821289e+00,2.504331111907958984e+00,3.933221340179443359e+00,4.470630168914794922e+00,1.123207296148792000e+00,4.450000000000000000e+02,3.000000000000000000e+00,1.000000000000000000e+00,1.668205766916550647e+00
5.275000000000000000e+01,2.825882434844970703e+00,2.413294076919555664e+00,3.991448879241943359e+00,4.499137878417968750e+00,1.092482473291718437e+00,4.370000000000000000e+02,3.000000000000000000e+00,1.000000000000000000e+00,1.701507733937847044e+00
5.280000000000000426e+01,2.958890438079833984e+00,2.327971220016479492e+00,4.261936187744140625e+00,4.796869277954101562e+00,1.106905275135489086e+00,4.300000000000000000e+02,2.000000000000000000e+00,1.000000000000000000e+00,1.982406159323738759e+00
5.285000000000000142e+01,2.912510871887207031e+00,2.461858034133911133e+00,4.413662433624267578e+00,4.718358993530273438e+00,1.097677881658649879e+00,4.620000000000000000e+02,3.000000000000000000e+00,2.000000000000000000e+00,1.830061718651650793e+00
5.290000000000000568e+01,2.835662364959716797e+00,2.488440990447998047e+00,3.901692867279052734e+00,4.467776775360107422e+00,1.118868636692186724e+00,4.710000000000000000e+02,2.000000000000000000e+00,1.000000000000000000e+00,1.752506907944888725e+00
5.295000000000000284e+01,2.889536380767822266e+00,2.374211311340332031e+00,4.059344768524169922e+00,4.612941265106201172e+00,1.120946785106758270e+00,4.220000000000000000e+02,2.000000000000000000e+00,1.000000000000000000e+00,1.862521574045605366e+00
5.300000000000000000e+01,2.971621036529541016e+00,2.310134887695312500e+00,3.966229915618896484e+00,4.448070049285888672e+00,1.029142258523244147e+00,4.730000000000000000e+02,3.000000000000000000e+00,1.000000000000000000e+00,1.836350745490680447e+00
5.305000000000000426e+01,2.851335525512695312e+00,2.382504940032958984e+00,4.335640907287597656e+00,4.807772159576416016e+00,1.095095503419064364e+00,4.350000000000000000e+02,2.000000000000000000e+00,1.000000000000000000e+00,1.861949049072429085e+00
5.310000000000000142e+01,2.745429515838623047e+00,2.420376777648925781e+00,3.887606620788574219e+00,4.390316009521484375e+00,1.060435911945865950e+00,4.490000000000000000e+02,2.000000000000000000e+00,1.000000000000000000e+00,1.828919983964510054e+00
5.315000000000000568e+01,2.816511392593383789e+00,2.267179012298583984e+00,4.020206451416015625e+00,4.527364730834960938e+00,1.100770254358407918e+00,4.370000000000000000e+02,0.000000000000000000e+00,0.000000000000000000e+00,2.308306054356603187e+00
5.320000000000000284e+01,2.827438116073608398e+00,2.371556520462036133e+00,3.894236564636230469e+00,4.393028736114501953e+00,1.126320236217290605e+00,4.460000000000000000e+02,2.000000000000000000e+00,1.000000000000000000e+00,1.868894140381820668e+00
5.325000000000000000e+01,2.864852428436279297e+00,2.463045358657836914e+00,3.972750663757324219e+00,4.485543727874755859e+00,1.122427660111275483e+00,4.620000000000000000e+02,2.000000000000000000e+00,0.000000000000000000e+00,2.136631899530304857e+00
5.330000000000000426e+01,2.976496696472167969e+00,2.293237686157226562e+00,4.187467575073242188e+00,4.657037734985351562e+00,1.152452216716482125e+00,4.140000000000000000e+02,0.000000000000000000e+00,0.000000000000000000e+00,2.034530936715067018e+00
5.335000000000000142e+01,2.914931535720825195e+00,2.293865680694580078e+00,4.013699531555175781e+00,4.470510005950927734e+00,1.077500818921895531e+00,4.410000000000000000e+02,3.000000000000000000e+00,1.000000000000000000e+00,1.801679237580788850e+00
5.340000000000000568e+01,2.848602533340454102e+00,2.329196691513061523e+00,3.856721401214599609e+00,4.363303184509277344e+00,1.105741508480152735e+00,4.600000000000000000e+02,3.000000000000000000e+00,2.000000000000000000e+00,2.096437991577451143e+00
5.345000000000000284e+01,2.804942369461059570e+00,2.263541698455810547e+00,3.968641757965087891e+00,4.483953952789306641e+00,1.161178415534977137e+00,4.670000000000000000e+02,3.000000000000000000e+00,1.000000000000000000e+00,1.950758154000544531e+00
5.350000000000000000e+01,2.871900558471679688e+00,2.245573759078979492e+00,4.220715522766113281e+00,4.643553256988525391e+00,1.151046995243496074e+00,4.380000000000000000e+02,2.000000000000000000e+00,1.000000000000000000e+00,2.363572058916256324e+00
5.355000000000000426e+01,3.016306161880493164e+00,2.278047561645507812e+00,4.026536941528320312e+00,4.539875030517578125e+00,1.034783299406615287e+00,4.460000000000000000e+02,2.000000000000000000e+00,1.000000000000000000e+00,1.936960768110873365e+00
5.360000000000000142e+01,3.097629308700561523e+00,2.510924100875854492e+00,3.904613971710205078e+00,4.308271884918212891e+00,9.634529760041776747e-01,4.400000000000000000e+02,4.000000000000000000e+00,1.000000000000000000e+00,1.867471149137458264e+00
5.365000000000000568e+01,3.026125669479370117e+00,2.303756952285766602e+00,4.218559741973876953e+00,4.615535736083984375e+00,9.484768786998026835e-01,4.890000000000000000e+02,4.000000000000000000e+00,1.000000000000000000e+00,1.936998762192979617e+00
5.370000000000000284e+01,2.664819717407226562e+00,2.206084966659545898e+00,3.679208517074584961e+00,4.273933887481689453e+00,1.005256571119979014e+00,4.270000000000000000e+02,2.000000000000000000e+00,1.000000000000000000e+00,2.061153357201765068e+00
5.375000000000000000e+01,2.862503767013549805e+00,2.311783552169799805e+00,4.051874637603759766e+00,4.541071414947509766e+00,8.986513161970899333e-01,4.470000000000000000e+02,4.000000000000000000e+00,1.000000000000000000e+00,2.308987236593954773e+00
5.380000000000000426e+01,2.786250352859497070e+00,2.343220233917236328e+00,4.206146717071533203e+00,4.583819389343261719e+00,8.845506752464247224e-01,4.430000000000000000e+02,3.000000000000000000e+00,1.000000000000000000e+00,1.615958763107171237e+00
5.385000000000000142e+01,2.873680591583251953e+00,2.391881704330444336e+00,3.740760087966918945e+00,4.262936115264892578e+00,8.736766594830756016e-01,4.450000000000000000e+02,3.000000000000000000e+00,2.000000000000000000e+00,1.935579140424588340e+00
5.390000000000000568e+01,2.830510616302490234e+00,2.276644945144653320e+00,4.016597747802734375e+00,4.474720001220703125e+00,9.538064061826396767e-01,4.440000000000000000e+02,3.000000000000000000e+00,1.000000000000000000e+00,1.902851262798021192e+00
5.395000000000000284e+01,2.754501104354858398e+00,2.192740678787231445e+00,3.837882518768310547e+00,4.377575397491455078e+00,9.252680828950550218e-01,4.510000000000000000e+02,2.000000000000000000e+00,1.000000000000000000e+00,1.728289510459038114e+00
5.400000000000000000e+01,2.827344179153442383e+00,2.434234142303466797e+00,4.099344730377197266e+00,4.396079540252685547e+00,9.676439129294103214e-01,4.620000000000000000e+02,2.000000000000000000e+00,1.000000000000000000e+00,1.793816927229826552e+00
5.405000000000000426e+01,2.894496917724609375e+00,2.398002386093139648e+00,4.008644580841064453e+00,4.309114933013916016e+00,9.526092709802060909e-01,4.320000000000000000e+02,2.000000000000000000e+00,1.000000000000000000e+00,2.046693551418804269e+00
5.410000000000000142e+01,2.816754817962646484e+00,2.291543722152709961e+00,3.671450138092041016e+00,4.159536838531494141e+00,8.884028201771354549e-01,4.590000000000000000e+02,2.000000000000000000e+00,1.000000000000000000e+00,1.690659785270536064e+00
5.415000000000000568e+01,3.144927501678466797e+00,2.503107547760009766e+00,3.736540794372558594e+00,4.338380813598632812e+00,9.478234010826154243e-01,4.470000000000000000e+02,2.000000000000000000e+00,1.000000000000000000e+00,1.982652627186811900e+00
5.420000000000000284e+01,3.090806007385253906e+00,2.531563043594360352e+00,4.047170639038085938e+00,4.435502052307128906e+00,8.483215726942467949e-01,4.270000000000000000e+02,3.000000000000000000e+00,1.000000000000000000e+00,1.826963874188595849e+00
5.425000000000000000e+01,2.926088333129882812e+00,2.388089895248413086e+00,3.830132722854614258e+00,4.246565818786621094e+00,1.016207073815594164e+00,4.320000000000000000e+02,3.000000000000000000e+00,0.000000000000000000e+00,2.245967010455500290e+00
5.430000000000000426e+01,3.056287288665771484e+00,2.552297592163085938e+00,4.016477108001708984e+00,4.396469116210937500e+00,9.561105703404016998e-01,4.460000000000000000e+02,5.000000000000000000e+00,2.000000000000000000e+00,2.059423186991947485e+00
5.435000000000000142e+01,2.925546169281005859e+00,2.354578018188476562e+00,3.919665813446044922e+00,4.403069496154785156e+00,9.390518885582521680e-01,4.570000000000000000e+02,3.000000000000000000e+00,1.000000000000000000e+00,1.893352730856602939e+00
5.440000000000000568e+01,3.095465898513793945e+00,2.370779991149902344e+00,3.998506546020507812e+00,4.441807746887207031e+00,9.054845097237926854e-01,4.620000000000000000e+02,2.000000000000000000e+00,1.000000000000000000e+00,1.735181253219126640e+00
5.445000000000000284e+01,2.976081371307373047e+00,2.391187667846679688e+00,3.959144353866577148e+00,4.408927917480468750e+00,8.550467091777773643e-01,4.600000000000000000e+02,2.000000000000000000e+00,1.000000000000000000e+00,1.838840971403381763e+00
5.450000000000000000e+01,3.075396060943603516e+00,2.428895473480224609e+00,4.012434959411621094e+00,4.553069114685058594e+00,9.543759769830815198e-01,4.440000000000000000e+02,2.000000000000000000e+00,1.000000000000000000e+00,1.819182280154901576e+00
5.455000000000000426e+01,3.380396604537963867e+00,2.675261974334716797e+00,3.965210437774658203e+00,4.505501270294189453e+00,1.008182306818129925e+00,4.260000000000000000e+02,2.000000000000000000e+00,1.000000000000000000e+00,1.872919618043409562e+00
5.460000000000000142e+01,2.991416692733764648e+00,2.460136890411376953e+00,4.276262283325195312e+00,4.701103687286376953e+00,9.632588818737315428e-01,4.360000000000000000e+02,3.000000000000000000e+00,1.000000000000000000e+00,1.909081566498049831e+00
5.465000000000000568e+01,3.144646167755126953e+00,2.430945396423339844e+00,3.786731958389282227e+00,4.245401382446289062e+00,8.484389464182156004e-01,4.370000000000000000e+02,3.000000000000000000e+00,1.000000000000000000e+00,2.000263733125061894e+00
5.470000000000000284e+01,3.170557498931884766e+00,2.462848186492919922e+00,3.842951774597167969e+00,4.421866416931152344e+00,9.280302551809422873e-01,4.590000000000000000e+02,3.000000000000000000e+00,1.000000000000000000e+00,1.604560197005908906e+00
5.475000000000000000e+01,3.104386329650878906e+00,2.407132625579833984e+00,4.098555088043212891e+00,4.564338207244873047e+00,1.043761322585693652e+00,3.950000000000000000e+02,3.000000000000000000e+00,1.000000000000000000e+00,1.863647315384546754e+00
5.480000000000000426e+01,3.328859329223632812e+00,2.528337955474853516e+00,4.285083770751953125e+00,4.733976364135742188e+00,1.024359709443580346e+00,4.430000000000000000e+02,2.000000000000000000e+00,1.000000000000000000e+00,2.034942755803828884e+00
5.485000000000000142e+01,3.020627260208129883e+00,2.439803600311279297e+00,4.275914192199707031e+00,4.718024730682373047e+00,9.017126820837084722e-01,4.550000000000000000e+02,2.000000000000000000e+00,1.000000000000000000e+00,2.131659175942191453e+00
5.490000000000000568e+01,2.909109592437744141e+00,2.380447149276733398e+00,4.127798080444335938e+00,4.604106903076171875e+00,9.177517563419823610e-01,4.440000000000000000e+02,3.000000000000000000e+00,1.000000000000000000e+00,1.878336899240721891e+00
5.495000000000000284e+01,2.992993354797363281e+00,2.331889629364013672e+00,4.318886280059814453e+00,4.850043773651123047e+00,9.986426586956047569e-01,4.690000000000000000e+02,2.000000000000000000e+00,1.000000000000000000e+00,1.922498450675456994e+00
5.500000000000000000e+01,2.818512678146362305e+00,2.371672153472900391e+00,4.164592266082763672e+00,4.590170860290527344e+00,9.312918451220133509e-01,4.350000000000000000e+02,2.000000000000000000e+00,2.000000000000000000e+00,1.795316435868599125e+00
5.505000000000000426e+01,3.071511268615722656e+00,2.490736722946166992e+00,3.897282600402832031e+00,4.385469436645507812e+00,9.808403291292071557e-01,4.100000000000000000e+02,2.000000000000000000e+00,2.000000000000000000e+00,1.822251733665442242e+00
5.510000000000000142e+01,2.846178054809570312e+00,2.396686553955078125e+00,4.141289234161376953e+00,4.530979633331298828e+00,9.630459943815106172e-01,4.290000000000000000e+02,3.000000000000000000e+00,1.000000000000000000e+00,1.755651745793121776e+00
5.515000000000000568e+01,3.058250188827514648e+00,2.599790334701538086e+00,3.854273557662963867e+00,4.241312980651855469e+00,1.000831502505209025e+00,4.370000000000000000e+02,2.000000000000000000e+00,1.000000000000000000e+00,1.938997951129366681e+00
5.520000000000000284e+01,3.069643735885620117e+00,2.474664926528930664e+00,4.140063762664794922e+00,4.545333862304687500e+00,1.205040749019709700e+00,4.280000000000000000e+02,2.000000000000000000e+00,1.000000000000000000e+00,2.045428494488112925e+00
5.525000000000000000e+01,2.884869813919067383e+00,2.406073570251464844e+00,3.910838127136230469e+00,4.361145496368408203e+00,1.243187564576156756e+00,4.620000000000000000e+02,2.000000000000000000e+00,1.000000000000000000e+00,1.850512424649600973e+00
5.530000000000000426e+01,3.004528284072875977e+00,2.623993873596191406e+00,3.907339811325073242e+00,4.416131019592285156e+00,1.257837804646870783e+00,4.340000000000000000e+02,4.000000000000000000e+00,1.000000000000000000e+00,1.619054627714604733e+00
5.535000000000000142e+01,3.034771919250488281e+00,2.561948060989379883e+00,4.075888633728027344e+00,4.584683418273925781e+00,1.231967000435413739e+00,4.570000000000000000e+02,2.000000000000000000e+00,0.000000000000000000e+00,2.313481151075496012e+00
5.540000000000000568e+01,3.045293807983398438e+00,2.555021762847900391e+00,4.017045497894287109e+00,4.543227672576904297e+00,1.253819506510677861e+00,4.390000000000000000e+02,2.000000000000000000e+00,1.000000000000000000e+00,1.578813021761705793e+00
5.545000000000000284e+01,2.966942548751831055e+00,2.508978605270385742e+00,3.940477371215820312e+00,4.406437397003173828e+00,1.189787429769798122e+00,4.530000000000000000e+02,3.000000000000000000e+00,1.000000000000000000e+00,1.817481382928773925e+00
5.550000000000000000e+01,3.064170837402343750e+00,2.662070989608764648e+00,4.017107963562011719e+00,4.508265495300292969e+00,1.271642456508784047e+00,4.300000000000000000e+02,3.000000000000000000e+00,1.000000000000000000e+00,1.806444394809505694e+00
5.555000000000000426e+01,3.215803861618041992e+00,2.469149112701416016e+00,4.129124641418457031e+00,4.688040733337402344e+00,1.278991037208476511e+00,4.120000000000000000e+02,3.000000000000000000e+00,1.000000000000000000e+00,1.902726291566700478e+00
5.560000000000000142e+01,3.215688705444335938e+00,2.480591058731079102e+00,3.960114002227783203e+00,4.492496013641357422e+00,1.167719209981664008e+00,4.560000000000000000e+02,2.000000000000000000e+00,1.000000000000000000e+00,1.669007647354371571e+00
5.565000000000000568e+01,2.944929599761962891e+00,2.506325721740722656e+00,4.009043693542480469e+00,4.541147708892822266e+00,1.177226156777357868e+00,4.450000000000000000e+02,3.000000000000000000e+00,2.000000000000000000e+00,1.730611096120648673e+00
5.570000000000000284e+01,3.066251754760742188e+00,2.357778787612915039e+00,4.086244583129882812e+00,4.555879592895507812e+00,1.183798848583438756e+00,4.560000000000000000e+02,4.000000000000000000e+00,0.000000000000000000e+00,2.227017190963789250e+00
5.575000000000000000e+01,2.970152139663696289e+00,2.411381721496582031e+00,3.875377655029296875e+00,4.485850811004638672e+00,1.148806303352562619e+00,4.220000000000000000e+02,2.000000000000000000e+00,1.000000000000000000e+00,2.319699435697377243e+00
5.580000000000000426e+01,3.077039718627929688e+00,2.593820571899414062e+00,3.997087955474853516e+00,4.560285091400146484e+00,1.189919108438206141e+00,4.450000000000000000e+02,2.000000000000000000e+00,1.000000000000000000e+00,1.853420671993158964e+00
5.585000000000000142e+01,2.908745050430297852e+00,2.400967121124267578e+00,4.023136615753173828e+00,4.531888484954833984e+00,1.224643606868477619e+00,4.550000000000000000e+02,3.000000000000000000e+00,2.000000000000000000e+00,1.909377379220273951e+00
5.590000000000000568e+01,3.018380403518676758e+00,2.480067014694213867e+00,3.945099353790283203e+00,4.380359172821044922e+00,1.151625660866396395e+00,4.790000000000000000e+02,3.000000000000000000e+00,1.000000000000000000e+00,1.871296799116556997e+00
5.595000000000000284e+01,2.886175632476806641e+00,2.414102077484130859e+00,3.917577743530273438e+00,4.349369049072265625e+00,1.182731300152322751e+00,4.740000000000000000e+02,3.000000000000000000e+00,0.000000000000000000e+00,2.274952433781791683e+00
5.600000000000000000e+01,2.949025630950927734e+00,2.421709775924682617e+00,4.380372524261474609e+00,4.852071762084960938e+00,1.366869831043076022e+00,4.130000000000000000e+02,4.000000000000000000e+00,2.000000000000000000e+00,1.849221670997698519e+00
5.605000000000000426e+01,2.941715478897094727e+00,2.514742612838745117e+00,4.317817211151123047e+00,4.741387367248535156e+00,1.241658907689313862e+00,4.320000000000000000e+02,2.000000000000000000e+00,1.000000000000000000e+00,1.941634593863976299e+00
5.610000000000000142e+01,3.075033187866210938e+00,2.549103498458862305e+00,4.045946121215820312e+00,4.542441844940185547e+00,1.310914687313968763e+00,4.100000000000000000e+02,2.000000000000000000e+00,1.000000000000000000e+00,1.840284067414786895e+00
5.615000000000000568e+01,2.763701438903808594e+00,2.465732574462890625e+00,3.750196456909179688e+00,4.221172332763671875e+00,1.247570588734512986e+00,4.480000000000000000e+02,2.000000000000000000e+00,2.000000000000000000e+00,1.936197828246794206e+00
5.620000000000000284e+01,3.065716266632080078e+00,2.703492164611816406e+00,4.063799381256103516e+00,4.454192161560058594e+00,1.185740715136931023e+00,4.930000000000000000e+02,1.000000000000000000e+00,0.000000000000000000e+00,2.303259508879394346e+00
5.625000000000000000e+01,2.921506881713867188e+00,2.632660627365112305e+00,3.731236696243286133e+00,4.176113605499267578e+00,1.179776346021991440e+00,4.480000000000000000e+02,4.000000000000000000e+00,1.000000000000000000e+00,1.795237991559692325e+00
5.630000000000000426e+01,2.946005344390869141e+00,2.539613723754882812e+00,3.931523323059082031e+00,4.425799846649169922e+00,1.250886322254809002e+00,4.700000000000000000e+02,2.000000000000000000e+00,1.000000000000000000e+00,1.635687046160191338e+00
5.635000000000000142e+01,2.969916105270385742e+00,2.545835018157958984e+00,4.232410430908203125e+00,4.655562877655029297e+00,1.225778991992744649e+00,4.620000000000000000e+02,2.000000000000000000e+00,1.000000000000000000e+00,2.300678537023773451e+00
5.640000000000000568e+01,2.950762748718261719e+00,2.566494703292846680e+00,3.873193025588989258e+00,4.437219619750976562e+00,1.228159847695051043e+00,4.670000000000000000e+02,3.000000000000000000e+00,1.000000000000000000e+00,1.806444947918182109e+00
5.645000000000000284e+01,3.062956809997558594e+00,2.520285844802856445e+00,4.043954372406005859e+00,4.500721931457519531e+00,1.202024610491253309e+00,4.630000000000000000e+02,4.000000000000000000e+00,1.000000000000000000e+00,2.147935202547238021e+00
5.650000000000000000e+01,2.994462251663208008e+00,2.464900970458984375e+00,3.663683891296386719e+00,4.243193149566650391e+00,1.217877705176007908e+00,4.430000000000000000e+02,2.000000000000000000e+00,0.000000000000000000e+00,2.185242863006196856e+00
5.655000000000000426e+01,2.847022771835327148e+00,2.449162483215332031e+00,4.101566314697265625e+00,4.506022453308105469e+00,1.257830421456601400e+00,4.570000000000000000e+02,3.000000000000000000e+00,2.000000000000000000e+00,1.904933433501072360e+00
5.660000000000000142e+01,2.932159423828125000e+00,2.445476293563842773e+00,4.092622756958007812e+00,4.594883441925048828e+00,9.011643348266904496e-01,4.420000000000000000e+02,3.000000000000000000e+00,1.000000000000000000e+00,1.796978132254281046e+00
5.665000000000000568e+01,2.949377059936523438e+00,2.598605155944824219e+00,3.777556419372558594e+00,4.162935256958007812e+00,8.499972314319694799e-01,4.520000000000000000e+02,2.000000000000000000e+00,1.000000000000000000e+00,1.757517822772179716e+00
5.670000000000000284e+01,3.145533561706542969e+00,2.581691503524780273e+00,3.699787855148315430e+00,4.294098377227783203e+00,1.002408356356546681e+00,4.500000000000000000e+02,2.000000000000000000e+00,1.000000000000000000e+00,1.810433157054943898e+00
5.675000000000000000e+01,2.807822465896606445e+00,2.406921625137329102e+00,3.791189432144165039e+00,4.297163486480712891e+00,9.074961184399598091e-01,4.690000000000000000e+02,2.000000000000000000e+00,1.000000000000000000e+00,1.810470604607632650e+00
5.680000000000000426e+01,2.944870471954345703e+00,2.427789211273193359e+00,4.142098903656005859e+00,4.429994106292724609e+00,1.025403091386435595e+00,4.150000000000000000e+02,3.000000000000000000e+00,2.000000000000000000e+00,1.855276707158378002e+00
5.685000000000000142e+01,2.924682617187500000e+00,2.578393936157226562e+00,3.947623252868652344e+00,4.335785388946533203e+00,9.791580424229617829e-01,4.640000000000000000e+02,2.000000000000000000e+00,1.000000000000000000e+00,1.797435055346477739e+00
5.690000000000000568e+01,3.109901189804077148e+00,2.489809274673461914e+00,3.915357828140258789e+00,4.388579845428466797e+00,9.725807400213568599e-01,4.290000000000000000e+02,2.000000000000000000e+00,1.000000000000000000e+00,2.033014219395749667e+00
5.695000000000000284e+01,3.369890689849853516e+00,2.723186016082763672e+00,4.016210556030273438e+00,4.445582389831542969e+00,9.228225517680553880e-01,4.530000000000000000e+02,2.000000000000000000e+00,1.000000000000000000e+00,1.762334687569358849e+00
5.700000000000000000e+01,3.209045410156250000e+00,2.610774993896484375e+00,4.275137901306152344e+00,4.783154487609863281e+00,9.969572805729659537e-01,4.730000000000000000e+02,2.000000000000000000e+00,1.000000000000000000e+00,1.644026611967897011e+00
5.705000000000000426e+01,3.157811403274536133e+00,2.545670509338378906e+00,4.316447257995605469e+00,4.734103202819824219e+00,9.056049124516135640e-01,4.820000000000000000e+02,2.000000000000000000e+00,1.000000000000000000e+00,1.728353151877191518e+00
5.710000000000000142e+01,3.037820816040039062e+00,2.580399036407470703e+00,4.385320663452148438e+00,4.785820007324218750e+00,1.038461699455723419e+00,4.360000000000000000e+02,3.000000000000000000e+00,2.000000000000000000e+00,1.753585625802309922e+00
5.715000000000000568e+01,3.011406898498535156e+00,2.416849851608276367e+00,4.152563095092773438e+00,4.670375823974609375e+00,8.983282687260706334e-01,4.620000000000000000e+02,2.000000000000000000e+00,1.000000000000000000e+00,1.995074413016710624e+00
5.720000000000000284e+01,3.088315010070800781e+00,2.346825361251831055e+00,3.942117452621459961e+00,4.514025688171386719e+00,9.168732279521712991e-01,4.230000000000000000e+02,3.000000000000000000e+00,1.000000000000000000e+00,1.664608327394992759e+00
5.725000000000000000e+01,2.869550943374633789e+00,2.351082324981689453e+00,3.993450164794921875e+00,4.544737815856933594e+00,8.778353047105625917e-01,4.790000000000000000e+02,3.000000000000000000e+00,1.000000000000000000e+00,1.800544966401168789e+00
5.730000000000000426e+01,2.812051773071289062e+00,2.288197040557861328e+00,4.128044605255126953e+00,4.593934059143066406e+00,9.691645781811047966e-01,4.340000000000000000e+02,2.000000000000000000e+00,1.000000000000000000e+00,1.651335450824219508e+00
5.735000000000000142e+01,3.045017242431640625e+00,2.597936153411865234e+00,4.012129306793212891e+00,4.487273216247558594e+00,9.066615627181601189e-01,4.330000000000000000e+02,3.000000000000000000e+00,1.000000000000000000e+00,1.780624961294213771e+00
5.740000000000000568e+01,2.881096363067626953e+00,2.359419345855712891e+00,4.300335884094238281e+00,4.752736091613769531e+00,9.552367148603030378e-01,4.310000000000000000e+02,2.000000000000000000e+00,1.000000000000000000e+00,1.763927561728115379e+00
5.745000000000000284e+01,2.762549877166748047e+00,2.281386613845825195e+00,4.139423847198486328e+00,4.693768024444580078e+00,1.015957635377779500e+00,4.580000000000000000e+02,3.000000000000000000e+00,1.000000000000000000e+00,2.356593013457930486e+00
5.750000000000000000e+01,2.950770378112792969e+00,2.396658182144165039e+00,4.222772598266601562e+00,4.725870609283447266e+00,9.983577946145456572e-01,4.470000000000000000e+02,2.000000000000000000e+00,1.000000000000000000e+00,1.958393422847013454e+00
5.755000000000000426e+01,2.889473438262939453e+00,2.317652940750122070e+00,4.264774799346923828e+00,4.672379493713378906e+00,1.072728683387866422e+00,4.390000000000000000e+02,2.000000000000000000e+00,1.000000000000000000e+00,1.724250350784022112e+00
5.760000000000000142e+01,3.032030105590820312e+00,2.330815792083740234e+00,4.439046382904052734e+00,4.814696788787841797e+00,1.066954112118898124e+00,4.920000000000000000e+02,3.000000000000000000e+00,1.000000000000000000e+00,1.828378323321028009e+00
5.765000000000000568e+01,2.914739608764648438e+00,2.319333076477050781e+00,4.185556411743164062e+00,4.582083225250244141e+00,1.097914590446312566e+00,4.390000000000000000e+02,3.000000000000000000e+00,2.000000000000000000e+00,1.767523920227048517e+00
5.770000000000000284e+01,2.812457084655761719e+00,2.209189176559448242e+00,3.979975938796997070e+00,4.393218994140625000e+00,1.081395272174813904e+00,4.220000000000000000e+02,4.000000000000000000e+00,1.000000000000000000e+00,1.712942699103960464e+00
5.775000000000000000e+01,2.855789422988891602e+00,2.262758731842041016e+00,4.137030124664306641e+00,4.690084934234619141e+00,1.163417232350592467e+00,4.350000000000000000e+02,3.000000000000000000e+00,1.000000000000000000e+00,1.944479761697348152e+00
5.780000000000000426e+01,2.803187847137451172e+00,2.309256315231323242e+00,4.017759799957275391e+00,4.484505176544189453e+00,1.203544231588869362e+00,4.630000000000000000e+02,3.000000000000000000e+00,1.000000000000000000e+00,1.842602592696346964e+00
5.785000000000000142e+01,2.849772930145263672e+00,2.392211198806762695e+00,3.980670452117919922e+00,4.416718482971191406e+00,1.265412058059556699e+00,4.520000000000000000e+02,3.000000000000000000e+00,1.000000000000000000e+00,1.854826641513860341e+00
5.790000000000000568e+01,2.852076053619384766e+00,2.267493009567260742e+00,3.863523483276367188e+00,4.379526138305664062e+00,1.254406270381944299e+00,4.530000000000000000e+02,4.000000000000000000e+00,2.000000000000000000e+00,2.196811611462458735e+00
5.795000000000000284e+01,2.834253072738647461e+00,2.418706178665161133e+00,3.859883785247802734e+00,4.400350570678710938e+00,1.171034661175685665e+00,4.470000000000000000e+02,2.000000000000000000e+00,1.000000000000000000e+00,1.816085205547364190e+00
5.800000000000000000e+01,2.879377603530883789e+00,2.464282512664794922e+00,3.896646022796630859e+00,4.307347297668457031e+00,1.342626345618230577e+00,4.420000000000000000e+02,3.000000000000000000e+00,1.000000000000000000e+00,1.849909389627704348e+00
5.805000000000000426e+01,3.070486068725585938e+00,2.525487184524536133e+00,3.947531938552856445e+00,4.406613349914550781e+00,1.031026919212030490e+00,4.350000000000000000e+02,1.000000000000000000e+00,1.000000000000000000e+00,1.953629263838933872e+00
5.810000000000000142e+01,3.130819559097290039e+00,2.511120080947875977e+00,4.365396976470947266e+00,4.795973300933837891e+00,1.104489620840987341e+00,4.480000000000000000e+02,3.000000000000000000e+00,1.000000000000000000e+00,2.081076539921236979e+00
5.815000000000000568e+01,3.043868780136108398e+00,2.540791034698486328e+00,4.119347095489501953e+00,4.605007648468017578e+00,9.829364045640096581e-01,4.340000000000000000e+02,2.000000000000000000e+00,1.000000000000000000e+00,1.859887059591863512e+00
5.820000000000000284e+01,3.102249622344970703e+00,2.635781288146972656e+00,4.123342990875244141e+00,4.490912437438964844e+00,8.843186587704144896e-01,4.500000000000000000e+02,2.000000000000000000e+00,1.000000000000000000e+00,1.887378366924070905e+00
5.825000000000000000e+01,2.970199346542358398e+00,2.439062833786010742e+00,4.223383903503417969e+00,4.554735183715820312e+00,8.867592355511437763e-01,4.560000000000000000e+02,3.000000000000000000e+00,1.000000000000000000e+00,1.693674226619046319e+00
5.830000000000000426e+01,3.041501045227050781e+00,2.486325263977050781e+00,4.360614299774169922e+00,4.843101978302001953e+00,9.833360202055978494e-01,4.360000000000000000e+02,1.000000000000000000e+00,1.000000000000000000e+00,1.824554498677695147e+00
5.835000000000000142e+01,2.972178936004638672e+00,2.399428367614746094e+00,4.059174537658691406e+00,4.705980300903320312e+00,9.448574349602780753e-01,4.600000000000000000e+02,3.000000000000000000e+00,1.000000000000000000e+00,1.736435619280474629e+00
5.840000000000000568e+01,2.980482816696166992e+00,2.419222831726074219e+00,4.136380672454833984e+00,4.616494178771972656e+00,9.314149869414111160e-01,4.680000000000000000e+02,3.000000000000000000e+00,2.000000000000000000e+00,1.684186221793836369e+00
5.845000000000000284e+01,2.874662399291992188e+00,2.350579023361206055e+00,4.293266773223876953e+00,4.754257202148437500e+00,1.054642688706429965e+00,4.350000000000000000e+02,4.000000000000000000e+00,1.000000000000000000e+00,2.224032703921220655e+00
5.850000000000000000e+01,3.126702070236206055e+00,2.466223716735839844e+00,4.071469783782958984e+00,4.564763069152832031e+00,9.889536057012372483e-01,4.710000000000000000e+02,2.000000000000000000e+00,1.000000000000000000e+00,1.667590792105441144e+00
5.855000000000000426e+01,2.944573163986206055e+00,2.439460277557373047e+00,3.912375926971435547e+00,4.492754459381103516e+00,9.563190587484875493e-01,4.500000000000000000e+02,2.000000000000000000e+00,1.000000000000000000e+00,1.767351066818962924e+00
5.860000000000000142e+01,3.023046016693115234e+00,2.373419761657714844e+00,3.807850122451782227e+00,4.264136791229248047e+00,9.136364744982889974e-01,4.430000000000000000e+02,2.000000000000000000e+00,1.000000000000000000e+00,1.854902696970101905e+00
5.865000000000000568e+01,3.234009981155395508e+00,2.634025573730468750e+00,3.699975490570068359e+00,4.193744182586669922e+00,9.350216900413672594e-01,4.480000000000000000e+02,2.000000000000000000e+00,1.000000000000000000e+00,2.041627882072656330e+00
5.870000000000000284e+01,3.094704627990722656e+00,2.723646402359008789e+00,3.786850214004516602e+00,4.035109519958496094e+00,9.596418655818915733e-01,4.740000000000000000e+02,3.000000000000000000e+00,1.000000000000000000e+00,1.853561459834464076e+00
5.875000000000000000e+01,3.047514915466308594e+00,2.625190258026123047e+00,3.914783954620361328e+00,4.324067115783691406e+00,8.991201115832063717e-01,4.520000000000000000e+02,2.000000000000000000e+00,1.000000000000000000e+00,1.687317514929420392e+00
5.880000000000000426e+01,2.989214897155761719e+00,2.527725934982299805e+00,3.927909135818481445e+00,4.353660106658935547e+00,8.991361631497618578e-01,4.740000000000000000e+02,3.000000000000000000e+00,2.000000000000000000e+00,1.571096016866791789e+00
5.885000000000000142e+01,2.975551843643188477e+00,2.567195653915405273e+00,3.864014148712158203e+00,4.327952861785888672e+00,9.345294250683823245e-01,4.650000000000000000e+02,3.000000000000000000e+00,1.000000000000000000e+00,2.127234380200754060e+00
5.890000000000000568e+01,2.958804368972778320e+00,2.491238117218017578e+00,3.941550731658935547e+00,4.307242870330810547e+00,8.346559502836220501e-01,4.550000000000000000e+02,3.000000000000000000e+00,2.000000000000000000e+00,1.819503686724368574e+00
5.895000000000000284e+01,2.927087545394897461e+00,2.563678264617919922e+00,3.620085239410400391e+00,4.202287673950195312e+00,8.917421757515466840e-01,4.730000000000000000e+02,2.000000000000000000e+00,1.000000000000000000e+00,1.625820080278272739e+00
5.900000000000000000e+01,2.986435651779174805e+00,2.466047286987304688e+00,3.589322090148925781e+00,4.105328559875488281e+00,8.556066724540973834e-01,4.520000000000000000e+02,3.000000000000000000e+00,1.000000000000000000e+00,1.808051917119388508e+00
5.905000000000000426e+01,2.953444480895996094e+00,2.440947532653808594e+00,3.882091522216796875e+00,4.412489891052246094e+00,1.192087480063574567e+00,4.290000000000000000e+02,2.000000000000000000e+00,1.000000000000000000e+00,1.706540054275773155e+00
5.910000000000000142e+01,3.207004070281982422e+00,2.697940111160278320e+00,4.100872039794921875e+00,4.568066120147705078e+00,1.175444957373425581e+00,4.480000000000000000e+02,2.000000000000000000e+00,1.000000000000000000e+00,1.709530971850213854e+00
5.915000000000000568e+01,3.186805725097656250e+00,2.649169206619262695e+00,4.236004352569580078e+00,4.524142742156982422e+00,1.290499698251437177e+00,4.440000000000000000e+02,4.000000000000000000e+00,1.000000000000000000e+00,1.658344236748348521e+00
5.920000000000000284e+01,3.199503898620605469e+00,2.748864889144897461e+00,4.014078140258789062e+00,4.460563182830810547e+00,1.228996195735559294e+00,4.550000000000000000e+02,2.000000000000000000e+00,1.000000000000000000e+00,1.979430842478582253e+00
5.925000000000000000e+01,2.972299814224243164e+00,2.572590112686157227e+00,3.735663652420043945e+00,4.201625347137451172e+00,1.208151348020736426e+00,4.220000000000000000e+02,2.000000000000000000e+00,1.000000000000000000e+00,1.680517134737000706e+00
5.930000000000000426e+01,2.984151840209960938e+00,2.476821899414062500e+00,4.000392436981201172e+00,4.572616577148437500e+00,1.205189830439361787e+00,4.610000000000000000e+02,2.000000000000000000e+00,1.000000000000000000e+00,1.837234821331890089e+00
5.935000000000000142e+01,3.117947340011596680e+00,2.570124864578247070e+00,3.935884237289428711e+00,4.410934448242187500e+00,1.196441570511614705e+00,4.260000000000000000e+02,2.000000000000000000e+00,1.000000000000000000e+00,1.736481896723069074e+00
5.940000000000000568e+01,2.883356094360351562e+00,2.502225637435913086e+00,4.027636051177978516e+00,4.405160903930664062e+00,1.083786993123109443e+00,4.340000000000000000e+02,2.000000000000000000e+00,1.000000000000000000e+00,1.725727990441790149e+00
5.945000000000000284e+01,3.052805662155151367e+00,2.601174354553222656e+00,4.042299270629882812e+00,4.461227416992187500e+00,1.095065799053433597e+00,4.360000000000000000e+02,4.000000000000000000e+00,1.000000000000000000e+00,2.006880065623412701e+00
5.950000000000000000e+01,3.180058956146240234e+00,2.515229940414428711e+00,3.952249288558959961e+00,4.322515010833740234e+00,1.035876770898715771e+00,4.390000000000000000e+02,5.000000000000000000e+00,1.000000000000000000e+00,1.649850533219766380e+00
5.955000000000000426e+01,2.797135353088378906e+00,2.458998441696166992e+00,3.815072059631347656e+00,4.220202445983886719e+00,1.085988859012141816e+00,4.420000000000000000e+02,2.000000000000000000e+00,1.000000000000000000e+00,1.770806730919417316e+00
5.960000000000000142e+01,2.815160274505615234e+00,2.480336904525756836e+00,3.951043128967285156e+00,4.309037208557128906e+00,1.056980319475495200e+00,4.700000000000000000e+02,3.000000000000000000e+00,1.000000000000000000e+00,1.870554677691252055e+00
5.965000000000000568e+01,3.120954036712646484e+00,2.749907016754150391e+00,3.959505081176757812e+00,4.349434852600097656e+00,1.080510963340768793e+00,4.890000000000000000e+02,2.000000000000000000e+00,1.000000000000000000e+00,1.631202960575855343e+00
5.970000000000000284e+01,2.985602617263793945e+00,2.563527584075927734e+00,3.625104904174804688e+00,4.038981437683105469e+00,1.088071445151112870e+00,4.700000000000000000e+02,2.000000000000000000e+00,1.000000000000000000e+00,1.748922825148951699e+00
5.975000000000000000e+01,2.947640657424926758e+00,2.564946651458740234e+00,3.633371829986572266e+00,4.227571964263916016e+00,1.142395011984210562e+00,4.650000000000000000e+02,2.000000000000000000e+00,1.000000000000000000e+00,1.763252749769088634e+00
5.980000000000000426e+01,2.934860229492187500e+00,2.728564262390136719e+00,3.535861492156982422e+00,3.984215736389160156e+00,1.068649057099192223e+00,4.400000000000000000e+02,2.000000000000000000e+00,1.000000000000000000e+00,1.659596718999303722e+00
5.985000000000000142e+01,2.838660240173339844e+00,2.571382522583007812e+00,3.755230903625488281e+00,4.166580200195312500e+00,1.119224543179340614e+00,4.680000000000000000e+02,2.000000000000000000e+00,2.000000000000000000e+00,1.946376239691982590e+00
5.990000000000000568e+01,3.000203371047973633e+00,2.556397438049316406e+00,3.639712333679199219e+00,4.099152565002441406e+00,1.041662834555061590e+00,4.490000000000000000e+02,2.000000000000000000e+00,0.000000000000000000e+00,2.131071555291616626e+00
5.995000000000000284e+01,3.066512584686279297e+00,2.529843091964721680e+00,3.915767192840576172e+00,4.354846954345703125e+00,1.083329370103227829e+00,4.620000000000000000e+02,2.000000000000000000e+00,1.000000000000000000e+00,1.801194126500773374e+00
6.000000000000000000e+01,2.919578790664672852e+00,2.607755899429321289e+00,3.511061668395996094e+00,3.821898460388183594e+00,1.044957449285137452e+00,4.620000000000000000e+02,2.000000000000000000e+00,1.000000000000000000e+00,1.710160992981019756e+00
6.005000000000000426e+01,2.965869426727294922e+00,2.439737558364868164e+00,3.610846996307373047e+00,4.144123077392578125e+00,1.040617901326079675e+00,4.510000000000000000e+02,2.000000000000000000e+00,1.000000000000000000e+00,2.000626290252883077e+00
6.010000000000000142e+01,2.946829557418823242e+00,2.621428966522216797e+00,3.717500925064086914e+00,4.149495124816894531e+00,1.032990729734298618e+00,4.540000000000000000e+02,3.000000000000000000e+00,1.000000000000000000e+00,1.646879845500953898e+00
6.015000000000000568e+01,3.033268213272094727e+00,2.670785188674926758e+00,3.784875631332397461e+00,4.215984821319580078e+00,1.066985231519918198e+00,4.650000000000000000e+02,2.000000000000000000e+00,1.000000000000000000e+00,1.760498538281731307e+00
6.020000000000000284e+01,2.896277666091918945e+00,2.475686550140380859e+00,3.823684215545654297e+00,4.285935878753662109e+00,1.119169383549513785e+00,4.560000000000000000e+02,2.000000000000000000e+00,1.000000000000000000e+00,1.849476736278778510e+00
6.025000000000000000e+01,3.192393779754638672e+00,2.709486484527587891e+00,3.739827156066894531e+00,4.043718338012695312e+00,1.064028590739729108e+00,4.550000000000000000e+02,3.000000000000000000e+00,1.000000000000000000e+00,1.910483991971890561e+00
6.030000000000000426e+01,3.167336463928222656e+00,2.649829626083374023e+00,3.708456516265869141e+00,4.234405040740966797e+00,1.081204084475986704e+00,4.530000000000000000e+02,0.000000000000000000e+00,0.000000000000000000e+00,2.118719091720186576e+00
6.035000000000000142e+01,3.106766223907470703e+00,2.714371919631958008e+00,3.879213571548461914e+00,4.184178829193115234e+00,1.058024901714707866e+00,4.660000000000000000e+02,3.000000000000000000e+00,1.000000000000000000e+00,1.747065993263167805e+00
6.040000000000000568e+01,2.907607078552246094e+00,2.636335849761962891e+00,3.818886280059814453e+00,4.231148242950439453e+00,1.020855971007861074e+00,4.530000000000000000e+02,3.000000000000000000e+00,1.000000000000000000e+00,1.857263235161941362e+00
6.045000000000000284e+01,3.150766372680664062e+00,2.754864692687988281e+00,3.668475389480590820e+00,4.120759010314941406e+00,1.078875272846821609e+00,4.730000000000000000e+02,3.000000000000000000e+00,0.000000000000000000e+00,2.349233807618933412e+00
6.050000000000000000e+01,3.060029029846191406e+00,2.603303909301757812e+00,3.963420629501342773e+00,4.356811523437500000e+00,1.117490064097971247e+00,4.540000000000000000e+02,2.000000000000000000e+00,1.000000000000000000e+00,1.700966729018138057e+00
6.055000000000000426e+01,3.252883434295654297e+00,2.816132307052612305e+00,3.822358846664428711e+00,4.248609066009521484e+00,1.066195406473457563e+00,4.210000000000000000e+02,3.000000000000000000e+00,1.000000000000000000e+00,1.858327733232939538e+00
6.060000000000000142e+01,2.962557315826416016e+00,2.518334388732910156e+00,3.517757415771484375e+00,3.951602220535278320e+00,1.107682266980933417e+00,4.710000000000000000e+02,2.000000000000000000e+00,1.000000000000000000e+00,1.677089794307294657e+00
6.065000000000000568e+01,3.176352024078369141e+00,2.803716182708740234e+00,4.020178794860839844e+00,4.425139904022216797e+00,1.102372870141372196e+00,4.780000000000000000e+02,2.000000000000000000e+00,1.000000000000000000e+00,1.705734555979212086e+00
6.070000000000000284e+01,3.190624475479125977e+00,2.803607940673828125e+00,3.417413234710693359e+00,3.928167581558227539e+00,1.128061283502507450e+00,4.270000000000000000e+02,3.000000000000000000e+00,1.000000000000000000e+00,1.538027677914415303e+00
6.075000000000000000e+01,3.066976308822631836e+00,2.695063591003417969e+00,3.983673810958862305e+00,4.250850677490234375e+00,1.057439250965950484e+00,4.320000000000000000e+02,2.000000000000000000e+00,1.000000000000000000e+00,1.744052518876714197e+00
6.080000000000000426e+01,2.828181982040405273e+00,2.597618579864501953e+00,3.705878257751464844e+00,4.144225597381591797e+00,1.035858821496434601e+00,4.370000000000000000e+02,4.000000000000000000e+00,1.000000000000000000e+00,1.659727597060519644e+00
6.085000000000000142e+01,3.150359630584716797e+00,2.835351943969726562e+00,3.896612167358398438e+00,4.276725769042968750e+00,1.053058344370685573e+00,4.750000000000000000e+02,3.000000000000000000e+00,1.000000000000000000e+00,2.026163824286175252e+00
6.090000000000000568e+01,3.020057201385498047e+00,2.679197549819946289e+00,4.076940536499023438e+00,4.509397983551025391e+00,1.091439739351390159e+00,4.520000000000000000e+02,3.000000000000000000e+00,1.000000000000000000e+00,1.846706713636772523e+00
6.095000000000000284e+01,3.120484113693237305e+00,2.591556549072265625e+00,3.920700788497924805e+00,4.300631999969482422e+00,1.068803091801776128e+00,4.530000000000000000e+02,3.000000000000000000e+00,1.000000000000000000e+00,2.149809147462343084e+00
6.100000000000000000e+01,3.129488229751586914e+00,2.723692417144775391e+00,3.715954303741455078e+00,4.236254692077636719e+00,1.077655021632668131e+00,4.390000000000000000e+02,4.000000000000000000e+00,0.000000000000000000e+00,2.247976853496377103e+00
6.105000000000000426e+01,3.078973054885864258e+00,2.800895690917968750e+00,3.768704175949096680e+00,4.163622856140136719e+00,1.062263492214688299e+00,4.500000000000000000e+02,3.000000000000000000e+00,1.000000000000000000e+00,1.825757341522797450e+00
6.110000000000000142e+01,2.989867210388183594e+00,2.611191272735595703e+00,4.147656440734863281e+00,4.359665870666503906e+00,1.118094335279306906e+00,4.930000000000000000e+02,4.000000000000000000e+00,1.000000000000000000e+00,1.833696088795609302e+00
6.115000000000000568e+01,3.141240835189819336e+00,2.544019222259521484e+00,4.172482967376708984e+00,4.667386054992675781e+00,1.249312707733859051e+00,4.670000000000000000e+02,3.000000000000000000e+00,1.000000000000000000e+00,1.635318787066260215e+00
6.120000000000000284e+01,3.385261058807373047e+00,2.815337181091308594e+00,4.071931838989257812e+00,4.446477890014648438e+00,1.070126333221599335e+00,4.670000000000000000e+02,3.000000000000000000e+00,1.000000000000000000e+00,1.814661128878588547e+00
6.125000000000000000e+01,3.040466308593750000e+00,2.591101646423339844e+00,4.051362514495849609e+00,4.446523666381835938e+00,1.180706032322534904e+00,4.350000000000000000e+02,3.000000000000000000e+00,1.000000000000000000e+00,2.072980872351328330e+00
6.130000000000000426e+01,3.446972608566284180e+00,2.922182321548461914e+00,3.964836120605468750e+00,4.441753387451171875e+00,1.053251548054273679e+00,4.560000000000000000e+02,2.000000000000000000e+00,1.000000000000000000e+00,1.903352924207739605e+00
6.135000000000000142e+01,3.450592994689941406e+00,2.853347063064575195e+00,4.459063529968261719e+00,4.784023284912109375e+00,1.125822390329326517e+00,4.340000000000000000e+02,2.000000000000000000e+00,1.000000000000000000e+00,1.788923432032401450e+00
6.140000000000000568e+01,3.298555374145507812e+00,2.770409107208251953e+00,4.115987777709960938e+00,4.434767246246337891e+00,1.093084032773042003e+00,4.810000000000000000e+02,3.000000000000000000e+00,1.000000000000000000e+00,2.199851667397923816e+00
6.145000000000000284e+01,3.304866790771484375e+00,2.828972339630126953e+00,4.457050800323486328e+00,4.763469219207763672e+00,1.018986150102773047e+00,4.470000000000000000e+02,2.000000000000000000e+00,1.000000000000000000e+00,1.648163323861195462e+00
6.150000000000000000e+01,3.231452465057373047e+00,2.707226514816284180e+00,3.925326108932495117e+00,4.318566322326660156e+00,1.038134680853811886e+00,4.330000000000000000e+02,3.000000000000000000e+00,2.000000000000000000e+00,1.983559974628107625e+00
6.155000000000000426e+01,3.258398532867431641e+00,2.936717033386230469e+00,4.039188385009765625e+00,4.399385929107666016e+00,1.127461076417863417e+00,4.840000000000000000e+02,3.000000000000000000e+00,1.000000000000000000e+00,1.770762475363801158e+00
6.160000000000000142e+01,3.417698144912719727e+00,2.900725841522216797e+00,4.293369770050048828e+00,4.674736976623535156e+00,1.080506708666369553e+00,4.520000000000000000e+02,2.000000000000000000e+00,1.000000000000000000e+00,1.818847164400667848e+00
6.165000000000000568e+01,3.229607343673706055e+00,2.851494789123535156e+00,4.061790466308593750e+00,4.419810295104980469e+00,1.035972537765284418e+00,4.100000000000000000e+02,2.000000000000000000e+00,1.000000000000000000e+00,1.939124000139493820e+00
6.170000000000000284e+01,3.133610486984252930e+00,2.748801469802856445e+00,4.201834201812744141e+00,4.488017559051513672e+00,1.139480857852205986e+00,4.300000000000000000e+02,3.000000000000000000e+00,1.000000000000000000e+00,2.304981081760455019e+00
6.175000000000000000e+01,3.291358947753906250e+00,2.830735206604003906e+00,4.136049747467041016e+00,4.497789859771728516e+00,1.093632958081987239e+00,4.170000000000000000e+02,3.000000000000000000e+00,1.000000000000000000e+00,1.713786898144260551e+00
6.180000000000000426e+01,3.245999813079833984e+00,2.872487545013427734e+00,4.127337932586669922e+00,4.497956275939941406e+00,1.036734018262475798e+00,4.610000000000000000e+02,2.000000000000000000e+00,1.000000000000000000e+00,1.833419857064495728e+00
6.185000000000000142e+01,3.289551973342895508e+00,2.846437692642211914e+00,3.912964344024658203e+00,4.327163696289062500e+00,1.100056416067170861e+00,4.600000000000000000e+02,3.000000000000000000e+00,1.000000000000000000e+00,1.824512907099664627e+00
6.190000000000000568e+01,3.220635652542114258e+00,2.701514959335327148e+00,4.058865547180175781e+00,4.342623233795166016e+00,1.014270725358432212e+00,4.550000000000000000e+02,3.000000000000000000e+00,1.000000000000000000e+00,1.791620433143732205e+00
6.195000000000000284e+01,3.354513168334960938e+00,2.855830430984497070e+00,4.446515083312988281e+00,4.720345497131347656e+00,1.028853887383264665e+00,4.350000000000000000e+02,2.000000000000000000e+00,1.000000000000000000e+00,1.928236080929810026e+00
6.200000000000000000e+01,3.173880338668823242e+00,2.739558219909667969e+00,4.087337970733642578e+00,4.360851764678955078e+00,1.083518570836188522e+00,4.630000000000000000e+02,2.000000000000000000e+00,1.000000000000000000e+00,1.912375602773903616e+00
6.205000000000000426e+01,3.188744783401489258e+00,2.598193883895874023e+00,4.194902420043945312e+00,4.503179550170898438e+00,1.050838489510682594e+00,4.310000000000000000e+02,2.000000000000000000e+00,1.000000000000000000e+00,1.807533693296653698e+00
6.210000000000000142e+01,3.285663604736328125e+00,2.663681030273437500e+00,4.042798995971679688e+00,4.266868114471435547e+00,1.040468973072255832e+00,4.650000000000000000e+02,4.000000000000000000e+00,1.000000000000000000e+00,1.963878785463598398e+00
6.215000000000000568e+01,3.294697284698486328e+00,2.878983259201049805e+00,4.158107757568359375e+00,4.303648471832275391e+00,1.100920861039175191e+00,4.690000000000000000e+02,3.000000000000000000e+00,1.000000000000000000e+00,1.855714618881310285e+00
6.220000000000000284e+01,3.546544551849365234e+00,2.983819484710693359e+00,4.099689483642578125e+00,4.375472068786621094e+00,1.080307224295770974e+00,4.630000000000000000e+02,3.000000000000000000e+00,1.000000000000000000e+00,1.696709768431080567e+00
6.225000000000000000e+01,3.323496580123901367e+00,2.795742750167846680e+00,4.150362968444824219e+00,4.296785354614257812e+00,1.111317048620457104e+00,4.870000000000000000e+02,3.000000000000000000e+00,2.000000000000000000e+00,1.932139464104225990e+00
6.230000000000000426e+01,3.541610479354858398e+00,3.245057582855224609e+00,4.364899158477783203e+00,4.537315845489501953e+00,1.076656568653436619e+00,4.540000000000000000e+02,3.000000000000000000e+00,1.000000000000000000e+00,2.235307177603641726e+00
6.235000000000000142e+01,3.379089593887329102e+00,2.934833526611328125e+00,4.550447940826416016e+00,4.744437694549560547e+00,1.215682419463717023e+00,4.450000000000000000e+02,5.000000000000000000e+00,2.000000000000000000e+00,1.706983888646980363e+00
6.240000000000000568e+01,3.413378953933715820e+00,2.927644729614257812e+00,4.285385131835937500e+00,4.629702568054199219e+00,1.157794736955892301e+00,4.460000000000000000e+02,2.000000000000000000e+00,0.000000000000000000e+00,2.457814158757688716e+00
6.245000000000000284e+01,3.359245061874389648e+00,2.874650716781616211e+00,4.202422142028808594e+00,4.508970737457275391e+00,1.129399558502623302e+00,4.500000000000000000e+02,2.000000000000000000e+00,1.000000000000000000e+00,1.931989296165875558e+00
6.250000000000000000e+01,3.284154176712036133e+00,2.808836936950683594e+00,3.962138652801513672e+00,4.248214721679687500e+00,1.073587778553784400e+00,4.670000000000000000e+02,3.000000000000000000e+00,1.000000000000000000e+00,1.821641868720072388e+00
6.255000000000000426e+01,3.289068222045898438e+00,2.912666559219360352e+00,3.988492250442504883e+00,4.310501098632812500e+00,1.042264801835085075e+00,4.750000000000000000e+02,2.000000000000000000e+00,2.000000000000000000e+00,1.515840928300167256e+00
6.260000000000000142e+01,3.171087265014648438e+00,2.574761152267456055e+00,4.251628875732421875e+00,4.576438903808593750e+00,1.141749570235357281e+00,4.720000000000000000e+02,3.000000000000000000e+00,1.000000000000000000e+00,2.325190903355029537e+00
6.265000000000000568e+01,3.138889312744140625e+00,2.652019023895263672e+00,4.208166122436523438e+00,4.528120040893554688e+00,1.104646339014655254e+00,4.630000000000000000e+02,3.000000000000000000e+00,0.000000000000000000e+00,2.231427439385622602e+00
6.270000000000000284e+01,3.157855987548828125e+00,2.605121374130249023e+00,3.898136138916015625e+00,4.217716693878173828e+00,1.071684393186606687e+00,4.860000000000000000e+02,2.000000000000000000e+00,1.000000000000000000e+00,1.717657381084380486e+00
6.275000000000000000e+01,3.215494394302368164e+00,2.570790290832519531e+00,3.924497604370117188e+00,4.336654186248779297e+00,1.102603979791355604e+00,4.360000000000000000e+02,2.000000000000000000e+00,1.000000000000000000e+00,1.844485434266533996e+00
6.280000000000000426e+01,3.107323884963989258e+00,2.612933874130249023e+00,3.967368602752685547e+00,4.266250610351562500e+00,9.755863310820853673e-01,4.440000000000000000e+02,4.000000000000000000e+00,1.000000000000000000e+00,1.828836336749670943e+00
6.285000000000000142e+01,3.246283054351806641e+00,2.656009674072265625e+00,3.889109849929809570e+00,4.201947212219238281e+00,1.102445461542000071e+00,4.160000000000000000e+02,3.000000000000000000e+00,1.000000000000000000e+00,1.853327531880394341e+00
6.290000000000000568e+01,3.311022758483886719e+00,2.764626741409301758e+00,4.324558258056640625e+00,4.573839187622070312e+00,1.182529973871981444e+00,4.470000000000000000e+02,3.000000000000000000e+00,1.000000000000000000e+00,1.741694276130011154e+00
6.295000000000000284e+01,3.142641544342041016e+00,2.651763916015625000e+00,4.067835330963134766e+00,4.337497234344482422e+00,1.141914567654962687e+00,4.290000000000000000e+02,3.000000000000000000e+00,1.000000000000000000e+00,1.918309702078085710e+00
6.300000000000000000e+01,3.244973182678222656e+00,2.715146780014038086e+00,4.099573135375976562e+00,4.420561313629150391e+00,1.021554651050663232e+00,4.700000000000000000e+02,3.000000000000000000e+00,1.000000000000000000e+00,1.752485302788606703e+00
6.305000000000000426e+01,3.211070299148559570e+00,2.687266826629638672e+00,4.338340282440185547e+00,4.601066112518310547e+00,1.140263979358881130e+00,4.790000000000000000e+02,3.000000000000000000e+00,1.000000000000000000e+00,1.823793821810608451e+00
6.310000000000000142e+01,3.036379814147949219e+00,2.662459850311279297e+00,3.868131875991821289e+00,4.266660213470458984e+00,1.090129809403399319e+00,4.550000000000000000e+02,3.000000000000000000e+00,1.000000000000000000e+00,1.912932549000206928e+00
6.315000000000000568e+01,3.283219099044799805e+00,2.671035528182983398e+00,3.976069927215576172e+00,4.321847915649414062e+00,1.090363156436012337e+00,4.380000000000000000e+02,2.000000000000000000e+00,1.000000000000000000e+00,1.995670920421757311e+00
6.320000000000000284e+01,3.255662918090820312e+00,2.590923309326171875e+00,4.080003261566162109e+00,4.534113883972167969e+00,1.113238075186835596e+00,4.430000000000000000e+02,2.000000000000000000e+00,1.000000000000000000e+00,1.856013535374807288e+00
6.325000000000000000e+01,3.290883302688598633e+00,2.693077564239501953e+00,3.877898216247558594e+00,4.291176795959472656e+00,1.064549871807902504e+00,4.500000000000000000e+02,2.000000000000000000e+00,2.000000000000000000e+00,1.787573036408825145e+00
6.330000000000000426e+01,3.337590456008911133e+00,2.692681789398193359e+00,4.077502727508544922e+00,4.387432098388671875e+00,1.058350888755491770e+00,4.560000000000000000e+02,2.000000000000000000e+00,1.000000000000000000e+00,1.957936035416423692e+00
6.335000000000000142e+01,3.204808473587036133e+00,2.596168756484985352e+00,4.094406127929687500e+00,4.417562961578369141e+00,1.134910704447765761e+00,4.700000000000000000e+02,3.000000000000000000e+00,2.000000000000000000e+00,1.902899490141202188e+00
6.340000000000000568e+01,3.045158624649047852e+00,2.623895406723022461e+00,3.761454582214355469e+00,4.069856643676757812e+00,1.137165190684343186e+00,4.520000000000000000e+02,4.000000000000000000e+00,2.000000000000000000e+00,1.854726873681407984e+00
6.345000000000000284e+01,3.100918292999267578e+00,2.642854452133178711e+00,3.752549171447753906e+00,4.200583457946777344e+00,1.051265055709816654e+00,4.340000000000000000e+02,2.000000000000000000e+00,1.000000000000000000e+00,1.797598784864380850e+00
6.350000000000000000e+01,3.423418045043945312e+00,2.804868221282958984e+00,4.170650482177734375e+00,4.510103225708007812e+00,1.137544337441688480e+00,4.380000000000000000e+02,3.000000000000000000e+00,1.000000000000000000e+00,1.750402221098418254e+00
6.355000000000000426e+01,3.254862308502197266e+00,2.822941303253173828e+00,3.969373941421508789e+00,4.291540145874023438e+00,1.053876778164928085e+00,4.620000000000000000e+02,3.000000000000000000e+00,1.000000000000000000e+00,1.716988675724075764e+00
6.360000000000000142e+01,3.244664430618286133e+00,2.728995800018310547e+00,3.999838590621948242e+00,4.417569637298583984e+00,1.029969022781920041e+00,4.440000000000000000e+02,2.000000000000000000e+00,1.000000000000000000e+00,2.059812085387235037e+00
6.365000000000000568e+01,3.326959609985351562e+00,2.912221908569335938e+00,4.026320457458496094e+00,4.332178115844726562e+00,1.039868548069312171e+00,4.390000000000000000e+02,3.000000000000000000e+00,1.000000000000000000e+00,1.862953183484857833e+00
6.370000000000000284e+01,3.077997684478759766e+00,2.606532096862792969e+00,3.757470607757568359e+00,4.118457794189453125e+00,1.075762285840810684e+00,4.680000000000000000e+02,3.000000000000000000e+00,1.000000000000000000e+00,2.071911658945895685e+00
6.375000000000000000e+01,3.433725357055664062e+00,2.775454759597778320e+00,3.907076120376586914e+00,4.214503288269042969e+00,1.075384106503289638e+00,4.270000000000000000e+02,4.000000000000000000e+00,1.000000000000000000e+00,2.054833812998881459e+00
6.380000000000000426e+01,3.114137172698974609e+00,2.532493114471435547e+00,3.982026815414428711e+00,4.323703765869140625e+00,1.064397957141430151e+00,4.330000000000000000e+02,2.000000000000000000e+00,1.000000000000000000e+00,2.204665714221153650e+00
6.385000000000000142e+01,3.183526992797851562e+00,2.661536931991577148e+00,4.109790325164794922e+00,4.351100444793701172e+00,1.030024630572883515e+00,4.570000000000000000e+02,3.000000000000000000e+00,1.000000000000000000e+00,1.702432628782205803e+00
6.390000000000000568e+01,3.125857114791870117e+00,2.659504175186157227e+00,4.494985580444335938e+00,4.602998733520507812e+00,1.120788970905683524e+00,4.600000000000000000e+02,3.000000000000000000e+00,2.000000000000000000e+00,1.770772570983722760e+00
6.395000000000000284e+01,3.139348506927490234e+00,2.552843332290649414e+00,4.135699748992919922e+00,4.591455936431884766e+00,1.072518445197337078e+00,4.760000000000000000e+02,3.000000000000000000e+00,1.000000000000000000e+00,1.756997552079840208e+00
6.400000000000000000e+01,3.221502304077148438e+00,2.678734302520751953e+00,3.945694208145141602e+00,4.298730850219726562e+00,1.039783556197050984e+00,4.540000000000000000e+02,3.000000000000000000e+00,1.000000000000000000e+00,1.649780442545066839e+00
6.404999999999999716e+01,3.210358619689941406e+00,2.749181747436523438e+00,3.950427532196044922e+00,4.386586666107177734e+00,1.133461276446637189e+00,4.590000000000000000e+02,4.000000000000000000e+00,2.000000000000000000e+00,1.717773863450456018e+00
6.410000000000000853e+01,3.152467012405395508e+00,2.510028839111328125e+00,3.947337150573730469e+00,4.388621807098388672e+00,1.007620797890056430e+00,4.940000000000000000e+02,3.000000000000000000e+00,1.000000000000000000e+00,1.606591070384594255e+00
6.415000000000000568e+01,3.195739984512329102e+00,2.686955451965332031e+00,4.145608901977539062e+00,4.484612464904785156e+00,1.039323857602274082e+00,4.310000000000000000e+02,3.000000000000000000e+00,1.000000000000000000e+00,1.867803030503770056e+00
6.420000000000000284e+01,3.082392454147338867e+00,2.587016820907592773e+00,3.935482263565063477e+00,4.390164375305175781e+00,1.107523430651490948e+00,4.560000000000000000e+02,3.000000000000000000e+00,1.000000000000000000e+00,1.748496409717386069e+00
6.425000000000000000e+01,3.316632509231567383e+00,2.879565238952636719e+00,3.855260610580444336e+00,4.277177810668945312e+00,1.071249488578080555e+00,4.600000000000000000e+02,2.000000000000000000e+00,1.000000000000000000e+00,1.575862462161181199e+00
6.429999999999999716e+01,3.054103374481201172e+00,2.572535037994384766e+00,4.029989719390869141e+00,4.380696296691894531e+00,1.219382529625993916e+00,4.520000000000000000e+02,2.000000000000000000e+00,1.000000000000000000e+00,1.612620876037900164e+00
6.435000000000000853e+01,2.962728738784790039e+00,2.506549358367919922e+00,3.900880336761474609e+00,4.338543891906738281e+00,1.103588073769872890e+00,4.340000000000000000e+02,2.000000000000000000e+00,1.000000000000000000e+00,1.839382426446606988e+00
6.440000000000000568e+01,3.027164936065673828e+00,2.636244773864746094e+00,4.068259239196777344e+00,4.386962413787841797e+00,1.076453255494077776e+00,4.540000000000000000e+02,3.000000000000000000e+00,1.000000000000000000e+00,1.818703199597952569e+00
6.445000000000000284e+01,3.113502264022827148e+00,2.570235490798950195e+00,4.044312477111816406e+00,4.420753002166748047e+00,1.118895160239524955e+00,4.620000000000000000e+02,3.000000000000000000e+00,1.000000000000000000e+00,1.815307710004993025e+00
6.450000000000000000e+01,3.102119922637939453e+00,2.658648014068603516e+00,4.049555301666259766e+00,4.390972137451171875e+00,1.124766986572351524e+00,4.480000000000000000e+02,2.000000000000000000e+00,1.000000000000000000e+00,1.674115312141863932e+00
6.454999999999999716e+01,3.047438859939575195e+00,2.583147525787353516e+00,3.891472816467285156e+00,4.308805465698242188e+00,1.095814257469443609e+00,4.640000000000000000e+02,2.000000000000000000e+00,1.000000000000000000e+00,1.756296769810726799e+00
6.460000000000000853e+01,3.042209148406982422e+00,2.574260234832763672e+00,4.301259040832519531e+00,4.591059684753417969e+00,1.176161868868160987e+00,4.870000000000000000e+02,3.000000000000000000e+00,2.000000000000000000e+00,2.030953716916791496e+00
6.465000000000000568e+01,2.879055500030517578e+00,2.520788908004760742e+00,3.881603479385375977e+00,4.256369590759277344e+00,1.146059506194902822e+00,4.330000000000000000e+02,3.000000000000000000e+00,1.000000000000000000e+00,2.179722008863796301e+00
6.470000000000000284e+01,3.022817373275756836e+00,2.519586563110351562e+00,4.413449764251708984e+00,4.703172683715820312e+00,1.288258154900928432e+00,4.480000000000000000e+02,1.000000000000000000e+00,0.000000000000000000e+00,2.282515404490107258e+00
6.475000000000000000e+01,3.121697664260864258e+00,2.557940244674682617e+00,3.756033420562744141e+00,4.090187549591064453e+00,1.069172989285995579e+00,4.690000000000000000e+02,4.000000000000000000e+00,1.000000000000000000e+00,1.849616589147062617e+00
6.479999999999999716e+01,3.168106317520141602e+00,2.506176948547363281e+00,3.879783391952514648e+00,4.302490234375000000e+00,1.112137489844798655e+00,4.250000000000000000e+02,2.000000000000000000e+00,1.000000000000000000e+00,1.887171109653354772e+00
6.485000000000000853e+01,3.095707893371582031e+00,2.491685867309570312e+00,4.600008487701416016e+00,4.900409698486328125e+00,1.110347293999171647e+00,4.820000000000000000e+02,4.000000000000000000e+00,2.000000000000000000e+00,1.949500440431817028e+00
6.490000000000000568e+01,2.986695528030395508e+00,2.471091032028198242e+00,4.086485385894775391e+00,4.445126533508300781e+00,1.164245165912655366e+00,4.520000000000000000e+02,2.000000000000000000e+00,1.000000000000000000e+00,1.915438147269934444e+00
6.495000000000000284e+01,3.447979927062988281e+00,2.790401935577392578e+00,4.522129058837890625e+00,4.805730342864990234e+00,1.121143285379886612e+00,4.600000000000000000e+02,3.000000000000000000e+00,1.000000000000000000e+00,1.823813626426529666e+00
6.500000000000000000e+01,3.267908334732055664e+00,2.620968341827392578e+00,4.357417583465576172e+00,4.544330120086669922e+00,1.078288540175938337e+00,4.550000000000000000e+02,3.000000000000000000e+00,1.000000000000000000e+00,1.790609017076532528e+00
6.504999999999999716e+01,2.991464376449584961e+00,2.455814838409423828e+00,3.961544513702392578e+00,4.326945304870605469e+00,1.068056348428163327e+00,4.680000000000000000e+02,2.000000000000000000e+00,1.000000000000000000e+00,1.742083051618304790e+00
6.510000000000000853e+01,2.953741312026977539e+00,2.523691415786743164e+00,3.830040693283081055e+00,4.222142696380615234e+00,1.091983705664012705e+00,4.410000000000000000e+02,4.000000000000000000e+00,1.000000000000000000e+00,2.105065251359337974e+00
6.515000000000000568e+01,3.135679960250854492e+00,2.453415155410766602e+00,3.998558282852172852e+00,4.277883052825927734e+00,1.103170702912300793e+00,4.460000000000000000e+02,3.000000000000000000e+00,2.000000000000000000e+00,1.610905843214128996e+00
6.520000000000000284e+01,2.949409246444702148e+00,2.460424184799194336e+00,3.841021060943603516e+00,4.254724502563476562e+00,1.110914881989232050e+00,4.710000000000000000e+02,3.000000000000000000e+00,1.000000000000000000e+00,2.104404647680803819e+00
6.525000000000000000e+01,3.137813568115234375e+00,2.652327060699462891e+00,4.013099193572998047e+00,4.366733551025390625e+00,1.042467753190911894e+00,4.500000000000000000e+02,3.000000000000000000e+00,1.000000000000000000e+00,1.820237040250660687e+00
6.529999999999999716e+01,2.920701980590820312e+00,2.362255573272705078e+00,3.834988832473754883e+00,4.349442958831787109e+00,1.106374857110900889e+00,4.350000000000000000e+02,2.000000000000000000e+00,1.000000000000000000e+00,2.331920228297812869e+00
6.535000000000000853e+01,3.135173320770263672e+00,2.555467844009399414e+00,3.750028371810913086e+00,4.194324493408203125e+00,1.008585359002489801e+00,4.530000000000000000e+02,1.000000000000000000e+00,1.000000000000000000e+00,2.057375750666332159e+00
6.540000000000000568e+01,3.160011291503906250e+00,2.567321062088012695e+00,4.049563884735107422e+00,4.390335559844970703e+00,1.086785451725014839e+00,4.510000000000000000e+02,2.000000000000000000e+00,0.000000000000000000e+00,2.191392615479965222e+00
6.545000000000000284e+01,3.102668762207031250e+00,2.422919034957885742e+00,4.329691886901855469e+00,4.796184539794921875e+00,1.087990272798425195e+00,4.540000000000000000e+02,2.000000000000000000e+00,0.000000000000000000e+00,2.204499724439999753e+00
6.550000000000000000e+01,3.133245468139648438e+00,2.510869979858398438e+00,3.827809333801269531e+00,4.277376174926757812e+00,1.075225310416298985e+00,4.340000000000000000e+02,3.000000000000000000e+00,1.000000000000000000e+00,1.809237204178652636e+00
6.554999999999999716e+01,3.165826320648193359e+00,2.602297306060791016e+00,4.249078750610351562e+00,4.574247360229492188e+00,1.167328585706280064e+00,4.450000000000000000e+02,3.000000000000000000e+00,1.000000000000000000e+00,1.892198551817681818e+00
6.560000000000000853e+01,3.185077667236328125e+00,2.644181489944458008e+00,4.296971321105957031e+00,4.572886943817138672e+00,1.094480612444262757e+00,4.440000000000000000e+02,2.000000000000000000e+00,1.000000000000000000e+00,1.794429546453920832e+00
6.565000000000000568e+01,3.404636383056640625e+00,2.871510028839111328e+00,4.091486454010009766e+00,4.520005226135253906e+00,1.109757066883644061e+00,4.360000000000000000e+02,2.000000000000000000e+00,1.000000000000000000e+00,1.870080239387963417e+00
6.570000000000000284e+01,3.130187988281250000e+00,2.497493267059326172e+00,4.106872558593750000e+00,4.591502189636230469e+00,1.133281113893310543e+00,4.340000000000000000e+02,2.000000000000000000e+00,1.000000000000000000e+00,1.682224405056650163e+00
6.575000000000000000e+01,2.932844400405883789e+00,2.399678707122802734e+00,3.828725814819335938e+00,4.245902061462402344e+00,1.163047638812547913e+00,4.640000000000000000e+02,2.000000000000000000e+00,1.000000000000000000e+00,1.929748387676894827e+00
6.579999999999999716e+01,3.135938167572021484e+00,2.404521942138671875e+00,3.911416530609130859e+00,4.350041866302490234e+00,1.097142470710570805e+00,4.630000000000000000e+02,2.000000000000000000e+00,1.000000000000000000e+00,1.860350158143019517e+00
6.585000000000000853e+01,3.122121095657348633e+00,2.490844964981079102e+00,4.146237850189208984e+00,4.485648632049560547e+00,1.088136907602938352e+00,4.560000000000000000e+02,2.000000000000000000e+00,1.000000000000000000e+00,2.149619703578851571e+00
6.590000000000000568e+01,3.010852336883544922e+00,2.449519157409667969e+00,3.914578437805175781e+00,4.332345485687255859e+00,1.138121207819629443e+00,4.380000000000000000e+02,0.000000000000000000e+00,0.000000000000000000e+00,2.202280747438822406e+00
6.595000000000000284e+01,3.057650327682495117e+00,2.525613069534301758e+00,3.953369617462158203e+00,4.415402889251708984e+00,1.106202599564849898e+00,4.550000000000000000e+02,3.000000000000000000e+00,1.000000000000000000e+00,2.088416971039198433e+00
6.600000000000000000e+01,3.189509391784667969e+00,2.757911443710327148e+00,3.923669338226318359e+00,4.198761463165283203e+00,1.136688858317138617e+00,4.320000000000000000e+02,3.000000000000000000e+00,1.000000000000000000e+00,1.953012811220892431e+00
6.604999999999999716e+01,3.274569511413574219e+00,2.860513687133789062e+00,4.058637619018554688e+00,4.466910839080810547e+00,1.118568589581263373e+00,4.290000000000000000e+02,2.000000000000000000e+00,1.000000000000000000e+00,1.679244443656078722e+00
6.610000000000000853e+01,3.196760177612304688e+00,2.689674377441406250e+00,4.528778076171875000e+00,4.751494407653808594e+00,1.099328536949371493e+00,4.520000000000000000e+02,2.000000000000000000e+00,1.000000000000000000e+00,1.771455913182362840e+00
6.615000000000000568e+01,3.162590980529785156e+00,2.737908601760864258e+00,4.332831859588623047e+00,4.521717548370361328e+00,1.069041421395824365e+00,4.240000000000000000e+02,4.000000000000000000e+00,1.000000000000000000e+00,1.926725783737373243e+00
6.620000000000000284e+01,3.186721324920654297e+00,2.600579738616943359e+00,4.227576732635498047e+00,4.549832820892333984e+00,1.042600764100284350e+00,4.510000000000000000e+02,1.000000000000000000e+00,0.000000000000000000e+00,2.308820468186830510e+00
6.625000000000000000e+01,3.316888332366943359e+00,2.897245645523071289e+00,4.221688270568847656e+00,4.509875297546386719e+00,1.087968541855677707e+00,4.590000000000000000e+02,3.000000000000000000e+00,1.000000000000000000e+00,2.049206440576329058e+00
6.629999999999999716e+01,2.964374542236328125e+00,2.508961915969848633e+00,3.960174560546875000e+00,4.279860496520996094e+00,1.048511791653902403e+00,4.400000000000000000e+02,2.000000000000000000e+00,1.000000000000000000e+00,2.231610481216109498e+00
6.635000000000000853e+01,3.087332248687744141e+00,2.492748737335205078e+00,3.664183139801025391e+00,4.194942951202392578e+00,1.082894160757606139e+00,4.470000000000000000e+02,2.000000000000000000e+00,0.000000000000000000e+00,2.082436489550351322e+00
6.640000000000000568e+01,3.042178392410278320e+00,2.540652751922607422e+00,4.036835193634033203e+00,4.272081375122070312e+00,1.057491418652426240e+00,4.220000000000000000e+02,3.000000000000000000e+00,1.000000000000000000e+00,1.913819070090912788e+00
6.645000000000000284e+01,3.206883907318115234e+00,2.500035524368286133e+00,4.114358425140380859e+00,4.482766151428222656e+00,1.058660544270588311e+00,4.400000000000000000e+02,2.000000000000000000e+00,2.000000000000000000e+00,1.809297579081989849e+00
6.650000000000000000e+01,3.342954874038696289e+00,2.803157329559326172e+00,4.061188220977783203e+00,4.359234809875488281e+00,1.022306540200674352e+00,4.980000000000000000e+02,3.000000000000000000e+00,1.000000000000000000e+00,1.906973142800544530e+00
6.654999999999999716e+01,3.081338167190551758e+00,2.499867439270019531e+00,3.919710874557495117e+00,4.316960334777832031e+00,1.090357714871358574e+00,4.440000000000000000e+02,3.000000000000000000e+00,1.000000000000000000e+00,1.835248906848059303e+00
6.660000000000000853e+01,3.172696828842163086e+00,2.594616174697875977e+00,4.073394775390625000e+00,4.396508693695068359e+00,1.096818338839122831e+00,4.320000000000000000e+02,3.000000000000000000e+00,1.000000000000000000e+00,1.760924750392629967e+00
6.665000000000000568e+01,3.154409885406494141e+00,2.612922668457031250e+00,4.176877975463867188e+00,4.462658405303955078e+00,1.025063758815875081e+00,4.670000000000000000e+02,3.000000000000000000e+00,2.000000000000000000e+00,1.596038933448752362e+00
6.670000000000000284e+01,3.087944507598876953e+00,2.556655883789062500e+00,3.872416257858276367e+00,4.331661224365234375e+00,1.101080370999577118e+00,4.410000000000000000e+02,3.000000000000000000e+00,1.000000000000000000e+00,2.183819607325326650e+00
6.675000000000000000e+01,3.156802654266357422e+00,2.583539247512817383e+00,4.015180110931396484e+00,4.421675682067871094e+00,1.167585833684175789e+00,4.540000000000000000e+02,2.000000000000000000e+00,1.000000000000000000e+00,1.688677558482698515e+00
6.679999999999999716e+01,3.055315256118774414e+00,2.583199501037597656e+00,3.940631389617919922e+00,4.389481544494628906e+00,1.036174767735273505e+00,4.630000000000000000e+02,4.000000000000000000e+00,1.000000000000000000e+00,1.892062855723879666e+00
6.685000000000000853e+01,3.202434778213500977e+00,2.808667182922363281e+00,4.152343750000000000e+00,4.437823772430419922e+00,1.112368460723519359e+00,4.660000000000000000e+02,2.000000000000000000e+00,1.000000000000000000e+00,1.853672325165585111e+00
6.690000000000000568e+01,3.281669855117797852e+00,2.676955699920654297e+00,4.097009658813476562e+00,4.391186237335205078e+00,1.036669464162502052e+00,4.700000000000000000e+02,3.000000000000000000e+00,1.000000000000000000e+00,1.703418771421077116e+00
6.695000000000000284e+01,3.123487949371337891e+00,2.733055353164672852e+00,3.837162256240844727e+00,4.105700016021728516e+00,1.056897745781617548e+00,4.530000000000000000e+02,4.000000000000000000e+00,1.000000000000000000e+00,1.823396647851911911e+00
6.700000000000000000e+01,3.201678991317749023e+00,2.654927253723144531e+00,3.910229444503784180e+00,4.241566181182861328e+00,1.073459908380480998e+00,4.520000000000000000e+02,3.000000000000000000e+00,1.000000000000000000e+00,1.948386121894603251e+00
6.704999999999999716e+01,3.322337627410888672e+00,2.920309543609619141e+00,4.064739704132080078e+00,4.349747180938720703e+00,1.062650118013202194e+00,4.770000000000000000e+02,2.000000000000000000e+00,1.000000000000000000e+00,1.559675817497998551e+00
6.710000000000000853e+01,3.201793193817138672e+00,2.821232080459594727e+00,4.082028388977050781e+00,4.337054252624511719e+00,1.106955176046593436e+00,4.950000000000000000e+02,3.000000000000000000e+00,1.000000000000000000e+00,1.585174888119094350e+00
6.715000000000000568e+01,3.180016994476318359e+00,2.760868072509765625e+00,3.941578865051269531e+00,4.267275333404541016e+00,1.141470213743615236e+00,4.660000000000000000e+02,3.000000000000000000e+00,1.000000000000000000e+00,1.846433920154581187e+00
6.720000000000000284e+01,3.319436073303222656e+00,2.825934886932373047e+00,4.021986007690429688e+00,4.400059223175048828e+00,1.058682064233438469e+00,4.710000000000000000e+02,3.000000000000000000e+00,1.000000000000000000e+00,1.674615397715059739e+00
6.725000000000000000e+01,3.465982913970947266e+00,2.910397052764892578e+00,4.300232887268066406e+00,4.561182022094726562e+00,1.137731447388863337e+00,4.590000000000000000e+02,2.000000000000000000e+00,1.000000000000000000e+00,1.928020344343892134e+00
6.729999999999999716e+01,3.066184282302856445e+00,2.533722400665283203e+00,4.372017860412597656e+00,4.576357841491699219e+00,1.212567039535944469e+00,4.570000000000000000e+02,3.000000000000000000e+00,1.000000000000000000e+00,1.941706268922787082e+00
6.735000000000000853e+01,3.178246498107910156e+00,2.762222528457641602e+00,3.936875104904174805e+00,4.296061515808105469e+00,1.048555628954091157e+00,4.430000000000000000e+02,3.000000000000000000e+00,1.000000000000000000e+00,2.038707912527049970e+00
6.740000000000000568e+01,3.198662757873535156e+00,2.671119928359985352e+00,4.184362411499023438e+00,4.450655460357666016e+00,1.144290839488465661e+00,4.430000000000000000e+02,3.000000000000000000e+00,1.000000000000000000e+00,1.820930955962644315e+00
6.745000000000000284e+01,3.014922380447387695e+00,2.610357761383056641e+00,3.966073036193847656e+00,4.294590473175048828e+00,1.081938993662498794e+00,4.750000000000000000e+02,2.000000000000000000e+00,1.000000000000000000e+00,1.979590788974915361e+00
6.750000000000000000e+01,3.236496925354003906e+00,2.729170083999633789e+00,4.071866035461425781e+00,4.382819175720214844e+00,1.010327291206696509e+00,4.600000000000000000e+02,2.000000000000000000e+00,1.000000000000000000e+00,1.654076532198911709e+00
6.754999999999999716e+01,3.295513391494750977e+00,2.711747646331787109e+00,4.284625530242919922e+00,4.620092391967773438e+00,1.140460277509766085e+00,4.580000000000000000e+02,3.000000000000000000e+00,1.000000000000000000e+00,1.848571786683128604e+00
6.760000000000000853e+01,3.102602720260620117e+00,2.659480571746826172e+00,3.781308174133300781e+00,4.088518619537353516e+00,1.082016904254455847e+00,4.650000000000000000e+02,2.000000000000000000e+00,1.000000000000000000e+00,2.179161797687639623e+00
6.765000000000000568e+01,3.238095760345458984e+00,2.573676586151123047e+00,3.883053779602050781e+00,4.307598114013671875e+00,1.014216763026894341e+00,4.770000000000000000e+02,2.000000000000000000e+00,1.000000000000000000e+00,1.658280656299764511e+00
6.770000000000000284e+01,3.244867563247680664e+00,2.686428070068359375e+00,4.275679111480712891e+00,4.590685844421386719e+00,1.200860661845485566e+00,4.470000000000000000e+02,3.000000000000000000e+00,1.000000000000000000e+00,1.742140227832840393e+00
6.775000000000000000e+01,3.355617046356201172e+00,2.699272871017456055e+00,3.946561813354492188e+00,4.418504714965820312e+00,1.163917437227266483e+00,4.490000000000000000e+02,2.000000000000000000e+00,1.000000000000000000e+00,1.950246114593655600e+00
6.779999999999999716e+01,3.331398963928222656e+00,2.795790195465087891e+00,4.082156658172607422e+00,4.381557464599609375e+00,1.058831383832858020e+00,4.570000000000000000e+02,2.000000000000000000e+00,1.000000000000000000e+00,1.660319938556126251e+00
6.785000000000000853e+01,3.319125175476074219e+00,2.588800430297851562e+00,4.126076698303222656e+00,4.419463634490966797e+00,1.073106056281112108e+00,4.400000000000000000e+02,3.000000000000000000e+00,1.000000000000000000e+00,1.869100057198274989e+00
6.790000000000000568e+01,3.321111679077148438e+00,2.756602287292480469e+00,4.269321441650390625e+00,4.583283424377441406e+00,1.115987285617040303e+00,4.840000000000000000e+02,4.000000000000000000e+00,1.000000000000000000e+00,1.730270935417479894e+00
6.795000000000000284e+01,3.228588581085205078e+00,2.636692047119140625e+00,3.970443010330200195e+00,4.313019752502441406e+00,1.067875545024751460e+00,4.600000000000000000e+02,2.000000000000000000e+00,1.000000000000000000e+00,1.862481828607980505e+00
6.800000000000000000e+01,3.350835084915161133e+00,2.698283672332763672e+00,3.812742233276367188e+00,4.220419883728027344e+00,1.060436053433978065e+00,4.160000000000000000e+02,2.000000000000000000e+00,1.000000000000000000e+00,1.766667404371383698e+00
6.804999999999999716e+01,3.204613685607910156e+00,2.718424797058105469e+00,4.307758331298828125e+00,4.505699157714843750e+00,1.153446399839219261e+00,4.390000000000000000e+02,2.000000000000000000e+00,2.000000000000000000e+00,2.436469940970646508e+00
6.810000000000000853e+01,3.166955947875976562e+00,2.423498630523681641e+00,4.085252285003662109e+00,4.382399559020996094e+00,1.080075734021173739e+00,4.560000000000000000e+02,4.000000000000000000e+00,1.000000000000000000e+00,1.898279833426947949e+00
6.815000000000000568e+01,3.224276304244995117e+00,2.677895784378051758e+00,4.030054092407226562e+00,4.290639400482177734e+00,1.016285855837441021e+00,4.730000000000000000e+02,4.000000000000000000e+00,1.000000000000000000e+00,1.793078614400280379e+00
6.820000000000000284e+01,3.230473041534423828e+00,2.535114288330078125e+00,3.745894432067871094e+00,4.293946743011474609e+00,1.043906677739879552e+00,4.410000000000000000e+02,2.000000000000000000e+00,1.000000000000000000e+00,1.739997307653911918e+00
6.825000000000000000e+01,3.198248147964477539e+00,2.689635753631591797e+00,4.217037677764892578e+00,4.499126434326171875e+00,1.081830044348567998e+00,4.440000000000000000e+02,2.000000000000000000e+00,1.000000000000000000e+00,1.903895475126147430e+00
6.829999999999999716e+01,3.240170955657958984e+00,2.510727643966674805e+00,4.151418209075927734e+00,4.461126804351806641e+00,1.073299012601014679e+00,4.530000000000000000e+02,3.000000000000000000e+00,1.000000000000000000e+00,1.915949496360641824e+00
6.835000000000000853e+01,3.287309646606445312e+00,2.599256515502929688e+00,4.418801784515380859e+00,4.777712821960449219e+00,1.089149816825598194e+00,4.750000000000000000e+02,4.000000000000000000e+00,1.000000000000000000e+00,1.620168046524848027e+00
6.840000000000000568e+01,3.134363174438476562e+00,2.680737733840942383e+00,4.125352859497070312e+00,4.402723312377929688e+00,1.010227840622805795e+00,4.290000000000000000e+02,3.000000000000000000e+00,2.000000000000000000e+00,1.786904753594162010e+00
6.845000000000000284e+01,3.218795061111450195e+00,2.713583469390869141e+00,4.084727287292480469e+00,4.399474620819091797e+00,1.163574293199893583e+00,4.760000000000000000e+02,3.000000000000000000e+00,1.000000000000000000e+00,1.703317298523519208e+00
6.850000000000000000e+01,3.297674655914306641e+00,2.774431467056274414e+00,4.192852497100830078e+00,4.524842262268066406e+00,1.055517154443716077e+00,4.580000000000000000e+02,3.000000000000000000e+00,1.000000000000000000e+00,1.822039975669999867e+00
6.854999999999999716e+01,3.293445348739624023e+00,2.739896297454833984e+00,4.235337257385253906e+00,4.597269058227539062e+00,1.109223732506435134e+00,4.570000000000000000e+02,3.000000000000000000e+00,1.000000000000000000e+00,1.603093231566438348e+00
6.860000000000000853e+01,3.176389932632446289e+00,2.567505836486816406e+00,4.305336952209472656e+00,4.670072078704833984e+00,1.085605519039557487e+00,4.230000000000000000e+02,2.000000000000000000e+00,1.000000000000000000e+00,1.800055533259197649e+00
6.865000000000000568e+01,3.142439365386962891e+00,2.713587760925292969e+00,3.917148590087890625e+00,4.340306758880615234e+00,1.170848164506425260e+00,4.530000000000000000e+02,1.000000000000000000e+00,0.000000000000000000e+00,2.315676789532515656e+00
6.870000000000000284e+01,3.177223443984985352e+00,2.441599845886230469e+00,4.159605979919433594e+00,4.582047939300537109e+00,1.116314590834466491e+00,4.280000000000000000e+02,3.000000000000000000e+00,1.000000000000000000e+00,1.769709492678644747e+00
6.875000000000000000e+01,3.238308906555175781e+00,2.606476783752441406e+00,3.899243354797363281e+00,4.258104324340820312e+00,1.055254654527145952e+00,4.210000000000000000e+02,3.000000000000000000e+00,1.000000000000000000e+00,1.755061512053201822e+00
6.879999999999999716e+01,3.147464990615844727e+00,2.462004661560058594e+00,3.882748126983642578e+00,4.295516014099121094e+00,1.066136040444709776e+00,4.480000000000000000e+02,2.000000000000000000e+00,1.000000000000000000e+00,1.723548862137310511e+00
6.885000000000000853e+01,3.168178081512451172e+00,2.635349988937377930e+00,3.923495769500732422e+00,4.335538387298583984e+00,1.161068612225975683e+00,4.770000000000000000e+02,1.000000000000000000e+00,0.000000000000000000e+00,2.309890058162372917e+00
6.890000000000000568e+01,3.369998455047607422e+00,2.721301555633544922e+00,3.591277360916137695e+00,4.000936985015869141e+00,1.062085567223330029e+00,4.530000000000000000e+02,2.000000000000000000e+00,1.000000000000000000e+00,1.723987703124717719e+00
6.895000000000000284e+01,3.250155448913574219e+00,2.624987125396728516e+00,3.799165725708007812e+00,4.315343856811523438e+00,1.045964016824121545e+00,4.780000000000000000e+02,2.000000000000000000e+00,1.000000000000000000e+00,1.715699074148919534e+00
6.900000000000000000e+01,3.443524837493896484e+00,2.812231540679931641e+00,4.275805473327636719e+00,4.540711879730224609e+00,1.052408032679931660e+00,4.690000000000000000e+02,4.000000000000000000e+00,1.000000000000000000e+00,1.813531723271782692e+00
6.904999999999999716e+01,3.212890863418579102e+00,2.728961706161499023e+00,4.372347354888916016e+00,4.808288097381591797e+00,1.047658022144688950e+00,4.540000000000000000e+02,2.000000000000000000e+00,1.000000000000000000e+00,1.861251595830637262e+00
6.910000000000000853e+01,3.248781681060791016e+00,2.588564872741699219e+00,3.923325777053833008e+00,4.340830802917480469e+00,1.070160119698083667e+00,4.590000000000000000e+02,2.000000000000000000e+00,2.000000000000000000e+00,1.732922169400246570e+00
6.915000000000000568e+01,3.265732765197753906e+00,2.506825923919677734e+00,3.576207637786865234e+00,4.104620933532714844e+00,1.019439529384821963e+00,4.450000000000000000e+02,2.000000000000000000e+00,1.000000000000000000e+00,1.781437467219945336e+00
6.920000000000000284e+01,3.143840789794921875e+00,2.622592926025390625e+00,3.673382997512817383e+00,4.154015541076660156e+00,1.100481431483446348e+00,4.320000000000000000e+02,2.000000000000000000e+00,1.000000000000000000e+00,1.660356159698137102e+00
6.925000000000000000e+01,3.181456089019775391e+00,2.636631965637207031e+00,3.817293167114257812e+00,4.270034790039062500e+00,1.087428074556200164e+00,4.500000000000000000e+02,3.000000000000000000e+00,1.000000000000000000e+00,1.817472759292950713e+00
6.929999999999999716e+01,3.099336147308349609e+00,2.590065479278564453e+00,3.960294485092163086e+00,4.279073238372802734e+00,1.037895801905794668e+00,4.530000000000000000e+02,2.000000000000000000e+00,1.000000000000000000e+00,1.755310157182397468e+00
6.935000000000000853e+01,3.099800586700439453e+00,2.412839174270629883e+00,3.855966329574584961e+00,4.329205513000488281e+00,1.105498567084487682e+00,4.560000000000000000e+02,2.000000000000000000e+00,1.000000000000000000e+00,1.841783218497957675e+00
6.940000000000000568e+01,3.215218067169189453e+00,2.485679626464843750e+00,4.524038791656494141e+00,4.886615276336669922e+00,1.145119002938491448e+00,4.750000000000000000e+02,3.000000000000000000e+00,1.000000000000000000e+00,1.793902075604042246e+00
6.945000000000000284e+01,3.222941160202026367e+00,2.571601629257202148e+00,4.190750598907470703e+00,4.686703681945800781e+00,1.077140919372360894e+00,4.330000000000000000e+02,3.000000000000000000e+00,1.000000000000000000e+00,1.819501595851819697e+00
6.950000000000000000e+01,3.125419378280639648e+00,2.459568977355957031e+00,3.818431377410888672e+00,4.325245380401611328e+00,1.121300900556360780e+00,4.490000000000000000e+02,2.000000000000000000e+00,1.000000000000000000e+00,1.899895940064396882e+00
6.954999999999999716e+01,3.198332786560058594e+00,2.594197988510131836e+00,4.149545192718505859e+00,4.578234672546386719e+00,1.137507667341461470e+00,4.460000000000000000e+02,2.000000000000000000e+00,1.000000000000000000e+00,1.692266710880529157e+00
6.960000000000000853e+01,3.167538404464721680e+00,2.545658349990844727e+00,4.489671707153320312e+00,4.758530616760253906e+00,1.132877393236193297e+00,4.340000000000000000e+02,4.000000000000000000e+00,1.000000000000000000e+00,1.925917264541199714e+00
6.965000000000000568e+01,3.196027040481567383e+00,2.529839038848876953e+00,4.013164043426513672e+00,4.478674411773681641e+00,1.034060343705359708e+00,4.370000000000000000e+02,2.000000000000000000e+00,1.000000000000000000e+00,1.833255149825385955e+00
6.970000000000000284e+01,3.261998653411865234e+00,2.483035087585449219e+00,4.276614665985107422e+00,4.713273525238037109e+00,1.118464113742525967e+00,4.570000000000000000e+02,2.000000000000000000e+00,1.000000000000000000e+00,1.762318682367073119e+00
6.975000000000000000e+01,3.130587339401245117e+00,2.398861408233642578e+00,3.866086483001708984e+00,4.408691406250000000e+00,1.035809977066920240e+00,4.670000000000000000e+02,2.000000000000000000e+00,1.000000000000000000e+00,1.807001142564652829e+00
6.979999999999999716e+01,3.251866340637207031e+00,2.462507009506225586e+00,4.206302165985107422e+00,4.572356700897216797e+00,1.143031667751743585e+00,4.430000000000000000e+02,3.000000000000000000e+00,1.000000000000000000e+00,1.899584770180627658e+00
6.985000000000000853e+01,3.094346523284912109e+00,2.325169086456298828e+00,4.330218315124511719e+00,4.694003582000732422e+00,1.198709948242066226e+00,4.610000000000000000e+02,3.000000000000000000e+00,1.000000000000000000e+00,1.622734810715798837e+00
6.990000000000000568e+01,2.960795879364013672e+00,2.383862495422363281e+00,4.215142726898193359e+00,4.609022617340087891e+00,1.145069566450128251e+00,4.620000000000000000e+02,3.000000000000000000e+00,1.000000000000000000e+00,2.201825626364267485e+00
6.995000000000000284e+01,3.204516410827636719e+00,2.407407283782958984e+00,4.174585819244384766e+00,4.628479957580566406e+00,1.107632458519947516e+00,4.720000000000000000e+02,2.000000000000000000e+00,1.000000000000000000e+00,1.914155666873552430e+00
7.000000000000000000e+01,3.091706752777099609e+00,2.388705730438232422e+00,4.606488704681396484e+00,4.922038555145263672e+00,1.189499401055269523e+00,4.500000000000000000e+02,2.000000000000000000e+00,1.000000000000000000e+00,1.648100755343432144e+00
7.004999999999999716e+01,3.036486625671386719e+00,2.418635129928588867e+00,3.722145318984985352e+00,4.247238159179687500e+00,1.000848186805215256e+00,4.250000000000000000e+02,3.000000000000000000e+00,1.000000000000000000e+00,1.893722020752221846e+00
7.010000000000000853e+01,3.286726474761962891e+00,2.574782371520996094e+00,4.407702922821044922e+00,4.781679630279541016e+00,1.150072281636263627e+00,4.350000000000000000e+02,4.000000000000000000e+00,1.000000000000000000e+00,2.019126721994005891e+00
7.015000000000000568e+01,3.205003738403320312e+00,2.474475860595703125e+00,3.936828136444091797e+00,4.444186210632324219e+00,1.216556256169402550e+00,4.440000000000000000e+02,2.000000000000000000e+00,2.000000000000000000e+00,1.788934857288056124e+00
7.020000000000000284e+01,3.240633964538574219e+00,2.550476789474487305e+00,4.099359512329101562e+00,4.481107711791992188e+00,1.112277306599613658e+00,4.280000000000000000e+02,4.000000000000000000e+00,1.000000000000000000e+00,1.733186639418523800e+00
7.025000000000000000e+01,3.246995210647583008e+00,2.618108272552490234e+00,4.137011051177978516e+00,4.642282962799072266e+00,1.174553876935287899e+00,4.240000000000000000e+02,2.000000000000000000e+00,1.000000000000000000e+00,1.652180124806113426e+00
7.029999999999999716e+01,3.201519250869750977e+00,2.525226116180419922e+00,4.467796802520751953e+00,4.846025466918945312e+00,9.561376359257880431e-01,4.600000000000000000e+02,3.000000000000000000e+00,2.000000000000000000e+00,2.020687891826880911e+00
7.035000000000000853e+01,3.033676147460937500e+00,2.398274421691894531e+00,4.026304244995117188e+00,4.448031902313232422e+00,1.111659666127807533e+00,4.420000000000000000e+02,3.000000000000000000e+00,2.000000000000000000e+00,2.030490975170362589e+00
7.040000000000000568e+01,3.090893745422363281e+00,2.455161571502685547e+00,4.146449565887451172e+00,4.574392318725585938e+00,1.113341081315484038e+00,4.680000000000000000e+02,2.000000000000000000e+00,2.000000000000000000e+00,1.831271638380930877e+00
7.045000000000000284e+01,3.038289308547973633e+00,2.513524532318115234e+00,3.860981464385986328e+00,4.309953212738037109e+00,1.159111853168316664e+00,4.370000000000000000e+02,2.000000000000000000e+00,1.000000000000000000e+00,1.755020263644370804e+00
7.050000000000000000e+01,3.061418294906616211e+00,2.392203569412231445e+00,4.111677646636962891e+00,4.449187278747558594e+00,1.004795590600449762e+00,4.890000000000000000e+02,4.000000000000000000e+00,1.000000000000000000e+00,1.666757823126440163e+00
7.054999999999999716e+01,3.055643081665039062e+00,2.391109704971313477e+00,3.878046512603759766e+00,4.407354354858398438e+00,9.949035546963304055e-01,4.380000000000000000e+02,2.000000000000000000e+00,2.000000000000000000e+00,1.929321901609921452e+00
7.060000000000000853e+01,3.116111755371093750e+00,2.612753868103027344e+00,4.320687294006347656e+00,4.534699440002441406e+00,9.504337801120011919e-01,4.470000000000000000e+02,4.000000000000000000e+00,1.000000000000000000e+00,1.773384175042000965e+00
7.065000000000000568e+01,3.245510816574096680e+00,2.547172546386718750e+00,3.898086071014404297e+00,4.347795486450195312e+00,9.544376387866069233e-01,4.400000000000000000e+02,3.000000000000000000e+00,1.000000000000000000e+00,1.646514452423914809e+00
7.070000000000000284e+01,3.085541963577270508e+00,2.599908351898193359e+00,3.818095684051513672e+00,4.291502952575683594e+00,9.764340546757555028e-01,4.450000000000000000e+02,4.000000000000000000e+00,1.000000000000000000e+00,1.772034587213300094e+00
7.075000000000000000e+01,3.279081583023071289e+00,2.635518312454223633e+00,4.196230411529541016e+00,4.617992401123046875e+00,1.238312181121352884e+00,4.400000000000000000e+02,3.000000000000000000e+00,1.000000000000000000e+00,1.768104334315699244e+00
7.079999999999999716e+01,3.159148693084716797e+00,2.595371723175048828e+00,3.773008823394775391e+00,4.260704994201660156e+00,1.094156589965446624e+00,4.670000000000000000e+02,2.000000000000000000e+00,1.000000000000000000e+00,2.053394668843764315e+00
7.085000000000000853e+01,3.181286334991455078e+00,2.426893711090087891e+00,4.067356109619140625e+00,4.546293735504150391e+00,1.191506611995915010e+00,4.360000000000000000e+02,3.000000000000000000e+00,1.000000000000000000e+00,1.841019891207915649e+00
7.090000000000000568e+01,3.182762145996093750e+00,2.512963294982910156e+00,4.305631637573242188e+00,4.830321311950683594e+00,1.226634326488241333e+00,4.580000000000000000e+02,4.000000000000000000e+00,1.000000000000000000e+00,1.765341785064538316e+00
7.095000000000000284e+01,3.285770654678344727e+00,2.662749767303466797e+00,4.221854686737060547e+00,4.569720745086669922e+00,1.198555464870445730e+00,4.310000000000000000e+02,3.000000000000000000e+00,1.000000000000000000e+00,1.940792737260751410e+00
7.100000000000000000e+01,3.145806312561035156e+00,2.675655841827392578e+00,4.293995380401611328e+00,4.599023818969726562e+00,1.301390647289804026e+00,4.550000000000000000e+02,3.000000000000000000e+00,1.000000000000000000e+00,1.623887609138027432e+00
7.104999999999999716e+01,3.433895111083984375e+00,2.908873558044433594e+00,4.103446483612060547e+00,4.512162685394287109e+00,1.234700553690011082e+00,4.490000000000000000e+02,2.000000000000000000e+00,1.000000000000000000e+00,1.821926140367744251e+00
7.110000000000000853e+01,3.284519910812377930e+00,2.616492271423339844e+00,4.152516841888427734e+00,4.623383045196533203e+00,1.214377827993724068e+00,4.630000000000000000e+02,2.000000000000000000e+00,1.000000000000000000e+00,1.856580757349122424e+00
7.115000000000000568e+01,3.298376083374023438e+00,2.737938404083251953e+00,3.962590694427490234e+00,4.353276252746582031e+00,1.132433607008118237e+00,4.140000000000000000e+02,3.000000000000000000e+00,1.000000000000000000e+00,1.617776260254899068e+00
7.120000000000000284e+01,3.435996532440185547e+00,2.752051591873168945e+00,4.469929695129394531e+00,4.949290752410888672e+00,1.305255264656366654e+00,4.230000000000000000e+02,2.000000000000000000e+00,1.000000000000000000e+00,1.808740949404330944e+00
7.125000000000000000e+01,3.627159357070922852e+00,3.140673637390136719e+00,4.448925971984863281e+00,4.773738384246826172e+00,1.175855809376562755e+00,4.520000000000000000e+02,2.000000000000000000e+00,1.000000000000000000e+00,1.675289659427548372e+00
7.129999999999999716e+01,3.249367475509643555e+00,2.810185194015502930e+00,4.192116737365722656e+00,4.554059982299804688e+00,1.223022738788421604e+00,4.710000000000000000e+02,3.000000000000000000e+00,1.000000000000000000e+00,1.631579305376679390e+00
7.135000000000000853e+01,3.330761194229125977e+00,2.669504642486572266e+00,4.029628753662109375e+00,4.396360397338867188e+00,1.205050936419461483e+00,4.610000000000000000e+02,3.000000000000000000e+00,1.000000000000000000e+00,1.850210734313719518e+00
7.140000000000000568e+01,3.511446475982666016e+00,2.865406990051269531e+00,4.265410900115966797e+00,4.815099716186523438e+00,1.192116482832835667e+00,4.160000000000000000e+02,2.000000000000000000e+00,1.000000000000000000e+00,2.219238372872314180e+00
7.145000000000000284e+01,3.386310338973999023e+00,2.802465915679931641e+00,3.699295759201049805e+00,4.182749271392822266e+00,1.197003404628226741e+00,4.570000000000000000e+02,3.000000000000000000e+00,1.000000000000000000e+00,1.732384244046984101e+00
7.150000000000000000e+01,3.189935445785522461e+00,2.689304351806640625e+00,4.238501071929931641e+00,4.750423431396484375e+00,1.239138709737676924e+00,4.130000000000000000e+02,2.000000000000000000e+00,1.000000000000000000e+00,1.666873321490363935e+00
7.154999999999999716e+01,3.170913696289062500e+00,2.673517465591430664e+00,4.125824451446533203e+00,4.517468452453613281e+00,1.242042973702719877e+00,4.560000000000000000e+02,3.000000000000000000e+00,1.000000000000000000e+00,1.672855772295325671e+00
7.160000000000000853e+01,3.306823015213012695e+00,2.780869245529174805e+00,4.082044601440429688e+00,4.444778442382812500e+00,1.272454915071128401e+00,4.260000000000000000e+02,3.000000000000000000e+00,1.000000000000000000e+00,1.628380113949967178e+00
7.165000000000000568e+01,3.261576890945434570e+00,2.654025316238403320e+00,4.443272590637207031e+00,4.746061325073242188e+00,1.220247254790349345e+00,4.590000000000000000e+02,3.000000000000000000e+00,2.000000000000000000e+00,1.699483035810437581e+00
7.170000000000000284e+01,3.270769119262695312e+00,2.661944627761840820e+00,4.011572837829589844e+00,4.439777851104736328e+00,1.225876633133849980e+00,4.440000000000000000e+02,2.000000000000000000e+00,1.000000000000000000e+00,1.815747491520390833e+00
7.175000000000000000e+01,3.185836791992187500e+00,2.585128545761108398e+00,3.844220876693725586e+00,4.311544418334960938e+00,1.214344666853499399e+00,4.680000000000000000e+02,2.000000000000000000e+00,1.000000000000000000e+00,1.580169484882403497e+00
7.179999999999999716e+01,3.045654773712158203e+00,2.631695032119750977e+00,3.967410564422607422e+00,4.376109123229980469e+00,1.227208735271152262e+00,4.460000000000000000e+02,4.000000000000000000e+00,1.000000000000000000e+00,1.724105413961705358e+00
7.185000000000000853e+01,2.937497138977050781e+00,2.432679176330566406e+00,3.736702919006347656e+00,4.285387516021728516e+00,1.212169151636303344e+00,4.590000000000000000e+02,2.000000000000000000e+00,1.000000000000000000e+00,1.985328261669123240e+00
7.190000000000000568e+01,3.155490159988403320e+00,2.526710987091064453e+00,3.945377349853515625e+00,4.464850425720214844e+00,1.159163849192984763e+00,4.780000000000000000e+02,2.000000000000000000e+00,1.000000000000000000e+00,1.825926972191229680e+00
7.195000000000000284e+01,3.134150266647338867e+00,2.446540117263793945e+00,3.740114688873291016e+00,4.353808879852294922e+00,1.195443892594624469e+00,4.110000000000000000e+02,2.000000000000000000e+00,1.000000000000000000e+00,1.892600800643551517e+00
7.200000000000000000e+01,3.237181186676025391e+00,2.649362564086914062e+00,4.245702743530273438e+00,4.651219367980957031e+00,1.197449983983461586e+00,4.540000000000000000e+02,4.000000000000000000e+00,1.000000000000000000e+00,1.701849921547607059e+00
7.204999999999999716e+01,3.298090457916259766e+00,2.862258195877075195e+00,4.237930774688720703e+00,4.596735000610351562e+00,1.184867495339819499e+00,4.450000000000000000e+02,4.000000000000000000e+00,2.000000000000000000e+00,1.666280445238117691e+00
7.210000000000000853e+01,3.664419174194335938e+00,3.010246276855468750e+00,4.165496826171875000e+00,4.480100154876708984e+00,1.208940537940692339e+00,4.540000000000000000e+02,3.000000000000000000e+00,0.000000000000000000e+00,2.213581055672183773e+00
7.215000000000000568e+01,3.302582263946533203e+00,2.681754112243652344e+00,4.021179199218750000e+00,4.465118408203125000e+00,1.202649762996554461e+00,4.140000000000000000e+02,3.000000000000000000e+00,1.000000000000000000e+00,1.795787825696393059e+00
7.220000000000000284e+01,3.336267948150634766e+00,2.764486074447631836e+00,3.961592912673950195e+00,4.453423500061035156e+00,1.185197471965964144e+00,4.500000000000000000e+02,2.000000000000000000e+00,1.000000000000000000e+00,1.772716128434665084e+00
7.225000000000000000e+01,3.170694351196289062e+00,2.554963111877441406e+00,4.150968551635742188e+00,4.632802486419677734e+00,1.217910395457347361e+00,4.470000000000000000e+02,2.000000000000000000e+00,1.000000000000000000e+00,1.910192960091865233e+00
7.229999999999999716e+01,3.166416168212890625e+00,2.572424888610839844e+00,3.890644311904907227e+00,4.239602088928222656e+00,1.165375910922256342e+00,4.740000000000000000e+02,5.000000000000000000e+00,1.000000000000000000e+00,1.826853987464094331e+00
7.235000000000000853e+01,3.364944219589233398e+00,2.696019649505615234e+00,4.024129390716552734e+00,4.432206630706787109e+00,1.211505097556182520e+00,4.330000000000000000e+02,2.000000000000000000e+00,1.000000000000000000e+00,1.796259892787381407e+00
7.240000000000000568e+01,3.320162534713745117e+00,2.709227085113525391e+00,4.027902126312255859e+00,4.529699325561523438e+00,1.162160685181827358e+00,4.420000000000000000e+02,2.000000000000000000e+00,1.000000000000000000e+00,2.007443988202072926e+00
7.245000000000000284e+01,3.201793432235717773e+00,2.508666038513183594e+00,3.799380064010620117e+00,4.336119651794433594e+00,1.191270899118893611e+00,4.690000000000000000e+02,3.000000000000000000e+00,1.000000000000000000e+00,1.770755668462264731e+00
7.250000000000000000e+01,3.046315193176269531e+00,2.434741020202636719e+00,4.216263294219970703e+00,4.616349697113037109e+00,1.241997393306941921e+00,4.390000000000000000e+02,3.000000000000000000e+00,0.000000000000000000e+00,2.293441741025381564e+00
7.254999999999999716e+01,3.235614538192749023e+00,2.474944829940795898e+00,3.918728828430175781e+00,4.555315017700195312e+00,1.259051049632833097e+00,4.510000000000000000e+02,2.000000000000000000e+00,1.000000000000000000e+00,1.582153857150442544e+00
7.260000000000000853e+01,3.307987451553344727e+00,2.568853139877319336e+00,3.994850873947143555e+00,4.395120143890380859e+00,1.215332689853004577e+00,4.540000000000000000e+02,2.000000000000000000e+00,1.000000000000000000e+00,1.693162400290056713e+00
7.265000000000000568e+01,3.232892990112304688e+00,2.572515249252319336e+00,3.878786563873291016e+00,4.368631362915039062e+00,1.149954829419485458e+00,4.470000000000000000e+02,2.000000000000000000e+00,1.000000000000000000e+00,1.648112585630332694e+00
7.270000000000000284e+01,3.344289302825927734e+00,2.621047019958496094e+00,4.149147033691406250e+00,4.531108856201171875e+00,1.159551830946025097e+00,4.910000000000000000e+02,3.000000000000000000e+00,1.000000000000000000e+00,2.145310872815829661e+00
7.275000000000000000e+01,3.297671794891357422e+00,2.537593841552734375e+00,3.955588102340698242e+00,4.545384407043457031e+00,1.206336444923134632e+00,4.520000000000000000e+02,2.000000000000000000e+00,0.000000000000000000e+00,2.010470009589429896e+00
7.279999999999999716e+01,3.278932809829711914e+00,2.529076576232910156e+00,4.418750286102294922e+00,4.906787395477294922e+00,1.288187181932902714e+00,4.650000000000000000e+02,3.000000000000000000e+00,1.000000000000000000e+00,1.614336225689553928e+00
7.285000000000000853e+01,3.235232830047607422e+00,2.548361778259277344e+00,3.746245384216308594e+00,4.209862709045410156e+00,1.232015454492081608e+00,4.480000000000000000e+02,2.000000000000000000e+00,1.000000000000000000e+00,1.972739502704216719e+00
7.290000000000000568e+01,3.199573040008544922e+00,2.624045372009277344e+00,4.162020206451416016e+00,4.656969547271728516e+00,1.210598399214175336e+00,4.410000000000000000e+02,2.000000000000000000e+00,1.000000000000000000e+00,1.619350875194745409e+00
7.295000000000000284e+01,3.275421142578125000e+00,2.785966634750366211e+00,4.564373970031738281e+00,4.828586101531982422e+00,1.221366153347113626e+00,4.570000000000000000e+02,3.000000000000000000e+00,2.000000000000000000e+00,2.019606802327881034e+00
7.300000000000000000e+01,3.231451272964477539e+00,2.563824892044067383e+00,3.850670814514160156e+00,4.362329483032226562e+00,1.153344117631735610e+00,4.500000000000000000e+02,3.000000000000000000e+00,1.000000000000000000e+00,1.716995345443480536e+00
7.304999999999999716e+01,3.082190990447998047e+00,2.388074874877929688e+00,4.376505374908447266e+00,4.702616691589355469e+00,1.290086755897996929e+00,4.750000000000000000e+02,4.000000000000000000e+00,1.000000000000000000e+00,2.259400709454592704e+00
7.310000000000000853e+01,3.345128297805786133e+00,2.671713829040527344e+00,3.714570999145507812e+00,4.268471717834472656e+00,1.200536086766184285e+00,4.460000000000000000e+02,2.000000000000000000e+00,1.000000000000000000e+00,1.884144054946769842e+00
7.315000000000000568e+01,3.364673137664794922e+00,2.727439880371093750e+00,3.854808330535888672e+00,4.432743072509765625e+00,1.254166576453706883e+00,4.540000000000000000e+02,2.000000000000000000e+00,1.000000000000000000e+00,1.945927402583975896e+00
7.320000000000000284e+01,3.305843114852905273e+00,2.506983280181884766e+00,4.079238414764404297e+00,4.600623130798339844e+00,1.215098950597444993e+00,4.530000000000000000e+02,3.000000000000000000e+00,1.000000000000000000e+00,1.970844192933833616e+00
7.325000000000000000e+01,3.305994987487792969e+00,2.641341209411621094e+00,4.381862640380859375e+00,4.817944526672363281e+00,1.193094885549399908e+00,4.590000000000000000e+02,2.000000000000000000e+00,1.000000000000000000e+00,1.916405849699681418e+00
7.329999999999999716e+01,3.210649490356445312e+00,2.690012693405151367e+00,4.091280460357666016e+00,4.465896606445312500e+00,1.187140724414196713e+00,4.650000000000000000e+02,3.000000000000000000e+00,1.000000000000000000e+00,1.703335524816343316e+00
7.335000000000000853e+01,3.106768608093261719e+00,2.606128215789794922e+00,3.934227466583251953e+00,4.360037803649902344e+00,1.209814062090373010e+00,4.430000000000000000e+02,2.000000000000000000e+00,2.000000000000000000e+00,1.612918905558266669e+00
7.340000000000000568e+01,3.080136775970458984e+00,2.612757205963134766e+00,3.869142293930053711e+00,4.298037528991699219e+00,9.473937666306754268e-01,4.800000000000000000e+02,2.000000000000000000e+00,1.000000000000000000e+00,1.638724415555286917e+00
7.345000000000000284e+01,3.120103359222412109e+00,2.624171018600463867e+00,3.953712224960327148e+00,4.372381210327148438e+00,9.190836166787896833e-01,4.200000000000000000e+02,2.000000000000000000e+00,1.000000000000000000e+00,1.691762561951537513e+00
7.350000000000000000e+01,3.246960163116455078e+00,2.546012401580810547e+00,4.126854419708251953e+00,4.496949195861816406e+00,9.731082046212460313e-01,4.930000000000000000e+02,4.000000000000000000e+00,1.000000000000000000e+00,1.910541525842621935e+00
7.354999999999999716e+01,3.084116935729980469e+00,2.504732608795166016e+00,3.895673751831054688e+00,4.358718395233154297e+00,9.979470539579592403e-01,4.610000000000000000e+02,1.000000000000000000e+00,0.000000000000000000e+00,2.131173074987610327e+00
7.360000000000000853e+01,3.220432996749877930e+00,2.556545495986938477e+00,3.875523090362548828e+00,4.393494129180908203e+00,8.758260779789729389e-01,4.510000000000000000e+02,2.000000000000000000e+00,1.000000000000000000e+00,2.138071943975873968e+00
7.365000000000000568e+01,3.146056175231933594e+00,2.580819129943847656e+00,3.950545310974121094e+00,4.308794975280761719e+00,1.052771908685810498e+00,4.460000000000000000e+02,2.000000000000000000e+00,1.000000000000000000e+00,1.883625152269151615e+00
7.370000000000000284e+01,3.197075366973876953e+00,2.772890567779541016e+00,3.828691244125366211e+00,4.293069839477539062e+00,9.265898116001526352e-01,4.550000000000000000e+02,2.000000000000000000e+00,1.000000000000000000e+00,2.051250429690455679e+00
7.375000000000000000e+01,3.141231775283813477e+00,2.699556112289428711e+00,3.992900848388671875e+00,4.410078525543212891e+00,9.153354657514896076e-01,4.510000000000000000e+02,3.000000000000000000e+00,1.000000000000000000e+00,1.978418700916273920e+00
7.379999999999999716e+01,3.049509048461914062e+00,2.589850187301635742e+00,3.977289438247680664e+00,4.450130939483642578e+00,9.577026930321873577e-01,4.640000000000000000e+02,2.000000000000000000e+00,1.000000000000000000e+00,1.868563451860551838e+00
7.385000000000000853e+01,3.245746135711669922e+00,2.713938236236572266e+00,3.993385791778564453e+00,4.374614238739013672e+00,8.096595577953060729e-01,4.830000000000000000e+02,3.000000000000000000e+00,2.000000000000000000e+00,1.919699737030196030e+00
7.390000000000000568e+01,3.093669414520263672e+00,2.656313896179199219e+00,4.045843601226806641e+00,4.568590641021728516e+00,9.662069260346722865e-01,4.630000000000000000e+02,4.000000000000000000e+00,1.000000000000000000e+00,2.063292877780485313e+00
7.395000000000000284e+01,3.353109836578369141e+00,2.691209793090820312e+00,4.081790924072265625e+00,4.485527992248535156e+00,9.100001781075639506e-01,4.200000000000000000e+02,2.000000000000000000e+00,1.000000000000000000e+00,1.740139596242901154e+00
7.400000000000000000e+01,3.030574083328247070e+00,2.477293729782104492e+00,4.116037845611572266e+00,4.533205509185791016e+00,9.326282354819495080e-01,4.530000000000000000e+02,4.000000000000000000e+00,2.000000000000000000e+00,2.138541388379641806e+00
7.404999999999999716e+01,3.001069784164428711e+00,2.507672071456909180e+00,3.899716377258300781e+00,4.229720592498779297e+00,1.019177826336597814e+00,4.600000000000000000e+02,3.000000000000000000e+00,1.000000000000000000e+00,2.226556771812462809e+00
7.410000000000000853e+01,3.052546024322509766e+00,2.775232791900634766e+00,3.827023983001708984e+00,4.206501007080078125e+00,9.339887937960954511e-01,4.860000000000000000e+02,2.000000000000000000e+00,1.000000000000000000e+00,1.939249756314813444e+00
7.415000000000000568e+01,3.047712802886962891e+00,2.715891361236572266e+00,4.042727470397949219e+00,4.412375450134277344e+00,9.713594969409264923e-01,4.420000000000000000e+02,3.000000000000000000e+00,1.000000000000000000e+00,1.635780590874443607e+00
7.420000000000000284e+01,2.926862716674804688e+00,2.578524589538574219e+00,3.954805135726928711e+00,4.397620201110839844e+00,9.238509506955751016e-01,4.360000000000000000e+02,3.000000000000000000e+00,1.000000000000000000e+00,1.971488432797197321e+00
7.425000000000000000e+01,3.198238849639892578e+00,2.669294357299804688e+00,3.931948661804199219e+00,4.198602676391601562e+00,8.471849144639449491e-01,4.590000000000000000e+02,4.000000000000000000e+00,1.000000000000000000e+00,1.655959679707114995e+00
7.429999999999999716e+01,3.242954254150390625e+00,2.517842292785644531e+00,3.705625295639038086e+00,4.133245944976806641e+00,1.076611723897898054e+00,4.490000000000000000e+02,2.000000000000000000e+00,1.000000000000000000e+00,1.656398552497680976e+00
7.435000000000000853e+01,3.127087593078613281e+00,2.526537418365478516e+00,3.753243684768676758e+00,4.243411540985107422e+00,1.156743792452349151e+00,4.400000000000000000e+02,2.000000000000000000e+00,1.000000000000000000e+00,2.207113649803755351e+00
7.440000000000000568e+01,3.012870311737060547e+00,2.530432701110839844e+00,3.821670770645141602e+00,4.262540340423583984e+00,1.079748534668319104e+00,4.390000000000000000e+02,2.000000000000000000e+00,1.000000000000000000e+00,1.732062122087282274e+00
7.445000000000000284e+01,3.216735124588012695e+00,2.642073869705200195e+00,3.994977474212646484e+00,4.356707572937011719e+00,9.837224929414754016e-01,4.660000000000000000e+02,2.000000000000000000e+00,1.000000000000000000e+00,1.734190200873153342e+00
7.450000000000000000e+01,3.106721401214599609e+00,2.745494842529296875e+00,3.805134057998657227e+00,4.175782680511474609e+00,1.095785626882846531e+00,4.650000000000000000e+02,2.000000000000000000e+00,1.000000000000000000e+00,1.778792693883739506e+00
7.454999999999999716e+01,3.053545713424682617e+00,2.597467422485351562e+00,3.942493915557861328e+00,4.166520118713378906e+00,1.160856174483678060e+00,4.360000000000000000e+02,4.000000000000000000e+00,0.000000000000000000e+00,2.321854234806646655e+00
7.460000000000000853e+01,3.081100225448608398e+00,2.625271797180175781e+00,3.953656911849975586e+00,4.364527702331542969e+00,1.056382789848842263e+00,4.460000000000000000e+02,3.000000000000000000e+00,1.000000000000000000e+00,1.763581591901654866e+00
7.465000000000000568e+01,2.860530376434326172e+00,2.550673961639404297e+00,3.964474439620971680e+00,4.350063323974609375e+00,1.088353636339456143e+00,4.420000000000000000e+02,3.000000000000000000e+00,0.000000000000000000e+00,2.287425471341518524e+00
7.470000000000000284e+01,3.123946666717529297e+00,2.708093643188476562e+00,4.264289379119873047e+00,4.534348964691162109e+00,1.225196524083290273e+00,4.650000000000000000e+02,3.000000000000000000e+00,1.000000000000000000e+00,2.332800623801172257e+00
7.475000000000000000e+01,3.043987751007080078e+00,2.496057748794555664e+00,4.080603122711181641e+00,4.439494132995605469e+00,1.083979882650472515e+00,4.640000000000000000e+02,3.000000000000000000e+00,1.000000000000000000e+00,1.560305685879390225e+00
7.479999999999999716e+01,3.046682119369506836e+00,2.597538232803344727e+00,3.799944162368774414e+00,4.211155891418457031e+00,8.842297921971278285e-01,4.260000000000000000e+02,2.000000000000000000e+00,1.000000000000000000e+00,1.703254789710128669e+00
7.485000000000000853e+01,3.179414749145507812e+00,2.769089698791503906e+00,4.111141681671142578e+00,4.499817848205566406e+00,9.108167064789517431e-01,4.680000000000000000e+02,2.000000000000000000e+00,1.000000000000000000e+00,1.686726903881011097e+00
7.490000000000000568e+01,3.146595954895019531e+00,2.622682094573974609e+00,3.955551147460937500e+00,4.384061336517333984e+00,8.734105105272670366e-01,4.180000000000000000e+02,2.000000000000000000e+00,1.000000000000000000e+00,1.669694309244262653e+00
7.495000000000000284e+01,2.995224952697753906e+00,2.455882310867309570e+00,3.912958145141601562e+00,4.354968547821044922e+00,8.635725748578221284e-01,4.620000000000000000e+02,3.000000000000000000e+00,0.000000000000000000e+00,2.190239027834639973e+00
7.500000000000000000e+01,3.144362449645996094e+00,2.607947349548339844e+00,3.693735599517822266e+00,4.148105621337890625e+00,9.244499530165384282e-01,4.270000000000000000e+02,2.000000000000000000e+00,1.000000000000000000e+00,1.738588361991548981e+00
7.504999999999999716e+01,3.033891916275024414e+00,2.564200878143310547e+00,3.882221698760986328e+00,4.370807647705078125e+00,9.134674701213516546e-01,4.590000000000000000e+02,3.000000000000000000e+00,2.000000000000000000e+00,1.565498524633164745e+00
7.510000000000000853e+01,3.140577316284179688e+00,2.633166551589965820e+00,3.713790416717529297e+00,4.240259647369384766e+00,9.149148489027043585e-01,4.670000000000000000e+02,2.000000000000000000e+00,1.000000000000000000e+00,1.757104939251343367e+00
7.515000000000000568e+01,3.222406148910522461e+00,2.726018428802490234e+00,4.033136844635009766e+00,4.590600967407226562e+00,9.542310720938267377e-01,4.540000000000000000e+02,2.000000000000000000e+00,1.000000000000000000e+00,1.839995405991408539e+00
7.520000000000000284e+01,3.299110889434814453e+00,2.663705110549926758e+00,3.950861692428588867e+00,4.240224838256835938e+00,8.885096466175468333e-01,4.450000000000000000e+02,4.000000000000000000e+00,2.000000000000000000e+00,2.035166638137536843e+00
7.525000000000000000e+01,3.107331991195678711e+00,2.501344203948974609e+00,3.827618598937988281e+00,4.392375469207763672e+00,8.716591094390592209e-01,4.550000000000000000e+02,2.000000000000000000e+00,1.000000000000000000e+00,1.687891145466259957e+00
7.529999999999999716e+01,3.258183240890502930e+00,2.687364578247070312e+00,4.186605453491210938e+00,4.539171218872070312e+00,9.028589814704415240e-01,4.800000000000000000e+02,2.000000000000000000e+00,1.000000000000000000e+00,1.872227316534259334e+00
7.535000000000000853e+01,3.084035396575927734e+00,2.645104408264160156e+00,3.728060245513916016e+00,4.067674636840820312e+00,8.624212879734820536e-01,4.540000000000000000e+02,4.000000000000000000e+00,1.000000000000000000e+00,2.101725840610674911e+00
7.540000000000000568e+01,3.375303745269775391e+00,2.754211187362670898e+00,4.140010833740234375e+00,4.506283283233642578e+00,9.305271653233280205e-01,4.550000000000000000e+02,3.000000000000000000e+00,1.000000000000000000e+00,2.090567465513197387e+00
7.545000000000000284e+01,3.253950595855712891e+00,2.534780740737915039e+00,3.886328697204589844e+00,4.345314979553222656e+00,9.119977000839118997e-01,4.370000000000000000e+02,2.000000000000000000e+00,1.000000000000000000e+00,1.868727394554189569e+00
7.550000000000000000e+01,3.200815677642822266e+00,2.500894069671630859e+00,3.831463098526000977e+00,4.168572425842285156e+00,9.382114524695067681e-01,4.570000000000000000e+02,2.000000000000000000e+00,1.000000000000000000e+00,1.741981560282990005e+00
7.554999999999999716e+01,3.126137495040893555e+00,2.504011631011962891e+00,3.828979492187500000e+00,4.246647834777832031e+00,9.895736821035834296e-01,4.340000000000000000e+02,2.000000000000000000e+00,0.000000000000000000e+00,2.014516606020988032e+00
7.560000000000000853e+01,3.159682512283325195e+00,2.506629943847656250e+00,3.699769735336303711e+00,4.126068115234375000e+00,9.190177089724288484e-01,4.280000000000000000e+02,2.000000000000000000e+00,1.000000000000000000e+00,1.805494004139373221e+00
7.565000000000000568e+01,3.263665676116943359e+00,2.600315809249877930e+00,3.900415658950805664e+00,4.280219554901123047e+00,8.291974872057421564e-01,4.400000000000000000e+02,3.000000000000000000e+00,1.000000000000000000e+00,1.690844060411341943e+00
7.570000000000000284e+01,3.212876796722412109e+00,2.666058540344238281e+00,3.737915992736816406e+00,4.133795738220214844e+00,8.169448379587251896e-01,4.340000000000000000e+02,4.000000000000000000e+00,1.000000000000000000e+00,1.812135996759906886e+00
7.575000000000000000e+01,3.176501750946044922e+00,2.714454889297485352e+00,3.498611688613891602e+00,3.957393407821655273e+00,9.087986000512795481e-01,4.470000000000000000e+02,2.000000000000000000e+00,1.000000000000000000e+00,1.752859661573438199e+00
7.579999999999999716e+01,3.319053649902343750e+00,2.673154354095458984e+00,3.881808280944824219e+00,4.239863395690917969e+00,9.503916318529923579e-01,4.490000000000000000e+02,3.000000000000000000e+00,1.000000000000000000e+00,1.893683110884013754e+00
7.585000000000000853e+01,3.181358814239501953e+00,2.590261936187744141e+00,4.093183994293212891e+00,4.479302406311035156e+00,9.899356045975689078e-01,4.550000000000000000e+02,3.000000000000000000e+00,1.000000000000000000e+00,1.723025805870168847e+00
7.590000000000000568e+01,3.244806528091430664e+00,2.573093175888061523e+00,3.941275596618652344e+00,4.314964294433593750e+00,9.191090049310379761e-01,4.350000000000000000e+02,2.000000000000000000e+00,1.000000000000000000e+00,1.736736506439684247e+00
7.595000000000000284e+01,3.220551013946533203e+00,2.673094511032104492e+00,4.087182998657226562e+00,4.475834846496582031e+00,9.282402076870078789e-01,4.170000000000000000e+02,2.000000000000000000e+00,1.000000000000000000e+00,1.600098800404188060e+00
7.600000000000000000e+01,3.175168037414550781e+00,2.577165126800537109e+00,3.764047145843505859e+00,4.136408805847167969e+00,8.959147702227289178e-01,4.570000000000000000e+02,5.000000000000000000e+00,1.000000000000000000e+00,1.675861627541904486e+00
7.604999999999999716e+01,3.113390922546386719e+00,2.511275291442871094e+00,3.947108745574951172e+00,4.301434040069580078e+00,8.489915065895793367e-01,4.380000000000000000e+02,3.000000000000000000e+00,1.000000000000000000e+00,1.763569529845706807e+00
7.610000000000000853e+01,3.288858413696289062e+00,2.596538305282592773e+00,3.880632162094116211e+00,4.253525733947753906e+00,9.606421523513614114e-01,4.400000000000000000e+02,2.000000000000000000e+00,1.000000000000000000e+00,1.935472680732396977e+00
7.615000000000000568e+01,3.322647809982299805e+00,2.689010620117187500e+00,3.883516550064086914e+00,4.227251529693603516e+00,8.946875459685050824e-01,4.410000000000000000e+02,2.000000000000000000e+00,1.000000000000000000e+00,1.992854112265988853e+00
7.620000000000000284e+01,3.437465429306030273e+00,2.834914684295654297e+00,4.128850460052490234e+00,4.580675125122070312e+00,8.531839325118912853e-01,4.590000000000000000e+02,3.000000000000000000e+00,1.000000000000000000e+00,1.526590791270639347e+00
7.625000000000000000e+01,3.370759725570678711e+00,2.734143733978271484e+00,3.898407220840454102e+00,4.168271541595458984e+00,9.075632920616514276e-01,4.540000000000000000e+02,3.000000000000000000e+00,1.000000000000000000e+00,1.983549677591634364e+00
7.629999999999999716e+01,3.319046735763549805e+00,2.729601383209228516e+00,3.912955284118652344e+00,4.296120166778564453e+00,9.090364945818587561e-01,4.330000000000000000e+02,2.000000000000000000e+00,1.000000000000000000e+00,1.524125908883593672e+00
7.635000000000000853e+01,3.226714611053466797e+00,2.566372156143188477e+00,3.879579544067382812e+00,4.409299850463867188e+00,8.433602173690855075e-01,4.370000000000000000e+02,2.000000000000000000e+00,1.000000000000000000e+00,1.715543940939567857e+00
7.640000000000000568e+01,3.123312950134277344e+00,2.497799158096313477e+00,3.774881124496459961e+00,4.171603202819824219e+00,8.574096793473472422e-01,4.210000000000000000e+02,4.000000000000000000e+00,2.000000000000000000e+00,1.794544548848691301e+00
7.645000000000000284e+01,2.992716789245605469e+00,2.517786502838134766e+00,3.780444622039794922e+00,4.100548267364501953e+00,1.001091774478555463e+00,4.030000000000000000e+02,2.000000000000000000e+00,1.000000000000000000e+00,1.861408518519247934e+00
7.650000000000000000e+01,3.214821577072143555e+00,2.622949600219726562e+00,4.200279235839843750e+00,4.508603096008300781e+00,8.493719742295202657e-01,4.380000000000000000e+02,3.000000000000000000e+00,1.000000000000000000e+00,2.145353254322374781e+00
7.654999999999999716e+01,3.510423183441162109e+00,2.950405120849609375e+00,3.839409828186035156e+00,4.220746994018554688e+00,8.658542828265465285e-01,4.240000000000000000e+02,2.000000000000000000e+00,1.000000000000000000e+00,1.764285842593301012e+00
7.660000000000000853e+01,3.202540397644042969e+00,2.561370849609375000e+00,3.916565179824829102e+00,4.288102149963378906e+00,9.034295156570097962e-01,4.470000000000000000e+02,3.000000000000000000e+00,1.000000000000000000e+00,1.837302793379114174e+00
7.665000000000000568e+01,3.276547431945800781e+00,2.657079935073852539e+00,3.800366163253784180e+00,4.285746097564697266e+00,9.205577914008438167e-01,4.650000000000000000e+02,2.000000000000000000e+00,1.000000000000000000e+00,1.727469696397609056e+00
7.670000000000000284e+01,3.267370462417602539e+00,2.623115777969360352e+00,3.829851388931274414e+00,4.226134300231933594e+00,8.380563444003464868e-01,4.680000000000000000e+02,2.000000000000000000e+00,1.000000000000000000e+00,1.851228235565055558e+00
7.675000000000000000e+01,3.296860694885253906e+00,2.741425037384033203e+00,3.629539012908935547e+00,4.046797275543212891e+00,9.379554742704476755e-01,4.460000000000000000e+02,3.000000000000000000e+00,1.000000000000000000e+00,1.645573934901989110e+00
7.680000000000001137e+01,3.515958786010742188e+00,2.908282041549682617e+00,4.055637836456298828e+00,4.370492458343505859e+00,8.271562353986496863e-01,4.540000000000000000e+02,2.000000000000000000e+00,2.000000000000000000e+00,1.710158401790965454e+00
7.685000000000000853e+01,3.240192413330078125e+00,2.768802165985107422e+00,4.027916908264160156e+00,4.308065414428710938e+00,8.727350079499847091e-01,4.710000000000000000e+02,3.000000000000000000e+00,1.000000000000000000e+00,1.650824041831598032e+00
7.690000000000000568e+01,3.390690803527832031e+00,2.864862918853759766e+00,3.946470975875854492e+00,4.256755828857421875e+00,8.759154859169892005e-01,4.590000000000000000e+02,3.000000000000000000e+00,1.000000000000000000e+00,1.767752981280072078e+00
7.695000000000000284e+01,3.473091602325439453e+00,2.995064020156860352e+00,4.054220199584960938e+00,4.344199180603027344e+00,8.365281057015739874e-01,4.610000000000000000e+02,2.000000000000000000e+00,1.000000000000000000e+00,1.857184206006946559e+00
7.700000000000000000e+01,3.373761653900146484e+00,3.013820648193359375e+00,3.951376438140869141e+00,4.303233623504638672e+00,8.757275441876172239e-01,4.280000000000000000e+02,3.000000000000000000e+00,1.000000000000000000e+00,1.876868630441192565e+00
7.705000000000001137e+01,3.318754434585571289e+00,2.859085559844970703e+00,3.988413810729980469e+00,4.267488002777099609e+00,9.570742279619514070e-01,4.570000000000000000e+02,2.000000000000000000e+00,0.000000000000000000e+00,2.270529015776988402e+00
7.710000000000000853e+01,3.367825508117675781e+00,2.899121284484863281e+00,4.059634685516357422e+00,4.397809982299804688e+00,8.229935689380547537e-01,4.500000000000000000e+02,2.000000000000000000e+00,1.000000000000000000e+00,1.891616766799738336e+00
7.715000000000000568e+01,3.166179656982421875e+00,2.761913776397705078e+00,4.500480651855468750e+00,4.791612148284912109e+00,9.211318744000934755e-01,4.690000000000000000e+02,3.000000000000000000e+00,1.000000000000000000e+00,1.804072631435767349e+00
7.720000000000000284e+01,3.346609115600585938e+00,2.814415931701660156e+00,4.417229175567626953e+00,4.828641891479492188e+00,8.808123413975772475e-01,4.410000000000000000e+02,3.000000000000000000e+00,1.000000000000000000e+00,1.786405460280626745e+00
7.725000000000000000e+01,3.283431053161621094e+00,2.742351055145263672e+00,4.078213691711425781e+00,4.442430019378662109e+00,1.016731007044549440e+00,4.250000000000000000e+02,2.000000000000000000e+00,1.000000000000000000e+00,2.295138676870507766e+00
7.730000000000001137e+01,3.365931272506713867e+00,2.881969213485717773e+00,4.117024421691894531e+00,4.479421138763427734e+00,8.938131389488401801e-01,4.680000000000000000e+02,2.000000000000000000e+00,1.000000000000000000e+00,1.746989826455977557e+00
7.735000000000000853e+01,3.303032398223876953e+00,2.793539047241210938e+00,4.191092491149902344e+00,4.570411682128906250e+00,9.298291816311614610e-01,4.490000000000000000e+02,2.000000000000000000e+00,1.000000000000000000e+00,2.024535857780318082e+00
7.740000000000000568e+01,3.395836591720581055e+00,3.000424385070800781e+00,4.025744438171386719e+00,4.503031253814697266e+00,9.089389181733520395e-01,4.550000000000000000e+02,2.000000000000000000e+00,1.000000000000000000e+00,1.975586266313351658e+00
7.745000000000000284e+01,3.570190906524658203e+00,3.104091644287109375e+00,3.836413860321044922e+00,4.225040435791015625e+00,9.090022006177262970e-01,4.420000000000000000e+02,2.000000000000000000e+00,1.000000000000000000e+00,1.789530843803275761e+00
7.750000000000000000e+01,3.238129615783691406e+00,2.758972644805908203e+00,4.013796806335449219e+00,4.403626441955566406e+00,8.151184659236437868e-01,4.770000000000000000e+02,3.000000000000000000e+00,1.000000000000000000e+00,1.714907557771965463e+00
7.755000000000001137e+01,3.105452299118041992e+00,2.631664514541625977e+00,3.964523792266845703e+00,4.337994575500488281e+00,9.469087172919479212e-01,4.310000000000000000e+02,3.000000000000000000e+00,1.000000000000000000e+00,1.867460563078102265e+00
7.760000000000000853e+01,3.414465427398681641e+00,2.814645767211914062e+00,4.201683998107910156e+00,4.628093242645263672e+00,8.838884071460197944e-01,4.830000000000000000e+02,2.000000000000000000e+00,1.000000000000000000e+00,1.789863683764071123e+00
7.765000000000000568e+01,3.292628765106201172e+00,2.677282094955444336e+00,4.178287029266357422e+00,4.532293796539306641e+00,9.539068510218422503e-01,4.340000000000000000e+02,2.000000000000000000e+00,1.000000000000000000e+00,1.809103483202361362e+00
7.770000000000000284e+01,3.379803180694580078e+00,2.918591022491455078e+00,4.288635730743408203e+00,4.619125366210937500e+00,9.044990313543013194e-01,4.490000000000000000e+02,2.000000000000000000e+00,1.000000000000000000e+00,1.912058971085407233e+00
7.775000000000000000e+01,3.419533014297485352e+00,2.853132247924804688e+00,4.057330608367919922e+00,4.485126972198486328e+00,8.257875219969761371e-01,4.450000000000000000e+02,2.000000000000000000e+00,1.000000000000000000e+00,1.648313059594751273e+00
7.780000000000001137e+01,3.334627151489257812e+00,2.834616661071777344e+00,3.878104209899902344e+00,4.162075042724609375e+00,8.813125103708784325e-01,4.590000000000000000e+02,2.000000000000000000e+00,1.000000000000000000e+00,1.669539951061784988e+00
7.785000000000000853e+01,3.450532197952270508e+00,2.945126295089721680e+00,3.944282293319702148e+00,4.316563129425048828e+00,9.438472519119815995e-01,4.150000000000000000e+02,2.000000000000000000e+00,1.000000000000000000e+00,1.775646519134952417e+00
7.790000000000000568e+01,3.269796371459960938e+00,2.715312004089355469e+00,3.932540178298950195e+00,4.332186222076416016e+00,9.240688725971389905e-01,4.630000000000000000e+02,3.000000000000000000e+00,1.000000000000000000e+00,1.604447253135991236e+00
7.795000000000000284e+01,3.428105115890502930e+00,2.890829801559448242e+00,4.258359432220458984e+00,4.550168991088867188e+00,8.627318253874406428e-01,4.720000000000000000e+02,3.000000000000000000e+00,1.000000000000000000e+00,1.711422534689722719e+00
7.800000000000000000e+01,3.464527368545532227e+00,2.836830139160156250e+00,3.760345220565795898e+00,4.180308341979980469e+00,9.316510194106857323e-01,4.830000000000000000e+02,2.000000000000000000e+00,1.000000000000000000e+00,1.733240771032047656e+00
7.805000000000001137e+01,3.270032167434692383e+00,2.580856084823608398e+00,3.734557867050170898e+00,4.165354728698730469e+00,8.698698067858169347e-01,4.360000000000000000e+02,2.000000000000000000e+00,1.000000000000000000e+00,1.775014249173023195e+00
7.810000000000000853e+01,3.180056810379028320e+00,2.770881891250610352e+00,3.632479190826416016e+00,4.251484870910644531e+00,9.177143560331048056e-01,4.730000000000000000e+02,2.000000000000000000e+00,1.000000000000000000e+00,1.602961770483167125e+00
7.815000000000000568e+01,3.296186923980712891e+00,2.742502927780151367e+00,3.827396392822265625e+00,4.295757293701171875e+00,8.609609082751928932e-01,4.950000000000000000e+02,2.000000000000000000e+00,1.000000000000000000e+00,1.641104346038268602e+00
7.820000000000000284e+01,3.393041849136352539e+00,2.714262247085571289e+00,4.150349140167236328e+00,4.589221954345703125e+00,8.950707627654973519e-01,4.450000000000000000e+02,2.000000000000000000e+00,1.000000000000000000e+00,1.870919281573050430e+00
7.825000000000000000e+01,3.195815563201904297e+00,2.638809919357299805e+00,3.867096900939941406e+00,4.273273468017578125e+00,8.612279587723642438e-01,4.700000000000000000e+02,2.000000000000000000e+00,1.000000000000000000e+00,1.634925714837972777e+00
7.830000000000001137e+01,3.369584321975708008e+00,2.673372745513916016e+00,4.085142135620117188e+00,4.530551910400390625e+00,9.305587068683401908e-01,4.630000000000000000e+02,2.000000000000000000e+00,1.000000000000000000e+00,1.832929062394777375e+00
7.835000000000000853e+01,3.285377502441406250e+00,2.762865543365478516e+00,3.948641777038574219e+00,4.341243743896484375e+00,8.443289080390204981e-01,4.550000000000000000e+02,2.000000000000000000e+00,2.000000000000000000e+00,1.666957126760195251e+00
7.840000000000000568e+01,3.507089376449584961e+00,2.849245548248291016e+00,3.930603981018066406e+00,4.269812107086181641e+00,8.356689315660326134e-01,4.680000000000000000e+02,2.000000000000000000e+00,1.000000000000000000e+00,1.693000628878111424e+00
7.845000000000000284e+01,3.226075172424316406e+00,2.770365238189697266e+00,4.289045810699462891e+00,4.528683662414550781e+00,8.055650032338392830e-01,4.830000000000000000e+02,2.000000000000000000e+00,0.000000000000000000e+00,2.274926550995190588e+00
7.850000000000000000e+01,3.247214317321777344e+00,2.588198423385620117e+00,4.087517261505126953e+00,4.443310737609863281e+00,8.875807851084536182e-01,4.320000000000000000e+02,2.000000000000000000e+00,1.000000000000000000e+00,1.736560239639715064e+00
7.855000000000001137e+01,3.313647508621215820e+00,2.854185104370117188e+00,3.752103328704833984e+00,4.317079544067382812e+00,9.010911977860349698e-01,4.300000000000000000e+02,2.000000000000000000e+00,1.000000000000000000e+00,1.972664790588807282e+00
7.860000000000000853e+01,3.426983594894409180e+00,2.915621995925903320e+00,4.103929519653320312e+00,4.500733375549316406e+00,8.362489393393619519e-01,4.280000000000000000e+02,2.000000000000000000e+00,1.000000000000000000e+00,1.865288247949620892e+00
7.865000000000000568e+01,3.493350028991699219e+00,2.745434761047363281e+00,4.135868072509765625e+00,4.520336151123046875e+00,9.120911725315332674e-01,4.740000000000000000e+02,3.000000000000000000e+00,1.000000000000000000e+00,1.860679478015098143e+00
7.870000000000000284e+01,3.465454339981079102e+00,2.797546148300170898e+00,3.990503787994384766e+00,4.376813411712646484e+00,8.622672909234618821e-01,4.760000000000000000e+02,2.000000000000000000e+00,1.000000000000000000e+00,1.595930097875050135e+00
7.875000000000000000e+01,3.281067609786987305e+00,2.828749418258666992e+00,3.861620187759399414e+00,4.297188282012939453e+00,8.852655722737219346e-01,4.300000000000000000e+02,2.000000000000000000e+00,1.000000000000000000e+00,1.672726776357271961e+00
7.880000000000001137e+01,3.304203510284423828e+00,2.832899570465087891e+00,4.057851314544677734e+00,4.389706611633300781e+00,9.342485794590111858e-01,4.370000000000000000e+02,2.000000000000000000e+00,1.000000000000000000e+00,1.815676853278103131e+00
7.885000000000000853e+01,3.450232982635498047e+00,2.856397390365600586e+00,3.800082683563232422e+00,4.173994541168212891e+00,8.398630610321550227e-01,4.910000000000000000e+02,2.000000000000000000e+00,1.000000000000000000e+00,1.560841202707107467e+00
7.890000000000000568e+01,3.501398324966430664e+00,2.913987159729003906e+00,4.028549671173095703e+00,4.384697437286376953e+00,8.713361923157245670e-01,4.430000000000000000e+02,2.000000000000000000e+00,1.000000000000000000e+00,1.771243822864834616e+00
7.895000000000000284e+01,3.579925060272216797e+00,2.920707225799560547e+00,3.840968132019042969e+00,4.285245895385742188e+00,8.297005145451175068e-01,4.740000000000000000e+02,2.000000000000000000e+00,1.000000000000000000e+00,1.793006111969538185e+00
7.900000000000000000e+01,3.284576177597045898e+00,2.723284244537353516e+00,3.661402225494384766e+00,4.156536102294921875e+00,8.797149631596639097e-01,4.740000000000000000e+02,2.000000000000000000e+00,1.000000000000000000e+00,1.672438965685978385e+00
7.905000000000001137e+01,3.276202201843261719e+00,2.814629554748535156e+00,3.815399169921875000e+00,4.325550556182861328e+00,9.168143508364157146e-01,4.390000000000000000e+02,2.000000000000000000e+00,1.000000000000000000e+00,1.721944581726295276e+00
7.910000000000000853e+01,3.411382675170898438e+00,2.785795688629150391e+00,3.823257923126220703e+00,4.197218894958496094e+00,8.800670969849635483e-01,4.580000000000000000e+02,2.000000000000000000e+00,1.000000000000000000e+00,1.891003947152575915e+00
7.915000000000000568e+01,3.300254344940185547e+00,2.752015829086303711e+00,3.579901695251464844e+00,4.066718101501464844e+00,9.037049267738641589e-01,4.400000000000000000e+02,2.000000000000000000e+00,1.000000000000000000e+00,1.842166284159470147e+00
7.920000000000000284e+01,3.276099920272827148e+00,2.739478588104248047e+00,3.250755310058593750e+00,3.686414241790771484e+00,9.028355023742615781e-01,4.140000000000000000e+02,2.000000000000000000e+00,1.000000000000000000e+00,1.648160694291951778e+00
7.925000000000000000e+01,3.384234666824340820e+00,2.886507272720336914e+00,3.939164876937866211e+00,4.354687213897705078e+00,9.155836835907740223e-01,4.720000000000000000e+02,2.000000000000000000e+00,1.000000000000000000e+00,1.883202092759158397e+00
7.930000000000001137e+01,3.290316104888916016e+00,2.654877901077270508e+00,3.946380853652954102e+00,4.227574348449707031e+00,8.604482581257890672e-01,4.310000000000000000e+02,3.000000000000000000e+00,1.000000000000000000e+00,1.747978006098080739e+00
7.935000000000000853e+01,3.308839559555053711e+00,2.566502332687377930e+00,3.673662662506103516e+00,4.130047321319580078e+00,8.664501274358058502e-01,4.850000000000000000e+02,3.000000000000000000e+00,1.000000000000000000e+00,1.810926581189203244e+00
7.940000000000000568e+01,3.180136203765869141e+00,2.627085208892822266e+00,3.547976255416870117e+00,4.027481555938720703e+00,8.704908345004735981e-01,4.620000000000000000e+02,4.000000000000000000e+00,1.000000000000000000e+00,1.772657749162819041e+00
7.945000000000000284e+01,3.287242889404296875e+00,2.887294530868530273e+00,3.593070268630981445e+00,4.196903228759765625e+00,1.012266387102554122e+00,4.770000000000000000e+02,2.000000000000000000e+00,1.000000000000000000e+00,1.835194125503763152e+00
7.950000000000000000e+01,3.309495925903320312e+00,2.809225559234619141e+00,3.920871019363403320e+00,4.271993637084960938e+00,8.754712860790353490e-01,4.530000000000000000e+02,2.000000000000000000e+00,1.000000000000000000e+00,1.690157755126324712e+00
7.955000000000001137e+01,3.237438678741455078e+00,2.658997058868408203e+00,3.981956481933593750e+00,4.369860649108886719e+00,9.584991777816695979e-01,4.450000000000000000e+02,2.000000000000000000e+00,1.000000000000000000e+00,1.692045000467786942e+00
7.960000000000000853e+01,3.247809886932373047e+00,2.550184488296508789e+00,3.745694160461425781e+00,4.115058898925781250e+00,9.273375770591075762e-01,4.490000000000000000e+02,3.000000000000000000e+00,1.000000000000000000e+00,1.932892124983772497e+00
7.965000000000000568e+01,3.308183193206787109e+00,2.864683866500854492e+00,3.799093961715698242e+00,4.112075328826904297e+00,8.343747201763438426e-01,4.420000000000000000e+02,2.000000000000000000e+00,1.000000000000000000e+00,1.671422668841613612e+00
7.970000000000000284e+01,3.396352767944335938e+00,2.927035093307495117e+00,4.108224391937255859e+00,4.402388095855712891e+00,8.569125499551037972e-01,4.910000000000000000e+02,3.000000000000000000e+00,1.000000000000000000e+00,1.768050648730382646e+00
7.975000000000000000e+01,3.362602233886718750e+00,3.046644926071166992e+00,4.038991451263427734e+00,4.251301765441894531e+00,1.032562981685420045e+00,4.530000000000000000e+02,3.000000000000000000e+00,1.000000000000000000e+00,1.800555417693459948e+00
7.980000000000001137e+01,3.417569398880004883e+00,2.978179931640625000e+00,3.902810811996459961e+00,4.197270393371582031e+00,9.652156480299977082e-01,4.890000000000000000e+02,2.000000000000000000e+00,1.000000000000000000e+00,2.087737247807333496e+00
7.985000000000000853e+01,3.589163780212402344e+00,3.151365280151367188e+00,4.110421657562255859e+00,4.483739376068115234e+00,9.178875413891893764e-01,4.070000000000000000e+02,2.000000000000000000e+00,1.000000000000000000e+00,2.082927553569184465e+00
7.990000000000000568e+01,3.148587942123413086e+00,2.779801130294799805e+00,4.146279335021972656e+00,4.440799713134765625e+00,8.501298488982131918e-01,4.340000000000000000e+02,2.000000000000000000e+00,1.000000000000000000e+00,1.655926296750363180e+00
7.995000000000000284e+01,3.296206235885620117e+00,2.768184185028076172e+00,4.300732135772705078e+00,4.594867229461669922e+00,8.878465499444012643e-01,4.460000000000000000e+02,3.000000000000000000e+00,1.000000000000000000e+00,1.821360593997258803e+00
8.000000000000000000e+01,3.412904739379882812e+00,2.904399394989013672e+00,4.039650440216064453e+00,4.301847934722900391e+00,8.717924005359218853e-01,4.390000000000000000e+02,2.000000000000000000e+00,1.000000000000000000e+00,1.818475117753317161e+00
8.005000000000001137e+01,3.287974357604980469e+00,2.819461584091186523e+00,4.212680816650390625e+00,4.400174617767333984e+00,9.654282139099867877e-01,4.290000000000000000e+02,2.000000000000000000e+00,1.000000000000000000e+00,1.800207645614285479e+00
8.010000000000000853e+01,3.260715007781982422e+00,2.686405181884765625e+00,3.915303230285644531e+00,4.223345756530761719e+00,8.694900935162339639e-01,4.560000000000000000e+02,3.000000000000000000e+00,1.000000000000000000e+00,1.974232290990126648e+00
8.015000000000000568e+01,3.206138134002685547e+00,2.761181592941284180e+00,4.011516094207763672e+00,4.348816394805908203e+00,9.298692682267060139e-01,4.640000000000000000e+02,3.000000000000000000e+00,1.000000000000000000e+00,2.126273413962469050e+00
8.020000000000000284e+01,3.504501581192016602e+00,2.862784624099731445e+00,4.289625167846679688e+00,4.606449604034423828e+00,8.394284215363589929e-01,4.370000000000000000e+02,2.000000000000000000e+00,1.000000000000000000e+00,2.203244440149684014e+00
8.025000000000000000e+01,3.092558622360229492e+00,2.611296653747558594e+00,3.394573688507080078e+00,3.884911537170410156e+00,8.842706782347836691e-01,4.340000000000000000e+02,2.000000000000000000e+00,0.000000000000000000e+00,2.053900211460631731e+00
8.030000000000001137e+01,3.327213525772094727e+00,2.762059688568115234e+00,3.947696447372436523e+00,4.306110382080078125e+00,9.143345188017142355e-01,4.530000000000000000e+02,3.000000000000000000e+00,1.000000000000000000e+00,1.890617574885166130e+00
8.035000000000000853e+01,3.365235805511474609e+00,2.789755105972290039e+00,4.000166893005371094e+00,4.361607551574707031e+00,8.796832519780102277e-01,4.260000000000000000e+02,3.000000000000000000e+00,1.000000000000000000e+00,1.840602476928107745e+00
8.040000000000000568e+01,3.297981023788452148e+00,2.839608669281005859e+00,3.972017526626586914e+00,4.371415615081787109e+00,9.818853991313805096e-01,4.250000000000000000e+02,4.000000000000000000e+00,2.000000000000000000e+00,1.906640338074443441e+00
8.045000000000000284e+01,3.845407485961914062e+00,3.152041435241699219e+00,4.175766944885253906e+00,4.552484512329101562e+00,8.884848675067897883e-01,4.570000000000000000e+02,2.000000000000000000e+00,1.000000000000000000e+00,1.623161361594820384e+00
8.050000000000000000e+01,3.215208530426025391e+00,2.587432861328125000e+00,3.867884874343872070e+00,4.365349292755126953e+00,8.912207884305198835e-01,4.460000000000000000e+02,2.000000000000000000e+00,0.000000000000000000e+00,2.264166972022287450e+00
8.055000000000001137e+01,3.508421182632446289e+00,2.926989793777465820e+00,3.991371154785156250e+00,4.433198451995849609e+00,9.112987750411196686e-01,4.770000000000000000e+02,1.000000000000000000e+00,0.000000000000000000e+00,2.213149193902889778e+00
8.060000000000000853e+01,3.413909435272216797e+00,2.766146183013916016e+00,4.061747550964355469e+00,4.443258762359619141e+00,8.174634542220289291e-01,4.860000000000000000e+02,2.000000000000000000e+00,1.000000000000000000e+00,1.726686343536685486e+00
8.065000000000000568e+01,3.232951641082763672e+00,2.613215923309326172e+00,3.869605302810668945e+00,4.271365165710449219e+00,9.303659919720480564e-01,4.690000000000000000e+02,2.000000000000000000e+00,1.000000000000000000e+00,1.735318091631634863e+00
8.070000000000000284e+01,3.186373949050903320e+00,2.695790290832519531e+00,4.011277675628662109e+00,4.338274955749511719e+00,9.629221208234348683e-01,4.080000000000000000e+02,4.000000000000000000e+00,1.000000000000000000e+00,1.672427123410745953e+00
8.075000000000000000e+01,3.417210102081298828e+00,2.765846490859985352e+00,4.252918243408203125e+00,4.653436660766601562e+00,9.362360064608832300e-01,4.460000000000000000e+02,2.000000000000000000e+00,1.000000000000000000e+00,1.777057971675235715e+00
8.080000000000001137e+01,3.494928359985351562e+00,2.960496425628662109e+00,3.958962440490722656e+00,4.262623310089111328e+00,8.688039453063228779e-01,4.770000000000000000e+02,2.000000000000000000e+00,1.000000000000000000e+00,1.796711480939003902e+00
8.085000000000000853e+01,3.219805240631103516e+00,2.678907394409179688e+00,3.867854833602905273e+00,4.228857994079589844e+00,8.724832507504098889e-01,4.410000000000000000e+02,2.000000000000000000e+00,1.000000000000000000e+00,1.824474212890394798e+00
8.090000000000000568e+01,3.213691234588623047e+00,2.687638998031616211e+00,4.094209194183349609e+00,4.437765121459960938e+00,9.762614404883428465e-01,4.620000000000000000e+02,3.000000000000000000e+00,1.000000000000000000e+00,1.902199993553813417e+00
8.095000000000000284e+01,3.563744068145751953e+00,2.887004852294921875e+00,4.106898784637451172e+00,4.471233367919921875e+00,9.357234730935941602e-01,4.350000000000000000e+02,2.000000000000000000e+00,1.000000000000000000e+00,1.663822919045157445e+00
8.100000000000000000e+01,3.222932815551757812e+00,2.421524286270141602e+00,4.083441734313964844e+00,4.544240474700927734e+00,9.837597164184588294e-01,4.500000000000000000e+02,1.000000000000000000e+00,0.000000000000000000e+00,2.195908869356077098e+00
8.105000000000001137e+01,3.203638076782226562e+00,2.635389328002929688e+00,4.121557712554931641e+00,4.491833686828613281e+00,8.379325302045879109e-01,4.570000000000000000e+02,3.000000000000000000e+00,1.000000000000000000e+00,1.674911279369797112e+00
8.110000000000000853e+01,3.210571050643920898e+00,2.543903827667236328e+00,3.631869792938232422e+00,4.094535827636718750e+00,8.901476255190872156e-01,4.180000000000000000e+02,2.000000000000000000e+00,1.000000000000000000e+00,1.620245950228969445e+00
8.115000000000000568e+01,3.335139989852905273e+00,2.499336957931518555e+00,4.121168613433837891e+00,4.542547702789306641e+00,9.058122330639333253e-01,4.580000000000000000e+02,2.000000000000000000e+00,1.000000000000000000e+00,1.800557924258980869e+00
8.120000000000000284e+01,3.270769119262695312e+00,2.697347164154052734e+00,3.644474983215332031e+00,4.026803016662597656e+00,9.002761428776613339e-01,4.310000000000000000e+02,0.000000000000000000e+00,0.000000000000000000e+00,2.299659233529231184e+00
8.125000000000000000e+01,3.069419384002685547e+00,2.618435382843017578e+00,3.900506734848022461e+00,4.394840240478515625e+00,7.981024976542641092e-01,4.580000000000000000e+02,3.000000000000000000e+00,1.000000000000000000e+00,1.711234999340385032e+00
8.130000000000001137e+01,3.035695791244506836e+00,2.463446617126464844e+00,3.944340944290161133e+00,4.291975021362304688e+00,9.107294599993978057e-01,4.600000000000000000e+02,4.000000000000000000e+00,1.000000000000000000e+00,2.391124992534515492e+00
8.135000000000000853e+01,2.911315441131591797e+00,2.427316427230834961e+00,3.833555936813354492e+00,4.281324863433837891e+00,8.679349245181309236e-01,4.430000000000000000e+02,3.000000000000000000e+00,1.000000000000000000e+00,1.691918336077692153e+00
8.140000000000000568e+01,3.097332000732421875e+00,2.565820693969726562e+00,3.783552646636962891e+00,4.249309062957763672e+00,9.777118306297369887e-01,4.490000000000000000e+02,2.000000000000000000e+00,1.000000000000000000e+00,1.765417942576159138e+00
8.145000000000000284e+01,2.958232164382934570e+00,2.549514532089233398e+00,3.627856016159057617e+00,3.928084373474121094e+00,8.692682594740466229e-01,4.470000000000000000e+02,2.000000000000000000e+00,1.000000000000000000e+00,1.890850878978591165e+00
8.150000000000000000e+01,3.152134895324707031e+00,2.623487472534179688e+00,3.891628980636596680e+00,4.340912818908691406e+00,8.838424211355959681e-01,4.600000000000000000e+02,2.000000000000000000e+00,1.000000000000000000e+00,1.697252500694483635e+00
8.155000000000001137e+01,3.102913856506347656e+00,2.650650024414062500e+00,3.626431465148925781e+00,4.083885669708251953e+00,9.103294811276432252e-01,4.290000000000000000e+02,3.000000000000000000e+00,1.000000000000000000e+00,1.838927839659870722e+00
8.160000000000000853e+01,3.173766136169433594e+00,2.672465085983276367e+00,4.134492397308349609e+00,4.381800651550292969e+00,9.257950401151253672e-01,4.230000000000000000e+02,2.000000000000000000e+00,1.000000000000000000e+00,1.790844006217886974e+00
8.165000000000000568e+01,3.101498126983642578e+00,2.544301509857177734e+00,3.692691087722778320e+00,4.204530715942382812e+00,9.518412363117013664e-01,4.180000000000000000e+02,2.000000000000000000e+00,1.000000000000000000e+00,1.708195636430605235e+00
8.170000000000000284e+01,3.190497398376464844e+00,2.693633794784545898e+00,3.997037172317504883e+00,4.302554607391357422e+00,9.224045890184937591e-01,4.760000000000000000e+02,3.000000000000000000e+00,1.000000000000000000e+00,1.894438270092253518e+00
8.175000000000000000e+01,3.282296419143676758e+00,2.736448287963867188e+00,3.977412700653076172e+00,4.366975784301757812e+00,9.478486581905587460e-01,4.580000000000000000e+02,2.000000000000000000e+00,1.000000000000000000e+00,1.619248358205417126e+00
8.180000000000001137e+01,3.294128417968750000e+00,2.733714103698730469e+00,4.121834754943847656e+00,4.328501701354980469e+00,9.488720847704495975e-01,4.600000000000000000e+02,3.000000000000000000e+00,1.000000000000000000e+00,1.835593152412400286e+00
8.185000000000000853e+01,3.146652698516845703e+00,2.586187362670898438e+00,3.790139198303222656e+00,4.209133625030517578e+00,9.697358047031491290e-01,4.620000000000000000e+02,2.000000000000000000e+00,1.000000000000000000e+00,1.812974622106203748e+00
8.190000000000000568e+01,3.266195058822631836e+00,2.669880867004394531e+00,3.692803859710693359e+00,4.100653648376464844e+00,9.677009449380908901e-01,4.110000000000000000e+02,2.000000000000000000e+00,1.000000000000000000e+00,1.982099456499950119e+00
8.195000000000000284e+01,3.240908384323120117e+00,2.766206502914428711e+00,3.885105133056640625e+00,4.299534320831298828e+00,9.140267650215817552e-01,4.350000000000000000e+02,2.000000000000000000e+00,1.000000000000000000e+00,1.668912078428963053e+00
8.200000000000000000e+01,3.468596935272216797e+00,2.962589740753173828e+00,3.887177467346191406e+00,4.287981033325195312e+00,9.221861634598123025e-01,4.630000000000000000e+02,2.000000000000000000e+00,1.000000000000000000e+00,2.214410663373252319e+00
8.205000000000001137e+01,3.483184337615966797e+00,3.000876426696777344e+00,3.871600627899169922e+00,4.272441387176513672e+00,9.149521258241642974e-01,4.380000000000000000e+02,2.000000000000000000e+00,1.000000000000000000e+00,1.810369255982954062e+00
8.210000000000000853e+01,3.209724903106689453e+00,2.844602823257446289e+00,3.371542692184448242e+00,3.870451450347900391e+00,8.915329525286991297e-01,4.490000000000000000e+02,2.000000000000000000e+00,1.000000000000000000e+00,1.993823408539144193e+00
8.215000000000000568e+01,3.178800344467163086e+00,2.774068832397460938e+00,3.709190368652343750e+00,4.226449489593505859e+00,8.792278418046122201e-01,4.630000000000000000e+02,2.000000000000000000e+00,1.000000000000000000e+00,1.845865915878857066e+00
8.220000000000000284e+01,3.306396484375000000e+00,2.521016120910644531e+00,3.938895225524902344e+00,4.385815143585205078e+00,9.257620696711001962e-01,4.640000000000000000e+02,3.000000000000000000e+00,1.000000000000000000e+00,1.575477228299222876e+00
8.225000000000000000e+01,3.426219224929809570e+00,2.777903556823730469e+00,4.440758705139160156e+00,4.708631515502929688e+00,9.514215985515827034e-01,4.670000000000000000e+02,3.000000000000000000e+00,1.000000000000000000e+00,1.813603906604131843e+00
8.230000000000001137e+01,3.291062116622924805e+00,2.737501621246337891e+00,3.899293899536132812e+00,4.282019615173339844e+00,8.800127387265687107e-01,4.580000000000000000e+02,2.000000000000000000e+00,1.000000000000000000e+00,1.903087268863629777e+00
8.235000000000000853e+01,3.414860010147094727e+00,2.753637075424194336e+00,3.743880033493041992e+00,4.090240001678466797e+00,8.517669835835427472e-01,4.450000000000000000e+02,2.000000000000000000e+00,1.000000000000000000e+00,1.932867882569067497e+00
8.240000000000000568e+01,3.223618984222412109e+00,2.724871158599853516e+00,3.876405715942382812e+00,4.371134757995605469e+00,9.743244687172307739e-01,4.610000000000000000e+02,3.000000000000000000e+00,2.000000000000000000e+00,2.001185507199211955e+00
8.245000000000000284e+01,3.274881362915039062e+00,2.752602338790893555e+00,4.092608928680419922e+00,4.449351787567138672e+00,9.184096124203833256e-01,4.510000000000000000e+02,3.000000000000000000e+00,1.000000000000000000e+00,1.776281820880846407e+00
8.250000000000000000e+01,3.283527374267578125e+00,2.699711799621582031e+00,4.125761032104492188e+00,4.488861560821533203e+00,8.612164477548528430e-01,4.390000000000000000e+02,2.000000000000000000e+00,1.000000000000000000e+00,1.786439888741240489e+00
8.255000000000001137e+01,3.154531717300415039e+00,2.765938282012939453e+00,3.892472267150878906e+00,4.213153839111328125e+00,8.473048127348693503e-01,4.570000000000000000e+02,2.000000000000000000e+00,1.000000000000000000e+00,1.655852110143495093e+00
8.260000000000000853e+01,3.064136981964111328e+00,2.757666110992431641e+00,3.875730037689208984e+00,4.151057243347167969e+00,9.026026108826841199e-01,4.280000000000000000e+02,2.000000000000000000e+00,1.000000000000000000e+00,1.803815514656178731e+00
8.265000000000000568e+01,2.805231809616088867e+00,2.489682674407958984e+00,3.843250274658203125e+00,4.238506317138671875e+00,8.974343567278714184e-01,4.520000000000000000e+02,3.000000000000000000e+00,1.000000000000000000e+00,1.826449579087743302e+00
8.270000000000000284e+01,3.162650823593139648e+00,2.744942903518676758e+00,4.257020473480224609e+00,4.599824905395507812e+00,8.342579987324514335e-01,4.280000000000000000e+02,2.000000000000000000e+00,1.000000000000000000e+00,1.917866871266394213e+00
8.275000000000000000e+01,2.986808776855468750e+00,2.595913648605346680e+00,3.764061450958251953e+00,4.232517719268798828e+00,8.581650265348229611e-01,4.530000000000000000e+02,3.000000000000000000e+00,1.000000000000000000e+00,1.901896215654754307e+00
8.280000000000001137e+01,3.013387918472290039e+00,2.658782958984375000e+00,4.194739818572998047e+00,4.571625709533691406e+00,9.296419779827773677e-01,4.380000000000000000e+02,2.000000000000000000e+00,1.000000000000000000e+00,1.755703462704655049e+00
8.285000000000000853e+01,3.226941108703613281e+00,2.863433837890625000e+00,3.602310180664062500e+00,3.897592544555664062e+00,9.700071295579804076e-01,4.280000000000000000e+02,3.000000000000000000e+00,0.000000000000000000e+00,2.245685226249940936e+00
8.290000000000000568e+01,3.199739456176757812e+00,2.714562416076660156e+00,4.241018295288085938e+00,4.403126716613769531e+00,8.912793117548369892e-01,4.770000000000000000e+02,3.000000000000000000e+00,1.000000000000000000e+00,1.674783593399586046e+00
8.295000000000000284e+01,3.420472383499145508e+00,2.738876819610595703e+00,4.204464912414550781e+00,4.443506240844726562e+00,8.462334547003964591e-01,4.570000000000000000e+02,3.000000000000000000e+00,2.000000000000000000e+00,1.869070231319168496e+00
8.300000000000000000e+01,3.167078018188476562e+00,2.667936086654663086e+00,3.958553791046142578e+00,4.236217498779296875e+00,9.463156217624364430e-01,4.660000000000000000e+02,2.000000000000000000e+00,1.000000000000000000e+00,1.711944224080818255e+00
8.305000000000001137e+01,3.141809701919555664e+00,2.576791763305664062e+00,4.140210151672363281e+00,4.507242202758789062e+00,9.496204669155584588e-01,4.480000000000000000e+02,3.000000000000000000e+00,1.000000000000000000e+00,1.851643068067070574e+00
8.310000000000000853e+01,3.132020473480224609e+00,2.681976556777954102e+00,3.840675354003906250e+00,4.330381393432617188e+00,9.186806585138562742e-01,4.770000000000000000e+02,2.000000000000000000e+00,1.000000000000000000e+00,2.039523095861295321e+00
8.315000000000000568e+01,3.332696437835693359e+00,2.737578392028808594e+00,3.795830249786376953e+00,4.259510517120361328e+00,9.258067999210080057e-01,4.380000000000000000e+02,1.000000000000000000e+00,0.000000000000000000e+00,2.266525463794962114e+00
8.320000000000000284e+01,3.219174861907958984e+00,2.658762454986572266e+00,3.939930915832519531e+00,4.303860664367675781e+00,9.194061586725703616e-01,4.450000000000000000e+02,2.000000000000000000e+00,1.000000000000000000e+00,1.870548637867591735e+00
8.325000000000000000e+01,3.467562675476074219e+00,2.894184350967407227e+00,4.386368274688720703e+00,4.584855079650878906e+00,8.581650058734847653e-01,4.550000000000000000e+02,2.000000000000000000e+00,1.000000000000000000e+00,1.778794816502999643e+00
8.330000000000001137e+01,3.254380702972412109e+00,2.764992713928222656e+00,3.929224014282226562e+00,4.237838745117187500e+00,8.774250194420347704e-01,4.580000000000000000e+02,2.000000000000000000e+00,0.000000000000000000e+00,2.286467584924249508e+00
8.335000000000000853e+01,3.441661834716796875e+00,2.800958633422851562e+00,4.182439327239990234e+00,4.534051895141601562e+00,9.205959773108463029e-01,4.700000000000000000e+02,2.000000000000000000e+00,1.000000000000000000e+00,1.773610592134504227e+00
8.340000000000000568e+01,3.270984649658203125e+00,2.725822925567626953e+00,3.614392280578613281e+00,4.015243530273437500e+00,8.878810418386512415e-01,4.240000000000000000e+02,2.000000000000000000e+00,1.000000000000000000e+00,1.810036646738391486e+00
8.345000000000000284e+01,3.197428703308105469e+00,2.764871358871459961e+00,3.634916543960571289e+00,4.064496994018554688e+00,8.939704610800115470e-01,4.600000000000000000e+02,2.000000000000000000e+00,1.000000000000000000e+00,1.714242703730137984e+00
8.350000000000000000e+01,3.393481731414794922e+00,3.010801792144775391e+00,3.749655246734619141e+00,4.068515777587890625e+00,8.846498218668908953e-01,4.620000000000000000e+02,3.000000000000000000e+00,1.000000000000000000e+00,1.641389678950136322e+00
8.355000000000001137e+01,3.148075103759765625e+00,2.696035385131835938e+00,4.208479404449462891e+00,4.499543666839599609e+00,8.754381721752152457e-01,4.500000000000000000e+02,2.000000000000000000e+00,1.000000000000000000e+00,1.731928598692892951e+00
8.360000000000000853e+01,3.245118856430053711e+00,2.687852144241333008e+00,3.898954629898071289e+00,4.297927856445312500e+00,9.431927925476226715e-01,4.300000000000000000e+02,3.000000000000000000e+00,1.000000000000000000e+00,2.062475216753278939e+00
8.365000000000000568e+01,3.126348972320556641e+00,2.536551952362060547e+00,3.812895774841308594e+00,4.232062816619873047e+00,8.189537255051665410e-01,4.350000000000000000e+02,2.000000000000000000e+00,1.000000000000000000e+00,1.578242491889001897e+00
8.370000000000000284e+01,3.033878803253173828e+00,2.778420686721801758e+00,3.512586116790771484e+00,3.969270706176757812e+00,8.825604146371561765e-01,4.350000000000000000e+02,2.000000000000000000e+00,1.000000000000000000e+00,1.778427513809176519e+00
8.375000000000000000e+01,3.208115100860595703e+00,2.683770179748535156e+00,3.792841196060180664e+00,4.109246253967285156e+00,8.859195223969136279e-01,4.660000000000000000e+02,3.000000000000000000e+00,1.000000000000000000e+00,1.796211040724411401e+00
8.380000000000001137e+01,3.126793384552001953e+00,2.708705425262451172e+00,3.773122072219848633e+00,4.288651943206787109e+00,8.825786785398997969e-01,4.370000000000000000e+02,3.000000000000000000e+00,1.000000000000000000e+00,1.757633249871244363e+00
8.385000000000000853e+01,3.172329902648925781e+00,2.651457548141479492e+00,4.015255451202392578e+00,4.382510662078857422e+00,9.287647384505091086e-01,4.360000000000000000e+02,2.000000000000000000e+00,1.000000000000000000e+00,1.955762968693074644e+00
8.390000000000000568e+01,3.222764015197753906e+00,2.781368494033813477e+00,4.031378269195556641e+00,4.422908782958984375e+00,8.525909658345552922e-01,4.340000000000000000e+02,3.000000000000000000e+00,1.000000000000000000e+00,1.734725548726979705e+00
8.395000000000000284e+01,3.438390254974365234e+00,2.914098262786865234e+00,4.378395080566406250e+00,4.655104637145996094e+00,1.118889160195279509e+00,4.650000000000000000e+02,3.000000000000000000e+00,1.000000000000000000e+00,1.856345385714404328e+00
8.400000000000000000e+01,3.251580715179443359e+00,2.910517692565917969e+00,3.749263048171997070e+00,4.224634647369384766e+00,1.216823639479069019e+00,4.490000000000000000e+02,2.000000000000000000e+00,1.000000000000000000e+00,1.606118372290452845e+00
8.405000000000001137e+01,3.204393863677978516e+00,2.705712556838989258e+00,3.984611511230468750e+00,4.329234123229980469e+00,1.222147968235396620e+00,4.400000000000000000e+02,3.000000000000000000e+00,1.000000000000000000e+00,1.864168693697104473e+00
8.410000000000000853e+01,3.392287731170654297e+00,2.774459362030029297e+00,3.966069698333740234e+00,4.369901657104492188e+00,1.193104094503875778e+00,4.230000000000000000e+02,2.000000000000000000e+00,1.000000000000000000e+00,1.780702951526773825e+00
8.415000000000000568e+01,3.191953659057617188e+00,2.850433349609375000e+00,3.914238452911376953e+00,4.300055503845214844e+00,1.200917876670522189e+00,4.510000000000000000e+02,2.000000000000000000e+00,0.000000000000000000e+00,1.864275545115874344e+00
8.420000000000000284e+01,3.415784835815429688e+00,2.912211418151855469e+00,3.938390016555786133e+00,4.208632469177246094e+00,1.109776996864448639e+00,4.710000000000000000e+02,2.000000000000000000e+00,1.000000000000000000e+00,1.648544333962088437e+00
8.425000000000000000e+01,3.243919372558593750e+00,2.698832750320434570e+00,4.053748607635498047e+00,4.378648281097412109e+00,1.223737636903858839e+00,4.480000000000000000e+02,2.000000000000000000e+00,1.000000000000000000e+00,1.836936518393241791e+00
8.430000000000001137e+01,3.122390508651733398e+00,2.622193098068237305e+00,3.774201631546020508e+00,4.280053615570068359e+00,1.206966547421215008e+00,4.600000000000000000e+02,3.000000000000000000e+00,1.000000000000000000e+00,1.656191286172649990e+00
8.435000000000000853e+01,3.003067970275878906e+00,2.643056869506835938e+00,4.065009117126464844e+00,4.396602630615234375e+00,1.267098673593277436e+00,4.710000000000000000e+02,2.000000000000000000e+00,1.000000000000000000e+00,1.971720066285060025e+00
8.440000000000000568e+01,3.307099103927612305e+00,2.877885103225708008e+00,3.804049968719482422e+00,4.153443336486816406e+00,1.217712685543016260e+00,4.420000000000000000e+02,3.000000000000000000e+00,1.000000000000000000e+00,2.281919224836169491e+00
8.445000000000000284e+01,3.297574758529663086e+00,2.795301675796508789e+00,3.755383491516113281e+00,4.090809345245361328e+00,1.184768370113444158e+00,4.480000000000000000e+02,3.000000000000000000e+00,1.000000000000000000e+00,1.851139031868413554e+00
8.450000000000000000e+01,3.154189348220825195e+00,2.707507133483886719e+00,3.944592237472534180e+00,4.292191505432128906e+00,1.188649024571986290e+00,4.570000000000000000e+02,4.000000000000000000e+00,1.000000000000000000e+00,1.900307399917016582e+00
8.455000000000001137e+01,3.338992357254028320e+00,2.737982273101806641e+00,4.295732021331787109e+00,4.562266349792480469e+00,1.140042665429954027e+00,4.390000000000000000e+02,3.000000000000000000e+00,1.000000000000000000e+00,1.705442164039943975e+00
8.460000000000000853e+01,3.123007059097290039e+00,2.679310321807861328e+00,3.866491794586181641e+00,4.208818435668945312e+00,1.184074172402219238e+00,4.480000000000000000e+02,2.000000000000000000e+00,1.000000000000000000e+00,2.067064782312492355e+00
8.465000000000000568e+01,3.226012945175170898e+00,2.835904598236083984e+00,3.899758100509643555e+00,4.279365062713623047e+00,1.190145930487263692e+00,4.560000000000000000e+02,2.000000000000000000e+00,1.000000000000000000e+00,1.702683529746521485e+00
8.470000000000000284e+01,3.295001029968261719e+00,2.808638095855712891e+00,3.963970184326171875e+00,4.519086837768554688e+00,1.145961218239226032e+00,4.640000000000000000e+02,2.000000000000000000e+00,1.000000000000000000e+00,1.761436277578318554e+00
8.475000000000000000e+01,3.101449012756347656e+00,2.785639286041259766e+00,3.867801189422607422e+00,4.242419719696044922e+00,1.189834917336222153e+00,4.620000000000000000e+02,2.000000000000000000e+00,1.000000000000000000e+00,1.835376190691682563e+00
8.480000000000001137e+01,3.202715158462524414e+00,2.809803724288940430e+00,3.804124355316162109e+00,4.247147083282470703e+00,1.205011180904729473e+00,4.620000000000000000e+02,2.000000000000000000e+00,1.000000000000000000e+00,1.703693756414416782e+00
8.485000000000000853e+01,3.160627365112304688e+00,2.549604892730712891e+00,3.279884815216064453e+00,3.941204547882080078e+00,1.189891058167877214e+00,4.560000000000000000e+02,2.000000000000000000e+00,1.000000000000000000e+00,1.767255509708200556e+00
8.490000000000000568e+01,3.100355148315429688e+00,2.654172182083129883e+00,3.563731193542480469e+00,4.092152595520019531e+00,1.140373486453297946e+00,4.530000000000000000e+02,2.000000000000000000e+00,1.000000000000000000e+00,1.747358387475616892e+00
8.495000000000000284e+01,3.107790708541870117e+00,2.627545833587646484e+00,3.797948837280273438e+00,4.327070713043212891e+00,1.199209286522538775e+00,4.710000000000000000e+02,2.000000000000000000e+00,1.000000000000000000e+00,1.752613259456012651e+00
8.500000000000000000e+01,3.197439670562744141e+00,2.587221622467041016e+00,3.762994289398193359e+00,4.234319210052490234e+00,1.177447997850140204e+00,4.140000000000000000e+02,2.000000000000000000e+00,1.000000000000000000e+00,1.955491284922702633e+00
8.505000000000001137e+01,3.136321544647216797e+00,2.852766752243041992e+00,3.523686170578002930e+00,4.056194305419921875e+00,1.198031626483178957e+00,4.200000000000000000e+02,2.000000000000000000e+00,0.000000000000000000e+00,2.359809966118683100e+00
8.510000000000000853e+01,2.901625394821166992e+00,2.542778015136718750e+00,3.627276182174682617e+00,4.157819747924804688e+00,1.231228296587141058e+00,4.420000000000000000e+02,2.000000000000000000e+00,1.000000000000000000e+00,1.790424867896316830e+00
8.515000000000000568e+01,2.863864898681640625e+00,2.495887756347656250e+00,3.577251434326171875e+00,4.110059738159179688e+00,1.205057712014007798e+00,4.240000000000000000e+02,3.000000000000000000e+00,0.000000000000000000e+00,1.964673865214457749e+00
8.520000000000000284e+01,2.937612771987915039e+00,2.546709775924682617e+00,3.702274560928344727e+00,4.191751003265380859e+00,1.243665161308371792e+00,4.540000000000000000e+02,2.000000000000000000e+00,1.000000000000000000e+00,1.982865295699435038e+00
8.525000000000000000e+01,2.805566549301147461e+00,2.525011539459228516e+00,3.951026201248168945e+00,4.346583843231201172e+00,1.218743480642768828e+00,4.420000000000000000e+02,2.000000000000000000e+00,1.000000000000000000e+00,1.681897797312546849e+00
8.530000000000001137e+01,3.155911922454833984e+00,2.465986013412475586e+00,3.720150232315063477e+00,4.249831676483154297e+00,1.255500639543763342e+00,4.340000000000000000e+02,2.000000000000000000e+00,0.000000000000000000e+00,2.277169566724374317e+00
8.535000000000000853e+01,3.321859836578369141e+00,2.667127847671508789e+00,4.111232757568359375e+00,4.539158821105957031e+00,1.187138588896760494e+00,4.740000000000000000e+02,3.000000000000000000e+00,1.000000000000000000e+00,1.898375033569562387e+00
8.540000000000000568e+01,3.035301923751831055e+00,2.472855091094970703e+00,3.976707220077514648e+00,4.497539997100830078e+00,1.223649223349123405e+00,4.490000000000000000e+02,2.000000000000000000e+00,2.000000000000000000e+00,1.840829131997506085e+00
8.545000000000000284e+01,2.981470584869384766e+00,2.369725227355957031e+00,4.083547115325927734e+00,4.505023956298828125e+00,1.189832611239723059e+00,4.680000000000000000e+02,3.000000000000000000e+00,1.000000000000000000e+00,1.775723070201929987e+00
8.550000000000000000e+01,2.990427017211914062e+00,2.683565616607666016e+00,3.559322357177734375e+00,4.034078121185302734e+00,1.230928121158394895e+00,4.650000000000000000e+02,3.000000000000000000e+00,1.000000000000000000e+00,1.966028113162286761e+00
8.555000000000001137e+01,3.192579746246337891e+00,2.599876165390014648e+00,3.892238140106201172e+00,4.261370182037353516e+00,1.165516945461818388e+00,4.300000000000000000e+02,2.000000000000000000e+00,1.000000000000000000e+00,1.922602065176898245e+00
8.560000000000000853e+01,2.970919609069824219e+00,2.626514434814453125e+00,3.671327590942382812e+00,4.153242588043212891e+00,1.189491643933923370e+00,4.520000000000000000e+02,2.000000000000000000e+00,1.000000000000000000e+00,1.774518847257503751e+00
8.565000000000000568e+01,3.006490468978881836e+00,2.416089534759521484e+00,3.837534427642822266e+00,4.317845344543457031e+00,1.191294855666356955e+00,3.870000000000000000e+02,2.000000000000000000e+00,1.000000000000000000e+00,2.301136383780292949e+00
8.570000000000000284e+01,2.863191604614257812e+00,2.390858173370361328e+00,3.975218534469604492e+00,4.509231567382812500e+00,1.197624429513311828e+00,4.250000000000000000e+02,3.000000000000000000e+00,1.000000000000000000e+00,1.725405378540989965e+00
8.575000000000000000e+01,2.929790258407592773e+00,2.610439062118530273e+00,3.901044845581054688e+00,4.213197708129882812e+00,1.233090194450633614e+00,4.040000000000000000e+02,2.000000000000000000e+00,1.000000000000000000e+00,1.798811545849173577e+00
8.580000000000001137e+01,2.848407030105590820e+00,2.466447591781616211e+00,3.857828140258789062e+00,4.160762786865234375e+00,1.145920202675372757e+00,4.200000000000000000e+02,2.000000000000000000e+00,1.000000000000000000e+00,1.801732662860645817e+00
8.585000000000000853e+01,2.782686948776245117e+00,2.414398431777954102e+00,3.988278150558471680e+00,4.405912876129150391e+00,1.248961721032627148e+00,4.440000000000000000e+02,2.000000000000000000e+00,1.000000000000000000e+00,1.867206962383406443e+00
8.590000000000000568e+01,2.998589515686035156e+00,2.373314142227172852e+00,3.943269014358520508e+00,4.394470214843750000e+00,1.186675149045088640e+00,4.550000000000000000e+02,1.000000000000000000e+00,1.000000000000000000e+00,2.157596070481555994e+00
8.595000000000000284e+01,2.794394731521606445e+00,2.435708284378051758e+00,3.832915306091308594e+00,4.206680297851562500e+00,1.220291063639725948e+00,4.360000000000000000e+02,2.000000000000000000e+00,1.000000000000000000e+00,1.675525895406944299e+00
8.600000000000000000e+01,2.782212495803833008e+00,2.527600765228271484e+00,3.821363925933837891e+00,4.328328132629394531e+00,1.222633642454312053e+00,4.770000000000000000e+02,2.000000000000000000e+00,1.000000000000000000e+00,1.701683493253642876e+00
8.605000000000001137e+01,2.948991060256958008e+00,2.398187875747680664e+00,3.444753170013427734e+00,3.920450210571289062e+00,1.205029359547062251e+00,4.170000000000000000e+02,2.000000000000000000e+00,0.000000000000000000e+00,2.374461303864546124e+00
8.610000000000000853e+01,2.904819011688232422e+00,2.496898651123046875e+00,3.414911985397338867e+00,3.976639509201049805e+00,1.182616439961599930e+00,4.190000000000000000e+02,2.000000000000000000e+00,1.000000000000000000e+00,1.835771722734163225e+00
8.615000000000000568e+01,3.041930198669433594e+00,2.650725841522216797e+00,3.908941745758056641e+00,4.148785591125488281e+00,1.207133115263139933e+00,4.570000000000000000e+02,3.000000000000000000e+00,1.000000000000000000e+00,1.713924404227848752e+00
8.620000000000000284e+01,2.878501176834106445e+00,2.604848146438598633e+00,3.638584136962890625e+00,4.054367065429687500e+00,1.239875411531954352e+00,4.230000000000000000e+02,3.000000000000000000e+00,1.000000000000000000e+00,1.626325038776321730e+00
8.625000000000000000e+01,2.950495481491088867e+00,2.520032882690429688e+00,3.759782791137695312e+00,4.222405910491943359e+00,1.154548078610377004e+00,4.600000000000000000e+02,2.000000000000000000e+00,1.000000000000000000e+00,1.897000269410146434e+00
8.630000000000001137e+01,2.930643558502197266e+00,2.635576486587524414e+00,3.524980068206787109e+00,4.007618427276611328e+00,1.184756982934580316e+00,4.380000000000000000e+02,1.000000000000000000e+00,1.000000000000000000e+00,2.296054301051243751e+00
8.635000000000000853e+01,2.979207277297973633e+00,2.504084587097167969e+00,3.979957580566406250e+00,4.372318744659423828e+00,1.265303103375289062e+00,4.430000000000000000e+02,3.000000000000000000e+00,1.000000000000000000e+00,1.667217002020890071e+00
8.640000000000000568e+01,2.995513916015625000e+00,2.352827787399291992e+00,3.898746013641357422e+00,4.451555728912353516e+00,1.182174840731614385e+00,4.490000000000000000e+02,2.000000000000000000e+00,1.000000000000000000e+00,1.798278143872389156e+00
8.645000000000000284e+01,3.194577932357788086e+00,2.620487451553344727e+00,3.793275594711303711e+00,4.191032409667968750e+00,1.233293456421909129e+00,4.400000000000000000e+02,3.000000000000000000e+00,1.000000000000000000e+00,1.705883015932532221e+00
8.650000000000000000e+01,3.061713218688964844e+00,2.397604227066040039e+00,4.008773326873779297e+00,4.397052764892578125e+00,1.263349008179123878e+00,4.650000000000000000e+02,2.000000000000000000e+00,1.000000000000000000e+00,1.875341983098162135e+00
8.655000000000001137e+01,3.204336404800415039e+00,2.743562698364257812e+00,3.708585500717163086e+00,3.990861177444458008e+00,1.167694366996766542e+00,4.630000000000000000e+02,3.000000000000000000e+00,1.000000000000000000e+00,1.832883828861726849e+00
8.660000000000000853e+01,3.444652795791625977e+00,2.733147144317626953e+00,3.831791639328002930e+00,4.215028762817382812e+00,1.197922406517969662e+00,4.770000000000000000e+02,2.000000000000000000e+00,1.000000000000000000e+00,2.082895830227707190e+00
8.665000000000000568e+01,3.329267024993896484e+00,2.498963832855224609e+00,4.105496883392333984e+00,4.507179737091064453e+00,1.181819890826743880e+00,4.500000000000000000e+02,2.000000000000000000e+00,1.000000000000000000e+00,1.724560635028341338e+00
8.670000000000000284e+01,3.240304231643676758e+00,2.517578840255737305e+00,3.892822027206420898e+00,4.507620334625244141e+00,1.250649336024869385e+00,4.870000000000000000e+02,2.000000000000000000e+00,1.000000000000000000e+00,2.098221656793812340e+00
8.675000000000000000e+01,2.940540790557861328e+00,2.331021547317504883e+00,3.493418931961059570e+00,4.099693298339843750e+00,1.203867703616757989e+00,4.420000000000000000e+02,2.000000000000000000e+00,1.000000000000000000e+00,1.751247774600500851e+00
8.680000000000001137e+01,3.082473039627075195e+00,2.496134757995605469e+00,3.313441038131713867e+00,3.933054924011230469e+00,1.201294990846035970e+00,4.280000000000000000e+02,2.000000000000000000e+00,1.000000000000000000e+00,1.669642339363940131e+00
8.685000000000000853e+01,3.438237905502319336e+00,2.768063306808471680e+00,3.980562210083007812e+00,4.436559200286865234e+00,1.238606934513067248e+00,4.890000000000000000e+02,2.000000000000000000e+00,1.000000000000000000e+00,1.755102075933710370e+00
8.690000000000000568e+01,3.396579027175903320e+00,2.842358112335205078e+00,3.936722517013549805e+00,4.376947879791259766e+00,1.186833719953380939e+00,4.610000000000000000e+02,3.000000000000000000e+00,1.000000000000000000e+00,1.679014084263825257e+00
8.695000000000000284e+01,3.306207656860351562e+00,2.540623903274536133e+00,3.809433937072753906e+00,4.436363697052001953e+00,1.226066484739645190e+00,4.690000000000000000e+02,2.000000000000000000e+00,1.000000000000000000e+00,1.744329417051184494e+00
8.700000000000000000e+01,3.471341371536254883e+00,2.863110542297363281e+00,4.147939205169677734e+00,4.580204963684082031e+00,1.254449057355431441e+00,4.510000000000000000e+02,3.000000000000000000e+00,1.000000000000000000e+00,1.883917529502366905e+00
8.705000000000001137e+01,3.182687997817993164e+00,2.552000284194946289e+00,3.922765254974365234e+00,4.476887702941894531e+00,1.255031943713873055e+00,4.540000000000000000e+02,2.000000000000000000e+00,1.000000000000000000e+00,1.613789479196793497e+00
8.710000000000000853e+01,3.296518802642822266e+00,2.523913383483886719e+00,3.992555141448974609e+00,4.508041858673095703e+00,1.187456060844146677e+00,4.960000000000000000e+02,2.000000000000000000e+00,1.000000000000000000e+00,1.712564117290009458e+00
8.715000000000000568e+01,3.308587312698364258e+00,2.640974760055541992e+00,4.040719032287597656e+00,4.535960674285888672e+00,1.215621868343020218e+00,4.460000000000000000e+02,3.000000000000000000e+00,1.000000000000000000e+00,1.903904395654427706e+00
8.720000000000000284e+01,2.959877967834472656e+00,2.532539129257202148e+00,3.635483741760253906e+00,4.094921112060546875e+00,1.206018039125646979e+00,4.740000000000000000e+02,2.000000000000000000e+00,0.000000000000000000e+00,2.166444564372392634e+00
8.725000000000000000e+01,3.096642732620239258e+00,2.617288827896118164e+00,3.726321458816528320e+00,4.231439113616943359e+00,1.197019221038271741e+00,4.600000000000000000e+02,2.000000000000000000e+00,1.000000000000000000e+00,1.710276747494300587e+00
8.730000000000001137e+01,3.112702369689941406e+00,2.475713729858398438e+00,3.656881093978881836e+00,4.376071929931640625e+00,1.213886520564429583e+00,4.570000000000000000e+02,2.000000000000000000e+00,1.000000000000000000e+00,1.702828161706275489e+00
8.735000000000000853e+01,3.351795911788940430e+00,2.770141363143920898e+00,3.670552015304565430e+00,4.200442314147949219e+00,1.235408054022941515e+00,4.530000000000000000e+02,2.000000000000000000e+00,1.000000000000000000e+00,2.002805965144259570e+00
8.740000000000000568e+01,3.707228660583496094e+00,2.963637828826904297e+00,4.079136848449707031e+00,4.441060543060302734e+00,1.215022256185575245e+00,4.400000000000000000e+02,2.000000000000000000e+00,1.000000000000000000e+00,1.666589896733871923e+00
8.745000000000000284e+01,3.475489377975463867e+00,2.888276576995849609e+00,4.046638488769531250e+00,4.501488685607910156e+00,1.185676527585643569e+00,4.440000000000000000e+02,3.000000000000000000e+00,0.000000000000000000e+00,2.280975505750960863e+00
8.750000000000000000e+01,3.350191354751586914e+00,2.843641281127929688e+00,3.592268943786621094e+00,4.179059982299804688e+00,1.221468097203279202e+00,4.580000000000000000e+02,2.000000000000000000e+00,1.000000000000000000e+00,1.754056792654115293e+00
8.755000000000001137e+01,3.107347488403320312e+00,2.453670263290405273e+00,3.825306653976440430e+00,4.438496112823486328e+00,1.282357041038596712e+00,4.650000000000000000e+02,2.000000000000000000e+00,1.000000000000000000e+00,1.761898667729411727e+00
8.760000000000000853e+01,3.364018917083740234e+00,2.679021596908569336e+00,3.895476102828979492e+00,4.393497467041015625e+00,1.211052968423028453e+00,4.280000000000000000e+02,2.000000000000000000e+00,1.000000000000000000e+00,1.738151623045365524e+00
8.765000000000000568e+01,3.240751981735229492e+00,2.669309139251708984e+00,3.800027847290039062e+00,4.292634963989257812e+00,1.226470741959339916e+00,4.420000000000000000e+02,2.000000000000000000e+00,1.000000000000000000e+00,1.811033387825398133e+00
8.770000000000000284e+01,3.228502035140991211e+00,2.692112922668457031e+00,3.852757453918457031e+00,4.298517704010009766e+00,1.172236051020194347e+00,4.460000000000000000e+02,2.000000000000000000e+00,1.000000000000000000e+00,1.850145771659787775e+00
8.775000000000000000e+01,3.241207838058471680e+00,2.483424186706542969e+00,3.951450347900390625e+00,4.397164344787597656e+00,1.215219399285048185e+00,4.180000000000000000e+02,2.000000000000000000e+00,1.000000000000000000e+00,1.792214376367077255e+00
8.780000000000001137e+01,3.349491357803344727e+00,2.705893754959106445e+00,3.698810577392578125e+00,4.248266696929931641e+00,1.222737703024309397e+00,4.410000000000000000e+02,2.000000000000000000e+00,1.000000000000000000e+00,1.885021823960915555e+00
8.785000000000000853e+01,3.316063642501831055e+00,2.654222249984741211e+00,4.297835350036621094e+00,4.819809913635253906e+00,1.150640735740863008e+00,4.530000000000000000e+02,2.000000000000000000e+00,1.000000000000000000e+00,1.660126603153058378e+00
8.790000000000000568e+01,3.310797691345214844e+00,2.545267105102539062e+00,3.876884937286376953e+00,4.357611656188964844e+00,1.220968271407503414e+00,4.320000000000000000e+02,2.000000000000000000e+00,1.000000000000000000e+00,1.699387766500315644e+00
8.795000000000000284e+01,3.244851589202880859e+00,2.580746650695800781e+00,4.087165832519531250e+00,4.658720970153808594e+00,1.218787592854757795e+00,4.670000000000000000e+02,2.000000000000000000e+00,1.000000000000000000e+00,2.230608611147271603e+00
8.800000000000000000e+01,3.180893421173095703e+00,2.409869670867919922e+00,3.958680629730224609e+00,4.450280666351318359e+00,1.219956961289196729e+00,3.970000000000000000e+02,2.000000000000000000e+00,1.000000000000000000e+00,1.702796622453059516e+00
8.805000000000001137e+01,2.861938953399658203e+00,2.470743894577026367e+00,3.648965358734130859e+00,4.157796859741210938e+00,1.217795663372732928e+00,4.130000000000000000e+02,2.000000000000000000e+00,1.000000000000000000e+00,1.852451542167216969e+00
8.810000000000000853e+01,3.052239179611206055e+00,2.394165754318237305e+00,3.988442182540893555e+00,4.446498394012451172e+00,1.185175722177040925e+00,4.590000000000000000e+02,2.000000000000000000e+00,1.000000000000000000e+00,2.261111393110772472e+00
8.815000000000000568e+01,3.182588577270507812e+00,2.589104175567626953e+00,4.110388278961181641e+00,4.570668220520019531e+00,1.227214480299616772e+00,4.640000000000000000e+02,3.000000000000000000e+00,1.000000000000000000e+00,1.823548353000679523e+00
8.820000000000000284e+01,3.146118879318237305e+00,2.512586116790771484e+00,4.063238620758056641e+00,4.511092185974121094e+00,1.196863541179565171e+00,4.280000000000000000e+02,3.000000000000000000e+00,1.000000000000000000e+00,1.822830035625357059e+00
8.825000000000000000e+01,2.997892379760742188e+00,2.620813608169555664e+00,4.033779144287109375e+00,4.484127044677734375e+00,1.167475585762593138e+00,4.560000000000000000e+02,3.000000000000000000e+00,1.000000000000000000e+00,1.795577212861288796e+00
8.830000000000001137e+01,3.035714864730834961e+00,2.423183441162109375e+00,3.731196403503417969e+00,4.372189521789550781e+00,1.198778416762150911e+00,4.720000000000000000e+02,3.000000000000000000e+00,1.000000000000000000e+00,1.740651664858738457e+00
8.835000000000000853e+01,3.099254608154296875e+00,2.436271429061889648e+00,4.062725067138671875e+00,4.452892780303955078e+00,1.214408878561207272e+00,4.280000000000000000e+02,3.000000000000000000e+00,1.000000000000000000e+00,1.696143824029659353e+00
8.840000000000000568e+01,3.034424543380737305e+00,2.644348621368408203e+00,3.531351089477539062e+00,3.987111091613769531e+00,1.178660198559455585e+00,4.590000000000000000e+02,2.000000000000000000e+00,1.000000000000000000e+00,1.888978944571808816e+00
8.845000000000000284e+01,3.291273117065429688e+00,2.394949436187744141e+00,4.270996093750000000e+00,4.654934406280517578e+00,1.212116887906159901e+00,4.570000000000000000e+02,2.000000000000000000e+00,1.000000000000000000e+00,1.748601779578025095e+00
8.850000000000000000e+01,3.308076858520507812e+00,2.514480590820312500e+00,3.868401288986206055e+00,4.331281661987304688e+00,1.237959081688364993e+00,4.800000000000000000e+02,2.000000000000000000e+00,1.000000000000000000e+00,1.750510803995278808e+00
8.855000000000001137e+01,2.828459739685058594e+00,2.271573305130004883e+00,4.145704269409179688e+00,4.457647323608398438e+00,1.205757436286360118e+00,4.700000000000000000e+02,3.000000000000000000e+00,1.000000000000000000e+00,1.750048688227917815e+00
8.860000000000000853e+01,3.081163167953491211e+00,2.457313537597656250e+00,3.965154170989990234e+00,4.291699886322021484e+00,1.228277124015597188e+00,4.300000000000000000e+02,3.000000000000000000e+00,1.000000000000000000e+00,1.849974173542183742e+00
8.865000000000000568e+01,3.069244623184204102e+00,2.454424142837524414e+00,3.954410076141357422e+00,4.272896766662597656e+00,1.146507864665946785e+00,4.670000000000000000e+02,3.000000000000000000e+00,2.000000000000000000e+00,1.637958408498761731e+00
8.870000000000000284e+01,3.110711574554443359e+00,2.333973407745361328e+00,4.034569740295410156e+00,4.523238658905029297e+00,1.154248901492477941e+00,4.420000000000000000e+02,2.000000000000000000e+00,1.000000000000000000e+00,1.754633596146360830e+00
8.875000000000000000e+01,3.000950813293457031e+00,2.453571557998657227e+00,3.740646362304687500e+00,4.283738613128662109e+00,1.201771368687730046e+00,4.670000000000000000e+02,2.000000000000000000e+00,1.000000000000000000e+00,1.985163160768086632e+00
8.880000000000001137e+01,3.048444032669067383e+00,2.416599035263061523e+00,3.606883287429809570e+00,4.148594856262207031e+00,1.212121382332279396e+00,4.270000000000000000e+02,3.000000000000000000e+00,1.000000000000000000e+00,1.864836823179369718e+00
8.885000000000000853e+01,3.024231195449829102e+00,2.519575357437133789e+00,3.392344713211059570e+00,3.890644311904907227e+00,1.163205952970199242e+00,4.600000000000000000e+02,2.000000000000000000e+00,1.000000000000000000e+00,1.762574269713884645e+00
8.890000000000000568e+01,2.951908111572265625e+00,2.330270290374755859e+00,3.725520610809326172e+00,4.285487174987792969e+00,1.170921489059343124e+00,4.910000000000000000e+02,3.000000000000000000e+00,1.000000000000000000e+00,1.666103308303789055e+00
8.895000000000000284e+01,3.213579177856445312e+00,2.671149253845214844e+00,3.550594806671142578e+00,4.144893646240234375e+00,1.175288070764623605e+00,5.070000000000000000e+02,2.000000000000000000e+00,1.000000000000000000e+00,1.624269026568862850e+00
8.900000000000000000e+01,3.187338829040527344e+00,2.742684125900268555e+00,3.623388051986694336e+00,4.065360069274902344e+00,1.216781130482738948e+00,4.590000000000000000e+02,2.000000000000000000e+00,1.000000000000000000e+00,1.628597593144225142e+00
8.905000000000001137e+01,3.207221984863281250e+00,2.720556020736694336e+00,3.596590995788574219e+00,4.087553977966308594e+00,1.223111673273234334e+00,4.680000000000000000e+02,4.000000000000000000e+00,1.000000000000000000e+00,1.737066287905106865e+00
8.910000000000000853e+01,3.149074316024780273e+00,2.542833805084228516e+00,3.203535318374633789e+00,3.807195663452148438e+00,1.290185159487513333e+00,4.600000000000000000e+02,3.000000000000000000e+00,1.000000000000000000e+00,1.915424067138693731e+00
8.915000000000000568e+01,3.142129182815551758e+00,2.469945192337036133e+00,3.539995670318603516e+00,4.258015632629394531e+00,1.200696289353102575e+00,4.570000000000000000e+02,2.000000000000000000e+00,1.000000000000000000e+00,1.832883073164850884e+00
8.920000000000000284e+01,3.147375345230102539e+00,2.502145290374755859e+00,3.355314731597900391e+00,3.983701467514038086e+00,1.187483411746749651e+00,4.620000000000000000e+02,2.000000000000000000e+00,1.000000000000000000e+00,1.863105251723624178e+00
8.925000000000000000e+01,3.315392494201660156e+00,2.888030052185058594e+00,3.410868406295776367e+00,3.871921062469482422e+00,1.227904957054892554e+00,4.770000000000000000e+02,2.000000000000000000e+00,1.000000000000000000e+00,1.906294095260563592e+00
8.930000000000001137e+01,3.129912376403808594e+00,2.505441904067993164e+00,3.444500207901000977e+00,3.935231208801269531e+00,1.193052324760884630e+00,4.920000000000000000e+02,3.000000000000000000e+00,1.000000000000000000e+00,1.859308897105739877e+00
8.935000000000000853e+01,3.008339881896972656e+00,2.486484050750732422e+00,3.609851598739624023e+00,4.074421882629394531e+00,1.193609812957580285e+00,4.540000000000000000e+02,2.000000000000000000e+00,1.000000000000000000e+00,1.594914074338576793e+00
8.940000000000000568e+01,3.319256544113159180e+00,2.529038190841674805e+00,3.518569469451904297e+00,4.051315307617187500e+00,1.183574607912638132e+00,4.420000000000000000e+02,2.000000000000000000e+00,1.000000000000000000e+00,1.880391440307221940e+00
8.945000000000000284e+01,3.085216283798217773e+00,2.414783477783203125e+00,4.093110084533691406e+00,4.517312526702880859e+00,1.120535768188981374e+00,4.460000000000000000e+02,3.000000000000000000e+00,1.000000000000000000e+00,1.540386807037783523e+00
8.950000000000000000e+01,3.079229593276977539e+00,2.530370712280273438e+00,3.310249328613281250e+00,3.833893775939941406e+00,9.211894345149642671e-01,4.800000000000000000e+02,2.000000000000000000e+00,1.000000000000000000e+00,1.777345808954090334e+00
8.955000000000001137e+01,2.985117197036743164e+00,2.378084421157836914e+00,3.915605306625366211e+00,4.303533077239990234e+00,8.614330292831711144e-01,4.290000000000000000e+02,2.000000000000000000e+00,1.000000000000000000e+00,1.863227520574918028e+00
8.960000000000000853e+01,3.118940591812133789e+00,2.385559082031250000e+00,3.933927536010742188e+00,4.360441207885742188e+00,9.163992620413532464e-01,4.620000000000000000e+02,3.000000000000000000e+00,1.000000000000000000e+00,1.828401493412781464e+00
8.965000000000000568e+01,3.236388683319091797e+00,2.835999965667724609e+00,3.270434856414794922e+00,3.864691734313964844e+00,8.934291426351314014e-01,4.270000000000000000e+02,2.000000000000000000e+00,1.000000000000000000e+00,1.631541173348765028e+00
8.970000000000000284e+01,3.276085376739501953e+00,2.714303016662597656e+00,3.781558275222778320e+00,4.338516712188720703e+00,9.611674277894228791e-01,4.690000000000000000e+02,2.000000000000000000e+00,1.000000000000000000e+00,1.633743082676346381e+00
8.975000000000000000e+01,3.021743774414062500e+00,2.414037227630615234e+00,3.579738378524780273e+00,4.025838851928710938e+00,9.653950505905581903e-01,4.500000000000000000e+02,3.000000000000000000e+00,1.000000000000000000e+00,1.811343504236053281e+00
8.980000000000001137e+01,3.273852109909057617e+00,2.555255413055419922e+00,4.110313892364501953e+00,4.558021545410156250e+00,8.369068830794533786e-01,4.700000000000000000e+02,2.000000000000000000e+00,0.000000000000000000e+00,2.334866107519123268e+00
8.985000000000000853e+01,3.176836490631103516e+00,2.424649238586425781e+00,3.949991226196289062e+00,4.449856758117675781e+00,8.763243207318029970e-01,4.260000000000000000e+02,2.000000000000000000e+00,1.000000000000000000e+00,1.848100605078684344e+00
8.990000000000000568e+01,3.211238861083984375e+00,2.501569271087646484e+00,4.093327522277832031e+00,4.405425548553466797e+00,8.469593390762374385e-01,4.410000000000000000e+02,3.000000000000000000e+00,1.000000000000000000e+00,1.747732723869139360e+00
8.995000000000000284e+01,3.196328878402709961e+00,2.397021770477294922e+00,4.265691757202148438e+00,4.596887111663818359e+00,9.677422397885987460e-01,4.610000000000000000e+02,2.000000000000000000e+00,1.000000000000000000e+00,1.640734615707632793e+00
9.000000000000000000e+01,3.186915874481201172e+00,2.447970867156982422e+00,4.069233894348144531e+00,4.450233936309814453e+00,8.760499611027748879e-01,4.800000000000000000e+02,3.000000000000000000e+00,1.000000000000000000e+00,1.645612403218436937e+00
9.005000000000001137e+01,2.848252296447753906e+00,2.342172622680664062e+00,4.147333145141601562e+00,4.531790256500244141e+00,9.386802106972891302e-01,4.400000000000000000e+02,3.000000000000000000e+00,1.000000000000000000e+00,1.762105872958976471e+00
9.010000000000000853e+01,3.064831495285034180e+00,2.519879579544067383e+00,4.246231555938720703e+00,4.523381233215332031e+00,9.463991421747266486e-01,4.750000000000000000e+02,3.000000000000000000e+00,2.000000000000000000e+00,1.755274231160983245e+00
9.015000000000000568e+01,3.307345390319824219e+00,2.519075870513916016e+00,3.528716325759887695e+00,3.969049692153930664e+00,8.899940239622122773e-01,4.590000000000000000e+02,4.000000000000000000e+00,1.000000000000000000e+00,1.898919697945729901e+00
9.020000000000000284e+01,3.162683963775634766e+00,2.466318368911743164e+00,4.111559391021728516e+00,4.500040054321289062e+00,9.074576011883281890e-01,4.790000000000000000e+02,2.000000000000000000e+00,1.000000000000000000e+00,1.879761885893125317e+00
9.025000000000000000e+01,3.188841342926025391e+00,2.362071275711059570e+00,3.997815608978271484e+00,4.469128608703613281e+00,8.689460230031019750e-01,4.670000000000000000e+02,3.000000000000000000e+00,1.000000000000000000e+00,1.760318188177118826e+00
9.030000000000001137e+01,3.225974798202514648e+00,2.457499980926513672e+00,3.600196599960327148e+00,4.071040630340576172e+00,9.600076657384608581e-01,4.800000000000000000e+02,2.000000000000000000e+00,1.000000000000000000e+00,1.862472043361493634e+00
9.035000000000000853e+01,3.277600049972534180e+00,2.438173532485961914e+00,3.724251985549926758e+00,4.173514366149902344e+00,9.082309023674359771e-01,4.300000000000000000e+02,3.000000000000000000e+00,1.000000000000000000e+00,1.954445996359692961e+00
9.040000000000000568e+01,3.088872432708740234e+00,2.450625181198120117e+00,4.085065364837646484e+00,4.452983856201171875e+00,9.758195557444527823e-01,4.350000000000000000e+02,2.000000000000000000e+00,2.000000000000000000e+00,1.962010566361150676e+00
9.045000000000000284e+01,3.190884590148925781e+00,2.551519393920898438e+00,3.513750791549682617e+00,3.995442628860473633e+00,9.808272034223177727e-01,4.710000000000000000e+02,2.000000000000000000e+00,0.000000000000000000e+00,2.185530901482389154e+00
9.050000000000000000e+01,3.076851129531860352e+00,2.380452394485473633e+00,3.899012088775634766e+00,4.442029953002929688e+00,8.857214208031095604e-01,4.340000000000000000e+02,3.000000000000000000e+00,1.000000000000000000e+00,2.138479771126817308e+00
9.055000000000001137e+01,3.081716299057006836e+00,2.458208799362182617e+00,4.129447460174560547e+00,4.477171897888183594e+00,9.025697257376179561e-01,4.800000000000000000e+02,2.000000000000000000e+00,1.000000000000000000e+00,1.591088906918809442e+00
9.060000000000000853e+01,3.032200574874877930e+00,2.376462697982788086e+00,3.843737125396728516e+00,4.300835609436035156e+00,8.949331064662033874e-01,4.620000000000000000e+02,3.000000000000000000e+00,1.000000000000000000e+00,1.853085862616850266e+00
9.065000000000000568e+01,2.851412773132324219e+00,2.190396308898925781e+00,3.672060966491699219e+00,4.021214485168457031e+00,9.268964287452886586e-01,4.320000000000000000e+02,2.000000000000000000e+00,1.000000000000000000e+00,1.950955209815201874e+00
9.070000000000000284e+01,2.949084758758544922e+00,2.387778282165527344e+00,3.945766925811767578e+00,4.344172477722167969e+00,9.249872330851544033e-01,4.270000000000000000e+02,2.000000000000000000e+00,1.000000000000000000e+00,1.924835512585818531e+00
9.075000000000000000e+01,2.969182968139648438e+00,2.323467493057250977e+00,3.922750711441040039e+00,4.376317024230957031e+00,9.451912171052041511e-01,4.320000000000000000e+02,2.000000000000000000e+00,1.000000000000000000e+00,1.787622685485685592e+00
9.080000000000001137e+01,2.960965394973754883e+00,2.180786848068237305e+00,3.954416275024414062e+00,4.460244655609130859e+00,9.944734232145735486e-01,4.380000000000000000e+02,2.000000000000000000e+00,1.000000000000000000e+00,1.794254364380997391e+00
9.085000000000000853e+01,2.850896358489990234e+00,2.344794750213623047e+00,3.791585445404052734e+00,4.314431667327880859e+00,9.186833335971745784e-01,4.470000000000000000e+02,3.000000000000000000e+00,1.000000000000000000e+00,1.729837307940765623e+00
9.090000000000000568e+01,3.126324176788330078e+00,2.540426254272460938e+00,4.098166942596435547e+00,4.418231964111328125e+00,8.938355003999275405e-01,4.460000000000000000e+02,3.000000000000000000e+00,1.000000000000000000e+00,1.681162196107871543e+00
9.095000000000000284e+01,3.261976242065429688e+00,2.501294851303100586e+00,3.990567684173583984e+00,4.471103191375732422e+00,9.333657289234342791e-01,4.400000000000000000e+02,2.000000000000000000e+00,1.000000000000000000e+00,1.705781459336298767e+00
9.100000000000000000e+01,3.065697669982910156e+00,2.251477241516113281e+00,3.758136034011840820e+00,4.263925075531005859e+00,9.487387422897585187e-01,4.450000000000000000e+02,2.000000000000000000e+00,1.000000000000000000e+00,1.964815678289921985e+00
9.105000000000001137e+01,3.051651477813720703e+00,2.408585786819458008e+00,3.954160213470458984e+00,4.399453163146972656e+00,8.885387905924377883e-01,4.300000000000000000e+02,2.000000000000000000e+00,0.000000000000000000e+00,2.459099717734373858e+00
9.110000000000000853e+01,3.212027311325073242e+00,2.439564704895019531e+00,4.086000919342041016e+00,4.486929893493652344e+00,9.076493967825016718e-01,4.590000000000000000e+02,2.000000000000000000e+00,1.000000000000000000e+00,1.867583992751141508e+00
9.115000000000000568e+01,3.113808393478393555e+00,2.364275693893432617e+00,3.966409206390380859e+00,4.399027824401855469e+00,8.589602811092417189e-01,4.620000000000000000e+02,2.000000000000000000e+00,1.000000000000000000e+00,1.764128454617017283e+00
9.120000000000000284e+01,3.028840780258178711e+00,2.377035140991210938e+00,3.896758317947387695e+00,4.254823684692382812e+00,1.076434982780902549e+00,4.460000000000000000e+02,3.000000000000000000e+00,1.000000000000000000e+00,1.871950430752138406e+00
9.125000000000000000e+01,3.037068605422973633e+00,2.375880002975463867e+00,3.779078006744384766e+00,4.314560413360595703e+00,1.105760786201874568e+00,4.020000000000000000e+02,1.000000000000000000e+00,0.000000000000000000e+00,2.082106437392080789e+00
9.130000000000001137e+01,3.170873641967773438e+00,2.466506481170654297e+00,3.936093091964721680e+00,4.367529869079589844e+00,1.031822079196596853e+00,4.120000000000000000e+02,2.000000000000000000e+00,1.000000000000000000e+00,1.726203981904771201e+00
9.135000000000000853e+01,2.962420225143432617e+00,2.284313201904296875e+00,3.952411413192749023e+00,4.485554218292236328e+00,1.099812114129927298e+00,4.440000000000000000e+02,2.000000000000000000e+00,1.000000000000000000e+00,1.935391552547361727e+00
9.140000000000000568e+01,3.204484939575195312e+00,2.368989229202270508e+00,4.130773067474365234e+00,4.609563350677490234e+00,1.119145392069117007e+00,4.310000000000000000e+02,3.000000000000000000e+00,1.000000000000000000e+00,1.695327064875436829e+00
9.145000000000000284e+01,2.832836151123046875e+00,2.294824123382568359e+00,3.991760969161987305e+00,4.346701622009277344e+00,1.073105647320920175e+00,4.510000000000000000e+02,3.000000000000000000e+00,0.000000000000000000e+00,2.347931808775237883e+00
9.150000000000000000e+01,3.137603282928466797e+00,2.335747003555297852e+00,3.728281497955322266e+00,4.323580741882324219e+00,1.229781370441811017e+00,4.090000000000000000e+02,2.000000000000000000e+00,1.000000000000000000e+00,1.901922790244695571e+00
9.155000000000001137e+01,3.060753345489501953e+00,2.250576257705688477e+00,3.816792726516723633e+00,4.382893085479736328e+00,1.234712749366410955e+00,4.470000000000000000e+02,2.000000000000000000e+00,1.000000000000000000e+00,1.808918037117709376e+00
9.160000000000000853e+01,3.033375501632690430e+00,2.401387929916381836e+00,3.927693843841552734e+00,4.348063945770263672e+00,1.232424349082754222e+00,4.470000000000000000e+02,0.000000000000000000e+00,0.000000000000000000e+00,2.139823741606275753e+00
9.165000000000000568e+01,2.966587781906127930e+00,2.355561494827270508e+00,3.846719026565551758e+00,4.352226734161376953e+00,1.223878142565722360e+00,4.500000000000000000e+02,4.000000000000000000e+00,1.000000000000000000e+00,1.936368109677822247e+00
9.170000000000000284e+01,3.046000480651855469e+00,2.409465789794921875e+00,3.935934305191040039e+00,4.289612293243408203e+00,1.215923917166136459e+00,4.000000000000000000e+02,3.000000000000000000e+00,0.000000000000000000e+00,2.290968245660536695e+00
9.175000000000000000e+01,3.074007272720336914e+00,2.364452838897705078e+00,3.857390403747558594e+00,4.163438796997070312e+00,1.206563206182245107e+00,4.580000000000000000e+02,3.000000000000000000e+00,1.000000000000000000e+00,1.960373211603450905e+00
9.180000000000001137e+01,3.001498222351074219e+00,2.367265224456787109e+00,3.726459980010986328e+00,4.228073596954345703e+00,1.160087626376823833e+00,4.450000000000000000e+02,2.000000000000000000e+00,1.000000000000000000e+00,1.882858761021671823e+00
9.185000000000000853e+01,3.644473075866699219e+00,2.560252189636230469e+00,4.266622066497802734e+00,4.641352176666259766e+00,1.135678047934433721e+00,4.720000000000000000e+02,3.000000000000000000e+00,1.000000000000000000e+00,1.757226825972008744e+00
9.190000000000000568e+01,3.415441513061523438e+00,2.532537937164306641e+00,3.994744300842285156e+00,4.528964519500732422e+00,1.179682635525318712e+00,4.290000000000000000e+02,3.000000000000000000e+00,1.000000000000000000e+00,1.963009908213495081e+00
9.195000000000000284e+01,3.279131412506103516e+00,2.307408094406127930e+00,4.082407474517822266e+00,4.690562248229980469e+00,1.197162518094357253e+00,4.260000000000000000e+02,2.000000000000000000e+00,0.000000000000000000e+00,2.340304571918206289e+00
9.200000000000000000e+01,3.223636627197265625e+00,2.367599487304687500e+00,3.946900129318237305e+00,4.356035709381103516e+00,1.215452299251598367e+00,4.050000000000000000e+02,2.000000000000000000e+00,1.000000000000000000e+00,1.759750050965255497e+00
9.205000000000001137e+01,3.267676591873168945e+00,2.352338790893554688e+00,4.276006698608398438e+00,4.700035572052001953e+00,1.213512283272461190e+00,4.400000000000000000e+02,2.000000000000000000e+00,1.000000000000000000e+00,1.757619853924306863e+00
9.210000000000000853e+01,3.325828313827514648e+00,2.348725080490112305e+00,3.900696992874145508e+00,4.457944869995117188e+00,1.220577094772888227e+00,4.520000000000000000e+02,3.000000000000000000e+00,1.000000000000000000e+00,2.119278822772756588e+00
9.215000000000000568e+01,3.070339679718017578e+00,2.436238288879394531e+00,4.140396595001220703e+00,4.502669811248779297e+00,1.225314195455566635e+00,4.370000000000000000e+02,4.000000000000000000e+00,1.000000000000000000e+00,2.136102763137898819e+00
9.220000000000000284e+01,3.049091100692749023e+00,2.412286281585693359e+00,4.067888259887695312e+00,4.479982852935791016e+00,1.261703679639919695e+00,4.160000000000000000e+02,3.000000000000000000e+00,1.000000000000000000e+00,1.830391539251226218e+00
9.225000000000000000e+01,2.975017070770263672e+00,2.380746603012084961e+00,4.063676357269287109e+00,4.526069641113281250e+00,1.234297945919384798e+00,4.310000000000000000e+02,3.000000000000000000e+00,1.000000000000000000e+00,1.659370829777028433e+00
9.230000000000001137e+01,3.040658473968505859e+00,2.383780717849731445e+00,4.115541458129882812e+00,4.527400970458984375e+00,1.280228958601532296e+00,4.070000000000000000e+02,2.000000000000000000e+00,1.000000000000000000e+00,1.751761033670913292e+00
9.235000000000000853e+01,3.052272558212280273e+00,2.553662776947021484e+00,3.689694404602050781e+00,4.215930938720703125e+00,1.191445726364166680e+00,4.590000000000000000e+02,2.000000000000000000e+00,1.000000000000000000e+00,1.666705827196170775e+00
9.240000000000000568e+01,3.124525308609008789e+00,2.438858270645141602e+00,3.767801284790039062e+00,4.349034309387207031e+00,1.244653923723742395e+00,4.450000000000000000e+02,3.000000000000000000e+00,1.000000000000000000e+00,1.885889367358804192e+00
9.245000000000000284e+01,3.390695810317993164e+00,2.627626895904541016e+00,3.699226617813110352e+00,4.215356826782226562e+00,1.203643319753321839e+00,4.580000000000000000e+02,2.000000000000000000e+00,1.000000000000000000e+00,2.067616171770552569e+00
9.250000000000000000e+01,3.351297855377197266e+00,2.722122669219970703e+00,3.974262475967407227e+00,4.416038513183593750e+00,1.230403657031564180e+00,4.560000000000000000e+02,2.000000000000000000e+00,1.000000000000000000e+00,1.860413246919201402e+00
9.255000000000001137e+01,2.949133157730102539e+00,2.533391952514648438e+00,3.907542467117309570e+00,4.313715457916259766e+00,1.231108919330440754e+00,4.400000000000000000e+02,2.000000000000000000e+00,1.000000000000000000e+00,2.078217584939364038e+00
9.260000000000000853e+01,2.801260709762573242e+00,2.338474035263061523e+00,3.788048267364501953e+00,4.297604084014892578e+00,1.271359293655392353e+00,4.560000000000000000e+02,2.000000000000000000e+00,1.000000000000000000e+00,1.793787314930106902e+00
9.265000000000000568e+01,3.121873378753662109e+00,2.275608301162719727e+00,4.139732837677001953e+00,4.601717948913574219e+00,1.191547290315203789e+00,4.720000000000000000e+02,2.000000000000000000e+00,1.000000000000000000e+00,1.658670940977819530e+00
9.270000000000000284e+01,3.116514205932617188e+00,2.325619697570800781e+00,3.447967767715454102e+00,3.955893039703369141e+00,1.215826146925334195e+00,4.460000000000000000e+02,2.000000000000000000e+00,1.000000000000000000e+00,1.690222150723052819e+00
9.275000000000000000e+01,3.394731283187866211e+00,2.395006179809570312e+00,3.982713460922241211e+00,4.404460906982421875e+00,1.186907004916391228e+00,4.520000000000000000e+02,2.000000000000000000e+00,1.000000000000000000e+00,1.809904866998256479e+00
9.280000000000001137e+01,3.094298601150512695e+00,2.428765535354614258e+00,4.059908390045166016e+00,4.371778488159179688e+00,1.202979199644682362e+00,4.340000000000000000e+02,3.000000000000000000e+00,1.000000000000000000e+00,1.643554926945150374e+00
9.285000000000000853e+01,3.156627178192138672e+00,2.250187635421752930e+00,3.501633644104003906e+00,4.095526218414306641e+00,1.230660452586777698e+00,4.480000000000000000e+02,2.000000000000000000e+00,1.000000000000000000e+00,1.971687058388762459e+00
9.290000000000000568e+01,3.097290515899658203e+00,2.486591100692749023e+00,3.875282049179077148e+00,4.322051048278808594e+00,1.171642648991440883e+00,4.800000000000000000e+02,3.000000000000000000e+00,1.000000000000000000e+00,1.797125344239933309e+00
9.295000000000000284e+01,3.201046466827392578e+00,2.508973598480224609e+00,3.492237567901611328e+00,3.967725753784179688e+00,1.220029604076514840e+00,4.310000000000000000e+02,2.000000000000000000e+00,1.000000000000000000e+00,2.289945202210432740e+00
9.300000000000000000e+01,3.307063817977905273e+00,2.476500988006591797e+00,3.831385135650634766e+00,4.195491790771484375e+00,1.257576211510165631e+00,4.610000000000000000e+02,2.000000000000000000e+00,1.000000000000000000e+00,1.889423309256595962e+00
9.305000000000001137e+01,3.195553302764892578e+00,2.350740194320678711e+00,4.001460552215576172e+00,4.432902812957763672e+00,1.263816914487636334e+00,4.760000000000000000e+02,3.000000000000000000e+00,1.000000000000000000e+00,1.822307211548800598e+00
9.310000000000000853e+01,3.019926309585571289e+00,2.357366323471069336e+00,4.040034770965576172e+00,4.416485786437988281e+00,9.730838834974299134e-01,4.610000000000000000e+02,2.000000000000000000e+00,1.000000000000000000e+00,1.681096419775447437e+00
9.315000000000000568e+01,3.295414924621582031e+00,2.535217761993408203e+00,4.116983413696289062e+00,4.432060718536376953e+00,9.312561936375716165e-01,4.440000000000000000e+02,2.000000000000000000e+00,1.000000000000000000e+00,1.765348850233868117e+00
9.320000000000000284e+01,3.030144214630126953e+00,2.458197116851806641e+00,3.808283805847167969e+00,4.188924789428710938e+00,9.126928727789735962e-01,4.730000000000000000e+02,2.000000000000000000e+00,1.000000000000000000e+00,1.872584872604839967e+00
9.325000000000000000e+01,3.150050401687622070e+00,2.647289752960205078e+00,3.744143009185791016e+00,4.196548461914062500e+00,9.410764993848613758e-01,4.610000000000000000e+02,2.000000000000000000e+00,1.000000000000000000e+00,1.778391915421023484e+00
9.330000000000001137e+01,3.109398126602172852e+00,2.452897071838378906e+00,4.015836715698242188e+00,4.426742076873779297e+00,8.777891839544026409e-01,4.490000000000000000e+02,2.000000000000000000e+00,1.000000000000000000e+00,1.760588618917455328e+00
9.335000000000000853e+01,3.061693668365478516e+00,2.482120752334594727e+00,3.651574611663818359e+00,4.176271438598632812e+00,9.931707025902025698e-01,4.680000000000000000e+02,2.000000000000000000e+00,1.000000000000000000e+00,1.769054367570827901e+00
9.340000000000000568e+01,3.164924144744873047e+00,2.457185029983520508e+00,3.758317947387695312e+00,4.184841632843017578e+00,8.759518465378911545e-01,4.540000000000000000e+02,2.000000000000000000e+00,1.000000000000000000e+00,1.836421748337086823e+00
9.345000000000000284e+01,3.241526842117309570e+00,2.344032049179077148e+00,3.996508598327636719e+00,4.366172313690185547e+00,8.773982771910888712e-01,4.410000000000000000e+02,4.000000000000000000e+00,1.000000000000000000e+00,2.309802903368564309e+00
9.350000000000000000e+01,3.037065505981445312e+00,2.358505249023437500e+00,3.687820196151733398e+00,4.157963752746582031e+00,8.843369596240566732e-01,4.480000000000000000e+02,3.000000000000000000e+00,1.000000000000000000e+00,1.693060340201143488e+00
9.355000000000001137e+01,3.139002323150634766e+00,2.534162759780883789e+00,3.863190412521362305e+00,4.226066112518310547e+00,8.425143614068958398e-01,4.500000000000000000e+02,3.000000000000000000e+00,1.000000000000000000e+00,2.032882830458243806e+00
9.360000000000000853e+01,3.154127359390258789e+00,2.627325534820556641e+00,3.663493633270263672e+00,4.093624114990234375e+00,8.505519654591947587e-01,4.920000000000000000e+02,3.000000000000000000e+00,1.000000000000000000e+00,1.731334323331287006e+00
9.365000000000000568e+01,2.973025798797607422e+00,2.444967985153198242e+00,3.489311933517456055e+00,4.069880008697509766e+00,8.054596631321536693e-01,4.480000000000000000e+02,2.000000000000000000e+00,1.000000000000000000e+00,2.141037472395824981e+00
9.370000000000000284e+01,2.849969863891601562e+00,2.405782461166381836e+00,3.331527948379516602e+00,4.010609149932861328e+00,8.981597362486466452e-01,4.830000000000000000e+02,3.000000000000000000e+00,1.000000000000000000e+00,1.872162452602975646e+00
9.375000000000000000e+01,3.057042121887207031e+00,2.306151390075683594e+00,3.652137756347656250e+00,4.048969268798828125e+00,9.508690412425209182e-01,4.510000000000000000e+02,2.000000000000000000e+00,1.000000000000000000e+00,1.817528853761192442e+00
9.380000000000001137e+01,3.083971023559570312e+00,2.436947584152221680e+00,3.675757884979248047e+00,4.192556858062744141e+00,1.005699342330671264e+00,4.530000000000000000e+02,2.000000000000000000e+00,1.000000000000000000e+00,1.646792916881971713e+00
9.385000000000000853e+01,3.121629953384399414e+00,2.429556608200073242e+00,3.894246578216552734e+00,4.304872512817382812e+00,8.387678957754010067e-01,4.650000000000000000e+02,3.000000000000000000e+00,2.000000000000000000e+00,1.999271243976066037e+00
9.390000000000000568e+01,2.950858592987060547e+00,2.389250755310058594e+00,3.487701416015625000e+00,3.964304447174072266e+00,9.198246973801373905e-01,4.500000000000000000e+02,3.000000000000000000e+00,1.000000000000000000e+00,1.758049685707137044e+00
9.395000000000000284e+01,3.295296669006347656e+00,2.489790678024291992e+00,3.959001302719116211e+00,4.296260833740234375e+00,8.351016849508479112e-01,4.380000000000000000e+02,3.000000000000000000e+00,1.000000000000000000e+00,1.863436069605169276e+00
9.400000000000000000e+01,3.246639251708984375e+00,2.506577730178833008e+00,3.754635095596313477e+00,4.251794338226318359e+00,9.220601572775430910e-01,4.730000000000000000e+02,2.000000000000000000e+00,1.000000000000000000e+00,2.127064182136994219e+00
9.405000000000001137e+01,3.215295791625976562e+00,2.521503925323486328e+00,3.677954673767089844e+00,4.235523223876953125e+00,8.866056628632347225e-01,4.520000000000000000e+02,2.000000000000000000e+00,1.000000000000000000e+00,1.966556861894330765e+00
9.410000000000000853e+01,3.269545793533325195e+00,2.545747518539428711e+00,3.636136531829833984e+00,4.105475425720214844e+00,9.460522747229851426e-01,4.390000000000000000e+02,2.000000000000000000e+00,1.000000000000000000e+00,2.166982623443761025e+00
9.415000000000000568e+01,3.293375492095947266e+00,2.550964593887329102e+00,3.803220033645629883e+00,4.232701778411865234e+00,9.469647453199508957e-01,4.270000000000000000e+02,2.000000000000000000e+00,1.000000000000000000e+00,1.834940993841849499e+00
9.420000000000000284e+01,2.981037616729736328e+00,2.428788900375366211e+00,3.511682748794555664e+00,4.066704750061035156e+00,8.841592954983821251e-01,4.570000000000000000e+02,2.000000000000000000e+00,1.000000000000000000e+00,1.835577398203401822e+00
9.425000000000000000e+01,3.151552677154541016e+00,2.662531375885009766e+00,3.459663391113281250e+00,3.905049800872802734e+00,8.911039922857716400e-01,4.380000000000000000e+02,3.000000000000000000e+00,2.000000000000000000e+00,1.623133344269688916e+00
9.430000000000001137e+01,3.273585319519042969e+00,2.639799118041992188e+00,3.806221961975097656e+00,4.216590881347656250e+00,8.922417262021624662e-01,4.340000000000000000e+02,2.000000000000000000e+00,1.000000000000000000e+00,1.758351210477520299e+00
9.435000000000000853e+01,3.185801744461059570e+00,2.599241256713867188e+00,4.033743858337402344e+00,4.457305431365966797e+00,8.918436365997773896e-01,4.400000000000000000e+02,2.000000000000000000e+00,1.000000000000000000e+00,1.653924489721455560e+00
9.440000000000000568e+01,3.186923980712890625e+00,2.749652624130249023e+00,3.781838417053222656e+00,4.212233543395996094e+00,9.091938283576477264e-01,4.890000000000000000e+02,2.000000000000000000e+00,1.000000000000000000e+00,1.710262209093009300e+00
9.445000000000000284e+01,3.249799013137817383e+00,2.584242820739746094e+00,3.472623825073242188e+00,3.996246337890625000e+00,8.884117096260341073e-01,4.550000000000000000e+02,3.000000000000000000e+00,1.000000000000000000e+00,1.985850066221854338e+00
9.450000000000000000e+01,3.157941102981567383e+00,2.514927864074707031e+00,3.514787912368774414e+00,4.014933586120605469e+00,9.555082065571346428e-01,4.630000000000000000e+02,2.000000000000000000e+00,1.000000000000000000e+00,2.122843567321163860e+00
9.455000000000001137e+01,3.201402664184570312e+00,2.584808349609375000e+00,3.689517498016357422e+00,4.093304634094238281e+00,8.952882163802062809e-01,4.650000000000000000e+02,3.000000000000000000e+00,1.000000000000000000e+00,1.869946561227494364e+00
9.460000000000000853e+01,3.159678936004638672e+00,2.611546754837036133e+00,3.540386915206909180e+00,3.927279949188232422e+00,8.841500560251482899e-01,4.500000000000000000e+02,2.000000000000000000e+00,1.000000000000000000e+00,2.366748076749773055e+00
9.465000000000000568e+01,3.386446475982666016e+00,2.667308092117309570e+00,3.617387771606445312e+00,3.927639722824096680e+00,8.755459002249359468e-01,4.480000000000000000e+02,3.000000000000000000e+00,1.000000000000000000e+00,2.197828691014433122e+00
9.470000000000000284e+01,3.127849102020263672e+00,2.472877025604248047e+00,3.784575700759887695e+00,4.186273097991943359e+00,7.850790901680259060e-01,4.450000000000000000e+02,4.000000000000000000e+00,1.000000000000000000e+00,1.880231171006143676e+00
9.475000000000000000e+01,3.355393171310424805e+00,2.795483112335205078e+00,3.779239654541015625e+00,4.210825920104980469e+00,1.008894310957924478e+00,4.110000000000000000e+02,3.000000000000000000e+00,0.000000000000000000e+00,2.060862602203205718e+00
9.480000000000001137e+01,3.192261695861816406e+00,2.504811763763427734e+00,4.133505344390869141e+00,4.593220710754394531e+00,1.012987055185170737e+00,4.390000000000000000e+02,3.000000000000000000e+00,1.000000000000000000e+00,1.684859417210490262e+00
9.485000000000000853e+01,3.237236499786376953e+00,2.463771820068359375e+00,3.875761032104492188e+00,4.296255588531494141e+00,9.110266597743812422e-01,4.790000000000000000e+02,2.000000000000000000e+00,1.000000000000000000e+00,1.927351469897398584e+00
9.490000000000000568e+01,3.108105897903442383e+00,2.410929679870605469e+00,4.039914608001708984e+00,4.354000568389892578e+00,8.730270782408831032e-01,4.340000000000000000e+02,2.000000000000000000e+00,1.000000000000000000e+00,1.753507367848766929e+00
9.495000000000000284e+01,3.211607456207275391e+00,2.517428159713745117e+00,3.790436983108520508e+00,4.261033535003662109e+00,9.185322682355102630e-01,4.640000000000000000e+02,3.000000000000000000e+00,0.000000000000000000e+00,2.032116259193513130e+00
9.500000000000000000e+01,3.107909202575683594e+00,2.360399007797241211e+00,3.988372325897216797e+00,4.543056011199951172e+00,9.558961593469035289e-01,4.070000000000000000e+02,2.000000000000000000e+00,1.000000000000000000e+00,2.172286150067047839e+00
9.505000000000001137e+01,3.057516813278198242e+00,2.321176052093505859e+00,3.707271575927734375e+00,4.276593685150146484e+00,8.337927825638969948e-01,4.270000000000000000e+02,2.000000000000000000e+00,1.000000000000000000e+00,1.849332651042303377e+00
9.510000000000000853e+01,3.226050138473510742e+00,2.534180164337158203e+00,3.938160419464111328e+00,4.319188117980957031e+00,8.673694821321542570e-01,4.410000000000000000e+02,2.000000000000000000e+00,1.000000000000000000e+00,1.632573684994834684e+00
9.515000000000000568e+01,3.130578756332397461e+00,2.388633251190185547e+00,3.978066921234130859e+00,4.394319534301757812e+00,8.910678097870774472e-01,4.200000000000000000e+02,2.000000000000000000e+00,1.000000000000000000e+00,1.963827300747765570e+00
9.520000000000000284e+01,3.204151391983032227e+00,2.370143413543701172e+00,4.120124816894531250e+00,4.554078102111816406e+00,9.621533329717962824e-01,4.460000000000000000e+02,2.000000000000000000e+00,1.000000000000000000e+00,1.840948744043791940e+00
9.525000000000000000e+01,3.098642587661743164e+00,2.348641633987426758e+00,3.712010383605957031e+00,4.147535324096679688e+00,9.169816271963854293e-01,4.290000000000000000e+02,2.000000000000000000e+00,1.000000000000000000e+00,1.918707825033088232e+00
9.530000000000001137e+01,3.160863876342773438e+00,2.410495758056640625e+00,3.813879966735839844e+00,4.335503101348876953e+00,9.435835327097641390e-01,4.290000000000000000e+02,3.000000000000000000e+00,1.000000000000000000e+00,1.951553824348286836e+00
9.535000000000000853e+01,3.189242124557495117e+00,2.376591205596923828e+00,3.989160299301147461e+00,4.406567096710205078e+00,8.637216212678494598e-01,4.310000000000000000e+02,3.000000000000000000e+00,1.000000000000000000e+00,1.786914132031135694e+00
9.540000000000000568e+01,3.208269596099853516e+00,2.502575874328613281e+00,4.031760215759277344e+00,4.488214969635009766e+00,9.752467020872144232e-01,4.520000000000000000e+02,2.000000000000000000e+00,1.000000000000000000e+00,2.068154510298210624e+00
9.545000000000000284e+01,3.198809623718261719e+00,2.469115972518920898e+00,3.856014251708984375e+00,4.314835071563720703e+00,1.181579072138723374e+00,4.250000000000000000e+02,3.000000000000000000e+00,0.000000000000000000e+00,2.399931684462013770e+00
9.550000000000000000e+01,3.329128026962280273e+00,2.452110052108764648e+00,4.033137798309326172e+00,4.574773788452148438e+00,1.185414795221278794e+00,4.320000000000000000e+02,2.000000000000000000e+00,2.000000000000000000e+00,1.670362002483811725e+00
9.555000000000001137e+01,3.119836330413818359e+00,2.399055957794189453e+00,3.876971244812011719e+00,4.336683750152587891e+00,1.227620450754298043e+00,4.180000000000000000e+02,3.000000000000000000e+00,1.000000000000000000e+00,1.874680402361074139e+00
9.560000000000000853e+01,3.265302419662475586e+00,2.510223865509033203e+00,4.140516281127929688e+00,4.611905097961425781e+00,1.257162073042444206e+00,4.500000000000000000e+02,2.000000000000000000e+00,1.000000000000000000e+00,1.892554124013549055e+00
9.565000000000000568e+01,3.355591058731079102e+00,2.625608682632446289e+00,4.029412746429443359e+00,4.525536060333251953e+00,1.222598752597681360e+00,4.380000000000000000e+02,2.000000000000000000e+00,1.000000000000000000e+00,1.761143931715626998e+00
9.570000000000000284e+01,3.230550527572631836e+00,2.471315383911132812e+00,4.203965187072753906e+00,4.826515674591064453e+00,1.220227141322372422e+00,4.520000000000000000e+02,2.000000000000000000e+00,1.000000000000000000e+00,2.168833723910350120e+00
9.575000000000000000e+01,3.278156757354736328e+00,2.606997489929199219e+00,3.870614528656005859e+00,4.301638603210449219e+00,8.656929027216985206e-01,4.160000000000000000e+02,2.000000000000000000e+00,1.000000000000000000e+00,1.876099880740038195e+00
9.580000000000001137e+01,3.019503355026245117e+00,2.381232500076293945e+00,4.012850761413574219e+00,4.477487087249755859e+00,9.166834876393630260e-01,4.540000000000000000e+02,1.000000000000000000e+00,0.000000000000000000e+00,2.368599930014279931e+00
9.585000000000000853e+01,3.295345783233642578e+00,2.734819412231445312e+00,3.946118354797363281e+00,4.394309043884277344e+00,9.569394915087154896e-01,4.480000000000000000e+02,3.000000000000000000e+00,0.000000000000000000e+00,2.056593293433793157e+00
9.590000000000000568e+01,3.011152982711791992e+00,2.433556079864501953e+00,4.063648223876953125e+00,4.426669120788574219e+00,9.012785474919535744e-01,4.250000000000000000e+02,2.000000000000000000e+00,1.000000000000000000e+00,1.881581495394407444e+00
9.595000000000000284e+01,3.142424106597900391e+00,2.349734067916870117e+00,3.873968601226806641e+00,4.338480472564697266e+00,9.020243072041442822e-01,4.320000000000000000e+02,2.000000000000000000e+00,1.000000000000000000e+00,1.624670665147541548e+00
9.600000000000000000e+01,3.119032859802246094e+00,2.436605215072631836e+00,3.786472797393798828e+00,4.332911491394042969e+00,9.006147885360987759e-01,4.150000000000000000e+02,2.000000000000000000e+00,1.000000000000000000e+00,1.695688816866261384e+00
9.605000000000001137e+01,3.154165744781494141e+00,2.421957015991210938e+00,3.820816993713378906e+00,4.467159271240234375e+00,8.614057015883709312e-01,4.420000000000000000e+02,2.000000000000000000e+00,1.000000000000000000e+00,1.610303892337699994e+00
9.610000000000000853e+01,3.184321880340576172e+00,2.311621189117431641e+00,3.877813816070556641e+00,4.377583980560302734e+00,8.567777485709209273e-01,4.570000000000000000e+02,3.000000000000000000e+00,1.000000000000000000e+00,2.132419421538012561e+00
9.615000000000000568e+01,3.070916175842285156e+00,2.370595932006835938e+00,4.106987953186035156e+00,4.602839469909667969e+00,9.818750351548348743e-01,4.570000000000000000e+02,2.000000000000000000e+00,1.000000000000000000e+00,1.846297125811138695e+00
9.620000000000000284e+01,3.404312610626220703e+00,2.484148502349853516e+00,3.949125766754150391e+00,4.486056327819824219e+00,9.373608515410569719e-01,4.190000000000000000e+02,3.000000000000000000e+00,1.000000000000000000e+00,1.713793925488547254e+00
9.625000000000000000e+01,3.188262224197387695e+00,2.497456073760986328e+00,3.942342996597290039e+00,4.360483646392822266e+00,8.794536538170707463e-01,4.320000000000000000e+02,2.000000000000000000e+00,1.000000000000000000e+00,2.082052205518500898e+00
9.630000000000001137e+01,3.427915811538696289e+00,2.583196401596069336e+00,4.079932689666748047e+00,4.634035587310791016e+00,9.495052747518710756e-01,4.250000000000000000e+02,3.000000000000000000e+00,0.000000000000000000e+00,2.105650561929946374e+00
9.635000000000000853e+01,3.071364879608154297e+00,2.371273040771484375e+00,3.560204029083251953e+00,4.152093887329101562e+00,9.388863876268728204e-01,4.730000000000000000e+02,2.000000000000000000e+00,1.000000000000000000e+00,1.997234600939892690e+00
9.640000000000000568e+01,3.297477006912231445e+00,2.479687452316284180e+00,3.827430725097656250e+00,4.379751682281494141e+00,8.172138515697359162e-01,4.470000000000000000e+02,2.000000000000000000e+00,1.000000000000000000e+00,1.651050743805779319e+00
9.645000000000000284e+01,3.110163450241088867e+00,2.404277801513671875e+00,3.972877502441406250e+00,4.277873516082763672e+00,9.058905104063035285e-01,4.400000000000000000e+02,4.000000000000000000e+00,1.000000000000000000e+00,2.142464040209921539e+00
9.650000000000000000e+01,3.149605274200439453e+00,2.402408361434936523e+00,3.859560012817382812e+00,4.288828849792480469e+00,8.902857271194746236e-01,4.400000000000000000e+02,3.000000000000000000e+00,1.000000000000000000e+00,1.888138669564474403e+00
9.655000000000001137e+01,3.426211833953857422e+00,2.617321968078613281e+00,4.417273044586181641e+00,4.770124912261962891e+00,1.009359730102466601e+00,4.400000000000000000e+02,2.000000000000000000e+00,2.000000000000000000e+00,1.715932665078627961e+00
9.660000000000000853e+01,3.229620933532714844e+00,2.389188766479492188e+00,4.249167919158935547e+00,4.624234676361083984e+00,9.009598062837695931e-01,4.470000000000000000e+02,2.000000000000000000e+00,1.000000000000000000e+00,1.569452906265937919e+00
9.665000000000000568e+01,3.039178371429443359e+00,2.310760498046875000e+00,3.836464643478393555e+00,4.355553150177001953e+00,9.630750494348322421e-01,4.300000000000000000e+02,2.000000000000000000e+00,1.000000000000000000e+00,2.314203776170474569e+00
9.670000000000000284e+01,3.159929513931274414e+00,2.445342302322387695e+00,3.973147630691528320e+00,4.379077911376953125e+00,9.405109610720077118e-01,4.720000000000000000e+02,3.000000000000000000e+00,1.000000000000000000e+00,1.742323836207504417e+00
9.675000000000000000e+01,3.160711765289306641e+00,2.421083211898803711e+00,3.985877275466918945e+00,4.524301528930664062e+00,9.155421895049041803e-01,5.020000000000000000e+02,2.000000000000000000e+00,1.000000000000000000e+00,1.825234810807933039e+00
9.680000000000001137e+01,3.088111877441406250e+00,2.363641023635864258e+00,3.724838733673095703e+00,4.325031757354736328e+00,9.751108922188845840e-01,4.670000000000000000e+02,2.000000000000000000e+00,1.000000000000000000e+00,1.908858072143249540e+00
9.685000000000000853e+01,3.108076572418212891e+00,2.387239456176757812e+00,3.697849273681640625e+00,4.283788681030273438e+00,9.058104776208069087e-01,4.790000000000000000e+02,2.000000000000000000e+00,1.000000000000000000e+00,1.716455439832788699e+00
9.690000000000000568e+01,3.124797821044921875e+00,2.379449605941772461e+00,3.597373008728027344e+00,4.018014430999755859e+00,9.812456725351649256e-01,4.860000000000000000e+02,3.000000000000000000e+00,1.000000000000000000e+00,1.747128466407397607e+00
9.695000000000000284e+01,3.192228078842163086e+00,2.409389972686767578e+00,3.798439025878906250e+00,4.237824440002441406e+00,8.535892145179030388e-01,4.610000000000000000e+02,2.000000000000000000e+00,0.000000000000000000e+00,1.988963121802509892e+00
9.700000000000000000e+01,3.149655342102050781e+00,2.338757038116455078e+00,3.941383123397827148e+00,4.487046241760253906e+00,9.546033194141554379e-01,4.490000000000000000e+02,3.000000000000000000e+00,1.000000000000000000e+00,1.643180500419727297e+00
9.705000000000001137e+01,3.105957746505737305e+00,2.364371538162231445e+00,3.636001586914062500e+00,4.215945720672607422e+00,9.310370850310145663e-01,4.330000000000000000e+02,2.000000000000000000e+00,0.000000000000000000e+00,1.902086110431028043e+00
9.710000000000000853e+01,3.292538642883300781e+00,2.498312950134277344e+00,3.720999002456665039e+00,4.199707984924316406e+00,8.054115584892539426e-01,4.590000000000000000e+02,2.000000000000000000e+00,1.000000000000000000e+00,1.627972498945792879e+00
9.715000000000000568e+01,3.236956834793090820e+00,2.440876722335815430e+00,3.550437927246093750e+00,3.956012487411499023e+00,9.245959223377718805e-01,4.400000000000000000e+02,2.000000000000000000e+00,1.000000000000000000e+00,1.724312144707304650e+00
9.720000000000000284e+01,3.098350524902343750e+00,2.240691661834716797e+00,3.714382410049438477e+00,4.276688575744628906e+00,9.041986059704276713e-01,3.980000000000000000e+02,2.000000000000000000e+00,1.000000000000000000e+00,1.987752582804191981e+00
9.725000000000000000e+01,2.950909614562988281e+00,2.341956377029418945e+00,3.717325210571289062e+00,4.255878925323486328e+00,9.231399802556171652e-01,4.490000000000000000e+02,2.000000000000000000e+00,1.000000000000000000e+00,1.798485600439447385e+00
9.730000000000001137e+01,2.892286539077758789e+00,2.385691404342651367e+00,3.924308061599731445e+00,4.372496128082275391e+00,8.986643239578602227e-01,4.500000000000000000e+02,2.000000000000000000e+00,1.000000000000000000e+00,1.794201834133315465e+00
9.735000000000000853e+01,3.101775884628295898e+00,2.588612079620361328e+00,3.941133022308349609e+00,4.366541385650634766e+00,9.170165309958279165e-01,4.690000000000000000e+02,1.000000000000000000e+00,1.000000000000000000e+00,2.268352953401117755e+00
9.740000000000000568e+01,3.068036556243896484e+00,2.472685337066650391e+00,3.960345268249511719e+00,4.344681739807128906e+00,8.902384467963999626e-01,4.440000000000000000e+02,2.000000000000000000e+00,1.000000000000000000e+00,1.669923259303549345e+00
9.745000000000000284e+01,3.262270450592041016e+00,2.497142791748046875e+00,3.577000141143798828e+00,4.090281486511230469e+00,8.619468376886809668e-01,4.660000000000000000e+02,2.000000000000000000e+00,1.000000000000000000e+00,1.776910977479482456e+00
9.750000000000000000e+01,3.126204967498779297e+00,2.390899181365966797e+00,3.674245834350585938e+00,4.152990341186523438e+00,8.684873216345383451e-01,4.250000000000000000e+02,2.000000000000000000e+00,1.000000000000000000e+00,1.616833420494192541e+00
9.755000000000001137e+01,3.140630245208740234e+00,2.486689805984497070e+00,3.930821657180786133e+00,4.362268924713134766e+00,8.747985277673120397e-01,4.520000000000000000e+02,2.000000000000000000e+00,0.000000000000000000e+00,2.212740390792692136e+00
9.760000000000000853e+01,3.170372486114501953e+00,2.459053754806518555e+00,3.701637983322143555e+00,4.198622226715087891e+00,8.661898051922292119e-01,4.470000000000000000e+02,3.000000000000000000e+00,1.000000000000000000e+00,1.818505725414009788e+00
9.765000000000000568e+01,3.132184743881225586e+00,2.429292678833007812e+00,3.789256572723388672e+00,4.148822784423828125e+00,9.076019807901711811e-01,4.650000000000000000e+02,4.000000000000000000e+00,1.000000000000000000e+00,1.848742574708782893e+00
9.770000000000000284e+01,3.141942977905273438e+00,2.501340866088867188e+00,3.832880496978759766e+00,4.231884956359863281e+00,9.006339188133942741e-01,4.840000000000000000e+02,2.000000000000000000e+00,1.000000000000000000e+00,1.647210694087499538e+00
9.775000000000000000e+01,3.198995590209960938e+00,2.519952297210693359e+00,3.929370880126953125e+00,4.431993484497070312e+00,1.076200840039880369e+00,4.910000000000000000e+02,3.000000000000000000e+00,1.000000000000000000e+00,1.915371578003972175e+00
9.780000000000001137e+01,3.244147062301635742e+00,2.558386087417602539e+00,4.165405750274658203e+00,4.547131538391113281e+00,9.318854892904743226e-01,4.390000000000000000e+02,3.000000000000000000e+00,1.000000000000000000e+00,2.237096689648378600e+00
9.785000000000000853e+01,3.056359052658081055e+00,2.391499757766723633e+00,3.802473306655883789e+00,4.197410583496093750e+00,9.006926332526268286e-01,4.370000000000000000e+02,3.000000000000000000e+00,1.000000000000000000e+00,1.815861177210204680e+00
9.790000000000000568e+01,3.083369255065917969e+00,2.461014509201049805e+00,3.743280887603759766e+00,4.143800258636474609e+00,8.800002225722127758e-01,4.640000000000000000e+02,3.000000000000000000e+00,2.000000000000000000e+00,1.920005481318159291e+00
9.795000000000000284e+01,2.922603130340576172e+00,2.348381996154785156e+00,3.572665214538574219e+00,3.970120191574096680e+00,9.275755335490980524e-01,4.690000000000000000e+02,3.000000000000000000e+00,1.000000000000000000e+00,1.956260093591680960e+00
9.800000000000000000e+01,3.054484128952026367e+00,2.394834041595458984e+00,3.494138479232788086e+00,3.878240823745727539e+00,8.925553922532425410e-01,4.700000000000000000e+02,3.000000000000000000e+00,1.000000000000000000e+00,1.760300086417258214e+00
9.805000000000001137e+01,3.010623455047607422e+00,2.295313596725463867e+00,4.117621898651123047e+00,4.409831047058105469e+00,8.873431088244386755e-01,4.290000000000000000e+02,4.000000000000000000e+00,0.000000000000000000e+00,2.317235356827540560e+00
9.810000000000000853e+01,3.027895450592041016e+00,2.407413005828857422e+00,3.836785793304443359e+00,4.280745029449462891e+00,9.355762342101718865e-01,4.760000000000000000e+02,2.000000000000000000e+00,1.000000000000000000e+00,1.745304895225334940e+00
9.815000000000000568e+01,2.902351379394531250e+00,2.280303955078125000e+00,4.006017208099365234e+00,4.391033649444580078e+00,8.845561364167622287e-01,4.300000000000000000e+02,2.000000000000000000e+00,0.000000000000000000e+00,2.231093343340238455e+00
9.820000000000000284e+01,3.021897077560424805e+00,2.283944845199584961e+00,3.561429977416992188e+00,4.082539558410644531e+00,8.387023473687229558e-01,4.210000000000000000e+02,2.000000000000000000e+00,1.000000000000000000e+00,2.083018235327564138e+00
9.825000000000000000e+01,2.850980281829833984e+00,2.245145320892333984e+00,3.485858678817749023e+00,3.972686529159545898e+00,8.490371634629783060e-01,4.210000000000000000e+02,3.000000000000000000e+00,1.000000000000000000e+00,2.301517902049685205e+00
9.830000000000001137e+01,3.082570075988769531e+00,2.257570743560791016e+00,4.051944255828857422e+00,4.470399856567382812e+00,8.823825621093561722e-01,4.500000000000000000e+02,3.000000000000000000e+00,1.000000000000000000e+00,1.817962066149765743e+00
9.835000000000000853e+01,3.090964317321777344e+00,2.451213836669921875e+00,4.080416679382324219e+00,4.486081123352050781e+00,9.257457352348629209e-01,4.350000000000000000e+02,3.000000000000000000e+00,1.000000000000000000e+00,1.899012327896146157e+00
9.840000000000000568e+01,3.026101112365722656e+00,2.268005132675170898e+00,3.905468463897705078e+00,4.397964954376220703e+00,9.146866049757640393e-01,4.400000000000000000e+02,2.000000000000000000e+00,1.000000000000000000e+00,1.883480726931499039e+00
9.845000000000000284e+01,3.026037216186523438e+00,2.366113424301147461e+00,4.089428901672363281e+00,4.490760326385498047e+00,9.429934272299617115e-01,4.610000000000000000e+02,2.000000000000000000e+00,1.000000000000000000e+00,1.922152134786171640e+00
9.850000000000000000e+01,3.104985952377319336e+00,2.427298784255981445e+00,4.125624179840087891e+00,4.442100048065185547e+00,8.861938589954104772e-01,4.830000000000000000e+02,2.000000000000000000e+00,1.000000000000000000e+00,1.637666418726902107e+00
9.855000000000001137e+01,3.042587757110595703e+00,2.390193462371826172e+00,3.929568290710449219e+00,4.349064826965332031e+00,8.091872171402154645e-01,4.370000000000000000e+02,3.000000000000000000e+00,1.000000000000000000e+00,1.828814728593935124e+00
9.860000000000000853e+01,3.085787296295166016e+00,2.384797573089599609e+00,4.115267276763916016e+00,4.483406543731689453e+00,8.641932498595696899e-01,4.500000000000000000e+02,2.000000000000000000e+00,1.000000000000000000e+00,1.798275269605829951e+00
9.865000000000000568e+01,3.075982332229614258e+00,2.269540309906005859e+00,4.123206615447998047e+00,4.564055442810058594e+00,9.091189860417185908e-01,4.760000000000000000e+02,3.000000000000000000e+00,2.000000000000000000e+00,1.686520249320845100e+00
9.870000000000000284e+01,3.028535366058349609e+00,2.339394569396972656e+00,4.128216743469238281e+00,4.560876846313476562e+00,9.299010235259925761e-01,4.380000000000000000e+02,3.000000000000000000e+00,1.000000000000000000e+00,1.936489093645233028e+00
9.875000000000000000e+01,3.068030357360839844e+00,2.448158979415893555e+00,3.874694108963012695e+00,4.272716999053955078e+00,9.300744712628490340e-01,4.470000000000000000e+02,3.000000000000000000e+00,1.000000000000000000e+00,1.705916545366839454e+00
9.880000000000001137e+01,2.961373090744018555e+00,2.325115919113159180e+00,4.117688179016113281e+00,4.512485980987548828e+00,9.334562692388921334e-01,4.720000000000000000e+02,2.000000000000000000e+00,1.000000000000000000e+00,2.224219365413032889e+00
9.885000000000000853e+01,3.105418920516967773e+00,2.341451644897460938e+00,3.869259357452392578e+00,4.312416076660156250e+00,9.008448422400405775e-01,4.360000000000000000e+02,2.000000000000000000e+00,1.000000000000000000e+00,1.762688555761120046e+00
9.890000000000000568e+01,3.216392755508422852e+00,2.428720235824584961e+00,4.095186710357666016e+00,4.594549655914306641e+00,9.823915887964951299e-01,4.650000000000000000e+02,2.000000000000000000e+00,0.000000000000000000e+00,1.924245958653324484e+00
9.895000000000000284e+01,3.062855958938598633e+00,2.474352836608886719e+00,3.989688873291015625e+00,4.459083557128906250e+00,9.228519273018003233e-01,4.460000000000000000e+02,2.000000000000000000e+00,1.000000000000000000e+00,1.625587547150440404e+00
9.900000000000000000e+01,3.063342094421386719e+00,2.413357734680175781e+00,3.952438592910766602e+00,4.542889118194580078e+00,9.324010755448396415e-01,4.270000000000000000e+02,2.000000000000000000e+00,1.000000000000000000e+00,2.050522791014179447e+00
9.905000000000001137e+01,3.238850593566894531e+00,2.519496917724609375e+00,3.691736698150634766e+00,4.204930782318115234e+00,9.274669718263827134e-01,4.500000000000000000e+02,3.000000000000000000e+00,1.000000000000000000e+00,1.729981817758082574e+00
9.910000000000000853e+01,3.122403860092163086e+00,2.499552011489868164e+00,3.837689399719238281e+00,4.277016639709472656e+00,9.590445304613335331e-01,4.160000000000000000e+02,2.000000000000000000e+00,1.000000000000000000e+00,1.939799216334265441e+00
9.915000000000000568e+01,3.119763135910034180e+00,2.355085849761962891e+00,4.104995250701904297e+00,4.591255187988281250e+00,9.386758457955003410e-01,4.210000000000000000e+02,3.000000000000000000e+00,1.000000000000000000e+00,1.691318380568473945e+00
9.920000000000000284e+01,3.118785858154296875e+00,2.407466173171997070e+00,3.795825004577636719e+00,4.226626873016357422e+00,9.417203616997469329e-01,4.690000000000000000e+02,3.000000000000000000e+00,2.000000000000000000e+00,1.662934057581209268e+00
9.925000000000000000e+01,2.831267833709716797e+00,2.275910854339599609e+00,4.003957748413085938e+00,4.330978870391845703e+00,8.013676689212246851e-01,4.420000000000000000e+02,4.000000000000000000e+00,1.000000000000000000e+00,2.022203011887243385e+00
9.930000000000001137e+01,3.293462753295898438e+00,2.484917879104614258e+00,4.016541957855224609e+00,4.392732143402099609e+00,9.067554800960750949e-01,4.700000000000000000e+02,3.000000000000000000e+00,1.000000000000000000e+00,1.643649178547139655e+00
9.935000000000000853e+01,3.085341930389404297e+00,2.363686323165893555e+00,3.915502786636352539e+00,4.303543090820312500e+00,8.930712174231765221e-01,4.340000000000000000e+02,2.000000000000000000e+00,1.000000000000000000e+00,2.160122672658010501e+00
9.940000000000000568e+01,3.138283491134643555e+00,2.375826597213745117e+00,3.694779872894287109e+00,4.166763305664062500e+00,8.542777797175800103e-01,4.010000000000000000e+02,3.000000000000000000e+00,1.000000000000000000e+00,1.597661040661011222e+00
9.945000000000000284e+01,3.056017875671386719e+00,2.466785430908203125e+00,3.869842052459716797e+00,4.336725234985351562e+00,8.184883767209706340e-01,4.720000000000000000e+02,2.000000000000000000e+00,1.000000000000000000e+00,1.669540000104870803e+00
9.950000000000000000e+01,2.953456640243530273e+00,2.358312368392944336e+00,3.500966548919677734e+00,4.126817703247070312e+00,9.609637956706894579e-01,4.530000000000000000e+02,2.000000000000000000e+00,1.000000000000000000e+00,2.117666868125105406e+00
9.955000000000001137e+01,2.987040996551513672e+00,2.416218757629394531e+00,3.740440845489501953e+00,4.253086566925048828e+00,9.677238329617106061e-01,4.860000000000000000e+02,3.000000000000000000e+00,2.000000000000000000e+00,1.666915554652929954e+00
9.960000000000000853e+01,3.285788059234619141e+00,2.603258132934570312e+00,3.855355739593505859e+00,4.455925941467285156e+00,8.624058028141863286e-01,4.420000000000000000e+02,2.000000000000000000e+00,0.000000000000000000e+00,2.422305662847636931e+00
9.965000000000000568e+01,3.181297779083251953e+00,2.555474758148193359e+00,3.719704151153564453e+00,4.344173908233642578e+00,9.957551921789993266e-01,4.440000000000000000e+02,2.000000000000000000e+00,1.000000000000000000e+00,1.649007768930374818e+00
9.970000000000000284e+01,3.282552719116210938e+00,2.487568378448486328e+00,3.836113452911376953e+00,4.422833919525146484e+00,9.324325740094183690e-01,4.950000000000000000e+02,2.000000000000000000e+00,1.000000000000000000e+00,1.919108607395485722e+00
9.975000000000000000e+01,2.991274356842041016e+00,2.446593999862670898e+00,3.791894674301147461e+00,4.343148231506347656e+00,8.982619009907321095e-01,4.480000000000000000e+02,2.000000000000000000e+00,1.000000000000000000e+00,2.023594586408931306e+00
9.980000000000001137e+01,3.202894210815429688e+00,2.495302915573120117e+00,3.937176227569580078e+00,4.465454101562500000e+00,9.162240302527970837e-01,4.590000000000000000e+02,2.000000000000000000e+00,1.000000000000000000e+00,1.837754370492905576e+00
9.985000000000000853e+01,3.099408149719238281e+00,2.516365289688110352e+00,4.076181411743164062e+00,4.441104888916015625e+00,9.383114508487326866e-01,4.580000000000000000e+02,2.000000000000000000e+00,1.000000000000000000e+00,1.653778454958618527e+00
9.990000000000000568e+01,3.308570861816406250e+00,2.447844266891479492e+00,3.386673450469970703e+00,4.057481765747070312e+00,8.347032116619378384e-01,4.390000000000000000e+02,2.000000000000000000e+00,1.000000000000000000e+00,1.615613512400353224e+00
