time_ns,rec_rmsd_vs_crystal_A,rec_rmsd_vs_f0_A,lig_rmsd_vs_crystal_A,lig_rmsd_vs_f0_A,lig_internal_rmsd_A,n_contacts,n_polar,hbond_count,min_lig_prot_dist_A
0.000000000000000000e+00,1.561951756477355957e+00,0.000000000000000000e+00,2.589362621307373047e+00,0.000000000000000000e+00,7.419779068524881005e-01,3.470000000000000000e+02,0.000000000000000000e+00,0.000000000000000000e+00,2.356418986445382835e+00
5.000000000000000278e-02,1.993017435073852539e+00,1.604854464530944824e+00,3.219717025756835938e+00,1.111842632293701172e+00,9.122126303431633554e-01,3.930000000000000000e+02,0.000000000000000000e+00,0.000000000000000000e+00,2.425527080568962823e+00
1.000000000000000056e-01,2.236645936965942383e+00,1.824528217315673828e+00,2.208681583404541016e+00,1.474577188491821289e+00,9.434685286515023250e-01,3.740000000000000000e+02,0.000000000000000000e+00,0.000000000000000000e+00,2.281500165685485193e+00
1.500000000000000222e-01,2.287992715835571289e+00,1.881511926651000977e+00,2.618130683898925781e+00,1.413991928100585938e+00,9.638790192961889103e-01,3.500000000000000000e+02,0.000000000000000000e+00,0.000000000000000000e+00,2.426212181355172248e+00
2.000000000000000111e-01,2.312438964843750000e+00,1.996272325515747070e+00,2.133084774017333984e+00,1.264478564262390137e+00,8.876486062247816999e-01,3.810000000000000000e+02,0.000000000000000000e+00,0.000000000000000000e+00,2.383925117826801721e+00
2.500000000000000000e-01,2.436142921447753906e+00,2.054754257202148438e+00,1.663862705230712891e+00,1.580006599426269531e+00,9.210822723848646199e-01,3.610000000000000000e+02,0.000000000000000000e+00,0.000000000000000000e+00,2.288855461728624086e+00
3.000000000000000444e-01,2.024966239929199219e+00,1.680218935012817383e+00,2.420382738113403320e+00,1.348242044448852539e+00,9.194309801583698816e-01,3.670000000000000000e+02,0.000000000000000000e+00,0.000000000000000000e+00,2.323891394594323589e+00
3.500000000000000333e-01,2.343120336532592773e+00,2.059868574142456055e+00,2.426632404327392578e+00,1.379899263381958008e+00,9.624186293307995799e-01,3.630000000000000000e+02,0.000000000000000000e+00,0.000000000000000000e+00,2.255838392525344460e+00
4.000000000000000222e-01,2.014371156692504883e+00,1.658433437347412109e+00,2.388370037078857422e+00,1.251717209815979004e+00,7.782599492824808785e-01,3.770000000000000000e+02,0.000000000000000000e+00,0.000000000000000000e+00,2.422580749670896871e+00
4.500000000000000111e-01,2.045292377471923828e+00,1.762019515037536621e+00,1.680255174636840820e+00,1.799406051635742188e+00,8.241050966882145223e-01,3.860000000000000000e+02,0.000000000000000000e+00,0.000000000000000000e+00,2.155968733623462086e+00
5.000000000000000000e-01,2.402943611145019531e+00,2.027771234512329102e+00,2.705529928207397461e+00,1.368697166442871094e+00,7.314318387722230641e-01,3.820000000000000000e+02,0.000000000000000000e+00,0.000000000000000000e+00,2.444173421856213224e+00
5.500000000000000444e-01,2.044678688049316406e+00,1.746750950813293457e+00,2.271113157272338867e+00,1.090965270996093750e+00,9.520188317189022253e-01,3.780000000000000000e+02,0.000000000000000000e+00,0.000000000000000000e+00,2.291792406219853362e+00
6.000000000000000888e-01,2.157235145568847656e+00,1.719688296318054199e+00,3.394058704376220703e+00,1.221036314964294434e+00,9.516072279197795858e-01,3.600000000000000000e+02,0.000000000000000000e+00,0.000000000000000000e+00,2.535876141090295022e+00
6.500000000000000222e-01,2.179906606674194336e+00,1.842146873474121094e+00,2.967151403427124023e+00,1.159590005874633789e+00,8.837167301404508235e-01,3.930000000000000000e+02,0.000000000000000000e+00,0.000000000000000000e+00,2.359387187725276114e+00
7.000000000000000666e-01,2.234722852706909180e+00,1.932095050811767578e+00,3.342751264572143555e+00,1.997121572494506836e+00,9.175457986450519243e-01,4.140000000000000000e+02,0.000000000000000000e+00,0.000000000000000000e+00,2.350208388831880768e+00
7.500000000000000000e-01,2.122177124023437500e+00,1.752823829650878906e+00,3.235334157943725586e+00,1.613019824028015137e+00,9.107195064091279102e-01,3.770000000000000000e+02,0.000000000000000000e+00,0.000000000000000000e+00,2.343475220186697516e+00
8.000000000000000444e-01,2.119336128234863281e+00,1.987035870552062988e+00,3.405417442321777344e+00,1.641305565834045410e+00,9.501731660886864050e-01,3.750000000000000000e+02,0.000000000000000000e+00,0.000000000000000000e+00,2.302410427728247999e+00
8.500000000000000888e-01,2.424081563949584961e+00,2.210974693298339844e+00,3.021712303161621094e+00,1.592387557029724121e+00,9.497682170114031264e-01,4.120000000000000000e+02,1.000000000000000000e+00,0.000000000000000000e+00,2.317667248814756054e+00
9.000000000000000222e-01,2.293766975402832031e+00,2.143755912780761719e+00,2.739194393157958984e+00,1.656428456306457520e+00,9.562233898734230353e-01,4.240000000000000000e+02,1.000000000000000000e+00,0.000000000000000000e+00,2.392625581876468122e+00
9.500000000000000666e-01,2.247490406036376953e+00,2.040327548980712891e+00,2.874146938323974609e+00,1.597787857055664062e+00,9.700640338240784644e-01,3.770000000000000000e+02,0.000000000000000000e+00,0.000000000000000000e+00,2.305612981705064790e+00
1.000000000000000000e+00,2.327142715454101562e+00,2.136857748031616211e+00,3.082634925842285156e+00,1.576740503311157227e+00,9.908674632419957051e-01,3.870000000000000000e+02,0.000000000000000000e+00,0.000000000000000000e+00,2.349300908752367079e+00
1.050000000000000044e+00,2.223807811737060547e+00,1.936211466789245605e+00,2.277578115463256836e+00,1.923933029174804688e+00,9.300717512967348055e-01,3.980000000000000000e+02,0.000000000000000000e+00,0.000000000000000000e+00,2.280786333396848331e+00
1.100000000000000089e+00,2.512100219726562500e+00,2.393249750137329102e+00,2.230790138244628906e+00,1.701699972152709961e+00,9.195798239857637668e-01,3.920000000000000000e+02,0.000000000000000000e+00,0.000000000000000000e+00,2.259927446492749681e+00
1.150000000000000133e+00,2.718645334243774414e+00,2.591163873672485352e+00,2.144152164459228516e+00,2.035375118255615234e+00,9.014397590208920175e-01,3.750000000000000000e+02,0.000000000000000000e+00,0.000000000000000000e+00,2.408270500562549099e+00
1.200000000000000178e+00,2.343095779418945312e+00,2.308776617050170898e+00,2.380813121795654297e+00,1.480286240577697754e+00,8.967867455369384899e-01,4.240000000000000000e+02,0.000000000000000000e+00,0.000000000000000000e+00,2.326147674347903038e+00
1.250000000000000000e+00,2.638880968093872070e+00,2.545354604721069336e+00,2.327946662902832031e+00,1.697461366653442383e+00,9.790063998813633983e-01,3.990000000000000000e+02,0.000000000000000000e+00,0.000000000000000000e+00,2.350485699415741703e+00
1.300000000000000044e+00,2.559556722640991211e+00,2.427810192108154297e+00,2.370887041091918945e+00,1.957293272018432617e+00,9.235233897970611672e-01,3.800000000000000000e+02,0.000000000000000000e+00,0.000000000000000000e+00,2.455416421251478631e+00
1.350000000000000089e+00,2.524169445037841797e+00,2.330237865447998047e+00,2.491621017456054688e+00,1.488668322563171387e+00,9.403459086410115297e-01,4.110000000000000000e+02,0.000000000000000000e+00,0.000000000000000000e+00,2.255120336113434654e+00
1.400000000000000133e+00,2.394082784652709961e+00,2.306705236434936523e+00,2.705991744995117188e+00,1.789295077323913574e+00,9.512826596512276023e-01,3.830000000000000000e+02,0.000000000000000000e+00,0.000000000000000000e+00,1.791200858076117619e+00
1.450000000000000178e+00,2.510941982269287109e+00,2.397822380065917969e+00,2.490516662597656250e+00,1.906912446022033691e+00,9.448108486219758406e-01,4.040000000000000000e+02,0.000000000000000000e+00,0.000000000000000000e+00,2.463960533728536628e+00
1.500000000000000000e+00,2.925414562225341797e+00,2.853374719619750977e+00,2.423854112625122070e+00,2.112400531768798828e+00,9.624363296051126060e-01,3.970000000000000000e+02,0.000000000000000000e+00,0.000000000000000000e+00,2.396352687032103024e+00
1.550000000000000044e+00,3.148589611053466797e+00,3.034382343292236328e+00,2.316882133483886719e+00,2.133706092834472656e+00,9.776633253060972306e-01,4.280000000000000000e+02,0.000000000000000000e+00,0.000000000000000000e+00,2.448975656460385508e+00
1.600000000000000089e+00,2.687677383422851562e+00,2.517407417297363281e+00,2.933798313140869141e+00,1.433026790618896484e+00,9.414003316033967561e-01,3.650000000000000000e+02,0.000000000000000000e+00,0.000000000000000000e+00,2.472861871971193892e+00
1.650000000000000133e+00,2.796838760375976562e+00,2.688047409057617188e+00,2.471731185913085938e+00,1.712761163711547852e+00,9.535186519692323559e-01,3.710000000000000000e+02,0.000000000000000000e+00,0.000000000000000000e+00,2.235834894445409837e+00
1.700000000000000178e+00,2.799074649810791016e+00,2.686676502227783203e+00,2.474294185638427734e+00,1.676216840744018555e+00,9.782790291224721102e-01,3.680000000000000000e+02,0.000000000000000000e+00,0.000000000000000000e+00,2.266176656577044035e+00
1.750000000000000000e+00,2.767782688140869141e+00,2.654249668121337891e+00,2.223106622695922852e+00,1.966814517974853516e+00,9.245560039652369611e-01,3.580000000000000000e+02,0.000000000000000000e+00,0.000000000000000000e+00,2.246408878258631336e+00
1.800000000000000044e+00,2.544898748397827148e+00,2.438484191894531250e+00,2.469652175903320312e+00,1.678809046745300293e+00,9.760000621021622802e-01,3.950000000000000000e+02,0.000000000000000000e+00,0.000000000000000000e+00,2.240877202559521830e+00
1.850000000000000089e+00,2.910803556442260742e+00,2.811005115509033203e+00,2.627632141113281250e+00,1.847244620323181152e+00,9.622434099247685335e-01,3.900000000000000000e+02,0.000000000000000000e+00,0.000000000000000000e+00,2.333580069567460225e+00
1.900000000000000133e+00,2.882028102874755859e+00,2.692539930343627930e+00,2.246267080307006836e+00,1.697572946548461914e+00,9.877689298114246119e-01,4.310000000000000000e+02,0.000000000000000000e+00,0.000000000000000000e+00,2.268229790004024693e+00
1.950000000000000178e+00,2.701362133026123047e+00,2.572768211364746094e+00,2.210975408554077148e+00,1.456028699874877930e+00,1.005196990817060154e+00,3.850000000000000000e+02,0.000000000000000000e+00,0.000000000000000000e+00,2.361793792365054045e+00
2.000000000000000000e+00,2.882895469665527344e+00,2.823400020599365234e+00,2.726038694381713867e+00,1.799034595489501953e+00,9.380305319723509783e-01,3.900000000000000000e+02,0.000000000000000000e+00,0.000000000000000000e+00,2.394549259280987386e+00
2.050000000000000266e+00,2.818864822387695312e+00,2.688457489013671875e+00,2.570688486099243164e+00,1.691680431365966797e+00,9.430817541240876789e-01,3.740000000000000000e+02,0.000000000000000000e+00,0.000000000000000000e+00,2.462276869120402445e+00
2.100000000000000089e+00,2.697453260421752930e+00,2.524755239486694336e+00,2.471383094787597656e+00,1.551389694213867188e+00,9.763395119409037370e-01,4.200000000000000000e+02,1.000000000000000000e+00,0.000000000000000000e+00,2.309517940250911838e+00
2.149999999999999911e+00,2.805974006652832031e+00,2.649109363555908203e+00,2.633199453353881836e+00,1.940148353576660156e+00,9.444043620359388047e-01,4.060000000000000000e+02,0.000000000000000000e+00,0.000000000000000000e+00,2.336019070600033665e+00
2.200000000000000178e+00,2.919604301452636719e+00,2.810595035552978516e+00,2.202971458435058594e+00,1.697950839996337891e+00,9.510706076176209667e-01,3.870000000000000000e+02,0.000000000000000000e+00,0.000000000000000000e+00,2.281500560992459459e+00
2.250000000000000000e+00,3.097269058227539062e+00,3.063317298889160156e+00,2.606469631195068359e+00,1.769815802574157715e+00,9.525812937640097955e-01,3.850000000000000000e+02,0.000000000000000000e+00,0.000000000000000000e+00,2.291580881783489954e+00
2.300000000000000266e+00,2.831024885177612305e+00,2.737166881561279297e+00,2.514403343200683594e+00,1.759914755821228027e+00,9.741359789715365869e-01,4.000000000000000000e+02,0.000000000000000000e+00,0.000000000000000000e+00,2.274050465249353614e+00
2.350000000000000089e+00,2.662366628646850586e+00,2.619253396987915039e+00,2.458686590194702148e+00,1.756518125534057617e+00,9.541224152521011748e-01,3.710000000000000000e+02,0.000000000000000000e+00,0.000000000000000000e+00,2.360810129713027727e+00
2.400000000000000355e+00,2.707402706146240234e+00,2.663440942764282227e+00,2.514125347137451172e+00,1.688192009925842285e+00,9.502009127089139362e-01,4.130000000000000000e+02,0.000000000000000000e+00,0.000000000000000000e+00,2.329764778708752093e+00
2.450000000000000178e+00,2.908632993698120117e+00,2.811324119567871094e+00,2.476905345916748047e+00,1.797071456909179688e+00,9.238835192796017726e-01,3.930000000000000000e+02,0.000000000000000000e+00,0.000000000000000000e+00,2.398062852566936076e+00
2.500000000000000000e+00,2.709687232971191406e+00,2.576952219009399414e+00,2.269199609756469727e+00,1.929850459098815918e+00,9.004904449297307378e-01,3.740000000000000000e+02,0.000000000000000000e+00,0.000000000000000000e+00,2.425008460946695976e+00
2.550000000000000266e+00,2.597663164138793945e+00,2.520990610122680664e+00,2.162032842636108398e+00,1.734183311462402344e+00,7.877838553391907084e-01,3.700000000000000000e+02,0.000000000000000000e+00,0.000000000000000000e+00,2.291779444421865986e+00
2.600000000000000089e+00,2.759011983871459961e+00,2.539969444274902344e+00,3.178911209106445312e+00,1.727860212326049805e+00,9.875976776566812720e-01,4.220000000000000000e+02,0.000000000000000000e+00,0.000000000000000000e+00,2.194401790906652661e+00
2.650000000000000355e+00,2.977492332458496094e+00,2.781969308853149414e+00,2.486752510070800781e+00,1.458471417427062988e+00,9.939479132943228601e-01,4.150000000000000000e+02,0.000000000000000000e+00,0.000000000000000000e+00,2.408234058484792772e+00
2.700000000000000178e+00,2.671891689300537109e+00,2.583516597747802734e+00,3.171223640441894531e+00,2.334771871566772461e+00,9.955837523852689719e-01,3.790000000000000000e+02,0.000000000000000000e+00,0.000000000000000000e+00,2.321525183311095031e+00
2.750000000000000000e+00,2.838029384613037109e+00,2.736014842987060547e+00,2.860103845596313477e+00,1.438709616661071777e+00,9.619620142848139821e-01,4.360000000000000000e+02,0.000000000000000000e+00,0.000000000000000000e+00,2.111112383854842456e+00
2.800000000000000266e+00,2.976251602172851562e+00,2.875469923019409180e+00,2.938819169998168945e+00,1.652713894844055176e+00,1.000078528601604733e+00,4.230000000000000000e+02,0.000000000000000000e+00,0.000000000000000000e+00,2.369817393499832114e+00
2.850000000000000089e+00,2.979037523269653320e+00,2.855910778045654297e+00,2.580516815185546875e+00,1.430558681488037109e+00,9.199180439581061686e-01,3.850000000000000000e+02,0.000000000000000000e+00,0.000000000000000000e+00,2.318795210602874413e+00
2.900000000000000355e+00,2.886247396469116211e+00,2.740232706069946289e+00,3.126032114028930664e+00,1.710856199264526367e+00,9.471959674480134872e-01,4.020000000000000000e+02,0.000000000000000000e+00,0.000000000000000000e+00,2.457442347248569803e+00
2.950000000000000178e+00,2.650302410125732422e+00,2.551658630371093750e+00,2.772593259811401367e+00,1.698423743247985840e+00,9.763518285508397954e-01,4.180000000000000000e+02,0.000000000000000000e+00,0.000000000000000000e+00,2.187376729775786899e+00
3.000000000000000000e+00,2.697198152542114258e+00,2.598988056182861328e+00,2.643315792083740234e+00,1.273384690284729004e+00,9.173987018379736735e-01,3.570000000000000000e+02,0.000000000000000000e+00,0.000000000000000000e+00,2.415660373432170438e+00
3.050000000000000266e+00,2.599352836608886719e+00,2.498550176620483398e+00,2.862853527069091797e+00,1.455868601799011230e+00,9.000519227915222409e-01,3.680000000000000000e+02,0.000000000000000000e+00,0.000000000000000000e+00,2.390730683173353022e+00
3.100000000000000089e+00,2.841293573379516602e+00,2.661820411682128906e+00,3.146799087524414062e+00,1.511029601097106934e+00,8.760561304278836614e-01,4.030000000000000000e+02,0.000000000000000000e+00,0.000000000000000000e+00,2.411687693593033810e+00
3.150000000000000355e+00,3.158862829208374023e+00,2.971180438995361328e+00,3.119000196456909180e+00,1.750385880470275879e+00,9.118791493620254096e-01,3.860000000000000000e+02,0.000000000000000000e+00,0.000000000000000000e+00,2.457700835887477897e+00
3.200000000000000178e+00,2.940835475921630859e+00,2.717769622802734375e+00,3.103401660919189453e+00,1.485314607620239258e+00,9.236303200264416313e-01,4.060000000000000000e+02,0.000000000000000000e+00,0.000000000000000000e+00,2.391367778100053965e+00
3.250000000000000000e+00,2.746026277542114258e+00,2.598240613937377930e+00,3.361973285675048828e+00,1.507068157196044922e+00,9.239468004834001658e-01,3.540000000000000000e+02,0.000000000000000000e+00,0.000000000000000000e+00,2.434255673182827984e+00
3.300000000000000266e+00,2.829607963562011719e+00,2.643199920654296875e+00,2.756933689117431641e+00,1.462327837944030762e+00,8.335887643817796455e-01,3.790000000000000000e+02,0.000000000000000000e+00,0.000000000000000000e+00,2.217026673165553685e+00
3.350000000000000089e+00,2.992544651031494141e+00,2.833342790603637695e+00,3.024067878723144531e+00,1.464437842369079590e+00,9.216158328694823432e-01,3.920000000000000000e+02,0.000000000000000000e+00,0.000000000000000000e+00,2.425824406011543477e+00
3.400000000000000355e+00,2.584002256393432617e+00,2.525379419326782227e+00,3.366622924804687500e+00,1.405452251434326172e+00,8.946543132867784687e-01,3.960000000000000000e+02,0.000000000000000000e+00,0.000000000000000000e+00,2.402961811114162405e+00
3.450000000000000178e+00,2.848120212554931641e+00,2.685114860534667969e+00,3.035393714904785156e+00,1.602193355560302734e+00,9.090824656228486678e-01,4.070000000000000000e+02,0.000000000000000000e+00,0.000000000000000000e+00,2.262001343424732358e+00
3.500000000000000000e+00,2.843579053878784180e+00,2.696606636047363281e+00,3.549520492553710938e+00,1.889658451080322266e+00,9.234161616912743842e-01,4.110000000000000000e+02,0.000000000000000000e+00,0.000000000000000000e+00,2.314553977586319533e+00
3.550000000000000266e+00,3.054197311401367188e+00,2.932283878326416016e+00,2.969787359237670898e+00,1.424710631370544434e+00,8.998538093298433793e-01,4.350000000000000000e+02,0.000000000000000000e+00,0.000000000000000000e+00,2.226622437664378840e+00
3.600000000000000089e+00,2.985556364059448242e+00,2.888992071151733398e+00,2.918483972549438477e+00,2.051810741424560547e+00,1.066852839640592077e+00,3.940000000000000000e+02,0.000000000000000000e+00,0.000000000000000000e+00,2.430896295468241153e+00
3.650000000000000355e+00,2.805909872055053711e+00,2.729501247406005859e+00,3.236979007720947266e+00,1.347020268440246582e+00,8.976705683673213976e-01,3.800000000000000000e+02,0.000000000000000000e+00,0.000000000000000000e+00,2.429367416420761483e+00
3.700000000000000178e+00,2.745605707168579102e+00,2.718224287033081055e+00,2.951811790466308594e+00,1.284510493278503418e+00,9.034349859748685985e-01,4.070000000000000000e+02,0.000000000000000000e+00,0.000000000000000000e+00,2.293170238128713123e+00
3.750000000000000000e+00,2.844934940338134766e+00,2.923173427581787109e+00,3.259734630584716797e+00,1.514126062393188477e+00,9.669203526372958102e-01,3.590000000000000000e+02,0.000000000000000000e+00,0.000000000000000000e+00,2.215725484382895072e+00
3.800000000000000266e+00,2.831488609313964844e+00,2.733922243118286133e+00,2.956721544265747070e+00,1.780408740043640137e+00,1.052050229333943099e+00,3.980000000000000000e+02,0.000000000000000000e+00,0.000000000000000000e+00,2.436468065447582099e+00
3.850000000000000089e+00,2.948631048202514648e+00,2.846037387847900391e+00,2.870239973068237305e+00,1.564980506896972656e+00,1.114711983434414133e+00,3.600000000000000000e+02,0.000000000000000000e+00,0.000000000000000000e+00,2.461034909627852763e+00
3.900000000000000355e+00,2.710699558258056641e+00,2.614833354949951172e+00,2.642247438430786133e+00,1.158334136009216309e+00,9.232343327458070181e-01,3.720000000000000000e+02,0.000000000000000000e+00,0.000000000000000000e+00,2.417608027708933793e+00
3.950000000000000178e+00,2.866529226303100586e+00,2.789875507354736328e+00,3.053126096725463867e+00,1.625789642333984375e+00,1.004468983789183145e+00,3.630000000000000000e+02,0.000000000000000000e+00,0.000000000000000000e+00,2.429359885604128078e+00
4.000000000000000000e+00,2.765581607818603516e+00,2.729511499404907227e+00,2.727569103240966797e+00,1.238438963890075684e+00,1.044425398414553730e+00,3.350000000000000000e+02,0.000000000000000000e+00,0.000000000000000000e+00,2.514530053822905842e+00
4.049999999999999822e+00,2.741647720336914062e+00,2.738190889358520508e+00,2.944977521896362305e+00,1.464468121528625488e+00,7.789764797716423050e-01,3.800000000000000000e+02,0.000000000000000000e+00,0.000000000000000000e+00,2.470100306985833605e+00
4.100000000000000533e+00,2.822560310363769531e+00,2.670380592346191406e+00,3.275136470794677734e+00,1.594546794891357422e+00,9.674225341949327373e-01,3.470000000000000000e+02,0.000000000000000000e+00,0.000000000000000000e+00,2.378586273636925430e+00
4.150000000000000355e+00,2.845893859863281250e+00,2.739581584930419922e+00,2.777235269546508789e+00,1.595207333564758301e+00,8.056533067538558246e-01,3.630000000000000000e+02,0.000000000000000000e+00,0.000000000000000000e+00,2.434578015259184713e+00
4.200000000000000178e+00,2.796057224273681641e+00,2.730276823043823242e+00,2.960695028305053711e+00,1.733938694000244141e+00,9.098762608359340920e-01,3.900000000000000000e+02,0.000000000000000000e+00,0.000000000000000000e+00,2.332576792893262585e+00
4.250000000000000000e+00,2.988690853118896484e+00,2.930119514465332031e+00,2.777416944503784180e+00,1.837299108505249023e+00,9.495772978513283835e-01,3.810000000000000000e+02,0.000000000000000000e+00,0.000000000000000000e+00,2.333699449714579099e+00
4.299999999999999822e+00,2.843742609024047852e+00,2.772201061248779297e+00,3.078173637390136719e+00,1.792279005050659180e+00,1.025812163697297885e+00,4.170000000000000000e+02,0.000000000000000000e+00,0.000000000000000000e+00,2.372814265544143986e+00
4.350000000000000533e+00,2.758831501007080078e+00,2.672219514846801758e+00,2.728755235671997070e+00,1.185106754302978516e+00,7.843007822568119902e-01,3.940000000000000000e+02,0.000000000000000000e+00,0.000000000000000000e+00,2.470300278115293402e+00
4.400000000000000355e+00,2.995847225189208984e+00,2.855029344558715820e+00,2.681478500366210938e+00,1.168295264244079590e+00,8.612108875807527042e-01,3.810000000000000000e+02,0.000000000000000000e+00,0.000000000000000000e+00,2.327610552186009318e+00
4.450000000000000178e+00,2.884351015090942383e+00,2.869445323944091797e+00,2.505623817443847656e+00,1.350411176681518555e+00,8.806033543378570805e-01,3.650000000000000000e+02,0.000000000000000000e+00,0.000000000000000000e+00,2.443723500206843813e+00
4.500000000000000000e+00,2.770257949829101562e+00,2.577743530273437500e+00,2.899032115936279297e+00,1.672611236572265625e+00,9.360623118576348878e-01,3.100000000000000000e+02,0.000000000000000000e+00,0.000000000000000000e+00,2.388832773693018385e+00
4.549999999999999822e+00,2.702817916870117188e+00,2.690750360488891602e+00,3.706590890884399414e+00,2.011173963546752930e+00,9.032851537063004699e-01,3.830000000000000000e+02,0.000000000000000000e+00,0.000000000000000000e+00,2.394684360433426917e+00
4.600000000000000533e+00,2.780243873596191406e+00,2.638418912887573242e+00,3.469280719757080078e+00,1.640554666519165039e+00,9.225160117986542785e-01,3.770000000000000000e+02,0.000000000000000000e+00,0.000000000000000000e+00,2.426596587283755380e+00
4.650000000000000355e+00,2.571267843246459961e+00,2.469374418258666992e+00,3.775801897048950195e+00,2.070878505706787109e+00,8.154443015540053796e-01,3.840000000000000000e+02,0.000000000000000000e+00,0.000000000000000000e+00,2.290539608656093407e+00
4.700000000000000178e+00,2.658855676651000977e+00,2.583410739898681641e+00,3.699218988418579102e+00,2.055448293685913086e+00,8.602117115304412920e-01,3.240000000000000000e+02,0.000000000000000000e+00,0.000000000000000000e+00,2.395574182188544121e+00
4.750000000000000000e+00,2.571105480194091797e+00,2.431818246841430664e+00,3.225673675537109375e+00,2.079244136810302734e+00,9.034878359812338333e-01,3.520000000000000000e+02,0.000000000000000000e+00,0.000000000000000000e+00,2.521582087200089362e+00
4.800000000000000711e+00,2.857726097106933594e+00,2.756097793579101562e+00,3.329834461212158203e+00,1.944276690483093262e+00,9.823446441213684599e-01,3.710000000000000000e+02,0.000000000000000000e+00,0.000000000000000000e+00,2.483724508438643674e+00
4.850000000000000533e+00,2.880495786666870117e+00,2.730736970901489258e+00,3.313463687896728516e+00,1.840350866317749023e+00,9.281516450317000011e-01,3.740000000000000000e+02,0.000000000000000000e+00,0.000000000000000000e+00,2.470106311513935005e+00
4.900000000000000355e+00,2.563678979873657227e+00,2.429818868637084961e+00,3.186624526977539062e+00,1.390447497367858887e+00,9.126729911644695381e-01,3.210000000000000000e+02,0.000000000000000000e+00,0.000000000000000000e+00,2.338541245404698987e+00
4.950000000000000178e+00,2.835637331008911133e+00,2.838441371917724609e+00,3.603208065032958984e+00,1.766441345214843750e+00,8.711393761210173281e-01,3.740000000000000000e+02,0.000000000000000000e+00,0.000000000000000000e+00,2.452133330469544514e+00
5.000000000000000000e+00,2.867631912231445312e+00,2.747149705886840820e+00,2.908803462982177734e+00,1.604739427566528320e+00,8.713907926023987116e-01,3.370000000000000000e+02,0.000000000000000000e+00,0.000000000000000000e+00,2.651286711185807832e+00
5.050000000000000711e+00,3.050748109817504883e+00,2.960320711135864258e+00,3.004710912704467773e+00,1.522967100143432617e+00,8.974238349300949213e-01,3.820000000000000000e+02,0.000000000000000000e+00,0.000000000000000000e+00,2.310973935586479122e+00
5.100000000000000533e+00,2.811383962631225586e+00,2.748492002487182617e+00,2.787934303283691406e+00,1.422423362731933594e+00,8.901467344552129735e-01,3.580000000000000000e+02,0.000000000000000000e+00,0.000000000000000000e+00,2.471826535137642722e+00
5.150000000000000355e+00,2.796374320983886719e+00,2.730070352554321289e+00,2.787809848785400391e+00,2.189023017883300781e+00,8.115003446418989075e-01,3.260000000000000000e+02,0.000000000000000000e+00,0.000000000000000000e+00,2.397652675658553001e+00
5.200000000000000178e+00,2.548046350479125977e+00,2.470010280609130859e+00,2.656202316284179688e+00,1.288900136947631836e+00,7.739032235084136735e-01,3.710000000000000000e+02,0.000000000000000000e+00,0.000000000000000000e+00,2.486907040685662817e+00
5.250000000000000000e+00,3.102236986160278320e+00,2.997755527496337891e+00,2.831896305084228516e+00,1.641882419586181641e+00,9.772869216296841133e-01,3.270000000000000000e+02,0.000000000000000000e+00,0.000000000000000000e+00,2.501847288918423562e+00
5.300000000000000711e+00,2.847816944122314453e+00,2.790035963058471680e+00,3.116396665573120117e+00,1.523350954055786133e+00,8.522613443257508470e-01,3.300000000000000000e+02,0.000000000000000000e+00,0.000000000000000000e+00,2.514296759484198063e+00
5.350000000000000533e+00,2.738492965698242188e+00,2.744326591491699219e+00,3.090564966201782227e+00,1.255761504173278809e+00,8.635831821714335943e-01,3.420000000000000000e+02,0.000000000000000000e+00,0.000000000000000000e+00,2.370991610466998800e+00
5.400000000000000355e+00,2.681051254272460938e+00,2.628709793090820312e+00,3.399554729461669922e+00,1.605818152427673340e+00,8.561838371157631800e-01,3.970000000000000000e+02,0.000000000000000000e+00,0.000000000000000000e+00,2.377330629249637450e+00
5.450000000000000178e+00,2.827709674835205078e+00,2.748145103454589844e+00,3.286788702011108398e+00,1.740134835243225098e+00,9.326855002461810207e-01,3.610000000000000000e+02,0.000000000000000000e+00,0.000000000000000000e+00,2.433136952347849213e+00
5.500000000000000000e+00,2.724298238754272461e+00,2.595829486846923828e+00,3.469847679138183594e+00,1.914270877838134766e+00,9.432610677254240628e-01,3.380000000000000000e+02,0.000000000000000000e+00,0.000000000000000000e+00,2.325241501543563238e+00
5.550000000000000711e+00,2.783503055572509766e+00,2.692131519317626953e+00,3.069028854370117188e+00,1.462464570999145508e+00,7.698170978358059857e-01,3.120000000000000000e+02,0.000000000000000000e+00,0.000000000000000000e+00,2.471223414170239607e+00
5.600000000000000533e+00,2.784735679626464844e+00,2.624031305313110352e+00,3.182853698730468750e+00,1.504756927490234375e+00,8.369680831586699954e-01,3.540000000000000000e+02,0.000000000000000000e+00,0.000000000000000000e+00,2.322681637967259238e+00
5.650000000000000355e+00,2.866399288177490234e+00,2.767233610153198242e+00,3.473159313201904297e+00,1.930388331413269043e+00,9.171762366510617381e-01,3.700000000000000000e+02,0.000000000000000000e+00,0.000000000000000000e+00,2.439415078631379519e+00
5.700000000000000178e+00,2.712405204772949219e+00,2.666387081146240234e+00,2.707576513290405273e+00,1.596020221710205078e+00,9.172129822680514799e-01,3.220000000000000000e+02,0.000000000000000000e+00,0.000000000000000000e+00,2.470679634691995030e+00
5.750000000000000000e+00,2.873209476470947266e+00,2.788476705551147461e+00,2.756001949310302734e+00,1.786502361297607422e+00,8.947399009129013425e-01,3.420000000000000000e+02,0.000000000000000000e+00,0.000000000000000000e+00,2.586522496734123155e+00
5.800000000000000711e+00,2.974396944046020508e+00,2.886243104934692383e+00,3.407429695129394531e+00,1.823096990585327148e+00,8.715096544819769253e-01,3.450000000000000000e+02,0.000000000000000000e+00,0.000000000000000000e+00,2.426375398875734390e+00
5.850000000000000533e+00,2.889670372009277344e+00,2.822144269943237305e+00,3.369037151336669922e+00,1.597715616226196289e+00,9.145947222369067431e-01,3.140000000000000000e+02,0.000000000000000000e+00,0.000000000000000000e+00,2.441968614655460446e+00
5.900000000000000355e+00,2.890533208847045898e+00,2.879710197448730469e+00,3.188645362854003906e+00,2.055378437042236328e+00,8.341365520649794973e-01,3.470000000000000000e+02,0.000000000000000000e+00,0.000000000000000000e+00,2.148945136911412757e+00
5.950000000000000178e+00,3.184713363647460938e+00,3.091892719268798828e+00,3.086836099624633789e+00,1.610077381134033203e+00,9.612101230980375499e-01,3.090000000000000000e+02,0.000000000000000000e+00,0.000000000000000000e+00,2.549941540017667485e+00
6.000000000000000000e+00,2.870070695877075195e+00,2.834705114364624023e+00,3.349047660827636719e+00,1.848596572875976562e+00,8.945719509406611092e-01,3.370000000000000000e+02,0.000000000000000000e+00,0.000000000000000000e+00,2.321859995631410989e+00
6.050000000000000711e+00,2.844806909561157227e+00,2.700712919235229492e+00,3.491087198257446289e+00,1.927834868431091309e+00,9.160932144056623816e-01,3.480000000000000000e+02,0.000000000000000000e+00,0.000000000000000000e+00,2.324145058724571111e+00
6.100000000000000533e+00,2.892418384552001953e+00,2.781916618347167969e+00,2.863717079162597656e+00,2.159624576568603516e+00,9.062640218704319794e-01,3.940000000000000000e+02,0.000000000000000000e+00,0.000000000000000000e+00,2.300521482742690971e+00
6.150000000000000355e+00,2.809133529663085938e+00,2.788599491119384766e+00,2.765834569931030273e+00,2.163502693176269531e+00,9.863233782787821369e-01,3.580000000000000000e+02,0.000000000000000000e+00,0.000000000000000000e+00,2.582473421427306626e+00
6.200000000000000178e+00,2.708871126174926758e+00,2.702889919281005859e+00,2.452199697494506836e+00,1.943484067916870117e+00,9.343042252677090653e-01,4.010000000000000000e+02,0.000000000000000000e+00,0.000000000000000000e+00,2.444164676509540612e+00
6.250000000000000000e+00,2.577078104019165039e+00,2.550907611846923828e+00,2.441246986389160156e+00,2.120029449462890625e+00,9.944640468776080322e-01,3.770000000000000000e+02,0.000000000000000000e+00,0.000000000000000000e+00,2.320125423322368263e+00
6.300000000000000711e+00,2.759407520294189453e+00,2.687909126281738281e+00,2.727531194686889648e+00,1.812295675277709961e+00,9.706016493035264370e-01,4.370000000000000000e+02,0.000000000000000000e+00,0.000000000000000000e+00,2.143165060611031958e+00
6.350000000000000533e+00,2.489184379577636719e+00,2.530583858489990234e+00,2.367738962173461914e+00,1.852875828742980957e+00,9.862752520049800076e-01,3.860000000000000000e+02,0.000000000000000000e+00,0.000000000000000000e+00,2.390589978021042228e+00
6.400000000000000355e+00,2.530130863189697266e+00,2.539391517639160156e+00,2.246252059936523438e+00,1.813313722610473633e+00,9.667012975989957013e-01,3.670000000000000000e+02,0.000000000000000000e+00,0.000000000000000000e+00,2.489138975558502942e+00
6.450000000000000178e+00,2.592803955078125000e+00,2.527219295501708984e+00,2.843886375427246094e+00,1.980963349342346191e+00,9.805889439713938449e-01,4.050000000000000000e+02,0.000000000000000000e+00,0.000000000000000000e+00,2.559060966225090272e+00
6.500000000000000000e+00,2.807898521423339844e+00,2.880496025085449219e+00,2.409580230712890625e+00,2.013342857360839844e+00,9.697396854688961065e-01,3.820000000000000000e+02,0.000000000000000000e+00,0.000000000000000000e+00,2.446435719301369716e+00
6.550000000000000711e+00,2.607301473617553711e+00,2.677994966506958008e+00,2.814688205718994141e+00,2.209166049957275391e+00,1.034076685132787166e+00,3.850000000000000000e+02,0.000000000000000000e+00,0.000000000000000000e+00,2.324985883324490743e+00
6.600000000000000533e+00,2.576878070831298828e+00,2.621962785720825195e+00,2.266917228698730469e+00,2.256895065307617188e+00,9.133191912914369048e-01,3.870000000000000000e+02,0.000000000000000000e+00,0.000000000000000000e+00,2.361715000641561257e+00
6.650000000000000355e+00,2.586005926132202148e+00,2.584498167037963867e+00,1.747039675712585449e+00,2.811709880828857422e+00,8.632562122985991682e-01,4.230000000000000000e+02,2.000000000000000000e+00,0.000000000000000000e+00,2.188071516261834937e+00
6.700000000000000178e+00,2.700532913208007812e+00,2.720293760299682617e+00,2.744416236877441406e+00,2.154517650604248047e+00,1.063053321026018461e+00,3.500000000000000000e+02,0.000000000000000000e+00,0.000000000000000000e+00,2.365362698456331181e+00
6.750000000000000000e+00,2.666202783584594727e+00,2.713097333908081055e+00,2.308113098144531250e+00,2.377532720565795898e+00,9.881514781666789204e-01,3.740000000000000000e+02,0.000000000000000000e+00,0.000000000000000000e+00,2.362673825457029864e+00
6.800000000000000711e+00,2.633624315261840820e+00,2.644779682159423828e+00,2.552978992462158203e+00,2.343613624572753906e+00,1.021825210362840686e+00,4.140000000000000000e+02,0.000000000000000000e+00,0.000000000000000000e+00,2.369683626508447993e+00
6.850000000000000533e+00,2.680513620376586914e+00,2.642342805862426758e+00,2.381528854370117188e+00,1.856126308441162109e+00,9.728482003147540524e-01,3.710000000000000000e+02,0.000000000000000000e+00,0.000000000000000000e+00,2.290544811624903421e+00
6.900000000000000355e+00,2.560927629470825195e+00,2.571503639221191406e+00,2.796575784683227539e+00,2.198559284210205078e+00,1.054152228622192489e+00,3.790000000000000000e+02,0.000000000000000000e+00,0.000000000000000000e+00,2.471442177419010289e+00
6.950000000000000178e+00,2.339667081832885742e+00,2.298571109771728516e+00,2.562322616577148438e+00,1.876964330673217773e+00,1.010074939261187632e+00,3.820000000000000000e+02,0.000000000000000000e+00,0.000000000000000000e+00,2.424899562513945561e+00
7.000000000000000000e+00,2.425445079803466797e+00,2.440100431442260742e+00,2.554863691329956055e+00,2.086867809295654297e+00,1.002829765573106657e+00,3.740000000000000000e+02,0.000000000000000000e+00,0.000000000000000000e+00,2.318090314265076834e+00
7.050000000000000711e+00,2.602211475372314453e+00,2.597543001174926758e+00,2.209988117218017578e+00,2.148290872573852539e+00,1.035043405223500024e+00,3.740000000000000000e+02,0.000000000000000000e+00,0.000000000000000000e+00,2.402816429532993681e+00
7.100000000000000533e+00,2.597681999206542969e+00,2.614375352859497070e+00,2.812984943389892578e+00,1.959034800529479980e+00,1.057960451469521335e+00,3.910000000000000000e+02,0.000000000000000000e+00,0.000000000000000000e+00,2.376803243626313566e+00
7.150000000000000355e+00,2.505707502365112305e+00,2.526323556900024414e+00,2.805965185165405273e+00,2.229110002517700195e+00,9.771722417808081929e-01,3.840000000000000000e+02,0.000000000000000000e+00,0.000000000000000000e+00,2.375875568822194417e+00
7.200000000000000178e+00,2.787661552429199219e+00,2.778790473937988281e+00,2.652778863906860352e+00,2.344213962554931641e+00,1.027953960686836865e+00,3.990000000000000000e+02,0.000000000000000000e+00,0.000000000000000000e+00,2.220977341419794637e+00
7.250000000000000000e+00,2.594758272171020508e+00,2.542150974273681641e+00,2.244726657867431641e+00,2.060088634490966797e+00,1.047562880044244027e+00,4.090000000000000000e+02,0.000000000000000000e+00,0.000000000000000000e+00,2.447633022996920982e+00
7.300000000000000711e+00,2.669103622436523438e+00,2.605044603347778320e+00,1.922834157943725586e+00,2.082340955734252930e+00,8.952731083113349975e-01,3.740000000000000000e+02,0.000000000000000000e+00,0.000000000000000000e+00,2.234924659265641100e+00
7.350000000000000533e+00,2.364093542098999023e+00,2.407145023345947266e+00,1.964676976203918457e+00,1.865370750427246094e+00,9.421747483463231987e-01,4.010000000000000000e+02,1.000000000000000000e+00,0.000000000000000000e+00,2.290121453163648013e+00
7.400000000000000355e+00,2.629881858825683594e+00,2.619247198104858398e+00,1.936340451240539551e+00,2.447706460952758789e+00,9.282327503770725352e-01,3.460000000000000000e+02,0.000000000000000000e+00,0.000000000000000000e+00,2.307239874086369102e+00
7.450000000000000178e+00,2.808298110961914062e+00,2.776464462280273438e+00,1.864347696304321289e+00,2.822609901428222656e+00,9.494248162700524851e-01,4.100000000000000000e+02,0.000000000000000000e+00,0.000000000000000000e+00,2.368184892705737621e+00
7.500000000000000000e+00,2.594066143035888672e+00,2.594947576522827148e+00,1.756579875946044922e+00,2.519369602203369141e+00,1.056661912214386323e+00,4.280000000000000000e+02,0.000000000000000000e+00,0.000000000000000000e+00,2.272323636636849997e+00
7.550000000000000711e+00,2.404983520507812500e+00,2.357135534286499023e+00,2.036789417266845703e+00,1.984184026718139648e+00,9.857707470112753168e-01,4.220000000000000000e+02,0.000000000000000000e+00,0.000000000000000000e+00,2.243078636230269929e+00
7.600000000000000533e+00,2.799524068832397461e+00,2.772376775741577148e+00,2.054181814193725586e+00,2.845182418823242188e+00,1.004606553192002982e+00,4.160000000000000000e+02,1.000000000000000000e+00,0.000000000000000000e+00,2.261959197902219110e+00
7.650000000000000355e+00,2.557023525238037109e+00,2.517304182052612305e+00,1.890063285827636719e+00,2.180610418319702148e+00,9.745059266195490455e-01,3.850000000000000000e+02,0.000000000000000000e+00,0.000000000000000000e+00,2.354506315738524869e+00
7.700000000000000178e+00,2.812318563461303711e+00,2.751802206039428711e+00,1.748692750930786133e+00,2.453116178512573242e+00,9.191719574423977690e-01,3.970000000000000000e+02,0.000000000000000000e+00,0.000000000000000000e+00,2.417298856870775836e+00
7.750000000000000000e+00,2.708642244338989258e+00,2.677598953247070312e+00,1.702288389205932617e+00,2.554172277450561523e+00,9.135445105304662583e-01,4.130000000000000000e+02,0.000000000000000000e+00,0.000000000000000000e+00,2.293121150528864227e+00
7.800000000000000711e+00,2.687678575515747070e+00,2.555477380752563477e+00,1.374225020408630371e+00,2.366221189498901367e+00,9.358314457243370743e-01,3.970000000000000000e+02,0.000000000000000000e+00,0.000000000000000000e+00,2.141674555354581511e+00
7.850000000000000533e+00,2.679978370666503906e+00,2.611380815505981445e+00,1.612761974334716797e+00,2.515461206436157227e+00,9.268036492827880224e-01,4.300000000000000000e+02,0.000000000000000000e+00,0.000000000000000000e+00,2.317336602567817927e+00
7.900000000000000355e+00,2.596121311187744141e+00,2.527337551116943359e+00,1.750452756881713867e+00,2.533515453338623047e+00,9.282825999336853373e-01,4.160000000000000000e+02,0.000000000000000000e+00,0.000000000000000000e+00,2.266770488013885032e+00
7.950000000000000178e+00,2.631293296813964844e+00,2.621596097946166992e+00,1.848836183547973633e+00,2.256091833114624023e+00,9.386588618686222407e-01,4.030000000000000000e+02,0.000000000000000000e+00,0.000000000000000000e+00,2.212261086166439128e+00
8.000000000000000000e+00,2.657143831253051758e+00,2.557201862335205078e+00,1.890020251274108887e+00,2.271430253982543945e+00,8.587617811141284863e-01,3.910000000000000000e+02,0.000000000000000000e+00,0.000000000000000000e+00,2.575650542442754265e+00
8.050000000000000711e+00,2.430613279342651367e+00,2.438858509063720703e+00,1.723551630973815918e+00,2.094613075256347656e+00,9.472023649120515643e-01,3.960000000000000000e+02,0.000000000000000000e+00,0.000000000000000000e+00,2.388493613140125316e+00
8.099999999999999645e+00,2.553434371948242188e+00,2.543248176574707031e+00,1.753322601318359375e+00,2.164142608642578125e+00,9.483023032054865853e-01,4.010000000000000000e+02,1.000000000000000000e+00,0.000000000000000000e+00,2.246103499072588772e+00
8.150000000000000355e+00,2.885107040405273438e+00,2.858788490295410156e+00,1.646892905235290527e+00,2.445247411727905273e+00,8.991883936803590771e-01,3.710000000000000000e+02,0.000000000000000000e+00,0.000000000000000000e+00,2.285649059943131611e+00
8.200000000000001066e+00,2.455387830734252930e+00,2.425956964492797852e+00,1.677855372428894043e+00,2.344742298126220703e+00,9.247703835822578267e-01,3.620000000000000000e+02,0.000000000000000000e+00,0.000000000000000000e+00,2.337382814090777750e+00
8.250000000000000000e+00,2.764462947845458984e+00,2.708933591842651367e+00,1.888480901718139648e+00,2.270563125610351562e+00,8.818712856807837674e-01,4.100000000000000000e+02,0.000000000000000000e+00,0.000000000000000000e+00,2.295776078650346275e+00
8.300000000000000711e+00,2.596899271011352539e+00,2.605965614318847656e+00,1.733501911163330078e+00,2.697837829589843750e+00,9.030436217836925739e-01,4.070000000000000000e+02,0.000000000000000000e+00,0.000000000000000000e+00,2.194992243727419634e+00
8.349999999999999645e+00,2.708877086639404297e+00,2.659644603729248047e+00,1.655808806419372559e+00,2.657008171081542969e+00,8.381637621465048982e-01,4.160000000000000000e+02,1.000000000000000000e+00,0.000000000000000000e+00,2.093782975004339075e+00
8.400000000000000355e+00,2.878484725952148438e+00,2.844215631484985352e+00,1.892741203308105469e+00,2.511112451553344727e+00,9.637568882739588894e-01,3.830000000000000000e+02,0.000000000000000000e+00,0.000000000000000000e+00,2.206343567458850519e+00
8.450000000000001066e+00,2.676069736480712891e+00,2.659121990203857422e+00,1.734972000122070312e+00,2.287855386734008789e+00,9.646522191650099831e-01,4.340000000000000000e+02,1.000000000000000000e+00,0.000000000000000000e+00,2.281332876752005134e+00
8.500000000000000000e+00,2.774872303009033203e+00,2.747493028640747070e+00,1.583270788192749023e+00,2.404908180236816406e+00,8.403601918923337966e-01,4.450000000000000000e+02,0.000000000000000000e+00,0.000000000000000000e+00,2.199211728438553060e+00
8.550000000000000711e+00,2.740886449813842773e+00,2.710494518280029297e+00,1.798056840896606445e+00,2.332915782928466797e+00,9.029684525128188755e-01,4.040000000000000000e+02,0.000000000000000000e+00,0.000000000000000000e+00,2.394885838689417401e+00
8.599999999999999645e+00,2.920538187026977539e+00,2.843080997467041016e+00,1.594643831253051758e+00,2.486693620681762695e+00,9.222939135146651646e-01,4.140000000000000000e+02,1.000000000000000000e+00,0.000000000000000000e+00,2.246882918698150711e+00
8.650000000000000355e+00,2.431792259216308594e+00,2.423746585845947266e+00,1.671118855476379395e+00,2.382751941680908203e+00,8.497129025740568498e-01,3.920000000000000000e+02,0.000000000000000000e+00,0.000000000000000000e+00,2.330909639238960551e+00
8.700000000000001066e+00,2.662458658218383789e+00,2.605095863342285156e+00,1.788281679153442383e+00,2.011317968368530273e+00,9.482750652916506207e-01,4.030000000000000000e+02,0.000000000000000000e+00,0.000000000000000000e+00,2.333437047926203878e+00
8.750000000000000000e+00,2.372012138366699219e+00,2.388618946075439453e+00,1.848142862319946289e+00,2.297362327575683594e+00,9.090211949428296245e-01,4.190000000000000000e+02,1.000000000000000000e+00,0.000000000000000000e+00,2.231755293939084783e+00
8.800000000000000711e+00,2.606914520263671875e+00,2.580187559127807617e+00,2.006867885589599609e+00,2.830703258514404297e+00,1.013490244893999970e+00,4.220000000000000000e+02,0.000000000000000000e+00,0.000000000000000000e+00,2.333754169140280332e+00
8.849999999999999645e+00,2.533636331558227539e+00,2.502624988555908203e+00,1.846519231796264648e+00,2.483040332794189453e+00,9.184962183706802952e-01,4.180000000000000000e+02,0.000000000000000000e+00,0.000000000000000000e+00,2.238587837050274754e+00
8.900000000000000355e+00,2.657176256179809570e+00,2.624202966690063477e+00,1.919309377670288086e+00,2.723926067352294922e+00,8.733295946697866574e-01,4.080000000000000000e+02,0.000000000000000000e+00,0.000000000000000000e+00,2.344524681222451168e+00
8.950000000000001066e+00,2.822613477706909180e+00,2.830547809600830078e+00,1.773961305618286133e+00,2.200250625610351562e+00,9.158046675643783940e-01,4.170000000000000000e+02,1.000000000000000000e+00,0.000000000000000000e+00,2.374570955282431672e+00
9.000000000000000000e+00,2.510877847671508789e+00,2.557491779327392578e+00,1.598477840423583984e+00,2.352957487106323242e+00,8.917002112967380434e-01,4.160000000000000000e+02,2.000000000000000000e+00,0.000000000000000000e+00,2.216468080952422426e+00
9.050000000000000711e+00,2.676167249679565430e+00,2.684622049331665039e+00,1.808027267456054688e+00,2.624413490295410156e+00,8.896282284498848725e-01,3.790000000000000000e+02,0.000000000000000000e+00,0.000000000000000000e+00,2.309529828532830731e+00
9.099999999999999645e+00,2.679359436035156250e+00,2.634190320968627930e+00,1.784803986549377441e+00,2.563147544860839844e+00,8.983601382470429719e-01,4.260000000000000000e+02,0.000000000000000000e+00,0.000000000000000000e+00,2.328296221279775757e+00
9.150000000000000355e+00,2.707091331481933594e+00,2.706281900405883789e+00,1.812602996826171875e+00,2.405428409576416016e+00,9.285385710018921879e-01,4.370000000000000000e+02,0.000000000000000000e+00,0.000000000000000000e+00,2.324640043718377402e+00
9.200000000000001066e+00,2.497361183166503906e+00,2.531852960586547852e+00,1.638943672180175781e+00,2.287242650985717773e+00,8.762630265265103358e-01,4.110000000000000000e+02,0.000000000000000000e+00,0.000000000000000000e+00,2.327105400528022727e+00
9.250000000000000000e+00,2.696875095367431641e+00,2.664767265319824219e+00,1.667309761047363281e+00,2.366387128829956055e+00,9.025955432427766878e-01,3.950000000000000000e+02,0.000000000000000000e+00,0.000000000000000000e+00,2.284559008100195410e+00
9.300000000000000711e+00,2.525054216384887695e+00,2.536533832550048828e+00,1.759400129318237305e+00,2.800556182861328125e+00,9.154295986354331616e-01,4.070000000000000000e+02,0.000000000000000000e+00,0.000000000000000000e+00,2.193190717765957753e+00
9.349999999999999645e+00,2.930270433425903320e+00,2.938339233398437500e+00,1.977283477783203125e+00,2.974476814270019531e+00,8.861048273775952167e-01,4.230000000000000000e+02,1.000000000000000000e+00,0.000000000000000000e+00,2.344592925108091475e+00
9.400000000000000355e+00,2.821654796600341797e+00,2.786902904510498047e+00,1.896913528442382812e+00,2.684223175048828125e+00,9.366265107785337607e-01,4.040000000000000000e+02,1.000000000000000000e+00,0.000000000000000000e+00,2.368208197874490217e+00
9.450000000000001066e+00,2.699785709381103516e+00,2.693530321121215820e+00,1.777223110198974609e+00,2.600999116897583008e+00,8.713627309696643231e-01,4.170000000000000000e+02,1.000000000000000000e+00,0.000000000000000000e+00,2.255197986790479447e+00
9.500000000000000000e+00,2.515712261199951172e+00,2.500438928604125977e+00,1.874945163726806641e+00,3.046490669250488281e+00,8.709900797394892757e-01,4.200000000000000000e+02,1.000000000000000000e+00,0.000000000000000000e+00,2.133628607959919155e+00
9.550000000000000711e+00,3.043818235397338867e+00,2.944246768951416016e+00,1.822452425956726074e+00,2.561908006668090820e+00,9.742661385631218307e-01,4.410000000000000000e+02,0.000000000000000000e+00,0.000000000000000000e+00,2.358213628977143372e+00
9.600000000000001421e+00,2.728729009628295898e+00,2.695101261138916016e+00,1.664898157119750977e+00,2.580695152282714844e+00,8.865579230462319327e-01,4.040000000000000000e+02,0.000000000000000000e+00,0.000000000000000000e+00,2.293168980969442217e+00
9.650000000000000355e+00,2.832516670227050781e+00,2.811244726181030273e+00,1.964219331741333008e+00,2.961840867996215820e+00,8.954423548128919164e-01,4.230000000000000000e+02,1.000000000000000000e+00,0.000000000000000000e+00,2.188535228255825249e+00
9.700000000000001066e+00,2.929962635040283203e+00,2.893476009368896484e+00,1.782949566841125488e+00,2.478902578353881836e+00,9.228341118551698363e-01,3.920000000000000000e+02,0.000000000000000000e+00,0.000000000000000000e+00,2.294162217695392858e+00
9.750000000000000000e+00,2.725168704986572266e+00,2.686368227005004883e+00,1.892032742500305176e+00,2.634238243103027344e+00,9.107324061916231006e-01,3.970000000000000000e+02,0.000000000000000000e+00,0.000000000000000000e+00,2.421673209350581502e+00
9.800000000000000711e+00,2.896762132644653320e+00,2.828794956207275391e+00,1.708680391311645508e+00,2.366480112075805664e+00,9.148312456866101172e-01,4.430000000000000000e+02,1.000000000000000000e+00,0.000000000000000000e+00,2.311599128540259063e+00
9.850000000000001421e+00,2.981056213378906250e+00,2.982569217681884766e+00,1.647411346435546875e+00,2.876675128936767578e+00,9.651897672528674255e-01,4.420000000000000000e+02,0.000000000000000000e+00,0.000000000000000000e+00,2.194320267433430782e+00
9.900000000000000355e+00,2.747446537017822266e+00,2.709810495376586914e+00,1.790803432464599609e+00,2.959659337997436523e+00,9.200188723145751313e-01,4.090000000000000000e+02,1.000000000000000000e+00,0.000000000000000000e+00,2.311469291259728553e+00
9.950000000000001066e+00,3.024761199951171875e+00,2.994318246841430664e+00,1.885140538215637207e+00,2.982814788818359375e+00,9.484943403458806488e-01,4.140000000000000000e+02,0.000000000000000000e+00,0.000000000000000000e+00,2.412670792939285214e+00
1.000000000000000000e+01,2.950084447860717773e+00,2.962855100631713867e+00,1.751164317131042480e+00,2.445081233978271484e+00,8.863022747431150705e-01,4.340000000000000000e+02,1.000000000000000000e+00,0.000000000000000000e+00,2.368755290957227810e+00
1.005000000000000071e+01,2.982256412506103516e+00,2.998664855957031250e+00,1.575575590133666992e+00,2.774018287658691406e+00,9.004984925112247129e-01,4.230000000000000000e+02,1.000000000000000000e+00,0.000000000000000000e+00,2.355332352314504440e+00
1.010000000000000142e+01,3.088929414749145508e+00,3.100903987884521484e+00,1.784716606140136719e+00,3.501969814300537109e+00,8.783896466149959670e-01,3.890000000000000000e+02,0.000000000000000000e+00,0.000000000000000000e+00,2.234271848802880545e+00
1.015000000000000036e+01,2.856759548187255859e+00,2.937101125717163086e+00,1.902031660079956055e+00,3.179912328720092773e+00,9.115800607468004246e-01,4.160000000000000000e+02,0.000000000000000000e+00,0.000000000000000000e+00,2.298592218874174087e+00
1.020000000000000107e+01,2.811342239379882812e+00,2.838388442993164062e+00,1.645396828651428223e+00,2.968766212463378906e+00,8.736442638625125934e-01,4.340000000000000000e+02,0.000000000000000000e+00,0.000000000000000000e+00,2.204532024517503075e+00
1.025000000000000000e+01,3.089760780334472656e+00,3.111240625381469727e+00,2.004545688629150391e+00,3.192579746246337891e+00,9.026066187544705688e-01,4.090000000000000000e+02,0.000000000000000000e+00,0.000000000000000000e+00,2.334568456244700663e+00
1.030000000000000071e+01,2.492720603942871094e+00,2.579637527465820312e+00,1.875883221626281738e+00,2.758263587951660156e+00,9.151463344228563113e-01,4.440000000000000000e+02,0.000000000000000000e+00,0.000000000000000000e+00,2.212358489562941344e+00
1.035000000000000142e+01,2.941688299179077148e+00,2.929057598114013672e+00,2.072783708572387695e+00,3.204651355743408203e+00,1.030493180631705474e+00,3.890000000000000000e+02,0.000000000000000000e+00,0.000000000000000000e+00,2.326405924133193359e+00
1.040000000000000036e+01,2.912603855133056641e+00,2.937473773956298828e+00,1.787957429885864258e+00,2.600003719329833984e+00,9.345792651653377359e-01,4.310000000000000000e+02,0.000000000000000000e+00,0.000000000000000000e+00,2.240232940255385330e+00
1.045000000000000107e+01,2.765052795410156250e+00,2.820778369903564453e+00,1.705357074737548828e+00,2.795087099075317383e+00,9.582632859374675682e-01,4.090000000000000000e+02,0.000000000000000000e+00,0.000000000000000000e+00,2.482822759550704195e+00
1.050000000000000000e+01,2.966003417968750000e+00,2.920361757278442383e+00,1.949179291725158691e+00,2.958839178085327148e+00,8.828863873566796805e-01,3.990000000000000000e+02,1.000000000000000000e+00,0.000000000000000000e+00,2.305240799844571420e+00
1.055000000000000071e+01,2.640387535095214844e+00,2.643533706665039062e+00,1.872556090354919434e+00,2.717803716659545898e+00,8.808695600624872890e-01,4.510000000000000000e+02,0.000000000000000000e+00,0.000000000000000000e+00,2.285620367922827523e+00
1.060000000000000142e+01,2.852090597152709961e+00,2.845846414566040039e+00,1.948881268501281738e+00,3.136042118072509766e+00,8.670755828178018376e-01,4.230000000000000000e+02,0.000000000000000000e+00,0.000000000000000000e+00,2.282671136546344126e+00
1.065000000000000036e+01,2.789215564727783203e+00,2.848620414733886719e+00,1.911846637725830078e+00,2.437443733215332031e+00,9.183970709352794470e-01,4.000000000000000000e+02,0.000000000000000000e+00,0.000000000000000000e+00,2.343097570440604294e+00
1.070000000000000107e+01,2.771920919418334961e+00,2.811395645141601562e+00,1.795985460281372070e+00,2.952742338180541992e+00,8.706981974267492541e-01,4.400000000000000000e+02,2.000000000000000000e+00,0.000000000000000000e+00,2.203915178975417000e+00
1.075000000000000000e+01,2.958925724029541016e+00,2.982482910156250000e+00,2.184569597244262695e+00,2.706489086151123047e+00,9.279352382083084771e-01,3.980000000000000000e+02,0.000000000000000000e+00,0.000000000000000000e+00,2.347479580308149849e+00
1.080000000000000071e+01,3.025678157806396484e+00,2.968340396881103516e+00,1.806480288505554199e+00,2.802989959716796875e+00,9.651227482425588367e-01,3.840000000000000000e+02,1.000000000000000000e+00,0.000000000000000000e+00,2.305812815201061738e+00
1.085000000000000142e+01,2.918992519378662109e+00,2.924886941909790039e+00,1.783109188079833984e+00,2.226251840591430664e+00,9.690713472904362025e-01,4.140000000000000000e+02,0.000000000000000000e+00,0.000000000000000000e+00,2.265981479284018718e+00
1.090000000000000036e+01,3.031837940216064453e+00,3.060066461563110352e+00,1.848298549652099609e+00,2.679367303848266602e+00,9.505095003219178329e-01,4.230000000000000000e+02,0.000000000000000000e+00,0.000000000000000000e+00,2.356445203583459325e+00
1.095000000000000107e+01,2.924444675445556641e+00,2.910125255584716797e+00,1.801820516586303711e+00,2.519915103912353516e+00,8.503229576021167357e-01,4.070000000000000000e+02,0.000000000000000000e+00,0.000000000000000000e+00,2.371339248334783711e+00
1.100000000000000000e+01,2.695688724517822266e+00,2.720313072204589844e+00,1.936057090759277344e+00,2.111035346984863281e+00,9.855180531597806937e-01,3.870000000000000000e+02,0.000000000000000000e+00,0.000000000000000000e+00,2.232241561463749413e+00
1.105000000000000071e+01,2.966665744781494141e+00,2.887897968292236328e+00,1.890315771102905273e+00,2.453749179840087891e+00,8.797994402324914587e-01,4.360000000000000000e+02,0.000000000000000000e+00,0.000000000000000000e+00,2.245346380272710718e+00
1.110000000000000142e+01,2.856101751327514648e+00,2.844045400619506836e+00,2.043367624282836914e+00,2.930771827697753906e+00,9.642641761169351566e-01,4.490000000000000000e+02,1.000000000000000000e+00,0.000000000000000000e+00,2.230368939515512405e+00
1.115000000000000036e+01,2.891795396804809570e+00,2.898024320602416992e+00,1.882223606109619141e+00,2.921100854873657227e+00,9.139608104056546889e-01,4.190000000000000000e+02,0.000000000000000000e+00,0.000000000000000000e+00,2.260711432378535335e+00
1.120000000000000107e+01,2.837333917617797852e+00,2.839358091354370117e+00,1.725054979324340820e+00,2.621814012527465820e+00,8.810846919254179399e-01,4.050000000000000000e+02,0.000000000000000000e+00,0.000000000000000000e+00,2.342970663190967251e+00
1.125000000000000000e+01,3.094718933105468750e+00,3.054706096649169922e+00,2.081559181213378906e+00,3.076933622360229492e+00,8.831085955896061934e-01,4.160000000000000000e+02,0.000000000000000000e+00,0.000000000000000000e+00,2.201662973122372691e+00
1.130000000000000071e+01,3.056406974792480469e+00,2.985615253448486328e+00,2.082052469253540039e+00,2.746004581451416016e+00,9.438607379553777266e-01,4.140000000000000000e+02,0.000000000000000000e+00,0.000000000000000000e+00,2.339075568635603730e+00
1.135000000000000142e+01,2.689753532409667969e+00,2.692653894424438477e+00,1.732718825340270996e+00,2.641601324081420898e+00,8.723917689839519873e-01,3.940000000000000000e+02,0.000000000000000000e+00,0.000000000000000000e+00,2.403874605915479634e+00
1.140000000000000036e+01,2.916192770004272461e+00,2.892298460006713867e+00,1.841847419738769531e+00,2.866499662399291992e+00,9.597483041712142615e-01,3.970000000000000000e+02,0.000000000000000000e+00,0.000000000000000000e+00,2.272164807006075371e+00
1.145000000000000107e+01,2.678567171096801758e+00,2.693501710891723633e+00,1.953012228012084961e+00,2.118330955505371094e+00,9.121179426415324532e-01,3.780000000000000000e+02,0.000000000000000000e+00,0.000000000000000000e+00,2.358132915303662536e+00
1.150000000000000000e+01,2.929812669754028320e+00,2.897707462310791016e+00,1.840597987174987793e+00,2.119551897048950195e+00,9.448674207672094205e-01,4.160000000000000000e+02,0.000000000000000000e+00,0.000000000000000000e+00,2.314193693405187879e+00
1.155000000000000071e+01,2.613357067108154297e+00,2.531078815460205078e+00,1.952956795692443848e+00,2.573711395263671875e+00,8.550176383899681376e-01,4.000000000000000000e+02,0.000000000000000000e+00,0.000000000000000000e+00,2.365406632873801485e+00
1.160000000000000142e+01,2.826424837112426758e+00,2.788247585296630859e+00,2.133875846862792969e+00,2.700004816055297852e+00,9.618610054534982856e-01,3.910000000000000000e+02,0.000000000000000000e+00,0.000000000000000000e+00,2.285515621775575212e+00
1.165000000000000036e+01,2.606765270233154297e+00,2.582692146301269531e+00,2.309941291809082031e+00,2.494376659393310547e+00,8.851383525399050267e-01,3.950000000000000000e+02,0.000000000000000000e+00,0.000000000000000000e+00,2.352805621797019242e+00
1.170000000000000107e+01,2.864407539367675781e+00,2.822077274322509766e+00,2.255334377288818359e+00,2.290734767913818359e+00,9.793958827249358290e-01,4.270000000000000000e+02,0.000000000000000000e+00,0.000000000000000000e+00,2.413727373717061031e+00
1.175000000000000000e+01,2.654179096221923828e+00,2.659918785095214844e+00,1.774491786956787109e+00,2.598590850830078125e+00,9.181413507167696109e-01,3.980000000000000000e+02,0.000000000000000000e+00,0.000000000000000000e+00,2.232345369297489057e+00
1.180000000000000071e+01,2.855267524719238281e+00,2.807849407196044922e+00,2.151870489120483398e+00,2.787035703659057617e+00,9.360955766302261338e-01,4.360000000000000000e+02,1.000000000000000000e+00,0.000000000000000000e+00,2.380613673772303152e+00
1.185000000000000142e+01,2.680809020996093750e+00,2.673580646514892578e+00,2.044066429138183594e+00,2.572981834411621094e+00,1.007731835788201913e+00,3.880000000000000000e+02,0.000000000000000000e+00,0.000000000000000000e+00,2.266133326850436447e+00
1.190000000000000036e+01,2.775579690933227539e+00,2.795196771621704102e+00,1.971475124359130859e+00,2.334872484207153320e+00,1.011684540217922201e+00,3.990000000000000000e+02,0.000000000000000000e+00,0.000000000000000000e+00,2.356470106731459957e+00
1.195000000000000107e+01,2.669617652893066406e+00,2.661967754364013672e+00,2.269402265548706055e+00,2.826831579208374023e+00,9.042760822706312762e-01,3.910000000000000000e+02,0.000000000000000000e+00,0.000000000000000000e+00,2.422374312432446164e+00
1.200000000000000000e+01,2.813697338104248047e+00,2.802725791931152344e+00,2.014428853988647461e+00,2.344174623489379883e+00,8.634694699593846723e-01,4.400000000000000000e+02,0.000000000000000000e+00,0.000000000000000000e+00,2.268807569194908336e+00
1.205000000000000071e+01,2.806536912918090820e+00,2.803169488906860352e+00,1.677641272544860840e+00,2.593245744705200195e+00,8.957337879777848011e-01,3.880000000000000000e+02,0.000000000000000000e+00,0.000000000000000000e+00,2.405713789791467327e+00
1.210000000000000142e+01,3.024694442749023438e+00,2.975911140441894531e+00,1.893546581268310547e+00,2.591063022613525391e+00,9.583102868646529160e-01,4.230000000000000000e+02,0.000000000000000000e+00,0.000000000000000000e+00,2.432903390024391044e+00
1.215000000000000036e+01,2.799033164978027344e+00,2.816288471221923828e+00,2.088201522827148438e+00,2.251286506652832031e+00,9.513376159564244094e-01,4.290000000000000000e+02,0.000000000000000000e+00,0.000000000000000000e+00,2.229346151463697634e+00
1.220000000000000107e+01,2.860371112823486328e+00,2.900909900665283203e+00,1.890547156333923340e+00,2.497631549835205078e+00,8.961359615581683258e-01,4.090000000000000000e+02,0.000000000000000000e+00,0.000000000000000000e+00,2.360630106221163427e+00
1.225000000000000000e+01,2.877983570098876953e+00,2.851934194564819336e+00,2.069756507873535156e+00,2.249437093734741211e+00,8.692128073831283386e-01,4.050000000000000000e+02,0.000000000000000000e+00,0.000000000000000000e+00,2.400026030334128979e+00
1.230000000000000071e+01,2.562387466430664062e+00,2.551701068878173828e+00,1.466476202011108398e+00,2.574067115783691406e+00,9.192713495145498070e-01,4.180000000000000000e+02,1.000000000000000000e+00,0.000000000000000000e+00,2.250045677876604255e+00
1.235000000000000142e+01,2.585038185119628906e+00,2.528121709823608398e+00,2.087653160095214844e+00,1.928099274635314941e+00,9.437905708003331284e-01,4.120000000000000000e+02,1.000000000000000000e+00,0.000000000000000000e+00,2.347428398642262604e+00
1.240000000000000036e+01,2.441964387893676758e+00,2.413549900054931641e+00,1.895670175552368164e+00,2.353203058242797852e+00,9.891265834038736049e-01,3.990000000000000000e+02,0.000000000000000000e+00,0.000000000000000000e+00,2.299326830194122984e+00
1.245000000000000107e+01,2.916364908218383789e+00,2.952122211456298828e+00,1.980227828025817871e+00,2.946634292602539062e+00,9.007728727542034797e-01,4.180000000000000000e+02,0.000000000000000000e+00,0.000000000000000000e+00,2.265680549156525725e+00
1.250000000000000000e+01,2.772242069244384766e+00,2.736118793487548828e+00,2.268460750579833984e+00,2.304310321807861328e+00,9.176231868801978386e-01,3.910000000000000000e+02,0.000000000000000000e+00,0.000000000000000000e+00,2.469485767496891970e+00
1.255000000000000071e+01,2.733026981353759766e+00,2.711724996566772461e+00,2.336244583129882812e+00,2.377505779266357422e+00,9.426687123118180356e-01,4.450000000000000000e+02,0.000000000000000000e+00,0.000000000000000000e+00,2.321281031519636606e+00
1.260000000000000142e+01,2.832300662994384766e+00,2.797317266464233398e+00,2.035929441452026367e+00,2.400751590728759766e+00,9.207957489428149067e-01,4.100000000000000000e+02,0.000000000000000000e+00,0.000000000000000000e+00,2.181136326976580886e+00
1.265000000000000036e+01,2.591809034347534180e+00,2.571411132812500000e+00,2.436140537261962891e+00,2.691025733947753906e+00,9.063800849893737244e-01,3.870000000000000000e+02,0.000000000000000000e+00,0.000000000000000000e+00,2.518959055195791663e+00
1.270000000000000107e+01,2.826691627502441406e+00,2.865457534790039062e+00,2.092855930328369141e+00,2.303436756134033203e+00,8.920565519652456921e-01,4.230000000000000000e+02,0.000000000000000000e+00,0.000000000000000000e+00,2.323227855453327884e+00
1.275000000000000000e+01,2.657728195190429688e+00,2.652431488037109375e+00,1.840399503707885742e+00,2.189024686813354492e+00,9.702742008769884574e-01,3.880000000000000000e+02,0.000000000000000000e+00,0.000000000000000000e+00,2.299864926493073281e+00
1.280000000000000071e+01,2.742662906646728516e+00,2.734862565994262695e+00,2.386012792587280273e+00,2.301980018615722656e+00,9.578402597096808968e-01,4.170000000000000000e+02,0.000000000000000000e+00,0.000000000000000000e+00,2.312288217988778705e+00
1.285000000000000142e+01,2.729382276535034180e+00,2.673635959625244141e+00,2.215385913848876953e+00,2.286699056625366211e+00,9.568726221447751978e-01,4.080000000000000000e+02,0.000000000000000000e+00,0.000000000000000000e+00,2.295285671913312786e+00
1.290000000000000036e+01,2.590510606765747070e+00,2.609778642654418945e+00,2.190352916717529297e+00,2.264399766921997070e+00,9.169112753960000362e-01,4.390000000000000000e+02,0.000000000000000000e+00,0.000000000000000000e+00,2.173873650066021401e+00
1.295000000000000107e+01,2.652088403701782227e+00,2.624562025070190430e+00,2.388372182846069336e+00,2.274572372436523438e+00,8.952787715786086897e-01,4.010000000000000000e+02,0.000000000000000000e+00,0.000000000000000000e+00,2.262712319907962399e+00
1.300000000000000000e+01,2.750048875808715820e+00,2.736719846725463867e+00,2.321059703826904297e+00,2.795892715454101562e+00,9.054936404264044558e-01,4.160000000000000000e+02,0.000000000000000000e+00,0.000000000000000000e+00,2.217545307413754330e+00
1.305000000000000071e+01,2.567107915878295898e+00,2.621891021728515625e+00,2.227432250976562500e+00,2.038241386413574219e+00,9.928283310183189103e-01,3.820000000000000000e+02,0.000000000000000000e+00,0.000000000000000000e+00,2.308337039828439963e+00
1.310000000000000142e+01,2.908813953399658203e+00,2.924072980880737305e+00,2.245954990386962891e+00,3.006053924560546875e+00,9.233113183395404988e-01,4.030000000000000000e+02,0.000000000000000000e+00,0.000000000000000000e+00,2.304369905885014447e+00
1.315000000000000036e+01,2.651859283447265625e+00,2.660733461380004883e+00,2.198434114456176758e+00,2.483844995498657227e+00,9.223087996361812868e-01,3.990000000000000000e+02,0.000000000000000000e+00,0.000000000000000000e+00,2.528716115690881949e+00
1.320000000000000107e+01,2.614336490631103516e+00,2.582084894180297852e+00,2.155340194702148438e+00,2.059025287628173828e+00,9.707222200993893546e-01,4.050000000000000000e+02,0.000000000000000000e+00,0.000000000000000000e+00,2.324376059473495904e+00
1.325000000000000000e+01,2.807168006896972656e+00,2.810306310653686523e+00,2.394864082336425781e+00,2.246424198150634766e+00,1.013934428639991170e+00,4.160000000000000000e+02,0.000000000000000000e+00,0.000000000000000000e+00,2.315886172973769863e+00
1.330000000000000071e+01,2.526427507400512695e+00,2.524376869201660156e+00,2.335120677947998047e+00,2.482675075531005859e+00,9.210434122179433913e-01,4.070000000000000000e+02,0.000000000000000000e+00,0.000000000000000000e+00,2.359078457661829997e+00
1.335000000000000142e+01,2.730317354202270508e+00,2.723973989486694336e+00,2.080549716949462891e+00,2.528671979904174805e+00,9.262534056456788178e-01,4.420000000000000000e+02,0.000000000000000000e+00,0.000000000000000000e+00,2.329652806427453093e+00
1.340000000000000036e+01,2.581528186798095703e+00,2.561380624771118164e+00,2.054030895233154297e+00,2.409919738769531250e+00,9.582603830939753209e-01,3.880000000000000000e+02,0.000000000000000000e+00,0.000000000000000000e+00,2.201365621611945933e+00
1.345000000000000107e+01,2.770057678222656250e+00,2.815145254135131836e+00,1.944036245346069336e+00,2.718247175216674805e+00,9.505742257419569352e-01,3.810000000000000000e+02,0.000000000000000000e+00,0.000000000000000000e+00,2.430925255522985218e+00
1.350000000000000000e+01,2.668915987014770508e+00,2.621240377426147461e+00,2.006266832351684570e+00,2.247406959533691406e+00,9.651314917425521944e-01,3.900000000000000000e+02,0.000000000000000000e+00,0.000000000000000000e+00,2.438327235178235686e+00
1.355000000000000071e+01,2.933399915695190430e+00,2.909740447998046875e+00,2.157905340194702148e+00,2.533325195312500000e+00,9.433937174851687590e-01,3.980000000000000000e+02,0.000000000000000000e+00,0.000000000000000000e+00,2.226126290385537665e+00
1.360000000000000142e+01,2.790640592575073242e+00,2.786260843276977539e+00,2.360919952392578125e+00,2.530845642089843750e+00,9.813789222093637354e-01,4.450000000000000000e+02,0.000000000000000000e+00,0.000000000000000000e+00,2.342960375386457628e+00
1.365000000000000036e+01,2.757349967956542969e+00,2.761307001113891602e+00,2.348717927932739258e+00,2.387296676635742188e+00,1.000071911380456147e+00,4.410000000000000000e+02,0.000000000000000000e+00,0.000000000000000000e+00,2.195835759586981073e+00
1.370000000000000107e+01,2.741191864013671875e+00,2.665467262268066406e+00,2.066271543502807617e+00,2.463616609573364258e+00,8.812557983218376467e-01,4.190000000000000000e+02,1.000000000000000000e+00,0.000000000000000000e+00,2.247340420459361887e+00
1.375000000000000000e+01,2.692501068115234375e+00,2.613890647888183594e+00,1.908331632614135742e+00,2.324370384216308594e+00,9.188257851760722739e-01,4.190000000000000000e+02,1.000000000000000000e+00,0.000000000000000000e+00,2.285682260172718472e+00
1.380000000000000071e+01,2.725211381912231445e+00,2.702653408050537109e+00,1.943694233894348145e+00,2.281602382659912109e+00,1.005909188747672989e+00,4.290000000000000000e+02,0.000000000000000000e+00,0.000000000000000000e+00,2.338722511926298431e+00
1.385000000000000142e+01,2.748126983642578125e+00,2.623082160949707031e+00,1.925468683242797852e+00,2.223939180374145508e+00,9.937098128794302765e-01,4.150000000000000000e+02,0.000000000000000000e+00,0.000000000000000000e+00,2.173950031632394531e+00
1.390000000000000036e+01,2.920366287231445312e+00,2.893914222717285156e+00,2.157561302185058594e+00,2.423944711685180664e+00,8.470073475631473281e-01,3.950000000000000000e+02,0.000000000000000000e+00,0.000000000000000000e+00,2.434318033747952192e+00
1.395000000000000107e+01,2.776343822479248047e+00,2.736871480941772461e+00,2.175055265426635742e+00,1.973208785057067871e+00,9.346062492642114305e-01,4.120000000000000000e+02,0.000000000000000000e+00,0.000000000000000000e+00,2.431387279311564509e+00
1.400000000000000000e+01,2.789364814758300781e+00,2.743966341018676758e+00,1.938144087791442871e+00,2.178270816802978516e+00,1.029140226470169006e+00,4.410000000000000000e+02,0.000000000000000000e+00,0.000000000000000000e+00,2.257818616112247323e+00
1.405000000000000071e+01,2.796059846878051758e+00,2.746625900268554688e+00,1.769389986991882324e+00,2.271111249923706055e+00,1.005018213747361777e+00,4.190000000000000000e+02,2.000000000000000000e+00,0.000000000000000000e+00,2.261028576778298493e+00
1.410000000000000142e+01,2.782754421234130859e+00,2.719367980957031250e+00,2.379287242889404297e+00,2.456593990325927734e+00,1.012910088069583159e+00,4.040000000000000000e+02,0.000000000000000000e+00,0.000000000000000000e+00,2.340892429440701417e+00
1.415000000000000036e+01,2.744862079620361328e+00,2.660950183868408203e+00,2.242193460464477539e+00,2.226968288421630859e+00,9.708039222638564780e-01,4.370000000000000000e+02,0.000000000000000000e+00,0.000000000000000000e+00,2.221889918131621400e+00
1.420000000000000107e+01,2.664351463317871094e+00,2.624555110931396484e+00,1.920584559440612793e+00,2.711754798889160156e+00,1.018259026341059137e+00,3.690000000000000000e+02,0.000000000000000000e+00,0.000000000000000000e+00,2.415281100584969032e+00
1.425000000000000000e+01,2.688528537750244141e+00,2.662119388580322266e+00,2.087915658950805664e+00,2.251839160919189453e+00,1.001389349253681615e+00,3.820000000000000000e+02,0.000000000000000000e+00,0.000000000000000000e+00,2.377558269702130911e+00
1.430000000000000071e+01,2.690836191177368164e+00,2.638936281204223633e+00,1.913297891616821289e+00,2.223029136657714844e+00,8.506747776168134267e-01,3.880000000000000000e+02,1.000000000000000000e+00,0.000000000000000000e+00,2.271072414013742602e+00
1.435000000000000142e+01,2.816115617752075195e+00,2.760502815246582031e+00,1.919538378715515137e+00,2.652606010437011719e+00,9.434823068080420150e-01,4.350000000000000000e+02,0.000000000000000000e+00,0.000000000000000000e+00,2.222697807199777387e+00
1.440000000000000036e+01,2.768135070800781250e+00,2.725502490997314453e+00,1.888547897338867188e+00,2.566132307052612305e+00,9.753099675404798274e-01,4.310000000000000000e+02,1.000000000000000000e+00,0.000000000000000000e+00,2.269808562047932909e+00
1.445000000000000107e+01,2.525129079818725586e+00,2.441500425338745117e+00,2.014714717864990234e+00,2.438136100769042969e+00,9.059450153360064650e-01,4.050000000000000000e+02,0.000000000000000000e+00,0.000000000000000000e+00,2.241253589233736854e+00
1.450000000000000000e+01,2.521768093109130859e+00,2.461780071258544922e+00,2.338673830032348633e+00,2.129873275756835938e+00,9.929511746857083709e-01,4.090000000000000000e+02,0.000000000000000000e+00,0.000000000000000000e+00,2.377498094416840235e+00
1.455000000000000071e+01,2.712880134582519531e+00,2.700232267379760742e+00,1.794641613960266113e+00,2.210831880569458008e+00,9.180946250600207081e-01,4.180000000000000000e+02,0.000000000000000000e+00,0.000000000000000000e+00,2.269731201115483987e+00
1.460000000000000142e+01,2.827460289001464844e+00,2.883374691009521484e+00,1.931821584701538086e+00,2.341820955276489258e+00,9.687457496581876049e-01,4.200000000000000000e+02,1.000000000000000000e+00,0.000000000000000000e+00,2.235490314395891076e+00
1.465000000000000036e+01,2.667449951171875000e+00,2.609318256378173828e+00,1.896765232086181641e+00,2.357661724090576172e+00,9.006236287687313657e-01,3.980000000000000000e+02,0.000000000000000000e+00,0.000000000000000000e+00,2.392588532957648617e+00
1.470000000000000107e+01,2.546689748764038086e+00,2.509034156799316406e+00,2.231245279312133789e+00,2.309066057205200195e+00,9.411338524750962886e-01,3.760000000000000000e+02,0.000000000000000000e+00,0.000000000000000000e+00,2.252641771500461854e+00
1.475000000000000000e+01,2.650322675704956055e+00,2.626576900482177734e+00,2.332669734954833984e+00,3.085957050323486328e+00,9.464337743615007792e-01,4.240000000000000000e+02,0.000000000000000000e+00,0.000000000000000000e+00,2.347787965388180353e+00
1.480000000000000071e+01,2.517621278762817383e+00,2.481013059616088867e+00,2.028897285461425781e+00,2.235211849212646484e+00,8.842830507906851434e-01,4.320000000000000000e+02,0.000000000000000000e+00,0.000000000000000000e+00,2.328292072638817434e+00
1.485000000000000142e+01,2.788785696029663086e+00,2.635158538818359375e+00,2.206900119781494141e+00,2.504834175109863281e+00,9.154067931900166100e-01,4.070000000000000000e+02,0.000000000000000000e+00,0.000000000000000000e+00,2.439362969970453765e+00
1.490000000000000036e+01,2.654320716857910156e+00,2.610063076019287109e+00,2.181220769882202148e+00,2.554184198379516602e+00,9.417696995032943663e-01,4.040000000000000000e+02,0.000000000000000000e+00,0.000000000000000000e+00,2.329706744027694398e+00
1.495000000000000107e+01,2.548506021499633789e+00,2.541799306869506836e+00,2.066251754760742188e+00,2.304444789886474609e+00,9.094556386797907344e-01,3.930000000000000000e+02,0.000000000000000000e+00,0.000000000000000000e+00,2.329916237947479374e+00
1.500000000000000000e+01,2.619873285293579102e+00,2.507534027099609375e+00,1.982209563255310059e+00,2.611972332000732422e+00,9.186770032652413764e-01,4.420000000000000000e+02,0.000000000000000000e+00,0.000000000000000000e+00,2.179094783446476669e+00
1.505000000000000071e+01,2.479813575744628906e+00,2.456168651580810547e+00,2.109806060791015625e+00,2.280606269836425781e+00,9.270620453432356634e-01,4.300000000000000000e+02,0.000000000000000000e+00,0.000000000000000000e+00,2.319752488656463996e+00
1.510000000000000142e+01,2.526717662811279297e+00,2.475387573242187500e+00,1.935412764549255371e+00,2.068115472793579102e+00,9.042539026051945594e-01,4.130000000000000000e+02,0.000000000000000000e+00,0.000000000000000000e+00,2.236178807360015064e+00
1.515000000000000036e+01,2.633232116699218750e+00,2.612241744995117188e+00,2.191411733627319336e+00,2.627062320709228516e+00,8.601138067239443297e-01,4.160000000000000000e+02,1.000000000000000000e+00,0.000000000000000000e+00,2.274462326094211839e+00
1.520000000000000107e+01,2.409311294555664062e+00,2.326997756958007812e+00,1.892439603805541992e+00,2.182207345962524414e+00,9.294351297482910113e-01,3.910000000000000000e+02,0.000000000000000000e+00,0.000000000000000000e+00,2.242996996203197480e+00
1.525000000000000000e+01,2.519834041595458984e+00,2.480160713195800781e+00,2.002131462097167969e+00,2.416040658950805664e+00,9.740074406742138535e-01,4.030000000000000000e+02,0.000000000000000000e+00,0.000000000000000000e+00,2.242393595892414826e+00
1.530000000000000071e+01,2.478086233139038086e+00,2.452777862548828125e+00,2.009480476379394531e+00,2.563086748123168945e+00,9.517118894189973144e-01,4.020000000000000000e+02,0.000000000000000000e+00,0.000000000000000000e+00,2.397820290594067760e+00
1.535000000000000142e+01,2.600552797317504883e+00,2.604697704315185547e+00,1.994252920150756836e+00,2.980069875717163086e+00,9.470182403697284812e-01,4.090000000000000000e+02,1.000000000000000000e+00,0.000000000000000000e+00,2.294807668513608068e+00
1.540000000000000036e+01,2.679063081741333008e+00,2.625619888305664062e+00,2.040885925292968750e+00,2.653918027877807617e+00,9.818835397535743414e-01,4.140000000000000000e+02,0.000000000000000000e+00,0.000000000000000000e+00,2.169679854054307633e+00
1.545000000000000107e+01,2.669975519180297852e+00,2.616004943847656250e+00,1.941397190093994141e+00,2.213682174682617188e+00,9.306682488249580221e-01,3.710000000000000000e+02,1.000000000000000000e+00,0.000000000000000000e+00,2.261699914009271950e+00
1.550000000000000000e+01,2.491496086120605469e+00,2.482838869094848633e+00,1.963598251342773438e+00,2.415552616119384766e+00,8.841035040800243605e-01,4.120000000000000000e+02,0.000000000000000000e+00,0.000000000000000000e+00,2.262669942056266592e+00
1.555000000000000071e+01,2.594828844070434570e+00,2.539683341979980469e+00,2.076968908309936523e+00,2.183170795440673828e+00,8.960799472159046708e-01,4.280000000000000000e+02,0.000000000000000000e+00,0.000000000000000000e+00,2.338925102614775042e+00
1.560000000000000142e+01,2.619280576705932617e+00,2.647664070129394531e+00,2.091127634048461914e+00,2.537886619567871094e+00,8.928203715273459462e-01,4.240000000000000000e+02,1.000000000000000000e+00,0.000000000000000000e+00,2.332539023845087822e+00
1.565000000000000036e+01,2.541337490081787109e+00,2.509528398513793945e+00,1.882161140441894531e+00,2.284327030181884766e+00,8.955035812906879666e-01,4.320000000000000000e+02,0.000000000000000000e+00,0.000000000000000000e+00,2.299293039445491793e+00
1.570000000000000107e+01,2.789567947387695312e+00,2.730365037918090820e+00,1.954553365707397461e+00,2.596946001052856445e+00,9.126368002384193101e-01,4.200000000000000000e+02,0.000000000000000000e+00,0.000000000000000000e+00,2.409195715725169329e+00
1.575000000000000000e+01,2.784404277801513672e+00,2.727526187896728516e+00,1.912856817245483398e+00,2.638918876647949219e+00,9.425876317991943587e-01,4.090000000000000000e+02,0.000000000000000000e+00,0.000000000000000000e+00,2.388482218173769489e+00
1.580000000000000071e+01,2.587482690811157227e+00,2.560204505920410156e+00,2.375039577484130859e+00,2.410897970199584961e+00,8.954431383619126938e-01,4.340000000000000000e+02,0.000000000000000000e+00,0.000000000000000000e+00,2.255145076008534311e+00
1.585000000000000142e+01,2.653761386871337891e+00,2.657295703887939453e+00,2.177086353302001953e+00,2.329623699188232422e+00,8.616019206139717834e-01,3.980000000000000000e+02,1.000000000000000000e+00,0.000000000000000000e+00,2.416146805378234674e+00
1.590000000000000036e+01,2.511780500411987305e+00,2.497184276580810547e+00,1.957836747169494629e+00,2.425088882446289062e+00,9.113294104644176219e-01,4.250000000000000000e+02,1.000000000000000000e+00,0.000000000000000000e+00,2.265256329843170935e+00
1.595000000000000107e+01,2.680086135864257812e+00,2.748850345611572266e+00,1.927911162376403809e+00,2.493189573287963867e+00,9.493405344258865064e-01,3.990000000000000000e+02,1.000000000000000000e+00,0.000000000000000000e+00,2.327616557696568833e+00
1.600000000000000000e+01,2.851086616516113281e+00,2.807889461517333984e+00,1.997166395187377930e+00,2.577695608139038086e+00,9.524351010427094533e-01,4.030000000000000000e+02,0.000000000000000000e+00,0.000000000000000000e+00,2.162663588722483432e+00
1.605000000000000071e+01,2.677814722061157227e+00,2.577263355255126953e+00,1.911506414413452148e+00,2.387504100799560547e+00,9.446733940219786962e-01,4.450000000000000000e+02,0.000000000000000000e+00,0.000000000000000000e+00,2.287899715493367125e+00
1.610000000000000142e+01,2.781621932983398438e+00,2.764537572860717773e+00,1.771478772163391113e+00,2.451186656951904297e+00,8.271275349883145944e-01,4.190000000000000000e+02,0.000000000000000000e+00,0.000000000000000000e+00,2.273029701251373158e+00
1.615000000000000213e+01,2.759615421295166016e+00,2.746251821517944336e+00,1.793621778488159180e+00,2.570182323455810547e+00,9.033893792673377554e-01,4.070000000000000000e+02,0.000000000000000000e+00,0.000000000000000000e+00,2.183525579589199683e+00
1.619999999999999929e+01,2.800143241882324219e+00,2.727478742599487305e+00,2.346879005432128906e+00,2.567217111587524414e+00,9.250725096143874726e-01,3.860000000000000000e+02,0.000000000000000000e+00,0.000000000000000000e+00,2.321024683001824407e+00
1.625000000000000000e+01,2.747274875640869141e+00,2.706688642501831055e+00,1.964901447296142578e+00,2.489505052566528320e+00,9.494912374486412787e-01,4.250000000000000000e+02,0.000000000000000000e+00,0.000000000000000000e+00,2.175260578976823567e+00
1.630000000000000071e+01,2.537021636962890625e+00,2.553665876388549805e+00,1.883959650993347168e+00,2.447713375091552734e+00,9.129244303282533224e-01,4.030000000000000000e+02,0.000000000000000000e+00,0.000000000000000000e+00,2.246880186063432205e+00
1.635000000000000142e+01,2.522993087768554688e+00,2.486725091934204102e+00,1.926724910736083984e+00,2.402241706848144531e+00,8.756051709901744307e-01,3.880000000000000000e+02,0.000000000000000000e+00,0.000000000000000000e+00,2.356636759939480186e+00
1.640000000000000213e+01,2.496937274932861328e+00,2.476296663284301758e+00,2.155945062637329102e+00,2.337781429290771484e+00,8.556787920494467459e-01,3.920000000000000000e+02,0.000000000000000000e+00,0.000000000000000000e+00,2.367690612023337415e+00
1.644999999999999929e+01,2.474415540695190430e+00,2.540626287460327148e+00,2.127908468246459961e+00,2.503288745880126953e+00,9.416116927055486752e-01,3.610000000000000000e+02,0.000000000000000000e+00,0.000000000000000000e+00,2.489392604516784235e+00
1.650000000000000000e+01,2.638605594635009766e+00,2.669026374816894531e+00,2.105726242065429688e+00,2.470597982406616211e+00,8.637709053047972763e-01,3.880000000000000000e+02,0.000000000000000000e+00,0.000000000000000000e+00,2.366846426733412834e+00
1.655000000000000071e+01,2.787207365036010742e+00,2.723600387573242188e+00,2.021219968795776367e+00,2.866363763809204102e+00,8.728430587770372728e-01,4.340000000000000000e+02,0.000000000000000000e+00,0.000000000000000000e+00,2.205196915007602509e+00
1.660000000000000142e+01,2.703593015670776367e+00,2.689951419830322266e+00,1.833493113517761230e+00,2.797745227813720703e+00,9.668750512015750198e-01,4.220000000000000000e+02,0.000000000000000000e+00,0.000000000000000000e+00,2.381167606771645850e+00
1.665000000000000213e+01,2.762798786163330078e+00,2.738359928131103516e+00,1.772547006607055664e+00,2.284490346908569336e+00,9.010409399612667736e-01,4.060000000000000000e+02,0.000000000000000000e+00,0.000000000000000000e+00,2.218663147458893370e+00
1.669999999999999929e+01,2.439987182617187500e+00,2.450494527816772461e+00,1.986983895301818848e+00,2.183192729949951172e+00,8.573582513671008654e-01,3.990000000000000000e+02,1.000000000000000000e+00,0.000000000000000000e+00,2.495063335907797608e+00
1.675000000000000000e+01,2.585397958755493164e+00,2.658567667007446289e+00,2.395474672317504883e+00,2.151629209518432617e+00,9.626200125003574470e-01,3.890000000000000000e+02,0.000000000000000000e+00,0.000000000000000000e+00,2.413938217139044884e+00
1.680000000000000071e+01,2.526016712188720703e+00,2.568224668502807617e+00,2.203154802322387695e+00,2.547125816345214844e+00,9.788275236647356881e-01,3.880000000000000000e+02,0.000000000000000000e+00,0.000000000000000000e+00,2.196746375079546176e+00
1.685000000000000142e+01,2.703430414199829102e+00,2.721805810928344727e+00,2.232991695404052734e+00,2.178027153015136719e+00,9.228839153866981171e-01,3.940000000000000000e+02,0.000000000000000000e+00,0.000000000000000000e+00,2.318014954948816708e+00
1.690000000000000213e+01,2.667356967926025391e+00,2.770349025726318359e+00,1.812876224517822266e+00,2.073993206024169922e+00,1.001827691566477885e+00,4.080000000000000000e+02,0.000000000000000000e+00,0.000000000000000000e+00,2.205298388084467653e+00
1.694999999999999929e+01,2.773727178573608398e+00,2.785966873168945312e+00,1.808036446571350098e+00,2.261089801788330078e+00,9.610484907581539060e-01,4.100000000000000000e+02,0.000000000000000000e+00,0.000000000000000000e+00,2.381940471567522533e+00
1.700000000000000000e+01,2.473090410232543945e+00,2.555201292037963867e+00,1.657004117965698242e+00,3.004728555679321289e+00,9.442568652566478704e-01,4.160000000000000000e+02,1.000000000000000000e+00,0.000000000000000000e+00,2.105342483933713815e+00
1.705000000000000071e+01,2.789632797241210938e+00,2.816201210021972656e+00,1.920332670211791992e+00,2.008688211441040039e+00,9.894354770995608117e-01,4.110000000000000000e+02,0.000000000000000000e+00,0.000000000000000000e+00,2.457147747746040611e+00
1.710000000000000142e+01,2.827987909317016602e+00,2.811885833740234375e+00,2.098908185958862305e+00,2.190561771392822266e+00,1.025774015389236959e+00,4.230000000000000000e+02,0.000000000000000000e+00,0.000000000000000000e+00,2.307522369381834970e+00
1.715000000000000213e+01,2.694369316101074219e+00,2.699495792388916016e+00,2.504872798919677734e+00,2.468235969543457031e+00,8.825638597133277363e-01,3.730000000000000000e+02,0.000000000000000000e+00,0.000000000000000000e+00,2.388650426603831534e+00
1.719999999999999929e+01,2.637209415435791016e+00,2.644742965698242188e+00,2.066238641738891602e+00,2.420880556106567383e+00,1.024377609098948261e+00,4.110000000000000000e+02,0.000000000000000000e+00,0.000000000000000000e+00,2.378392885804575307e+00
1.725000000000000000e+01,2.819049358367919922e+00,2.819942235946655273e+00,1.887625575065612793e+00,2.736519813537597656e+00,1.015625102095461418e+00,4.200000000000000000e+02,0.000000000000000000e+00,0.000000000000000000e+00,2.118539800097271719e+00
1.730000000000000071e+01,2.764519214630126953e+00,2.755715608596801758e+00,1.668925166130065918e+00,2.265911817550659180e+00,9.862296317733043605e-01,3.700000000000000000e+02,0.000000000000000000e+00,0.000000000000000000e+00,2.271236844633691909e+00
1.735000000000000142e+01,2.815727233886718750e+00,2.767388582229614258e+00,1.850019812583923340e+00,3.095434188842773438e+00,9.002155583327963173e-01,3.830000000000000000e+02,1.000000000000000000e+00,0.000000000000000000e+00,2.173377168203395993e+00
1.740000000000000213e+01,2.753700733184814453e+00,2.728587388992309570e+00,2.108248472213745117e+00,2.287099123001098633e+00,9.722188556175687113e-01,3.820000000000000000e+02,0.000000000000000000e+00,0.000000000000000000e+00,2.414763288902144200e+00
1.744999999999999929e+01,2.782509565353393555e+00,2.709495782852172852e+00,1.963189244270324707e+00,2.321500301361083984e+00,9.158826889433953067e-01,4.100000000000000000e+02,1.000000000000000000e+00,0.000000000000000000e+00,2.163666400444673954e+00
1.750000000000000000e+01,2.993751525878906250e+00,2.947409152984619141e+00,2.113804578781127930e+00,2.331922292709350586e+00,9.931297820475866178e-01,3.910000000000000000e+02,0.000000000000000000e+00,0.000000000000000000e+00,2.464235550446997269e+00
1.755000000000000071e+01,2.966597080230712891e+00,2.985733032226562500e+00,1.804453134536743164e+00,2.843718051910400391e+00,9.504479084290444746e-01,4.100000000000000000e+02,1.000000000000000000e+00,0.000000000000000000e+00,2.180481482644348379e+00
1.760000000000000142e+01,2.878477096557617188e+00,2.827197074890136719e+00,2.376795768737792969e+00,2.156777858734130859e+00,9.814785461595185723e-01,3.600000000000000000e+02,0.000000000000000000e+00,0.000000000000000000e+00,2.424486865892369725e+00
1.765000000000000213e+01,2.851295471191406250e+00,2.859823703765869141e+00,1.855749964714050293e+00,2.644193410873413086e+00,1.040316596782903336e+00,3.900000000000000000e+02,0.000000000000000000e+00,0.000000000000000000e+00,2.353527762130967815e+00
1.769999999999999929e+01,2.808215856552124023e+00,2.765312433242797852e+00,1.740579843521118164e+00,2.351850986480712891e+00,9.763704484182460508e-01,4.520000000000000000e+02,0.000000000000000000e+00,0.000000000000000000e+00,2.156920223921837909e+00
1.775000000000000000e+01,2.956363201141357422e+00,2.907901048660278320e+00,1.860110521316528320e+00,2.776129722595214844e+00,9.442971370935500097e-01,4.340000000000000000e+02,0.000000000000000000e+00,0.000000000000000000e+00,2.347899227931225408e+00
1.780000000000000071e+01,2.894871234893798828e+00,2.843079566955566406e+00,1.840119242668151855e+00,2.364935874938964844e+00,9.905658374568739877e-01,3.950000000000000000e+02,2.000000000000000000e+00,0.000000000000000000e+00,2.234615291784192603e+00
1.785000000000000142e+01,2.947462081909179688e+00,2.885954856872558594e+00,2.143229246139526367e+00,2.417446374893188477e+00,1.036911726547124823e+00,4.380000000000000000e+02,0.000000000000000000e+00,0.000000000000000000e+00,2.320073827470181094e+00
1.790000000000000213e+01,2.843478679656982422e+00,2.860238075256347656e+00,2.035839319229125977e+00,2.724880933761596680e+00,1.539850047680040301e+00,4.060000000000000000e+02,0.000000000000000000e+00,0.000000000000000000e+00,2.228363312540622143e+00
1.794999999999999929e+01,2.791282892227172852e+00,2.757581233978271484e+00,2.276624679565429688e+00,2.457536697387695312e+00,1.549204209038550051e+00,3.790000000000000000e+02,0.000000000000000000e+00,0.000000000000000000e+00,2.485048824077541241e+00
1.800000000000000000e+01,2.907008171081542969e+00,2.860377311706542969e+00,2.246566057205200195e+00,2.880975008010864258e+00,1.512040168511106009e+00,4.070000000000000000e+02,0.000000000000000000e+00,0.000000000000000000e+00,2.258800126423937904e+00
1.805000000000000071e+01,2.639977693557739258e+00,2.592931985855102539e+00,2.201769828796386719e+00,2.666945219039916992e+00,1.608573641682041533e+00,4.100000000000000000e+02,0.000000000000000000e+00,0.000000000000000000e+00,2.072405821624087707e+00
1.810000000000000142e+01,2.765477180480957031e+00,2.750133037567138672e+00,2.304720401763916016e+00,2.627872228622436523e+00,1.557794479671665844e+00,3.850000000000000000e+02,1.000000000000000000e+00,0.000000000000000000e+00,2.353644787988942166e+00
1.815000000000000213e+01,2.648375034332275391e+00,2.658679723739624023e+00,2.367093086242675781e+00,2.442556619644165039e+00,1.559876821924495172e+00,3.890000000000000000e+02,0.000000000000000000e+00,0.000000000000000000e+00,2.384676939636991122e+00
1.819999999999999929e+01,2.779293537139892578e+00,2.703376293182373047e+00,2.301250934600830078e+00,2.590441703796386719e+00,1.493171761874230397e+00,3.830000000000000000e+02,0.000000000000000000e+00,0.000000000000000000e+00,2.407434557118840246e+00
1.825000000000000000e+01,2.591464519500732422e+00,2.588034152984619141e+00,1.952423930168151855e+00,2.754533767700195312e+00,1.533319521729319623e+00,3.750000000000000000e+02,1.000000000000000000e+00,0.000000000000000000e+00,2.401455569724703309e+00
1.830000000000000071e+01,2.864482164382934570e+00,2.841143846511840820e+00,2.261823892593383789e+00,3.198801994323730469e+00,1.578574162272453618e+00,3.630000000000000000e+02,1.000000000000000000e+00,0.000000000000000000e+00,2.250986154726465127e+00
1.835000000000000142e+01,2.550373554229736328e+00,2.509437084197998047e+00,2.102272033691406250e+00,2.763898372650146484e+00,1.562483662091085801e+00,3.740000000000000000e+02,0.000000000000000000e+00,0.000000000000000000e+00,2.373967569640297093e+00
1.840000000000000213e+01,2.878036737442016602e+00,2.899964332580566406e+00,2.140856266021728516e+00,3.369959354400634766e+00,1.543395459356480037e+00,4.040000000000000000e+02,0.000000000000000000e+00,0.000000000000000000e+00,2.457860756445688910e+00
1.844999999999999929e+01,2.981379032135009766e+00,2.915728330612182617e+00,2.152689933776855469e+00,2.955815553665161133e+00,1.548208359527070588e+00,3.710000000000000000e+02,0.000000000000000000e+00,0.000000000000000000e+00,2.442108655077737556e+00
1.850000000000000000e+01,2.993710279464721680e+00,2.944246292114257812e+00,2.271147727966308594e+00,2.992103338241577148e+00,1.573895755127856733e+00,3.750000000000000000e+02,0.000000000000000000e+00,0.000000000000000000e+00,2.256414207879586353e+00
1.855000000000000071e+01,2.857327222824096680e+00,2.794138908386230469e+00,2.374862670898437500e+00,2.533742427825927734e+00,1.584689852206699001e+00,3.890000000000000000e+02,0.000000000000000000e+00,0.000000000000000000e+00,2.108822262025544791e+00
1.860000000000000142e+01,2.857146024703979492e+00,2.779893398284912109e+00,2.298443794250488281e+00,2.871674060821533203e+00,1.567297498866421224e+00,3.870000000000000000e+02,0.000000000000000000e+00,0.000000000000000000e+00,2.054515824407601610e+00
1.865000000000000213e+01,3.067564725875854492e+00,3.011183738708496094e+00,2.357030391693115234e+00,3.496570825576782227e+00,1.563227089876182196e+00,3.960000000000000000e+02,1.000000000000000000e+00,0.000000000000000000e+00,2.439902766261188294e+00
1.869999999999999929e+01,3.178091287612915039e+00,3.139095067977905273e+00,2.232175588607788086e+00,2.965170860290527344e+00,1.567506138139911576e+00,3.820000000000000000e+02,0.000000000000000000e+00,0.000000000000000000e+00,2.110189280035229320e+00
1.875000000000000000e+01,2.883248329162597656e+00,2.830955028533935547e+00,2.204799175262451172e+00,3.074887275695800781e+00,1.544889512189375314e+00,4.140000000000000000e+02,0.000000000000000000e+00,0.000000000000000000e+00,2.198886236816589790e+00
1.880000000000000071e+01,2.954776763916015625e+00,2.958766937255859375e+00,2.181732892990112305e+00,2.853567361831665039e+00,1.618090237497211925e+00,3.860000000000000000e+02,1.000000000000000000e+00,0.000000000000000000e+00,2.356685576346412958e+00
1.885000000000000142e+01,2.872137546539306641e+00,2.833768129348754883e+00,2.430066585540771484e+00,2.397025585174560547e+00,1.521351682477168010e+00,3.620000000000000000e+02,0.000000000000000000e+00,0.000000000000000000e+00,2.032634623262730145e+00
1.890000000000000213e+01,3.041641473770141602e+00,2.988686323165893555e+00,2.369856357574462891e+00,3.158837318420410156e+00,1.575656214798523136e+00,3.860000000000000000e+02,1.000000000000000000e+00,0.000000000000000000e+00,1.896882280787038910e+00
1.894999999999999929e+01,2.799078464508056641e+00,2.812835931777954102e+00,2.071798801422119141e+00,2.383389711380004883e+00,1.564436256900903377e+00,3.950000000000000000e+02,0.000000000000000000e+00,0.000000000000000000e+00,2.131611951543422645e+00
1.900000000000000000e+01,2.915906906127929688e+00,2.891811370849609375e+00,2.137548208236694336e+00,2.660417318344116211e+00,1.571348965302121981e+00,4.090000000000000000e+02,0.000000000000000000e+00,0.000000000000000000e+00,2.133981642042535931e+00
1.905000000000000071e+01,2.885710239410400391e+00,2.824124813079833984e+00,2.059289455413818359e+00,2.992494344711303711e+00,1.552722077737037409e+00,3.750000000000000000e+02,0.000000000000000000e+00,0.000000000000000000e+00,2.363795065991402211e+00
1.910000000000000142e+01,2.764842987060546875e+00,2.765260696411132812e+00,2.068557262420654297e+00,3.069241285324096680e+00,1.577005134155633259e+00,3.940000000000000000e+02,0.000000000000000000e+00,0.000000000000000000e+00,2.319912270774289631e+00
1.915000000000000213e+01,2.836807966232299805e+00,2.840707063674926758e+00,2.262964010238647461e+00,3.123157262802124023e+00,1.606049492945995860e+00,3.870000000000000000e+02,2.000000000000000000e+00,0.000000000000000000e+00,2.366627255428527921e+00
1.920000000000000284e+01,3.018342971801757812e+00,2.986238956451416016e+00,2.679190158843994141e+00,3.433851718902587891e+00,1.578618653095137603e+00,3.980000000000000000e+02,0.000000000000000000e+00,0.000000000000000000e+00,2.354523583157877464e+00
1.925000000000000000e+01,2.729927301406860352e+00,2.750120401382446289e+00,2.010134220123291016e+00,2.451753616333007812e+00,1.541903087342918477e+00,4.110000000000000000e+02,0.000000000000000000e+00,0.000000000000000000e+00,2.215168033336817999e+00
1.930000000000000071e+01,2.825827598571777344e+00,2.780710458755493164e+00,2.528530359268188477e+00,3.041136741638183594e+00,1.568520697680065856e+00,3.950000000000000000e+02,1.000000000000000000e+00,0.000000000000000000e+00,2.224912818875738552e+00
1.935000000000000142e+01,2.930264711380004883e+00,2.933459043502807617e+00,2.493000268936157227e+00,2.429115533828735352e+00,1.598074193905498763e+00,3.620000000000000000e+02,0.000000000000000000e+00,0.000000000000000000e+00,2.298630490999695297e+00
1.940000000000000213e+01,2.990038633346557617e+00,2.946188926696777344e+00,2.542340517044067383e+00,3.681411504745483398e+00,1.559842971605118755e+00,4.020000000000000000e+02,0.000000000000000000e+00,0.000000000000000000e+00,2.200581126004233390e+00
1.945000000000000284e+01,2.922321796417236328e+00,2.883501052856445312e+00,2.268480777740478516e+00,2.632441043853759766e+00,1.550851929375702376e+00,4.110000000000000000e+02,1.000000000000000000e+00,0.000000000000000000e+00,2.386708738942183050e+00
1.950000000000000000e+01,2.771997213363647461e+00,2.746832132339477539e+00,2.671553134918212891e+00,2.848253011703491211e+00,1.549642493172444180e+00,3.500000000000000000e+02,0.000000000000000000e+00,0.000000000000000000e+00,2.188441553181868393e+00
1.955000000000000071e+01,2.539523124694824219e+00,2.518787622451782227e+00,2.382122516632080078e+00,2.461381912231445312e+00,1.573503445761149866e+00,4.100000000000000000e+02,0.000000000000000000e+00,0.000000000000000000e+00,1.762172079062624075e+00
1.960000000000000142e+01,2.667507886886596680e+00,2.599556207656860352e+00,2.672604084014892578e+00,2.248303413391113281e+00,1.592790366633317634e+00,3.890000000000000000e+02,0.000000000000000000e+00,0.000000000000000000e+00,2.349325462895734518e+00
1.965000000000000213e+01,2.496292114257812500e+00,2.434900283813476562e+00,2.324896335601806641e+00,2.735927104949951172e+00,1.622378039499017488e+00,3.730000000000000000e+02,0.000000000000000000e+00,0.000000000000000000e+00,2.399058235174289067e+00
1.970000000000000284e+01,2.549673557281494141e+00,2.491453170776367188e+00,2.199228763580322266e+00,2.565000295639038086e+00,1.599344958356691659e+00,3.600000000000000000e+02,0.000000000000000000e+00,0.000000000000000000e+00,2.287240403550085066e+00
1.975000000000000000e+01,2.781155586242675781e+00,2.732599735260009766e+00,2.424156427383422852e+00,2.745442152023315430e+00,1.596277990677840375e+00,4.010000000000000000e+02,0.000000000000000000e+00,0.000000000000000000e+00,2.102374839312588062e+00
1.980000000000000071e+01,2.730153560638427734e+00,2.695165157318115234e+00,2.522886037826538086e+00,2.137454032897949219e+00,1.533334763953746682e+00,4.220000000000000000e+02,0.000000000000000000e+00,0.000000000000000000e+00,2.414306421440216788e+00
1.985000000000000142e+01,2.900862932205200195e+00,2.917293071746826172e+00,2.114673137664794922e+00,2.663366794586181641e+00,1.558182700016037314e+00,3.990000000000000000e+02,1.000000000000000000e+00,0.000000000000000000e+00,1.875509651838724423e+00
1.990000000000000213e+01,2.890592098236083984e+00,2.870840549468994141e+00,2.422021627426147461e+00,2.738767147064208984e+00,1.549512108275085120e+00,4.100000000000000000e+02,0.000000000000000000e+00,0.000000000000000000e+00,2.328686496813215712e+00
1.995000000000000284e+01,2.663446426391601562e+00,2.716419219970703125e+00,2.160597085952758789e+00,2.590713262557983398e+00,1.566242569956171060e+00,4.250000000000000000e+02,0.000000000000000000e+00,0.000000000000000000e+00,1.853638916057748220e+00
2.000000000000000000e+01,2.786989688873291016e+00,2.798335552215576172e+00,2.382671356201171875e+00,2.651278972625732422e+00,1.582061995723047954e+00,3.880000000000000000e+02,0.000000000000000000e+00,0.000000000000000000e+00,2.003404870756535061e+00
2.005000000000000071e+01,2.778800487518310547e+00,2.735918760299682617e+00,2.190142631530761719e+00,3.406250000000000000e+00,1.529814856395093070e+00,3.790000000000000000e+02,0.000000000000000000e+00,0.000000000000000000e+00,2.421754146675455743e+00
2.010000000000000142e+01,2.668162584304809570e+00,2.619288444519042969e+00,2.118988513946533203e+00,2.419978141784667969e+00,1.582867615694080854e+00,3.680000000000000000e+02,0.000000000000000000e+00,0.000000000000000000e+00,2.364822112290278167e+00
2.015000000000000213e+01,2.664887428283691406e+00,2.640588045120239258e+00,2.415855884552001953e+00,3.003435611724853516e+00,1.600698643695814605e+00,3.780000000000000000e+02,0.000000000000000000e+00,0.000000000000000000e+00,2.398492783965551656e+00
2.020000000000000284e+01,2.469410419464111328e+00,2.460544586181640625e+00,2.156738519668579102e+00,2.800218820571899414e+00,1.576868081691609413e+00,3.740000000000000000e+02,0.000000000000000000e+00,0.000000000000000000e+00,2.313939810427979360e+00
2.025000000000000000e+01,2.388767719268798828e+00,2.338087797164916992e+00,2.023829460144042969e+00,2.877750635147094727e+00,1.576712252012483440e+00,3.510000000000000000e+02,0.000000000000000000e+00,0.000000000000000000e+00,2.495441545587592458e+00
2.030000000000000071e+01,2.380357742309570312e+00,2.359695911407470703e+00,2.477884292602539062e+00,2.273080587387084961e+00,1.588144941053359016e+00,3.810000000000000000e+02,0.000000000000000000e+00,0.000000000000000000e+00,2.161719609712447809e+00
2.035000000000000142e+01,2.474511384963989258e+00,2.456179857254028320e+00,2.151852846145629883e+00,3.173699378967285156e+00,1.545173469023470414e+00,3.750000000000000000e+02,0.000000000000000000e+00,0.000000000000000000e+00,2.230007371794759941e+00
2.040000000000000213e+01,2.469570875167846680e+00,2.506379604339599609e+00,2.618024587631225586e+00,3.406133413314819336e+00,1.546274798266498385e+00,4.300000000000000000e+02,0.000000000000000000e+00,0.000000000000000000e+00,2.300204027939960039e+00
2.045000000000000284e+01,2.309915304183959961e+00,2.351940155029296875e+00,2.998504638671875000e+00,3.481126070022583008e+00,1.541434152217290521e+00,3.960000000000000000e+02,0.000000000000000000e+00,0.000000000000000000e+00,2.420831898934615811e+00
2.050000000000000000e+01,2.586429119110107422e+00,2.600425481796264648e+00,2.579893827438354492e+00,3.604295015335083008e+00,1.584920466605646228e+00,4.130000000000000000e+02,0.000000000000000000e+00,0.000000000000000000e+00,2.320237553230209304e+00
2.055000000000000071e+01,2.440178155899047852e+00,2.452005386352539062e+00,2.481195211410522461e+00,3.554513692855834961e+00,1.521039224541267387e+00,4.410000000000000000e+02,1.000000000000000000e+00,0.000000000000000000e+00,2.211077227447600269e+00
2.060000000000000142e+01,2.461324453353881836e+00,2.436508655548095703e+00,2.717984199523925781e+00,3.085972070693969727e+00,1.490126662927659940e+00,3.970000000000000000e+02,0.000000000000000000e+00,0.000000000000000000e+00,2.354372016263523104e+00
2.065000000000000213e+01,2.399339437484741211e+00,2.395708322525024414e+00,2.784448146820068359e+00,3.631885528564453125e+00,1.509639085990899687e+00,4.410000000000000000e+02,0.000000000000000000e+00,0.000000000000000000e+00,2.261433537516331693e+00
2.070000000000000284e+01,2.536590576171875000e+00,2.466941356658935547e+00,2.519759654998779297e+00,3.698540210723876953e+00,1.521536774078897203e+00,3.900000000000000000e+02,1.000000000000000000e+00,0.000000000000000000e+00,2.278639870658918820e+00
2.075000000000000000e+01,2.469424962997436523e+00,2.483202219009399414e+00,2.682607650756835938e+00,3.452960014343261719e+00,1.508675749043126624e+00,4.450000000000000000e+02,1.000000000000000000e+00,0.000000000000000000e+00,2.344228873308273897e+00
2.080000000000000071e+01,2.541193485260009766e+00,2.615239858627319336e+00,2.558952331542968750e+00,3.213601350784301758e+00,1.517417369321740317e+00,4.070000000000000000e+02,1.000000000000000000e+00,0.000000000000000000e+00,2.413150317273059287e+00
2.085000000000000142e+01,2.462389469146728516e+00,2.490903854370117188e+00,2.927361011505126953e+00,3.374819755554199219e+00,1.562212788121631890e+00,3.920000000000000000e+02,3.000000000000000000e+00,0.000000000000000000e+00,2.336918737358811171e+00
2.090000000000000213e+01,2.337564945220947266e+00,2.274711370468139648e+00,2.754701614379882812e+00,3.385481834411621094e+00,1.541132682789409847e+00,3.980000000000000000e+02,1.000000000000000000e+00,0.000000000000000000e+00,2.363242147084457567e+00
2.095000000000000284e+01,2.546452283859252930e+00,2.493871450424194336e+00,2.440518140792846680e+00,3.236088275909423828e+00,1.499194172029578498e+00,3.820000000000000000e+02,0.000000000000000000e+00,0.000000000000000000e+00,2.287994391055188981e+00
2.100000000000000000e+01,2.569591999053955078e+00,2.557471990585327148e+00,2.621933221817016602e+00,3.404891252517700195e+00,1.488369918397267844e+00,4.400000000000000000e+02,1.000000000000000000e+00,0.000000000000000000e+00,2.406754510439259143e+00
2.105000000000000071e+01,2.403989791870117188e+00,2.386850357055664062e+00,2.446877002716064453e+00,3.419059753417968750e+00,1.532195337191850415e+00,4.200000000000000000e+02,0.000000000000000000e+00,0.000000000000000000e+00,2.090712217381818228e+00
2.110000000000000142e+01,2.591018438339233398e+00,2.562370777130126953e+00,2.556294918060302734e+00,3.408893585205078125e+00,1.564727733549111877e+00,4.290000000000000000e+02,0.000000000000000000e+00,0.000000000000000000e+00,2.050324240341630411e+00
2.115000000000000213e+01,2.544820785522460938e+00,2.539993762969970703e+00,2.779873609542846680e+00,3.514461755752563477e+00,1.504680331999314058e+00,4.120000000000000000e+02,0.000000000000000000e+00,0.000000000000000000e+00,2.289036000774745894e+00
2.120000000000000284e+01,2.668168306350708008e+00,2.676349639892578125e+00,3.124659299850463867e+00,3.822331190109252930e+00,1.533004810776028126e+00,3.970000000000000000e+02,1.000000000000000000e+00,0.000000000000000000e+00,2.385030742235655588e+00
2.125000000000000000e+01,2.711056470870971680e+00,2.707082033157348633e+00,2.772048950195312500e+00,3.602751255035400391e+00,1.562474668970076364e+00,4.160000000000000000e+02,0.000000000000000000e+00,0.000000000000000000e+00,2.451202595626202463e+00
2.130000000000000071e+01,2.546180486679077148e+00,2.631485462188720703e+00,2.720766544342041016e+00,3.445062160491943359e+00,1.579868920278082234e+00,4.170000000000000000e+02,1.000000000000000000e+00,0.000000000000000000e+00,2.282117856163476066e+00
2.135000000000000142e+01,2.584896087646484375e+00,2.549767255783081055e+00,2.662706613540649414e+00,3.248276233673095703e+00,1.521704362980113689e+00,4.380000000000000000e+02,0.000000000000000000e+00,0.000000000000000000e+00,1.886672404190962382e+00
2.140000000000000213e+01,2.709602117538452148e+00,2.640024185180664062e+00,2.899383068084716797e+00,3.581756353378295898e+00,1.529901485474911560e+00,4.050000000000000000e+02,0.000000000000000000e+00,0.000000000000000000e+00,2.314070055003809134e+00
2.145000000000000284e+01,2.594360828399658203e+00,2.576913833618164062e+00,2.675125360488891602e+00,3.336452007293701172e+00,1.529840988090608089e+00,4.380000000000000000e+02,1.000000000000000000e+00,0.000000000000000000e+00,2.338916519328538612e+00
2.150000000000000000e+01,2.374073743820190430e+00,2.387861251831054688e+00,2.773168087005615234e+00,3.405841827392578125e+00,1.504944490416308511e+00,3.790000000000000000e+02,1.000000000000000000e+00,0.000000000000000000e+00,2.426689292469014880e+00
2.155000000000000071e+01,2.348807811737060547e+00,2.345836400985717773e+00,2.487298965454101562e+00,3.393981218338012695e+00,1.539649303874025321e+00,4.310000000000000000e+02,1.000000000000000000e+00,0.000000000000000000e+00,2.238588637567238582e+00
2.160000000000000142e+01,2.468846082687377930e+00,2.522886991500854492e+00,2.512993812561035156e+00,3.449937343597412109e+00,1.522197166100744736e+00,4.650000000000000000e+02,1.000000000000000000e+00,0.000000000000000000e+00,2.368196997854142172e+00
2.165000000000000213e+01,2.326932191848754883e+00,2.268380641937255859e+00,2.225165843963623047e+00,3.045265436172485352e+00,1.478357368822663886e+00,3.980000000000000000e+02,1.000000000000000000e+00,0.000000000000000000e+00,2.167933108721026514e+00
2.170000000000000284e+01,2.554476022720336914e+00,2.482243061065673828e+00,2.546921730041503906e+00,3.188110828399658203e+00,1.507606863643196071e+00,4.370000000000000000e+02,0.000000000000000000e+00,0.000000000000000000e+00,2.376468590716864338e+00
2.175000000000000000e+01,2.286607742309570312e+00,2.210088491439819336e+00,2.551670551300048828e+00,2.945039033889770508e+00,1.519382480177137396e+00,4.180000000000000000e+02,0.000000000000000000e+00,0.000000000000000000e+00,2.187198677285094206e+00
2.180000000000000071e+01,2.357498407363891602e+00,2.286185264587402344e+00,2.509640455245971680e+00,3.444914579391479492e+00,1.592818604554936623e+00,4.010000000000000000e+02,0.000000000000000000e+00,0.000000000000000000e+00,2.452459038065307961e+00
2.185000000000000142e+01,2.398376226425170898e+00,2.404889822006225586e+00,2.600414276123046875e+00,3.282384634017944336e+00,1.496843262727390655e+00,4.190000000000000000e+02,1.000000000000000000e+00,0.000000000000000000e+00,2.416683373816515434e+00
2.190000000000000213e+01,2.401988983154296875e+00,2.415787935256958008e+00,2.750991344451904297e+00,3.739953279495239258e+00,1.522016769243743850e+00,4.380000000000000000e+02,0.000000000000000000e+00,0.000000000000000000e+00,2.414538153124698550e+00
2.195000000000000284e+01,2.415056705474853516e+00,2.513577461242675781e+00,2.763035535812377930e+00,3.484673023223876953e+00,1.553128948905870832e+00,3.790000000000000000e+02,1.000000000000000000e+00,0.000000000000000000e+00,2.532709659920736378e+00
2.200000000000000000e+01,2.440805912017822266e+00,2.405624151229858398e+00,2.722167015075683594e+00,3.297497034072875977e+00,1.520003909569423772e+00,4.510000000000000000e+02,2.000000000000000000e+00,0.000000000000000000e+00,2.447972534336785522e+00
2.205000000000000071e+01,2.391007184982299805e+00,2.402328968048095703e+00,2.761516809463500977e+00,3.413140535354614258e+00,1.532306538453488409e+00,4.160000000000000000e+02,0.000000000000000000e+00,0.000000000000000000e+00,2.228876691104364927e+00
2.210000000000000142e+01,2.540785312652587891e+00,2.491753339767456055e+00,2.615756750106811523e+00,3.291121006011962891e+00,1.521608260546653879e+00,3.900000000000000000e+02,0.000000000000000000e+00,0.000000000000000000e+00,2.171720622795312750e+00
2.215000000000000213e+01,2.577305316925048828e+00,2.598392009735107422e+00,2.581444740295410156e+00,3.374851703643798828e+00,1.514129161496645892e+00,4.220000000000000000e+02,0.000000000000000000e+00,0.000000000000000000e+00,2.414482013289583229e+00
2.220000000000000284e+01,2.422110795974731445e+00,2.392098665237426758e+00,2.314959287643432617e+00,2.877170801162719727e+00,1.531204165764277647e+00,3.990000000000000000e+02,3.000000000000000000e+00,0.000000000000000000e+00,2.288763865458961710e+00
2.225000000000000000e+01,2.315254449844360352e+00,2.294239759445190430e+00,2.777859687805175781e+00,3.196750164031982422e+00,1.556828521172262336e+00,3.950000000000000000e+02,2.000000000000000000e+00,0.000000000000000000e+00,2.229333660786240401e+00
2.230000000000000071e+01,2.428558111190795898e+00,2.455395221710205078e+00,2.704558134078979492e+00,3.458699226379394531e+00,1.593422359061300808e+00,4.120000000000000000e+02,0.000000000000000000e+00,0.000000000000000000e+00,2.338950548217191727e+00
2.235000000000000142e+01,2.382714748382568359e+00,2.350165605545043945e+00,2.486843824386596680e+00,3.232335567474365234e+00,1.487111908888271827e+00,4.230000000000000000e+02,0.000000000000000000e+00,0.000000000000000000e+00,2.352771591290187647e+00
2.240000000000000213e+01,2.511191129684448242e+00,2.524792909622192383e+00,2.613229751586914062e+00,3.349409580230712891e+00,1.445944405857131132e+00,4.340000000000000000e+02,1.000000000000000000e+00,0.000000000000000000e+00,2.359866407041401715e+00
2.245000000000000284e+01,2.346928358078002930e+00,2.378465652465820312e+00,2.527636528015136719e+00,3.493418216705322266e+00,1.516392409008517905e+00,4.250000000000000000e+02,2.000000000000000000e+00,0.000000000000000000e+00,2.404222536515983943e+00
2.250000000000000000e+01,2.475448846817016602e+00,2.473590135574340820e+00,2.400090932846069336e+00,3.231437444686889648e+00,1.511683137036628821e+00,4.240000000000000000e+02,0.000000000000000000e+00,0.000000000000000000e+00,2.330347793859912642e+00
2.255000000000000071e+01,2.534169673919677734e+00,2.542781352996826172e+00,2.563272714614868164e+00,3.595311880111694336e+00,1.563072713548137260e+00,4.190000000000000000e+02,0.000000000000000000e+00,0.000000000000000000e+00,2.348759014200230144e+00
2.260000000000000142e+01,2.440523862838745117e+00,2.404069423675537109e+00,2.507077217102050781e+00,3.229772567749023438e+00,1.519256333087588118e+00,4.160000000000000000e+02,0.000000000000000000e+00,0.000000000000000000e+00,2.277283997038400010e+00
2.265000000000000213e+01,2.382405042648315430e+00,2.336259603500366211e+00,2.419666051864624023e+00,3.073829174041748047e+00,1.444276819190525085e+00,3.990000000000000000e+02,0.000000000000000000e+00,0.000000000000000000e+00,2.273526378683752736e+00
2.270000000000000284e+01,2.529318571090698242e+00,2.525718688964843750e+00,2.777533292770385742e+00,3.329617738723754883e+00,1.564655495500531179e+00,4.160000000000000000e+02,0.000000000000000000e+00,0.000000000000000000e+00,2.420239185037819318e+00
2.275000000000000000e+01,2.473653078079223633e+00,2.515113830566406250e+00,2.449296236038208008e+00,3.247922658920288086e+00,1.526450919306147291e+00,3.880000000000000000e+02,0.000000000000000000e+00,0.000000000000000000e+00,2.366538066894631864e+00
2.280000000000000071e+01,2.536926746368408203e+00,2.554425239562988281e+00,2.428117275238037109e+00,3.199743032455444336e+00,1.505535855209192642e+00,4.000000000000000000e+02,0.000000000000000000e+00,0.000000000000000000e+00,2.363857660574552710e+00
2.285000000000000142e+01,2.319943428039550781e+00,2.354076147079467773e+00,2.497604131698608398e+00,3.153659343719482422e+00,1.497972402891687871e+00,4.290000000000000000e+02,0.000000000000000000e+00,0.000000000000000000e+00,2.348661988207919382e+00
2.290000000000000213e+01,2.527879714965820312e+00,2.552305459976196289e+00,2.582517862319946289e+00,2.956638574600219727e+00,1.523655950896332323e+00,4.030000000000000000e+02,0.000000000000000000e+00,0.000000000000000000e+00,2.365568439838896975e+00
2.295000000000000284e+01,2.487704753875732422e+00,2.503206491470336914e+00,2.658247709274291992e+00,3.422545194625854492e+00,1.574171168147306732e+00,4.390000000000000000e+02,0.000000000000000000e+00,0.000000000000000000e+00,2.349860176693466585e+00
2.300000000000000000e+01,2.589274644851684570e+00,2.626407146453857422e+00,2.798653125762939453e+00,3.812147617340087891e+00,1.523377497988305018e+00,4.270000000000000000e+02,0.000000000000000000e+00,0.000000000000000000e+00,2.311888307765846751e+00
2.305000000000000071e+01,2.439925909042358398e+00,2.438104867935180664e+00,2.501021385192871094e+00,3.271025657653808594e+00,1.444855850224320060e+00,3.930000000000000000e+02,0.000000000000000000e+00,0.000000000000000000e+00,2.322964761419754609e+00
2.310000000000000142e+01,2.580446004867553711e+00,2.602340698242187500e+00,2.570442914962768555e+00,3.332457065582275391e+00,1.537087146088656375e+00,4.240000000000000000e+02,0.000000000000000000e+00,0.000000000000000000e+00,2.280647341311875742e+00
2.315000000000000213e+01,2.731580257415771484e+00,2.820221424102783203e+00,2.646272659301757812e+00,3.638923645019531250e+00,1.547990480754844356e+00,4.090000000000000000e+02,0.000000000000000000e+00,0.000000000000000000e+00,2.516677847684920977e+00
2.320000000000000284e+01,2.667036533355712891e+00,2.679274082183837891e+00,2.504731655120849609e+00,3.184162378311157227e+00,1.534403008206680630e+00,3.820000000000000000e+02,1.000000000000000000e+00,0.000000000000000000e+00,2.350822197926017765e+00
2.325000000000000000e+01,2.558428049087524414e+00,2.567322492599487305e+00,2.507901191711425781e+00,3.233500480651855469e+00,1.517400334884000390e+00,4.550000000000000000e+02,1.000000000000000000e+00,0.000000000000000000e+00,2.327191683200517058e+00
2.330000000000000071e+01,2.620944023132324219e+00,2.675745248794555664e+00,2.829619884490966797e+00,3.142874479293823242e+00,1.513975473374745029e+00,3.450000000000000000e+02,0.000000000000000000e+00,0.000000000000000000e+00,2.412122150000638676e+00
2.335000000000000142e+01,2.569998502731323242e+00,2.608036041259765625e+00,3.012523651123046875e+00,3.240444660186767578e+00,1.518591619417292149e+00,4.030000000000000000e+02,0.000000000000000000e+00,0.000000000000000000e+00,2.362518336255916118e+00
2.340000000000000213e+01,2.436122655868530273e+00,2.417714834213256836e+00,2.613804340362548828e+00,3.157392740249633789e+00,1.531051155921213658e+00,3.870000000000000000e+02,0.000000000000000000e+00,0.000000000000000000e+00,2.297979515752302859e+00
2.345000000000000284e+01,2.682893276214599609e+00,2.688710451126098633e+00,2.989680767059326172e+00,3.609749317169189453e+00,1.481588103517058830e+00,4.070000000000000000e+02,0.000000000000000000e+00,0.000000000000000000e+00,2.334126889475519384e+00
2.350000000000000000e+01,2.690658569335937500e+00,2.652085065841674805e+00,3.073352336883544922e+00,3.463161945343017578e+00,1.509489184935932204e+00,3.920000000000000000e+02,1.000000000000000000e+00,0.000000000000000000e+00,2.419136355846150277e+00
2.355000000000000071e+01,2.646154165267944336e+00,2.598978996276855469e+00,2.940794944763183594e+00,3.554282665252685547e+00,1.560642752864205729e+00,4.130000000000000000e+02,0.000000000000000000e+00,0.000000000000000000e+00,2.360277860163199737e+00
2.360000000000000142e+01,2.738694906234741211e+00,2.730648279190063477e+00,2.847909927368164062e+00,3.421232700347900391e+00,1.540975024890250067e+00,4.360000000000000000e+02,2.000000000000000000e+00,0.000000000000000000e+00,2.342491951913400872e+00
2.365000000000000213e+01,2.804048299789428711e+00,2.690333843231201172e+00,3.033013820648193359e+00,2.906401634216308594e+00,1.480891892419265776e+00,3.640000000000000000e+02,0.000000000000000000e+00,0.000000000000000000e+00,2.299727520686010163e+00
2.370000000000000284e+01,2.752541065216064453e+00,2.788479804992675781e+00,2.909180164337158203e+00,3.593345642089843750e+00,1.483327968948042530e+00,4.220000000000000000e+02,1.000000000000000000e+00,0.000000000000000000e+00,2.298521621536339765e+00
2.375000000000000000e+01,2.692302465438842773e+00,2.683265209197998047e+00,2.916935920715332031e+00,3.221420049667358398e+00,1.567392418777056928e+00,3.990000000000000000e+02,1.000000000000000000e+00,0.000000000000000000e+00,2.297491239826717102e+00
2.380000000000000071e+01,2.560544490814208984e+00,2.592909097671508789e+00,3.125721931457519531e+00,3.366563320159912109e+00,1.545626394346321097e+00,3.990000000000000000e+02,0.000000000000000000e+00,0.000000000000000000e+00,2.280235227644333396e+00
2.385000000000000142e+01,2.663295030593872070e+00,2.648734092712402344e+00,2.944400310516357422e+00,3.372972249984741211e+00,1.529592431074602743e+00,3.900000000000000000e+02,0.000000000000000000e+00,0.000000000000000000e+00,2.427258870709382954e+00
2.390000000000000213e+01,2.568629741668701172e+00,2.645088195800781250e+00,3.069642543792724609e+00,3.502004146575927734e+00,1.544473339959613778e+00,4.000000000000000000e+02,0.000000000000000000e+00,0.000000000000000000e+00,2.110579365186214140e+00
2.395000000000000284e+01,2.606514692306518555e+00,2.648217201232910156e+00,2.563396930694580078e+00,3.320362567901611328e+00,1.507227012266359134e+00,4.050000000000000000e+02,0.000000000000000000e+00,0.000000000000000000e+00,2.330701937424411341e+00
2.400000000000000000e+01,2.788462162017822266e+00,2.809384107589721680e+00,2.573369979858398438e+00,3.149438858032226562e+00,1.522193660777146018e+00,4.470000000000000000e+02,0.000000000000000000e+00,0.000000000000000000e+00,2.213646325020372174e+00
2.405000000000000071e+01,2.778055906295776367e+00,2.815762758255004883e+00,2.823903083801269531e+00,3.120766639709472656e+00,1.495943154328200908e+00,4.050000000000000000e+02,0.000000000000000000e+00,0.000000000000000000e+00,2.332303768271848821e+00
2.410000000000000142e+01,2.737523555755615234e+00,2.708606481552124023e+00,2.872881650924682617e+00,3.363996744155883789e+00,1.552758013724462760e+00,3.770000000000000000e+02,0.000000000000000000e+00,0.000000000000000000e+00,2.273155174184321670e+00
2.415000000000000213e+01,2.646176338195800781e+00,2.631473541259765625e+00,2.970790624618530273e+00,3.395607948303222656e+00,1.509695739730780417e+00,4.340000000000000000e+02,0.000000000000000000e+00,0.000000000000000000e+00,2.326263051337421839e+00
2.420000000000000284e+01,2.641271591186523438e+00,2.645588159561157227e+00,3.054249048233032227e+00,3.284712791442871094e+00,1.502095497363491239e+00,3.940000000000000000e+02,0.000000000000000000e+00,0.000000000000000000e+00,2.371156969631810441e+00
2.425000000000000000e+01,2.688119173049926758e+00,2.688167333602905273e+00,3.083946228027343750e+00,3.240274190902709961e+00,1.556956042816802777e+00,3.690000000000000000e+02,1.000000000000000000e+00,0.000000000000000000e+00,2.406398700258490120e+00
2.430000000000000071e+01,2.684113979339599609e+00,2.696473598480224609e+00,2.989265680313110352e+00,3.242423295974731445e+00,1.563489177693635490e+00,3.820000000000000000e+02,0.000000000000000000e+00,0.000000000000000000e+00,2.279014517313861177e+00
2.435000000000000142e+01,2.822678565979003906e+00,2.831921577453613281e+00,2.887407541275024414e+00,3.007041931152343750e+00,1.550791954859523925e+00,4.170000000000000000e+02,0.000000000000000000e+00,0.000000000000000000e+00,2.481592042018183175e+00
2.440000000000000213e+01,2.428593873977661133e+00,2.473816394805908203e+00,2.895641565322875977e+00,2.997669696807861328e+00,1.547095971089831101e+00,3.470000000000000000e+02,0.000000000000000000e+00,0.000000000000000000e+00,2.320805295403547852e+00
2.445000000000000284e+01,2.820166587829589844e+00,2.793180942535400391e+00,2.934323549270629883e+00,3.013539552688598633e+00,1.514566203321876969e+00,3.740000000000000000e+02,0.000000000000000000e+00,0.000000000000000000e+00,2.076647807210340702e+00
2.450000000000000000e+01,2.663099765777587891e+00,2.679713249206542969e+00,3.026568412780761719e+00,3.270004749298095703e+00,1.561279037281923854e+00,3.950000000000000000e+02,0.000000000000000000e+00,0.000000000000000000e+00,2.169068850958535410e+00
2.455000000000000071e+01,2.644536256790161133e+00,2.656345844268798828e+00,3.032877206802368164e+00,3.362324476242065430e+00,1.597258951135572591e+00,4.060000000000000000e+02,0.000000000000000000e+00,0.000000000000000000e+00,2.288936573175210487e+00
2.460000000000000142e+01,2.777469635009765625e+00,2.860168457031250000e+00,2.853852272033691406e+00,3.210431575775146484e+00,1.499878547914723192e+00,4.120000000000000000e+02,0.000000000000000000e+00,0.000000000000000000e+00,2.371153256999413372e+00
2.465000000000000213e+01,2.643434047698974609e+00,2.716350078582763672e+00,2.848925828933715820e+00,3.496906280517578125e+00,1.531678507651071275e+00,4.130000000000000000e+02,0.000000000000000000e+00,0.000000000000000000e+00,2.434002531193960817e+00
2.470000000000000284e+01,2.764471769332885742e+00,2.778491020202636719e+00,3.105374336242675781e+00,3.195548534393310547e+00,1.541009427660044118e+00,3.740000000000000000e+02,0.000000000000000000e+00,0.000000000000000000e+00,2.289585569245768948e+00
2.475000000000000000e+01,2.640504837036132812e+00,2.678153038024902344e+00,3.134353637695312500e+00,3.335230112075805664e+00,1.512648723779162152e+00,3.770000000000000000e+02,0.000000000000000000e+00,0.000000000000000000e+00,2.489035580051617735e+00
2.480000000000000071e+01,2.698447227478027344e+00,2.730641841888427734e+00,3.184385776519775391e+00,3.769158840179443359e+00,1.542939016866310187e+00,4.080000000000000000e+02,0.000000000000000000e+00,0.000000000000000000e+00,2.265367358180866653e+00
2.485000000000000142e+01,2.682771921157836914e+00,2.713043689727783203e+00,3.181388854980468750e+00,3.449957847595214844e+00,1.571518839749377117e+00,4.160000000000000000e+02,1.000000000000000000e+00,0.000000000000000000e+00,2.452537995828663497e+00
2.490000000000000213e+01,2.806830167770385742e+00,2.812393665313720703e+00,3.137222766876220703e+00,3.263801336288452148e+00,1.579332367849371810e+00,3.900000000000000000e+02,1.000000000000000000e+00,0.000000000000000000e+00,2.312502979292522909e+00
2.495000000000000284e+01,2.644220829010009766e+00,2.699777603149414062e+00,2.908398151397705078e+00,3.188149690628051758e+00,1.506989275440489884e+00,4.210000000000000000e+02,1.000000000000000000e+00,0.000000000000000000e+00,2.388492843808748489e+00
2.500000000000000000e+01,2.528598546981811523e+00,2.567648649215698242e+00,2.894012928009033203e+00,3.167232513427734375e+00,1.509254939138770180e+00,3.800000000000000000e+02,0.000000000000000000e+00,0.000000000000000000e+00,2.249284308809353927e+00
2.505000000000000071e+01,2.634189128875732422e+00,2.670437335968017578e+00,2.879469394683837891e+00,3.338232994079589844e+00,1.519807208874882409e+00,3.950000000000000000e+02,0.000000000000000000e+00,0.000000000000000000e+00,2.349394226416301024e+00
2.510000000000000142e+01,2.848976612091064453e+00,2.889636754989624023e+00,3.074542284011840820e+00,3.264185428619384766e+00,1.528917489340841929e+00,4.020000000000000000e+02,1.000000000000000000e+00,0.000000000000000000e+00,2.449602089398136950e+00
2.515000000000000213e+01,2.620656967163085938e+00,2.720334768295288086e+00,3.121414661407470703e+00,3.261679649353027344e+00,1.697302818147274683e+00,3.880000000000000000e+02,0.000000000000000000e+00,0.000000000000000000e+00,2.256712282833909455e+00
2.520000000000000284e+01,2.687055587768554688e+00,2.728024721145629883e+00,3.093204498291015625e+00,3.312697172164916992e+00,1.699610597041343762e+00,4.180000000000000000e+02,2.000000000000000000e+00,0.000000000000000000e+00,2.320452765087687830e+00
2.525000000000000000e+01,2.695379257202148438e+00,2.675692558288574219e+00,3.236627101898193359e+00,3.592876911163330078e+00,1.677658838030051447e+00,4.020000000000000000e+02,0.000000000000000000e+00,0.000000000000000000e+00,2.310503592817819030e+00
2.530000000000000071e+01,2.692940473556518555e+00,2.697254180908203125e+00,3.211177349090576172e+00,3.563970088958740234e+00,1.693869117543232106e+00,3.570000000000000000e+02,2.000000000000000000e+00,0.000000000000000000e+00,2.482839594794710614e+00
2.535000000000000142e+01,2.622880697250366211e+00,2.600146770477294922e+00,3.388831853866577148e+00,3.686102390289306641e+00,1.651780926642694158e+00,3.860000000000000000e+02,0.000000000000000000e+00,0.000000000000000000e+00,2.364247419733121358e+00
2.540000000000000213e+01,2.717872858047485352e+00,2.722104549407958984e+00,3.188917160034179688e+00,3.577662944793701172e+00,1.665775612752641521e+00,3.990000000000000000e+02,0.000000000000000000e+00,0.000000000000000000e+00,2.308435468161325943e+00
2.545000000000000284e+01,2.640146017074584961e+00,2.615328788757324219e+00,3.252341985702514648e+00,3.623912811279296875e+00,1.672290882622298192e+00,4.140000000000000000e+02,1.000000000000000000e+00,0.000000000000000000e+00,2.454576099193956473e+00
2.550000000000000000e+01,2.520459890365600586e+00,2.548055410385131836e+00,3.277910947799682617e+00,3.501287698745727539e+00,1.677113921449029377e+00,4.140000000000000000e+02,0.000000000000000000e+00,0.000000000000000000e+00,2.286180528709988558e+00
2.555000000000000071e+01,2.736821174621582031e+00,2.727142572402954102e+00,3.055839300155639648e+00,3.482946157455444336e+00,1.702259250593126438e+00,3.840000000000000000e+02,0.000000000000000000e+00,0.000000000000000000e+00,2.319667351819168388e+00
2.560000000000000142e+01,2.751950263977050781e+00,2.765027523040771484e+00,2.814810752868652344e+00,3.216266632080078125e+00,1.681940128286381286e+00,3.980000000000000000e+02,1.000000000000000000e+00,0.000000000000000000e+00,2.460045537435362029e+00
2.565000000000000213e+01,2.585589647293090820e+00,2.579221487045288086e+00,2.969062328338623047e+00,3.196238517761230469e+00,1.671373076717499684e+00,3.830000000000000000e+02,0.000000000000000000e+00,0.000000000000000000e+00,2.467889742311935031e+00
2.570000000000000284e+01,2.602669000625610352e+00,2.645609378814697266e+00,2.825507879257202148e+00,3.024902820587158203e+00,1.612474111198587190e+00,4.020000000000000000e+02,0.000000000000000000e+00,0.000000000000000000e+00,2.441332589058523350e+00
2.575000000000000000e+01,2.728062629699707031e+00,2.832614183425903320e+00,2.881022691726684570e+00,3.210064888000488281e+00,1.677477045869437688e+00,3.810000000000000000e+02,0.000000000000000000e+00,0.000000000000000000e+00,2.294784799585626089e+00
2.580000000000000071e+01,2.765249013900756836e+00,2.753263473510742188e+00,3.113051891326904297e+00,3.409164905548095703e+00,1.665387523549244575e+00,4.090000000000000000e+02,0.000000000000000000e+00,0.000000000000000000e+00,2.272133629311278824e+00
2.585000000000000142e+01,2.560256481170654297e+00,2.623889923095703125e+00,2.724744796752929688e+00,3.199634075164794922e+00,1.675975222809526821e+00,3.940000000000000000e+02,0.000000000000000000e+00,0.000000000000000000e+00,2.327884055121141493e+00
2.590000000000000213e+01,2.700180768966674805e+00,2.773649215698242188e+00,2.657954931259155273e+00,3.169095277786254883e+00,1.666475381342615414e+00,4.160000000000000000e+02,0.000000000000000000e+00,0.000000000000000000e+00,2.375230216574785835e+00
2.595000000000000284e+01,2.406061172485351562e+00,2.475037574768066406e+00,2.812048435211181641e+00,3.254436969757080078e+00,1.673833342373652000e+00,4.500000000000000000e+02,0.000000000000000000e+00,0.000000000000000000e+00,2.264603783080009869e+00
2.600000000000000000e+01,2.422394514083862305e+00,2.556530237197875977e+00,2.797199487686157227e+00,3.164068460464477539e+00,1.665055145656469282e+00,4.100000000000000000e+02,0.000000000000000000e+00,0.000000000000000000e+00,2.209236316402089173e+00
2.605000000000000071e+01,2.707539796829223633e+00,2.737286329269409180e+00,2.766777992248535156e+00,3.319871902465820312e+00,1.657038752117822700e+00,4.190000000000000000e+02,0.000000000000000000e+00,0.000000000000000000e+00,2.279839843190186066e+00
2.610000000000000142e+01,2.592297792434692383e+00,2.611187934875488281e+00,3.039589881896972656e+00,3.354729652404785156e+00,1.669702075325729229e+00,4.010000000000000000e+02,0.000000000000000000e+00,0.000000000000000000e+00,2.456913193055146216e+00
2.615000000000000213e+01,2.590677499771118164e+00,2.623443365097045898e+00,2.942582130432128906e+00,3.044483423233032227e+00,1.642876362934201584e+00,4.140000000000000000e+02,0.000000000000000000e+00,0.000000000000000000e+00,1.951396027623332863e+00
2.620000000000000284e+01,2.590391874313354492e+00,2.666807651519775391e+00,2.925128698348999023e+00,3.090330123901367188e+00,1.662400113868435891e+00,4.430000000000000000e+02,0.000000000000000000e+00,0.000000000000000000e+00,1.900231850295190483e+00
2.625000000000000000e+01,2.637180805206298828e+00,2.669146299362182617e+00,2.698346614837646484e+00,3.131552219390869141e+00,1.665519677099995377e+00,4.160000000000000000e+02,2.000000000000000000e+00,0.000000000000000000e+00,2.457077967984799383e+00
2.630000000000000071e+01,2.749461650848388672e+00,2.856527328491210938e+00,2.617541551589965820e+00,3.107887506484985352e+00,1.621744421930546132e+00,4.250000000000000000e+02,0.000000000000000000e+00,0.000000000000000000e+00,2.316309176616298870e+00
2.635000000000000142e+01,2.789743423461914062e+00,2.754904747009277344e+00,3.112269401550292969e+00,3.428547859191894531e+00,1.639408386896861636e+00,3.960000000000000000e+02,0.000000000000000000e+00,0.000000000000000000e+00,2.354817089622506465e+00
2.640000000000000213e+01,2.623306751251220703e+00,2.661490678787231445e+00,2.961452007293701172e+00,3.168138265609741211e+00,1.666204622757070375e+00,3.960000000000000000e+02,0.000000000000000000e+00,0.000000000000000000e+00,2.363051177673236136e+00
2.645000000000000284e+01,2.748634338378906250e+00,2.746417522430419922e+00,3.254686832427978516e+00,3.296333551406860352e+00,1.667729316880849133e+00,3.880000000000000000e+02,0.000000000000000000e+00,0.000000000000000000e+00,1.877413003657445456e+00
2.650000000000000000e+01,2.777318716049194336e+00,2.733395099639892578e+00,2.955183744430541992e+00,3.313565731048583984e+00,1.667245563697620891e+00,4.360000000000000000e+02,0.000000000000000000e+00,0.000000000000000000e+00,2.343222838336159075e+00
2.655000000000000071e+01,2.641957759857177734e+00,2.673878431320190430e+00,3.054389715194702148e+00,3.285617589950561523e+00,1.628118306160676321e+00,3.990000000000000000e+02,0.000000000000000000e+00,0.000000000000000000e+00,2.367475294406590880e+00
2.660000000000000142e+01,2.631635665893554688e+00,2.697407007217407227e+00,3.218547821044921875e+00,3.191273689270019531e+00,1.663650661797239083e+00,3.670000000000000000e+02,0.000000000000000000e+00,0.000000000000000000e+00,2.501761220846949740e+00
2.665000000000000213e+01,2.620615005493164062e+00,2.624691486358642578e+00,3.023534059524536133e+00,3.246653318405151367e+00,1.667559518110085737e+00,3.680000000000000000e+02,0.000000000000000000e+00,0.000000000000000000e+00,2.419111412439333808e+00
2.670000000000000284e+01,2.740517854690551758e+00,2.773863077163696289e+00,2.610990047454833984e+00,3.165395736694335938e+00,1.677082925345297237e+00,3.780000000000000000e+02,1.000000000000000000e+00,0.000000000000000000e+00,2.332346344701069718e+00
2.675000000000000000e+01,2.679114818572998047e+00,2.687269449234008789e+00,3.049682378768920898e+00,3.098381996154785156e+00,1.700091100700948488e+00,4.000000000000000000e+02,0.000000000000000000e+00,0.000000000000000000e+00,2.279822304658542187e+00
2.680000000000000071e+01,2.637959480285644531e+00,2.682307958602905273e+00,3.012289047241210938e+00,2.998801708221435547e+00,1.648372072486451234e+00,3.640000000000000000e+02,0.000000000000000000e+00,0.000000000000000000e+00,2.312887845642686013e+00
2.685000000000000142e+01,2.578018665313720703e+00,2.521440982818603516e+00,3.028503894805908203e+00,3.117153882980346680e+00,1.652431405755654836e+00,4.000000000000000000e+02,0.000000000000000000e+00,0.000000000000000000e+00,2.312729462119084811e+00
2.690000000000000213e+01,2.580811977386474609e+00,2.666567802429199219e+00,2.963536977767944336e+00,3.138495922088623047e+00,1.624140732520705566e+00,3.970000000000000000e+02,1.000000000000000000e+00,0.000000000000000000e+00,2.354448537257619822e+00
2.695000000000000284e+01,2.414578199386596680e+00,2.434856176376342773e+00,3.004927158355712891e+00,3.225523948669433594e+00,1.678233168787257590e+00,4.270000000000000000e+02,0.000000000000000000e+00,0.000000000000000000e+00,2.284607659473197661e+00
2.700000000000000000e+01,2.623825550079345703e+00,2.625823974609375000e+00,3.154933929443359375e+00,3.340431213378906250e+00,1.683267752496839575e+00,3.780000000000000000e+02,1.000000000000000000e+00,0.000000000000000000e+00,2.448554777066173749e+00
2.705000000000000071e+01,2.709268331527709961e+00,2.711469173431396484e+00,2.879117965698242188e+00,3.163223505020141602e+00,1.689033253118861211e+00,4.310000000000000000e+02,0.000000000000000000e+00,0.000000000000000000e+00,2.326140851248731600e+00
2.710000000000000142e+01,2.728434562683105469e+00,2.718220949172973633e+00,3.185903787612915039e+00,3.231830120086669922e+00,1.638007759314416001e+00,3.740000000000000000e+02,0.000000000000000000e+00,0.000000000000000000e+00,2.416018873376843956e+00
2.715000000000000213e+01,2.781695365905761719e+00,2.780769348144531250e+00,2.854180335998535156e+00,3.182700157165527344e+00,1.698568207860476686e+00,3.770000000000000000e+02,0.000000000000000000e+00,0.000000000000000000e+00,2.500111264107495401e+00
2.720000000000000284e+01,2.750907421112060547e+00,2.776285171508789062e+00,2.762926101684570312e+00,2.887574195861816406e+00,1.643083902256559092e+00,4.180000000000000000e+02,0.000000000000000000e+00,0.000000000000000000e+00,2.457855978934894381e+00
2.725000000000000000e+01,2.544029235839843750e+00,2.629339933395385742e+00,2.889867782592773438e+00,3.092598915100097656e+00,1.677033130058576571e+00,4.310000000000000000e+02,0.000000000000000000e+00,0.000000000000000000e+00,2.397813276812449601e+00
2.730000000000000071e+01,2.767286777496337891e+00,2.740397214889526367e+00,2.923855781555175781e+00,3.304206132888793945e+00,1.619502188187837088e+00,4.230000000000000000e+02,0.000000000000000000e+00,0.000000000000000000e+00,2.343344032066810190e+00
2.735000000000000142e+01,2.733808040618896484e+00,2.780221462249755859e+00,3.040162086486816406e+00,3.344068527221679688e+00,1.675430336167245127e+00,4.210000000000000000e+02,0.000000000000000000e+00,0.000000000000000000e+00,2.466535205621134264e+00
2.740000000000000213e+01,2.725759029388427734e+00,2.784094333648681641e+00,3.045781135559082031e+00,3.093626499176025391e+00,1.663186814139168357e+00,4.080000000000000000e+02,0.000000000000000000e+00,0.000000000000000000e+00,2.335025837444042907e+00
2.745000000000000284e+01,2.558553457260131836e+00,2.600275993347167969e+00,2.759504795074462891e+00,3.170520067214965820e+00,1.628108775167955269e+00,4.560000000000000000e+02,1.000000000000000000e+00,0.000000000000000000e+00,2.338014315222229911e+00
2.750000000000000000e+01,2.640169620513916016e+00,2.670631170272827148e+00,2.686103343963623047e+00,3.220448493957519531e+00,1.693856041937593426e+00,4.050000000000000000e+02,0.000000000000000000e+00,0.000000000000000000e+00,2.228521562464809591e+00
2.755000000000000071e+01,2.654920101165771484e+00,2.702347755432128906e+00,2.842633724212646484e+00,3.274458646774291992e+00,1.648130496652602694e+00,3.990000000000000000e+02,0.000000000000000000e+00,0.000000000000000000e+00,2.389860986150549316e+00
2.760000000000000142e+01,2.615708112716674805e+00,2.594890117645263672e+00,2.765319585800170898e+00,3.232994318008422852e+00,1.642519583644824754e+00,4.190000000000000000e+02,0.000000000000000000e+00,0.000000000000000000e+00,2.305365760358102811e+00
2.765000000000000213e+01,2.784359216690063477e+00,2.767560243606567383e+00,2.925263643264770508e+00,3.360603094100952148e+00,1.681667725730252805e+00,4.180000000000000000e+02,0.000000000000000000e+00,0.000000000000000000e+00,2.332703373243512068e+00
2.770000000000000284e+01,2.628037929534912109e+00,2.655542850494384766e+00,3.069211483001708984e+00,2.959143638610839844e+00,1.678362848504237004e+00,4.350000000000000000e+02,0.000000000000000000e+00,0.000000000000000000e+00,2.343279400200631191e+00
2.775000000000000000e+01,2.641898632049560547e+00,2.628625631332397461e+00,2.711481571197509766e+00,2.693584203720092773e+00,1.636284291982577965e+00,4.070000000000000000e+02,1.000000000000000000e+00,0.000000000000000000e+00,2.329246665263718263e+00
2.780000000000000071e+01,2.391820192337036133e+00,2.434428215026855469e+00,2.987214326858520508e+00,2.939527988433837891e+00,1.706385672800383002e+00,4.050000000000000000e+02,1.000000000000000000e+00,0.000000000000000000e+00,2.372039912727076150e+00
2.785000000000000142e+01,2.785464763641357422e+00,2.812660932540893555e+00,3.355942726135253906e+00,3.101534843444824219e+00,1.687496491620865680e+00,3.710000000000000000e+02,0.000000000000000000e+00,0.000000000000000000e+00,2.357997375963141184e+00
2.790000000000000213e+01,2.696985960006713867e+00,2.680080175399780273e+00,3.043777704238891602e+00,3.403441905975341797e+00,1.686632342235840021e+00,4.090000000000000000e+02,0.000000000000000000e+00,0.000000000000000000e+00,2.297520405192210902e+00
2.795000000000000284e+01,2.633394002914428711e+00,2.659296751022338867e+00,2.845127820968627930e+00,3.146709203720092773e+00,1.712287650860957466e+00,4.130000000000000000e+02,0.000000000000000000e+00,0.000000000000000000e+00,2.335653603532902078e+00
2.800000000000000000e+01,2.666733264923095703e+00,2.747509479522705078e+00,2.723733901977539062e+00,2.911166906356811523e+00,1.659581729406254036e+00,4.110000000000000000e+02,0.000000000000000000e+00,0.000000000000000000e+00,2.367042250801257630e+00
2.805000000000000071e+01,2.779217958450317383e+00,2.832295417785644531e+00,2.625131607055664062e+00,3.121441602706909180e+00,1.699834019795373408e+00,3.920000000000000000e+02,1.000000000000000000e+00,0.000000000000000000e+00,2.373707799008828889e+00
2.810000000000000142e+01,2.636466264724731445e+00,2.707011699676513672e+00,2.898913383483886719e+00,3.467597007751464844e+00,1.703687313270610293e+00,3.940000000000000000e+02,0.000000000000000000e+00,0.000000000000000000e+00,2.395072830978991707e+00
2.815000000000000213e+01,2.814089298248291016e+00,2.839788913726806641e+00,3.135509490966796875e+00,3.338128089904785156e+00,1.687764829726849491e+00,3.940000000000000000e+02,0.000000000000000000e+00,0.000000000000000000e+00,2.288019346602220949e+00
2.820000000000000284e+01,2.663993835449218750e+00,2.706189632415771484e+00,2.808969259262084961e+00,3.063090324401855469e+00,1.633322986434933899e+00,4.400000000000000000e+02,0.000000000000000000e+00,0.000000000000000000e+00,2.348342610958138010e+00
2.825000000000000000e+01,2.345237493515014648e+00,2.413917541503906250e+00,2.691115856170654297e+00,3.112144470214843750e+00,1.692702234522664106e+00,3.980000000000000000e+02,1.000000000000000000e+00,0.000000000000000000e+00,2.417493360793698365e+00
2.830000000000000071e+01,2.464402914047241211e+00,2.522469520568847656e+00,2.763262987136840820e+00,3.069058656692504883e+00,1.666076607728119718e+00,4.060000000000000000e+02,0.000000000000000000e+00,0.000000000000000000e+00,2.392505842066082522e+00
2.835000000000000142e+01,2.441970348358154297e+00,2.496408939361572266e+00,3.123595476150512695e+00,3.342703342437744141e+00,1.663329462229114819e+00,4.040000000000000000e+02,0.000000000000000000e+00,0.000000000000000000e+00,2.235097752470649901e+00
2.840000000000000213e+01,2.518798112869262695e+00,2.580012321472167969e+00,3.144498348236083984e+00,3.299654960632324219e+00,1.684176034137651934e+00,3.730000000000000000e+02,1.000000000000000000e+00,0.000000000000000000e+00,2.285641849573626594e+00
2.845000000000000284e+01,2.457016944885253906e+00,2.542480468750000000e+00,2.761256456375122070e+00,3.054234027862548828e+00,1.663257772020924730e+00,4.040000000000000000e+02,0.000000000000000000e+00,0.000000000000000000e+00,2.365969388790945427e+00
2.850000000000000000e+01,2.595462560653686523e+00,2.658016681671142578e+00,2.977372169494628906e+00,3.134692907333374023e+00,1.654580679139213917e+00,3.780000000000000000e+02,0.000000000000000000e+00,0.000000000000000000e+00,2.421054667465129207e+00
2.855000000000000071e+01,2.575819492340087891e+00,2.616508245468139648e+00,3.014383316040039062e+00,3.377086877822875977e+00,1.672193617319978065e+00,4.120000000000000000e+02,0.000000000000000000e+00,0.000000000000000000e+00,2.413436159200196940e+00
2.860000000000000142e+01,2.624748706817626953e+00,2.662377357482910156e+00,3.212373256683349609e+00,2.976465225219726562e+00,1.643147020786299928e+00,3.740000000000000000e+02,0.000000000000000000e+00,0.000000000000000000e+00,2.342010985206138152e+00
2.865000000000000213e+01,2.607862949371337891e+00,2.640734672546386719e+00,2.827210187911987305e+00,3.023887157440185547e+00,1.662359764174406784e+00,3.970000000000000000e+02,1.000000000000000000e+00,0.000000000000000000e+00,2.467317298208057785e+00
2.870000000000000284e+01,2.673513412475585938e+00,2.759289741516113281e+00,2.652539253234863281e+00,3.098337173461914062e+00,1.635435697251814924e+00,4.090000000000000000e+02,0.000000000000000000e+00,0.000000000000000000e+00,2.386139935132676637e+00
2.875000000000000000e+01,2.699576854705810547e+00,2.647589206695556641e+00,3.387855529785156250e+00,3.427866697311401367e+00,1.693155434841795648e+00,4.090000000000000000e+02,1.000000000000000000e+00,0.000000000000000000e+00,2.058085571370687372e+00
2.880000000000000071e+01,2.571389675140380859e+00,2.627606630325317383e+00,2.864717960357666016e+00,3.449223279953002930e+00,1.668660639316758232e+00,3.950000000000000000e+02,0.000000000000000000e+00,0.000000000000000000e+00,2.168916322943563291e+00
2.885000000000000142e+01,2.641436100006103516e+00,2.635095119476318359e+00,3.271511077880859375e+00,3.412073850631713867e+00,1.658628474746139947e+00,3.920000000000000000e+02,0.000000000000000000e+00,0.000000000000000000e+00,2.423906108647515989e+00
2.890000000000000213e+01,2.573058605194091797e+00,2.630870580673217773e+00,2.864432811737060547e+00,3.358656883239746094e+00,1.648477682281300760e+00,4.570000000000000000e+02,1.000000000000000000e+00,0.000000000000000000e+00,2.383762897981000606e+00
2.895000000000000284e+01,2.461139917373657227e+00,2.554115056991577148e+00,2.877307415008544922e+00,3.134359359741210938e+00,1.703894006640479297e+00,4.190000000000000000e+02,0.000000000000000000e+00,0.000000000000000000e+00,2.348017459413716423e+00
2.900000000000000000e+01,2.539138793945312500e+00,2.592316865921020508e+00,2.895681858062744141e+00,3.193092107772827148e+00,1.656863090868801125e+00,4.070000000000000000e+02,0.000000000000000000e+00,0.000000000000000000e+00,2.380099794850714545e+00
2.905000000000000071e+01,2.643099308013916016e+00,2.625358343124389648e+00,2.917190790176391602e+00,3.215086460113525391e+00,1.665682202735544237e+00,4.020000000000000000e+02,0.000000000000000000e+00,0.000000000000000000e+00,2.376270040209472079e+00
2.910000000000000142e+01,2.480461120605468750e+00,2.542741060256958008e+00,2.821027994155883789e+00,3.014446496963500977e+00,1.656369449230912005e+00,4.040000000000000000e+02,0.000000000000000000e+00,0.000000000000000000e+00,2.308147848481416631e+00
2.915000000000000213e+01,2.720267772674560547e+00,2.735429048538208008e+00,2.712327480316162109e+00,3.089066982269287109e+00,1.679896115981556415e+00,4.210000000000000000e+02,0.000000000000000000e+00,0.000000000000000000e+00,2.304443606637517128e+00
2.920000000000000284e+01,2.681455135345458984e+00,2.655304670333862305e+00,3.196220397949218750e+00,3.374029397964477539e+00,1.656784976341674431e+00,3.900000000000000000e+02,0.000000000000000000e+00,0.000000000000000000e+00,2.451442301031302673e+00
2.925000000000000000e+01,2.461786031723022461e+00,2.469715595245361328e+00,3.002368927001953125e+00,3.406624317169189453e+00,1.672756929772018841e+00,3.720000000000000000e+02,0.000000000000000000e+00,0.000000000000000000e+00,2.468792311051574817e+00
2.930000000000000071e+01,2.473563671112060547e+00,2.506412506103515625e+00,2.893633365631103516e+00,3.163183927536010742e+00,1.667691155855849372e+00,4.040000000000000000e+02,1.000000000000000000e+00,0.000000000000000000e+00,2.316219264907352748e+00
2.935000000000000142e+01,2.618957519531250000e+00,2.628708362579345703e+00,2.837434291839599609e+00,3.204485893249511719e+00,1.678307771016598560e+00,3.830000000000000000e+02,0.000000000000000000e+00,0.000000000000000000e+00,2.491056390328072911e+00
2.940000000000000213e+01,2.438644886016845703e+00,2.414391040802001953e+00,2.877636909484863281e+00,3.232675552368164062e+00,1.692735733888165228e+00,4.240000000000000000e+02,1.000000000000000000e+00,0.000000000000000000e+00,2.245628702973382573e+00
2.945000000000000284e+01,2.457407474517822266e+00,2.492864608764648438e+00,2.752206087112426758e+00,3.359957933425903320e+00,1.644088538600892324e+00,4.070000000000000000e+02,1.000000000000000000e+00,0.000000000000000000e+00,1.961385529178313547e+00
2.950000000000000000e+01,2.485346794128417969e+00,2.495464563369750977e+00,3.179486036300659180e+00,3.346340417861938477e+00,1.636896877787598736e+00,4.270000000000000000e+02,0.000000000000000000e+00,0.000000000000000000e+00,2.438870419794115119e+00
2.955000000000000071e+01,2.475982189178466797e+00,2.440158367156982422e+00,2.993381261825561523e+00,3.288932085037231445e+00,1.651489477961681995e+00,4.180000000000000000e+02,0.000000000000000000e+00,0.000000000000000000e+00,2.468047082084679822e+00
2.960000000000000142e+01,2.547810316085815430e+00,2.494096994400024414e+00,2.974608421325683594e+00,3.292662620544433594e+00,1.656484575900745382e+00,4.260000000000000000e+02,2.000000000000000000e+00,0.000000000000000000e+00,2.265544472664144493e+00
2.965000000000000213e+01,2.565150260925292969e+00,2.574505329132080078e+00,2.975682973861694336e+00,3.521831512451171875e+00,1.651737525518553795e+00,4.270000000000000000e+02,1.000000000000000000e+00,0.000000000000000000e+00,2.224828379968379011e+00
2.970000000000000284e+01,2.522833824157714844e+00,2.561771869659423828e+00,3.204747676849365234e+00,3.388892650604248047e+00,1.663479363293817404e+00,3.900000000000000000e+02,0.000000000000000000e+00,0.000000000000000000e+00,2.470882392730526345e+00
2.975000000000000000e+01,2.472031354904174805e+00,2.544918537139892578e+00,3.205509662628173828e+00,3.257178306579589844e+00,1.695803823003629640e+00,3.960000000000000000e+02,0.000000000000000000e+00,0.000000000000000000e+00,2.027959871802897496e+00
2.980000000000000071e+01,2.525964021682739258e+00,2.540568351745605469e+00,3.076777935028076172e+00,3.385035753250122070e+00,1.644182364572445154e+00,3.990000000000000000e+02,0.000000000000000000e+00,0.000000000000000000e+00,2.363345744395037862e+00
2.985000000000000142e+01,2.594183921813964844e+00,2.632966518402099609e+00,3.223714590072631836e+00,3.299321651458740234e+00,1.686360242452166869e+00,4.090000000000000000e+02,0.000000000000000000e+00,0.000000000000000000e+00,2.466995589085664964e+00
2.990000000000000213e+01,2.625373363494873047e+00,2.639085292816162109e+00,3.221934080123901367e+00,3.503932714462280273e+00,1.649395800014049840e+00,4.060000000000000000e+02,0.000000000000000000e+00,0.000000000000000000e+00,2.356944967200549801e+00
2.995000000000000284e+01,2.667481660842895508e+00,2.695787191390991211e+00,2.855423450469970703e+00,3.159594535827636719e+00,1.680053382083170677e+00,3.890000000000000000e+02,2.000000000000000000e+00,0.000000000000000000e+00,2.516094648475993623e+00
3.000000000000000000e+01,2.745428085327148438e+00,2.782626390457153320e+00,2.990546703338623047e+00,3.358090877532958984e+00,1.633779863578140201e+00,3.970000000000000000e+02,0.000000000000000000e+00,0.000000000000000000e+00,2.387299069654286399e+00
3.005000000000000071e+01,2.847946882247924805e+00,2.799725770950317383e+00,3.273587465286254883e+00,3.142237424850463867e+00,1.637982627616639597e+00,3.900000000000000000e+02,1.000000000000000000e+00,0.000000000000000000e+00,2.439516847715924364e+00
3.010000000000000142e+01,2.610731363296508789e+00,2.607889413833618164e+00,2.910790920257568359e+00,3.409458637237548828e+00,1.686182730342022928e+00,4.130000000000000000e+02,0.000000000000000000e+00,0.000000000000000000e+00,2.213850795932397642e+00
3.015000000000000213e+01,2.632815837860107422e+00,2.631126642227172852e+00,3.031698465347290039e+00,3.310330867767333984e+00,1.640222555978711805e+00,3.750000000000000000e+02,0.000000000000000000e+00,0.000000000000000000e+00,2.377414945548189884e+00
3.020000000000000284e+01,2.571275711059570312e+00,2.581082582473754883e+00,3.009693861007690430e+00,3.294399023056030273e+00,1.669784602684299291e+00,3.960000000000000000e+02,0.000000000000000000e+00,0.000000000000000000e+00,2.447859263010906172e+00
3.025000000000000000e+01,2.781826019287109375e+00,2.739479303359985352e+00,3.310076713562011719e+00,3.646570205688476562e+00,1.651527006742239401e+00,3.940000000000000000e+02,0.000000000000000000e+00,0.000000000000000000e+00,2.357867457622429441e+00
3.030000000000000071e+01,2.419843196868896484e+00,2.491867303848266602e+00,2.997291088104248047e+00,3.480636119842529297e+00,1.681509260220177104e+00,4.280000000000000000e+02,1.000000000000000000e+00,0.000000000000000000e+00,2.304612787028093468e+00
3.035000000000000142e+01,2.427653074264526367e+00,2.458102941513061523e+00,2.801859855651855469e+00,3.023308515548706055e+00,1.656512303870581126e+00,3.950000000000000000e+02,0.000000000000000000e+00,0.000000000000000000e+00,2.301354114493405767e+00
3.040000000000000213e+01,2.480272531509399414e+00,2.532174825668334961e+00,3.134076118469238281e+00,3.478555202484130859e+00,1.674230822413601549e+00,4.210000000000000000e+02,0.000000000000000000e+00,0.000000000000000000e+00,2.394792499359587712e+00
3.045000000000000284e+01,2.454069614410400391e+00,2.460504531860351562e+00,3.006855249404907227e+00,3.373332500457763672e+00,1.638747282838472152e+00,4.120000000000000000e+02,1.000000000000000000e+00,0.000000000000000000e+00,2.299767935886839254e+00
3.050000000000000000e+01,2.405975341796875000e+00,2.461887359619140625e+00,2.913437843322753906e+00,3.325912714004516602e+00,1.672091508289868855e+00,4.040000000000000000e+02,0.000000000000000000e+00,0.000000000000000000e+00,2.316519695317939664e+00
3.055000000000000071e+01,2.424724817276000977e+00,2.395473003387451172e+00,3.170628786087036133e+00,3.302223205566406250e+00,1.632346890469011491e+00,4.230000000000000000e+02,0.000000000000000000e+00,0.000000000000000000e+00,2.419489950656930954e+00
3.060000000000000142e+01,2.456797122955322266e+00,2.510260343551635742e+00,3.086466789245605469e+00,3.305663108825683594e+00,1.657497786886637181e+00,4.360000000000000000e+02,0.000000000000000000e+00,0.000000000000000000e+00,2.436639008773155535e+00
3.065000000000000213e+01,2.539076328277587891e+00,2.557060480117797852e+00,3.106006383895874023e+00,3.556160449981689453e+00,1.663065284399320554e+00,4.090000000000000000e+02,1.000000000000000000e+00,0.000000000000000000e+00,2.379502996907084000e+00
3.070000000000000284e+01,2.539762020111083984e+00,2.530895709991455078e+00,2.923083782196044922e+00,3.377440214157104492e+00,1.654418962785463076e+00,4.170000000000000000e+02,0.000000000000000000e+00,0.000000000000000000e+00,2.204184656912794971e+00
3.075000000000000000e+01,2.515957117080688477e+00,2.480312585830688477e+00,3.138908386230468750e+00,3.350142478942871094e+00,1.680970130790633510e+00,4.270000000000000000e+02,0.000000000000000000e+00,0.000000000000000000e+00,2.420763472276433070e+00
3.080000000000000071e+01,2.465009927749633789e+00,2.397860765457153320e+00,3.162564277648925781e+00,3.255848407745361328e+00,1.623919710163226116e+00,3.830000000000000000e+02,0.000000000000000000e+00,0.000000000000000000e+00,2.388934326137257091e+00
3.085000000000000142e+01,2.586431503295898438e+00,2.593101263046264648e+00,3.299220561981201172e+00,3.211357831954956055e+00,1.656769685828952676e+00,4.230000000000000000e+02,0.000000000000000000e+00,0.000000000000000000e+00,2.176072587878757680e+00
3.090000000000000213e+01,2.518108844757080078e+00,2.561931133270263672e+00,3.156181573867797852e+00,3.629482269287109375e+00,1.668919028397292337e+00,4.170000000000000000e+02,0.000000000000000000e+00,0.000000000000000000e+00,2.418413921292810187e+00
3.095000000000000284e+01,2.555445671081542969e+00,2.528219699859619141e+00,3.108126163482666016e+00,3.265143632888793945e+00,1.683187380224209440e+00,3.990000000000000000e+02,1.000000000000000000e+00,0.000000000000000000e+00,2.304719744091741962e+00
3.100000000000000000e+01,2.661290168762207031e+00,2.685100793838500977e+00,2.959023475646972656e+00,3.112115383148193359e+00,1.648862749247410164e+00,4.040000000000000000e+02,0.000000000000000000e+00,0.000000000000000000e+00,2.377714350284716893e+00
3.105000000000000071e+01,2.307675123214721680e+00,2.346265554428100586e+00,2.882985830307006836e+00,3.459691524505615234e+00,1.647647335225516319e+00,4.320000000000000000e+02,0.000000000000000000e+00,0.000000000000000000e+00,2.318608493673780302e+00
3.110000000000000142e+01,2.535063743591308594e+00,2.506077527999877930e+00,2.769896030426025391e+00,3.155145406723022461e+00,1.657499724996198243e+00,4.120000000000000000e+02,0.000000000000000000e+00,0.000000000000000000e+00,2.210500290934452661e+00
3.115000000000000213e+01,2.401177167892456055e+00,2.452631950378417969e+00,3.048960924148559570e+00,3.483715295791625977e+00,1.618195693569436155e+00,3.750000000000000000e+02,1.000000000000000000e+00,0.000000000000000000e+00,2.322044722237826875e+00
3.120000000000000284e+01,2.390827894210815430e+00,2.460260629653930664e+00,3.150665283203125000e+00,3.342863559722900391e+00,1.668904377109501791e+00,3.960000000000000000e+02,0.000000000000000000e+00,0.000000000000000000e+00,2.402942228843757633e+00
3.125000000000000000e+01,2.407818317413330078e+00,2.366373777389526367e+00,2.910281419754028320e+00,3.156022787094116211e+00,1.633856396790900112e+00,3.820000000000000000e+02,0.000000000000000000e+00,0.000000000000000000e+00,2.400858039765424667e+00
3.130000000000000071e+01,2.434956073760986328e+00,2.498272418975830078e+00,2.937304496765136719e+00,3.349511861801147461e+00,1.664158313908955522e+00,4.190000000000000000e+02,2.000000000000000000e+00,0.000000000000000000e+00,2.384630773777169033e+00
3.135000000000000142e+01,2.388883590698242188e+00,2.440321922302246094e+00,3.256159305572509766e+00,3.224264144897460938e+00,1.693534997931985142e+00,4.150000000000000000e+02,0.000000000000000000e+00,0.000000000000000000e+00,2.399759140568221927e+00
3.140000000000000213e+01,2.742466688156127930e+00,2.798880100250244141e+00,3.412691593170166016e+00,3.834597826004028320e+00,1.629167025810245306e+00,3.960000000000000000e+02,1.000000000000000000e+00,0.000000000000000000e+00,2.472196385012919606e+00
3.145000000000000284e+01,2.678124666213989258e+00,2.682644128799438477e+00,2.872854471206665039e+00,3.455897331237792969e+00,1.652178190416003556e+00,4.000000000000000000e+02,0.000000000000000000e+00,0.000000000000000000e+00,2.354942409483563370e+00
3.150000000000000000e+01,2.456729173660278320e+00,2.369120597839355469e+00,3.059257030487060547e+00,3.179388046264648438e+00,1.671238736543742887e+00,3.720000000000000000e+02,0.000000000000000000e+00,0.000000000000000000e+00,2.426286960063238407e+00
3.155000000000000071e+01,2.550843715667724609e+00,2.590746402740478516e+00,3.185229301452636719e+00,3.403017282485961914e+00,1.685213330645758845e+00,3.950000000000000000e+02,0.000000000000000000e+00,0.000000000000000000e+00,2.359843084265958346e+00
3.160000000000000142e+01,2.404419422149658203e+00,2.448394775390625000e+00,2.937992095947265625e+00,2.916773557662963867e+00,1.681248314754060003e+00,3.890000000000000000e+02,0.000000000000000000e+00,0.000000000000000000e+00,2.061472779801067468e+00
3.165000000000000213e+01,2.781953334808349609e+00,2.763143539428710938e+00,2.928797245025634766e+00,3.140813350677490234e+00,1.612586245892010606e+00,4.400000000000000000e+02,0.000000000000000000e+00,0.000000000000000000e+00,2.249318596912789570e+00
3.170000000000000284e+01,2.496649980545043945e+00,2.515698671340942383e+00,2.947605133056640625e+00,3.235895156860351562e+00,1.673982375909553122e+00,4.130000000000000000e+02,1.000000000000000000e+00,0.000000000000000000e+00,2.348791682104758749e+00
3.175000000000000000e+01,2.730702161788940430e+00,2.752945661544799805e+00,2.987948417663574219e+00,3.344273567199707031e+00,1.673088793767656846e+00,3.950000000000000000e+02,0.000000000000000000e+00,0.000000000000000000e+00,2.355546025542017308e+00
3.180000000000000071e+01,2.609339714050292969e+00,2.699509143829345703e+00,2.843801975250244141e+00,3.115031719207763672e+00,1.653783928682568849e+00,4.080000000000000000e+02,0.000000000000000000e+00,0.000000000000000000e+00,2.448456474657531245e+00
3.185000000000000142e+01,2.798985958099365234e+00,2.782670259475708008e+00,2.822428226470947266e+00,3.035169124603271484e+00,1.675735022722648182e+00,3.750000000000000000e+02,0.000000000000000000e+00,0.000000000000000000e+00,2.386648778699844264e+00
3.190000000000000213e+01,2.619710206985473633e+00,2.524610519409179688e+00,3.150472402572631836e+00,3.565553426742553711e+00,1.678419381936786303e+00,4.070000000000000000e+02,0.000000000000000000e+00,0.000000000000000000e+00,2.387828107203138650e+00
3.195000000000000284e+01,2.386906623840332031e+00,2.425879001617431641e+00,2.841425895690917969e+00,2.725615024566650391e+00,1.690535469633853927e+00,3.780000000000000000e+02,0.000000000000000000e+00,0.000000000000000000e+00,2.285949193164297899e+00
3.200000000000000000e+01,2.397708415985107422e+00,2.453820466995239258e+00,3.067663192749023438e+00,3.250095367431640625e+00,1.670150487066641709e+00,3.950000000000000000e+02,0.000000000000000000e+00,0.000000000000000000e+00,2.377749555716798024e+00
3.205000000000000426e+01,2.739829540252685547e+00,2.797855854034423828e+00,3.032607555389404297e+00,3.707157135009765625e+00,1.690487024418333650e+00,4.020000000000000000e+02,0.000000000000000000e+00,0.000000000000000000e+00,2.331303810570061863e+00
3.210000000000000142e+01,2.648905515670776367e+00,2.646033287048339844e+00,2.658957242965698242e+00,3.232842683792114258e+00,1.612196631280019776e+00,3.930000000000000000e+02,1.000000000000000000e+00,0.000000000000000000e+00,2.448666841921749437e+00
3.214999999999999858e+01,2.756323337554931641e+00,2.701297998428344727e+00,3.133190155029296875e+00,3.604761123657226562e+00,1.647762962746097237e+00,3.990000000000000000e+02,1.000000000000000000e+00,0.000000000000000000e+00,2.297911841792816823e+00
3.220000000000000284e+01,2.739186286926269531e+00,2.668372392654418945e+00,2.782173395156860352e+00,3.217573642730712891e+00,1.603578814296045874e+00,4.270000000000000000e+02,0.000000000000000000e+00,0.000000000000000000e+00,2.203928493077049744e+00
3.225000000000000000e+01,2.510493755340576172e+00,2.554973602294921875e+00,3.136220216751098633e+00,3.303313493728637695e+00,1.696059278788850211e+00,3.800000000000000000e+02,1.000000000000000000e+00,0.000000000000000000e+00,2.321725086242278469e+00
3.230000000000000426e+01,2.821488857269287109e+00,2.853210926055908203e+00,3.477246284484863281e+00,3.449861526489257812e+00,1.666221457304072340e+00,3.970000000000000000e+02,0.000000000000000000e+00,0.000000000000000000e+00,2.420940452743110427e+00
3.235000000000000142e+01,2.631838560104370117e+00,2.662756681442260742e+00,3.115130901336669922e+00,3.243123054504394531e+00,1.680451248210131254e+00,4.370000000000000000e+02,2.000000000000000000e+00,0.000000000000000000e+00,2.267854787390598759e+00
3.239999999999999858e+01,2.623466253280639648e+00,2.567952871322631836e+00,2.991798877716064453e+00,3.526540994644165039e+00,1.665684240006697125e+00,4.320000000000000000e+02,2.000000000000000000e+00,0.000000000000000000e+00,2.329672327434139323e+00
3.245000000000000284e+01,2.623277187347412109e+00,2.681138038635253906e+00,3.286023616790771484e+00,3.559583425521850586e+00,1.629888228140441653e+00,4.220000000000000000e+02,0.000000000000000000e+00,0.000000000000000000e+00,2.473663596836074063e+00
3.250000000000000000e+01,2.788442611694335938e+00,2.855294942855834961e+00,3.078728675842285156e+00,3.413678169250488281e+00,1.686601722386653401e+00,4.150000000000000000e+02,1.000000000000000000e+00,0.000000000000000000e+00,2.388304534360869091e+00
3.255000000000000426e+01,2.481284618377685547e+00,2.496779203414916992e+00,2.838920593261718750e+00,3.229110717773437500e+00,1.687055045912702056e+00,4.190000000000000000e+02,0.000000000000000000e+00,0.000000000000000000e+00,2.294426892609602309e+00
3.260000000000000142e+01,2.553403615951538086e+00,2.607711553573608398e+00,2.935041189193725586e+00,3.226581573486328125e+00,1.659095007891772999e+00,4.270000000000000000e+02,0.000000000000000000e+00,0.000000000000000000e+00,2.415298663804638313e+00
3.264999999999999858e+01,2.723171234130859375e+00,2.833982467651367188e+00,3.092695713043212891e+00,3.336839199066162109e+00,1.663615352824977744e+00,4.080000000000000000e+02,0.000000000000000000e+00,0.000000000000000000e+00,2.442850811280179002e+00
3.270000000000000284e+01,2.604674100875854492e+00,2.598636627197265625e+00,2.961387157440185547e+00,3.127727985382080078e+00,1.634132503968506178e+00,3.810000000000000000e+02,0.000000000000000000e+00,0.000000000000000000e+00,2.410499494198915293e+00
3.275000000000000000e+01,2.532333135604858398e+00,2.650716066360473633e+00,3.105213165283203125e+00,3.504502773284912109e+00,1.684344807421480850e+00,4.050000000000000000e+02,1.000000000000000000e+00,0.000000000000000000e+00,2.186541406116975672e+00
3.280000000000000426e+01,2.781281709671020508e+00,2.816862821578979492e+00,3.228170633316040039e+00,3.333046436309814453e+00,1.680097082874701275e+00,4.340000000000000000e+02,0.000000000000000000e+00,0.000000000000000000e+00,2.372112607861200484e+00
3.285000000000000142e+01,2.746693134307861328e+00,2.691858291625976562e+00,3.066809415817260742e+00,3.313174009323120117e+00,1.650962313344151777e+00,4.110000000000000000e+02,1.000000000000000000e+00,0.000000000000000000e+00,2.141077498303852966e+00
3.289999999999999858e+01,2.691171169281005859e+00,2.733414649963378906e+00,3.226977825164794922e+00,3.684937000274658203e+00,1.663748926829786479e+00,4.020000000000000000e+02,0.000000000000000000e+00,0.000000000000000000e+00,2.252924073069134892e+00
3.295000000000000284e+01,2.946944713592529297e+00,2.981170654296875000e+00,3.210750818252563477e+00,3.381765365600585938e+00,1.645765768126635109e+00,4.170000000000000000e+02,0.000000000000000000e+00,0.000000000000000000e+00,2.461687835537161639e+00
3.300000000000000000e+01,2.838849067687988281e+00,2.891244888305664062e+00,3.187229633331298828e+00,3.287533283233642578e+00,1.668801082741501851e+00,3.940000000000000000e+02,0.000000000000000000e+00,0.000000000000000000e+00,2.423236242662264228e+00
3.305000000000000426e+01,2.515277385711669922e+00,2.476802349090576172e+00,3.407266616821289062e+00,3.409075975418090820e+00,1.673607269676542719e+00,3.890000000000000000e+02,1.000000000000000000e+00,0.000000000000000000e+00,2.425339799673355223e+00
3.310000000000000142e+01,2.715492486953735352e+00,2.749402761459350586e+00,2.841712951660156250e+00,3.171080589294433594e+00,1.678549060468226051e+00,4.110000000000000000e+02,0.000000000000000000e+00,0.000000000000000000e+00,2.282361447357658335e+00
3.314999999999999858e+01,2.803626060485839844e+00,2.805785655975341797e+00,3.006624937057495117e+00,3.147140979766845703e+00,1.672416717635421213e+00,4.280000000000000000e+02,0.000000000000000000e+00,0.000000000000000000e+00,2.426682621014159658e+00
3.320000000000000284e+01,2.887320518493652344e+00,2.862103462219238281e+00,3.359221458435058594e+00,3.509164333343505859e+00,1.638694894245701583e+00,4.340000000000000000e+02,0.000000000000000000e+00,0.000000000000000000e+00,2.324775282479057292e+00
3.325000000000000000e+01,2.791350126266479492e+00,2.752090692520141602e+00,2.952744007110595703e+00,2.975234746932983398e+00,1.658403379329747462e+00,3.840000000000000000e+02,0.000000000000000000e+00,0.000000000000000000e+00,2.432196963931358535e+00
3.330000000000000426e+01,3.053498744964599609e+00,3.002931833267211914e+00,3.005289077758789062e+00,3.173253059387207031e+00,1.617025820295547645e+00,3.520000000000000000e+02,0.000000000000000000e+00,0.000000000000000000e+00,2.379376543538499700e+00
3.335000000000000142e+01,3.022748231887817383e+00,3.015441417694091797e+00,2.900359392166137695e+00,2.971887350082397461e+00,1.682817380154682185e+00,3.960000000000000000e+02,1.000000000000000000e+00,0.000000000000000000e+00,2.395762856090238202e+00
3.339999999999999858e+01,2.804431676864624023e+00,2.805849552154541016e+00,3.185847997665405273e+00,2.896430492401123047e+00,1.642184682758358605e+00,4.180000000000000000e+02,0.000000000000000000e+00,0.000000000000000000e+00,2.145460302780292761e+00
3.345000000000000284e+01,2.508491516113281250e+00,2.502160072326660156e+00,2.801749467849731445e+00,2.833739757537841797e+00,1.645599388618670389e+00,4.100000000000000000e+02,1.000000000000000000e+00,0.000000000000000000e+00,2.372489654330665942e+00
3.350000000000000000e+01,2.763859033584594727e+00,2.877636432647705078e+00,2.844014644622802734e+00,3.168928146362304688e+00,1.679936684490469734e+00,3.850000000000000000e+02,0.000000000000000000e+00,0.000000000000000000e+00,2.468129610667045171e+00
3.355000000000000426e+01,2.914402484893798828e+00,2.885423660278320312e+00,3.066768646240234375e+00,3.445327520370483398e+00,1.686398166552407263e+00,3.830000000000000000e+02,0.000000000000000000e+00,0.000000000000000000e+00,2.181678561339154943e+00
3.360000000000000142e+01,2.947029590606689453e+00,2.958786249160766602e+00,3.072232723236083984e+00,3.227998971939086914e+00,1.625822029738217767e+00,4.160000000000000000e+02,0.000000000000000000e+00,0.000000000000000000e+00,2.286672079216927500e+00
3.364999999999999858e+01,2.949062824249267578e+00,3.006716728210449219e+00,2.945494890213012695e+00,2.999509334564208984e+00,1.681316390955309270e+00,4.170000000000000000e+02,0.000000000000000000e+00,0.000000000000000000e+00,2.200367951065591576e+00
3.370000000000000284e+01,2.748741149902343750e+00,2.770940065383911133e+00,3.292588949203491211e+00,3.227766513824462891e+00,1.677117728216722670e+00,3.950000000000000000e+02,0.000000000000000000e+00,0.000000000000000000e+00,2.379894849408715096e+00
3.375000000000000000e+01,2.736769199371337891e+00,2.793358564376831055e+00,3.298959493637084961e+00,3.490731477737426758e+00,1.640019847072776038e+00,3.680000000000000000e+02,1.000000000000000000e+00,0.000000000000000000e+00,2.477191755583127541e+00
3.380000000000000426e+01,2.923372745513916016e+00,2.891578435897827148e+00,3.041993618011474609e+00,3.089247226715087891e+00,1.622801297628541750e+00,3.790000000000000000e+02,0.000000000000000000e+00,0.000000000000000000e+00,2.286955064851606600e+00
3.385000000000000142e+01,2.695181608200073242e+00,2.660127162933349609e+00,3.299179315567016602e+00,3.700673103332519531e+00,1.676132233293533780e+00,4.200000000000000000e+02,0.000000000000000000e+00,0.000000000000000000e+00,2.245731845813811134e+00
3.389999999999999858e+01,2.921069860458374023e+00,2.882345199584960938e+00,2.988691091537475586e+00,3.175508737564086914e+00,1.677506245919312633e+00,4.320000000000000000e+02,0.000000000000000000e+00,0.000000000000000000e+00,2.399325211810347636e+00
3.395000000000000284e+01,2.841516733169555664e+00,2.757814407348632812e+00,3.354484558105468750e+00,3.348575592041015625e+00,1.679335859917159723e+00,3.920000000000000000e+02,0.000000000000000000e+00,0.000000000000000000e+00,2.364602693539369582e+00
3.400000000000000000e+01,2.581027507781982422e+00,2.579916000366210938e+00,3.058065891265869141e+00,2.862964630126953125e+00,1.658532798919739815e+00,4.340000000000000000e+02,0.000000000000000000e+00,0.000000000000000000e+00,2.251229905475926163e+00
3.405000000000000426e+01,2.710543632507324219e+00,2.733533143997192383e+00,2.986941099166870117e+00,3.109365463256835938e+00,1.665669577643518418e+00,4.080000000000000000e+02,0.000000000000000000e+00,0.000000000000000000e+00,2.384153067756811684e+00
3.410000000000000142e+01,2.868263244628906250e+00,2.784045219421386719e+00,3.263818740844726562e+00,3.268864631652832031e+00,1.634808346809866419e+00,4.190000000000000000e+02,0.000000000000000000e+00,0.000000000000000000e+00,2.311393959385598329e+00
3.414999999999999858e+01,2.847511291503906250e+00,2.898382186889648438e+00,3.199083805084228516e+00,3.093898057937622070e+00,1.687420391418423371e+00,4.040000000000000000e+02,0.000000000000000000e+00,0.000000000000000000e+00,2.352941828289661252e+00
3.420000000000000284e+01,2.830657958984375000e+00,2.820840835571289062e+00,3.027228116989135742e+00,3.078615188598632812e+00,1.673442290334399285e+00,4.090000000000000000e+02,0.000000000000000000e+00,0.000000000000000000e+00,2.242180142298754841e+00
3.425000000000000000e+01,2.832543849945068359e+00,2.847149133682250977e+00,2.986923694610595703e+00,3.006054878234863281e+00,1.671050039864651726e+00,4.270000000000000000e+02,0.000000000000000000e+00,0.000000000000000000e+00,2.340699262104871892e+00
3.430000000000000426e+01,2.612523555755615234e+00,2.595029354095458984e+00,2.660471439361572266e+00,2.898217201232910156e+00,1.675353791886511345e+00,4.340000000000000000e+02,2.000000000000000000e+00,0.000000000000000000e+00,2.359335470201412654e+00
3.435000000000000142e+01,2.696900129318237305e+00,2.702245950698852539e+00,3.114584445953369141e+00,2.862591743469238281e+00,1.646937578685093051e+00,3.850000000000000000e+02,0.000000000000000000e+00,0.000000000000000000e+00,2.424092227914448117e+00
3.439999999999999858e+01,2.702256202697753906e+00,2.659054279327392578e+00,2.953756332397460938e+00,2.984380245208740234e+00,1.657341201061973690e+00,4.180000000000000000e+02,0.000000000000000000e+00,0.000000000000000000e+00,2.332332151162311629e+00
3.445000000000000284e+01,2.809882402420043945e+00,2.723908901214599609e+00,3.051426649093627930e+00,3.098087549209594727e+00,1.640669560760925849e+00,4.310000000000000000e+02,1.000000000000000000e+00,0.000000000000000000e+00,2.262154164195451678e+00
3.450000000000000000e+01,2.862757682800292969e+00,2.866441965103149414e+00,3.104857444763183594e+00,3.131409168243408203e+00,1.704401819680120500e+00,4.230000000000000000e+02,0.000000000000000000e+00,0.000000000000000000e+00,2.359961933365318565e+00
3.455000000000000426e+01,2.794003486633300781e+00,2.832509994506835938e+00,3.107663154602050781e+00,3.331566333770751953e+00,1.687597223197408791e+00,3.910000000000000000e+02,0.000000000000000000e+00,0.000000000000000000e+00,2.385982738022938143e+00
3.460000000000000142e+01,2.979425907135009766e+00,2.952677011489868164e+00,3.237932205200195312e+00,3.298956155776977539e+00,1.679198421526843843e+00,3.980000000000000000e+02,0.000000000000000000e+00,0.000000000000000000e+00,2.454307607837195260e+00
3.464999999999999858e+01,3.072559595108032227e+00,3.068835258483886719e+00,2.975554704666137695e+00,3.259495735168457031e+00,1.664811521550614959e+00,4.160000000000000000e+02,0.000000000000000000e+00,0.000000000000000000e+00,2.386170682370039486e+00
3.470000000000000284e+01,2.818787097930908203e+00,2.813967227935791016e+00,3.076954364776611328e+00,3.184428453445434570e+00,1.697659113691339927e+00,3.840000000000000000e+02,0.000000000000000000e+00,0.000000000000000000e+00,2.352453889951279464e+00
3.475000000000000000e+01,2.758544921875000000e+00,2.780069112777709961e+00,3.024999618530273438e+00,3.179802656173706055e+00,1.677445037456545940e+00,3.970000000000000000e+02,0.000000000000000000e+00,0.000000000000000000e+00,2.369009960865209319e+00
3.480000000000000426e+01,2.832612037658691406e+00,2.880817651748657227e+00,3.109149932861328125e+00,3.370646476745605469e+00,1.684181221749040169e+00,4.090000000000000000e+02,0.000000000000000000e+00,0.000000000000000000e+00,2.325722614518974218e+00
3.485000000000000142e+01,2.631654739379882812e+00,2.609109878540039062e+00,2.895584106445312500e+00,3.025036096572875977e+00,1.715481193119299030e+00,4.100000000000000000e+02,0.000000000000000000e+00,0.000000000000000000e+00,2.284044643870149827e+00
3.489999999999999858e+01,2.834743499755859375e+00,2.857366800308227539e+00,3.166388511657714844e+00,3.275552272796630859e+00,1.654610123548810652e+00,4.010000000000000000e+02,1.000000000000000000e+00,0.000000000000000000e+00,2.478530824378421205e+00
3.495000000000000284e+01,2.762908697128295898e+00,2.752216100692749023e+00,3.060378551483154297e+00,3.399812698364257812e+00,1.664016838398302500e+00,3.980000000000000000e+02,0.000000000000000000e+00,0.000000000000000000e+00,2.418339189702677583e+00
3.500000000000000000e+01,2.914064884185791016e+00,2.864245176315307617e+00,3.248010635375976562e+00,3.335137844085693359e+00,1.656106071239523025e+00,4.120000000000000000e+02,1.000000000000000000e+00,0.000000000000000000e+00,2.412553071928161152e+00
3.505000000000000426e+01,2.811477661132812500e+00,2.707343101501464844e+00,3.485501766204833984e+00,3.275905847549438477e+00,1.668665420747182937e+00,3.970000000000000000e+02,0.000000000000000000e+00,0.000000000000000000e+00,2.429880585258752834e+00
3.510000000000000142e+01,2.753570318222045898e+00,2.737527847290039062e+00,3.241788387298583984e+00,3.439828395843505859e+00,1.646322608583328018e+00,3.970000000000000000e+02,0.000000000000000000e+00,0.000000000000000000e+00,2.316221165040936558e+00
3.514999999999999858e+01,2.574451446533203125e+00,2.474053621292114258e+00,3.111750841140747070e+00,3.477125406265258789e+00,1.667355649062971512e+00,3.810000000000000000e+02,0.000000000000000000e+00,0.000000000000000000e+00,2.244928461059873204e+00
3.520000000000000284e+01,2.733986854553222656e+00,2.635812759399414062e+00,2.537616491317749023e+00,2.890169143676757812e+00,1.661297793784798582e+00,3.970000000000000000e+02,0.000000000000000000e+00,0.000000000000000000e+00,2.345489327961496340e+00
3.525000000000000000e+01,2.427179098129272461e+00,2.408999681472778320e+00,3.041483402252197266e+00,3.040136814117431641e+00,1.593084861418136988e+00,3.830000000000000000e+02,0.000000000000000000e+00,0.000000000000000000e+00,2.174804066588063023e+00
3.530000000000000426e+01,2.616187334060668945e+00,2.559791088104248047e+00,3.130678176879882812e+00,3.270010471343994141e+00,1.660343882944248062e+00,4.120000000000000000e+02,0.000000000000000000e+00,0.000000000000000000e+00,2.348701747629396319e+00
3.535000000000000142e+01,2.600235462188720703e+00,2.499208211898803711e+00,2.768370151519775391e+00,2.963695287704467773e+00,1.665463891243875727e+00,4.470000000000000000e+02,0.000000000000000000e+00,0.000000000000000000e+00,2.379254220326724401e+00
3.539999999999999858e+01,2.670300245285034180e+00,2.687525749206542969e+00,2.893994331359863281e+00,3.087753057479858398e+00,1.663248980228668517e+00,4.180000000000000000e+02,0.000000000000000000e+00,0.000000000000000000e+00,2.457802099334897683e+00
3.545000000000000284e+01,2.866388320922851562e+00,2.803322076797485352e+00,2.978019952774047852e+00,3.064130544662475586e+00,1.646116531836787633e+00,3.930000000000000000e+02,0.000000000000000000e+00,0.000000000000000000e+00,2.468318959887266129e+00
3.550000000000000000e+01,2.416130781173706055e+00,2.315519094467163086e+00,2.904895305633544922e+00,2.773929834365844727e+00,1.682050225055531367e+00,4.360000000000000000e+02,0.000000000000000000e+00,0.000000000000000000e+00,2.428990104636333580e+00
3.555000000000000426e+01,2.675319910049438477e+00,2.612295150756835938e+00,2.668319225311279297e+00,2.901411056518554688e+00,1.669665204490227151e+00,4.170000000000000000e+02,0.000000000000000000e+00,0.000000000000000000e+00,2.408829861584087517e+00
3.560000000000000142e+01,2.553058862686157227e+00,2.517269611358642578e+00,2.997360467910766602e+00,3.320455551147460938e+00,1.617009943078684842e+00,4.380000000000000000e+02,0.000000000000000000e+00,0.000000000000000000e+00,2.350000377649958505e+00
3.564999999999999858e+01,2.701680660247802734e+00,2.614504814147949219e+00,2.781257152557373047e+00,3.001592159271240234e+00,1.658629734604342154e+00,3.940000000000000000e+02,0.000000000000000000e+00,0.000000000000000000e+00,2.418965690841472949e+00
3.570000000000000284e+01,2.335594654083251953e+00,2.332519054412841797e+00,2.935264348983764648e+00,2.614963054656982422e+00,1.675153827754533697e+00,4.230000000000000000e+02,1.000000000000000000e+00,0.000000000000000000e+00,2.343564251883187843e+00
3.575000000000000000e+01,2.402990818023681641e+00,2.286461353302001953e+00,3.083749055862426758e+00,3.093316793441772461e+00,1.672138444104958266e+00,3.670000000000000000e+02,0.000000000000000000e+00,0.000000000000000000e+00,2.411371641126170307e+00
3.580000000000000426e+01,2.453913450241088867e+00,2.405307531356811523e+00,2.870328664779663086e+00,2.920967340469360352e+00,1.661117037794326512e+00,4.100000000000000000e+02,0.000000000000000000e+00,0.000000000000000000e+00,2.106545732739295129e+00
3.585000000000000142e+01,2.638057708740234375e+00,2.563134431838989258e+00,2.743969440460205078e+00,2.785326480865478516e+00,1.664177578012510761e+00,4.000000000000000000e+02,0.000000000000000000e+00,0.000000000000000000e+00,2.468620957950185435e+00
3.589999999999999858e+01,2.682251930236816406e+00,2.697297573089599609e+00,3.092598915100097656e+00,3.304561614990234375e+00,1.669056260826245364e+00,4.390000000000000000e+02,1.000000000000000000e+00,0.000000000000000000e+00,2.435146861746936953e+00
3.595000000000000284e+01,2.614521026611328125e+00,2.498090982437133789e+00,2.822131633758544922e+00,2.934839248657226562e+00,1.658239356202920955e+00,4.080000000000000000e+02,0.000000000000000000e+00,0.000000000000000000e+00,2.250625007193089999e+00
3.600000000000000000e+01,2.926106214523315430e+00,2.864353418350219727e+00,2.998916625976562500e+00,3.201905488967895508e+00,1.660600238307293086e+00,4.340000000000000000e+02,0.000000000000000000e+00,0.000000000000000000e+00,2.406764607773625109e+00
3.605000000000000426e+01,2.785837411880493164e+00,2.709847450256347656e+00,2.939486265182495117e+00,3.027810573577880859e+00,1.643155891679545233e+00,4.060000000000000000e+02,1.000000000000000000e+00,0.000000000000000000e+00,2.381811390158732777e+00
3.610000000000000142e+01,2.661072254180908203e+00,2.630390167236328125e+00,2.734735250473022461e+00,3.241392374038696289e+00,1.700734526691971116e+00,4.390000000000000000e+02,0.000000000000000000e+00,0.000000000000000000e+00,2.253025741892142442e+00
3.614999999999999858e+01,2.533420324325561523e+00,2.445361375808715820e+00,3.036818027496337891e+00,2.929468631744384766e+00,1.675685572761634878e+00,4.080000000000000000e+02,1.000000000000000000e+00,0.000000000000000000e+00,2.376880881139654456e+00
3.620000000000000284e+01,2.814325809478759766e+00,2.766287803649902344e+00,2.666645050048828125e+00,2.986489534378051758e+00,1.645716934328821601e+00,4.140000000000000000e+02,0.000000000000000000e+00,0.000000000000000000e+00,2.443426375077155654e+00
3.625000000000000000e+01,2.584378957748413086e+00,2.510677576065063477e+00,2.809634685516357422e+00,2.862122535705566406e+00,1.645554472169258542e+00,3.880000000000000000e+02,0.000000000000000000e+00,0.000000000000000000e+00,2.372138122476441957e+00
3.630000000000000426e+01,2.830328941345214844e+00,2.753054618835449219e+00,2.737162113189697266e+00,2.937323570251464844e+00,1.688467032847003058e+00,4.350000000000000000e+02,1.000000000000000000e+00,0.000000000000000000e+00,2.342403984493354407e+00
3.635000000000000142e+01,2.581339359283447266e+00,2.537482738494873047e+00,2.968135356903076172e+00,3.149461269378662109e+00,1.656697157416206823e+00,3.970000000000000000e+02,1.000000000000000000e+00,0.000000000000000000e+00,2.460443731332424111e+00
3.639999999999999858e+01,2.765576601028442383e+00,2.724152565002441406e+00,2.757022857666015625e+00,3.065887451171875000e+00,1.635620571906000631e+00,4.090000000000000000e+02,1.000000000000000000e+00,0.000000000000000000e+00,2.293267944045270568e+00
3.645000000000000284e+01,2.693612575531005859e+00,2.665967702865600586e+00,3.151176929473876953e+00,3.425724506378173828e+00,1.665106709396190432e+00,4.190000000000000000e+02,0.000000000000000000e+00,0.000000000000000000e+00,2.475520280886338131e+00
3.650000000000000000e+01,2.841421604156494141e+00,2.819618225097656250e+00,3.435769319534301758e+00,3.673996925354003906e+00,1.671293326420680181e+00,3.840000000000000000e+02,0.000000000000000000e+00,0.000000000000000000e+00,2.356172331950555865e+00
3.655000000000000426e+01,2.854113578796386719e+00,2.817435503005981445e+00,3.149640798568725586e+00,3.420747756958007812e+00,1.641332497649446109e+00,3.910000000000000000e+02,0.000000000000000000e+00,0.000000000000000000e+00,2.398643520090669057e+00
3.660000000000000142e+01,2.724278450012207031e+00,2.665163516998291016e+00,3.008196115493774414e+00,3.117098808288574219e+00,1.658209683928287825e+00,3.580000000000000000e+02,0.000000000000000000e+00,0.000000000000000000e+00,2.495034334613995597e+00
3.664999999999999858e+01,2.703874111175537109e+00,2.638278484344482422e+00,2.916993141174316406e+00,3.430806159973144531e+00,1.646716357039128775e+00,3.930000000000000000e+02,0.000000000000000000e+00,0.000000000000000000e+00,2.299685891333511201e+00
3.670000000000000284e+01,2.653398990631103516e+00,2.593796014785766602e+00,2.660166978836059570e+00,3.144427776336669922e+00,1.647434037756451808e+00,4.000000000000000000e+02,0.000000000000000000e+00,0.000000000000000000e+00,2.445822288688096258e+00
3.675000000000000000e+01,2.669379711151123047e+00,2.651149034500122070e+00,2.904011249542236328e+00,3.095196723937988281e+00,1.657371971196773819e+00,4.460000000000000000e+02,0.000000000000000000e+00,0.000000000000000000e+00,2.275425949777623913e+00
3.680000000000000426e+01,2.809291839599609375e+00,2.739600896835327148e+00,2.433662891387939453e+00,2.941463947296142578e+00,1.641095274555751660e+00,3.990000000000000000e+02,0.000000000000000000e+00,0.000000000000000000e+00,2.434520622723626460e+00
3.685000000000000142e+01,2.757023811340332031e+00,2.737966537475585938e+00,3.078142166137695312e+00,3.084321498870849609e+00,1.675189810020046188e+00,4.290000000000000000e+02,0.000000000000000000e+00,0.000000000000000000e+00,2.328831383464866178e+00
3.689999999999999858e+01,2.833189964294433594e+00,2.806033134460449219e+00,3.236360311508178711e+00,3.237304449081420898e+00,1.661765043448791168e+00,3.820000000000000000e+02,0.000000000000000000e+00,0.000000000000000000e+00,2.418083398699006903e+00
3.695000000000000284e+01,2.938407421112060547e+00,2.941360235214233398e+00,3.103993177413940430e+00,3.192763805389404297e+00,1.634632117090996761e+00,3.950000000000000000e+02,1.000000000000000000e+00,0.000000000000000000e+00,2.377331579949204077e+00
3.700000000000000000e+01,2.758178234100341797e+00,2.752939224243164062e+00,3.059823513031005859e+00,3.167006969451904297e+00,1.648402466699694369e+00,4.070000000000000000e+02,0.000000000000000000e+00,0.000000000000000000e+00,2.207585675640308054e+00
3.705000000000000426e+01,2.706964969635009766e+00,2.633907556533813477e+00,2.967143535614013672e+00,3.080350399017333984e+00,1.627591830298149134e+00,4.230000000000000000e+02,1.000000000000000000e+00,0.000000000000000000e+00,2.465584457744908420e+00
3.710000000000000142e+01,2.347970485687255859e+00,2.255722999572753906e+00,2.909812688827514648e+00,2.864787101745605469e+00,1.663518059719082398e+00,3.950000000000000000e+02,0.000000000000000000e+00,0.000000000000000000e+00,2.469581592999711361e+00
3.714999999999999858e+01,2.631258726119995117e+00,2.603236436843872070e+00,3.286073207855224609e+00,3.002214908599853516e+00,1.662469306436801908e+00,3.810000000000000000e+02,0.000000000000000000e+00,0.000000000000000000e+00,2.422178221932407727e+00
3.720000000000000284e+01,2.632777452468872070e+00,2.574013233184814453e+00,3.027564287185668945e+00,3.071432113647460938e+00,1.670102142127141143e+00,4.190000000000000000e+02,1.000000000000000000e+00,0.000000000000000000e+00,2.342558598114081736e+00
3.725000000000000000e+01,2.675643444061279297e+00,2.656357765197753906e+00,2.848693132400512695e+00,3.250561714172363281e+00,1.667515220750744653e+00,4.240000000000000000e+02,0.000000000000000000e+00,0.000000000000000000e+00,2.435982779435669876e+00
3.730000000000000426e+01,2.478478908538818359e+00,2.523241996765136719e+00,2.871000289916992188e+00,3.147485494613647461e+00,1.683485449855474991e+00,4.260000000000000000e+02,1.000000000000000000e+00,0.000000000000000000e+00,2.189832024192382320e+00
3.735000000000000142e+01,2.666457891464233398e+00,2.657796859741210938e+00,2.973343372344970703e+00,3.226901292800903320e+00,1.669231094183709629e+00,4.450000000000000000e+02,0.000000000000000000e+00,0.000000000000000000e+00,2.259581246343147942e+00
3.739999999999999858e+01,2.691437721252441406e+00,2.600572586059570312e+00,3.008453845977783203e+00,3.061658143997192383e+00,1.690226954139260940e+00,3.920000000000000000e+02,0.000000000000000000e+00,0.000000000000000000e+00,2.281229347613374703e+00
3.745000000000000284e+01,2.980306625366210938e+00,2.920380592346191406e+00,2.917586565017700195e+00,3.460618972778320312e+00,1.683048692490581200e+00,4.090000000000000000e+02,0.000000000000000000e+00,0.000000000000000000e+00,2.357904406345144199e+00
3.750000000000000000e+01,2.787429809570312500e+00,2.765179634094238281e+00,2.862535715103149414e+00,3.275555610656738281e+00,1.620663803895350696e+00,4.090000000000000000e+02,1.000000000000000000e+00,0.000000000000000000e+00,2.438507559054171825e+00
3.755000000000000426e+01,2.521834135055541992e+00,2.471607208251953125e+00,3.027971982955932617e+00,3.423407554626464844e+00,1.663583510920158881e+00,4.210000000000000000e+02,0.000000000000000000e+00,0.000000000000000000e+00,2.491790566504272331e+00
3.760000000000000142e+01,2.555222034454345703e+00,2.521260023117065430e+00,3.844981670379638672e+00,3.868154287338256836e+00,1.652478026658111609e+00,4.160000000000000000e+02,3.000000000000000000e+00,0.000000000000000000e+00,2.195697142540327995e+00
3.764999999999999858e+01,2.785393953323364258e+00,2.780325412750244141e+00,3.137892484664916992e+00,3.095358848571777344e+00,1.649694644519164921e+00,4.010000000000000000e+02,0.000000000000000000e+00,0.000000000000000000e+00,2.472433100197318101e+00
3.770000000000000284e+01,2.708022356033325195e+00,2.691416263580322266e+00,3.340746879577636719e+00,3.423495054244995117e+00,1.660756240885209678e+00,3.610000000000000000e+02,0.000000000000000000e+00,0.000000000000000000e+00,2.352588835082213059e+00
3.775000000000000000e+01,2.522220849990844727e+00,2.416256904602050781e+00,3.042286396026611328e+00,3.472688436508178711e+00,1.689407790172338997e+00,4.190000000000000000e+02,0.000000000000000000e+00,0.000000000000000000e+00,2.269729020954437182e+00
3.780000000000000426e+01,2.611628770828247070e+00,2.548995256423950195e+00,3.198966741561889648e+00,3.708967208862304688e+00,1.685471424667799534e+00,3.980000000000000000e+02,1.000000000000000000e+00,0.000000000000000000e+00,2.200448169221727035e+00
3.785000000000000142e+01,2.541326522827148438e+00,2.544449329376220703e+00,2.606917381286621094e+00,3.243959903717041016e+00,1.647868804274281507e+00,4.010000000000000000e+02,0.000000000000000000e+00,0.000000000000000000e+00,2.523548796578261477e+00
3.789999999999999858e+01,2.666087627410888672e+00,2.634897470474243164e+00,2.932850837707519531e+00,3.401858806610107422e+00,1.665361647488641461e+00,4.410000000000000000e+02,0.000000000000000000e+00,0.000000000000000000e+00,2.308502142429094572e+00
3.795000000000000284e+01,2.561783552169799805e+00,2.566126346588134766e+00,3.682943344116210938e+00,3.803929090499877930e+00,1.644806245003095357e+00,4.110000000000000000e+02,0.000000000000000000e+00,0.000000000000000000e+00,2.112716536923194610e+00
3.800000000000000000e+01,2.765252351760864258e+00,2.705142736434936523e+00,3.167680263519287109e+00,3.505870819091796875e+00,1.647947353217645627e+00,4.020000000000000000e+02,1.000000000000000000e+00,0.000000000000000000e+00,2.413590367564276029e+00
3.805000000000000426e+01,2.681753635406494141e+00,2.611919879913330078e+00,3.894284248352050781e+00,4.057235717773437500e+00,1.659323347200837961e+00,3.780000000000000000e+02,1.000000000000000000e+00,0.000000000000000000e+00,2.255292613353215181e+00
3.810000000000000142e+01,2.719483375549316406e+00,2.647697925567626953e+00,3.270273447036743164e+00,3.433699131011962891e+00,1.605156455304901808e+00,3.870000000000000000e+02,0.000000000000000000e+00,0.000000000000000000e+00,2.388681953404415470e+00
3.814999999999999858e+01,2.717789411544799805e+00,2.758644104003906250e+00,2.784832000732421875e+00,3.284020185470581055e+00,1.645416761893547575e+00,3.820000000000000000e+02,0.000000000000000000e+00,0.000000000000000000e+00,2.299127132989945199e+00
3.820000000000000284e+01,2.815103530883789062e+00,2.774161338806152344e+00,3.363533973693847656e+00,3.655445575714111328e+00,1.613583533045448881e+00,3.890000000000000000e+02,1.000000000000000000e+00,0.000000000000000000e+00,2.352610059090005201e+00
3.825000000000000000e+01,2.747643470764160156e+00,2.720184326171875000e+00,3.829317569732666016e+00,4.262030601501464844e+00,1.676856876113628214e+00,4.090000000000000000e+02,1.000000000000000000e+00,0.000000000000000000e+00,2.260206399516086595e+00
3.830000000000000426e+01,2.589786291122436523e+00,2.621245384216308594e+00,2.982419729232788086e+00,3.269943952560424805e+00,1.641046417156010406e+00,4.050000000000000000e+02,1.000000000000000000e+00,0.000000000000000000e+00,2.385440435635906464e+00
3.835000000000000142e+01,2.556291580200195312e+00,2.631658315658569336e+00,3.145784378051757812e+00,3.545105934143066406e+00,1.622748964008277950e+00,4.510000000000000000e+02,0.000000000000000000e+00,0.000000000000000000e+00,2.267829257096278806e+00
3.840000000000000568e+01,2.697408199310302734e+00,2.668329477310180664e+00,3.133444786071777344e+00,3.599385738372802734e+00,1.681186719374152982e+00,3.960000000000000000e+02,0.000000000000000000e+00,0.000000000000000000e+00,2.433891593619377680e+00
3.845000000000000284e+01,2.864468097686767578e+00,2.900647640228271484e+00,3.289141893386840820e+00,3.625159025192260742e+00,1.654661675843188906e+00,3.920000000000000000e+02,1.000000000000000000e+00,0.000000000000000000e+00,2.315518425099521771e+00
3.850000000000000000e+01,2.640496253967285156e+00,2.603955507278442383e+00,3.195007801055908203e+00,3.714039087295532227e+00,1.642227330892679582e+00,3.730000000000000000e+02,1.000000000000000000e+00,0.000000000000000000e+00,2.433652073480646827e+00
3.855000000000000426e+01,2.636661291122436523e+00,2.635246276855468750e+00,3.143870830535888672e+00,3.922421932220458984e+00,1.669408725170483443e+00,4.190000000000000000e+02,1.000000000000000000e+00,0.000000000000000000e+00,2.208188836712288605e+00
3.860000000000000142e+01,2.677283048629760742e+00,2.646948099136352539e+00,2.893544197082519531e+00,3.576045989990234375e+00,1.641731198116119783e+00,4.190000000000000000e+02,0.000000000000000000e+00,0.000000000000000000e+00,2.270119871524000743e+00
3.865000000000000568e+01,2.544436454772949219e+00,2.535919904708862305e+00,3.043441295623779297e+00,3.529852628707885742e+00,1.692291189468221324e+00,4.130000000000000000e+02,0.000000000000000000e+00,0.000000000000000000e+00,2.285694513235278613e+00
3.870000000000000284e+01,2.646527051925659180e+00,2.658824920654296875e+00,3.227633237838745117e+00,3.604727983474731445e+00,1.651732751751817663e+00,4.130000000000000000e+02,0.000000000000000000e+00,0.000000000000000000e+00,2.128170279886610672e+00
3.875000000000000000e+01,2.796707153320312500e+00,2.763799667358398438e+00,3.444416046142578125e+00,3.721206188201904297e+00,1.687581152773505400e+00,3.820000000000000000e+02,0.000000000000000000e+00,0.000000000000000000e+00,2.352879511014677849e+00
3.880000000000000426e+01,2.851346731185913086e+00,2.779214382171630859e+00,3.421518802642822266e+00,3.790019989013671875e+00,1.658304685499413234e+00,3.980000000000000000e+02,0.000000000000000000e+00,0.000000000000000000e+00,2.369523139286490387e+00
3.885000000000000142e+01,2.733851671218872070e+00,2.679913520812988281e+00,3.295126914978027344e+00,3.756449460983276367e+00,1.598954721895618825e+00,4.110000000000000000e+02,2.000000000000000000e+00,0.000000000000000000e+00,2.372186353566887007e+00
3.890000000000000568e+01,2.888026237487792969e+00,2.839400529861450195e+00,3.552763223648071289e+00,3.785791397094726562e+00,1.614854805427948570e+00,4.270000000000000000e+02,1.000000000000000000e+00,0.000000000000000000e+00,2.346629206511867238e+00
3.895000000000000284e+01,2.697160243988037109e+00,2.665687084197998047e+00,3.738389968872070312e+00,3.933113813400268555e+00,1.650589147624172970e+00,4.030000000000000000e+02,0.000000000000000000e+00,0.000000000000000000e+00,2.439147178490027379e+00
3.900000000000000000e+01,2.625979423522949219e+00,2.514261245727539062e+00,3.631805419921875000e+00,3.896160125732421875e+00,1.636974319133423172e+00,3.970000000000000000e+02,1.000000000000000000e+00,0.000000000000000000e+00,2.274589413505498481e+00
3.905000000000000426e+01,2.810176372528076172e+00,2.724468231201171875e+00,3.416505336761474609e+00,3.859925508499145508e+00,1.661241776216537236e+00,4.040000000000000000e+02,0.000000000000000000e+00,0.000000000000000000e+00,2.387863669602384054e+00
3.910000000000000142e+01,2.622955322265625000e+00,2.595222949981689453e+00,3.595129013061523438e+00,3.580570459365844727e+00,1.681511918963723318e+00,3.970000000000000000e+02,0.000000000000000000e+00,0.000000000000000000e+00,2.422804594992059357e+00
3.915000000000000568e+01,2.827943801879882812e+00,2.727503299713134766e+00,3.499791622161865234e+00,3.812556505203247070e+00,1.639751389741237242e+00,4.100000000000000000e+02,1.000000000000000000e+00,0.000000000000000000e+00,2.374132309765120574e+00
3.920000000000000284e+01,2.650470495223999023e+00,2.623780965805053711e+00,3.236358404159545898e+00,3.499633073806762695e+00,1.658558426304985289e+00,3.770000000000000000e+02,0.000000000000000000e+00,0.000000000000000000e+00,2.392736978513172907e+00
3.925000000000000000e+01,2.775629758834838867e+00,2.796168804168701172e+00,3.538672447204589844e+00,3.621758937835693359e+00,1.630841985312198705e+00,3.820000000000000000e+02,0.000000000000000000e+00,0.000000000000000000e+00,2.422811042867894837e+00
3.930000000000000426e+01,2.690683364868164062e+00,2.705419063568115234e+00,3.368970155715942383e+00,3.375790119171142578e+00,1.669651301584123004e+00,4.270000000000000000e+02,0.000000000000000000e+00,0.000000000000000000e+00,2.319213217550587292e+00
3.935000000000000142e+01,2.786332368850708008e+00,2.788607597351074219e+00,3.365726947784423828e+00,3.744228124618530273e+00,1.692523415728293346e+00,4.290000000000000000e+02,0.000000000000000000e+00,0.000000000000000000e+00,2.295907929134402448e+00
3.940000000000000568e+01,2.513774871826171875e+00,2.465712785720825195e+00,3.414084672927856445e+00,3.347230911254882812e+00,1.654575314737889880e+00,4.240000000000000000e+02,0.000000000000000000e+00,0.000000000000000000e+00,2.283761810911141055e+00
3.945000000000000284e+01,2.651152849197387695e+00,2.637868404388427734e+00,3.333865404129028320e+00,3.677471876144409180e+00,1.667476173805620965e+00,3.790000000000000000e+02,0.000000000000000000e+00,0.000000000000000000e+00,2.182835001423027332e+00
3.950000000000000000e+01,2.632111310958862305e+00,2.656553030014038086e+00,3.398344993591308594e+00,3.644365787506103516e+00,1.671423415184643879e+00,4.630000000000000000e+02,0.000000000000000000e+00,0.000000000000000000e+00,2.340057282591304411e+00
3.955000000000000426e+01,2.743571996688842773e+00,2.740364551544189453e+00,3.847074270248413086e+00,3.928703784942626953e+00,1.666872067011824443e+00,4.300000000000000000e+02,0.000000000000000000e+00,0.000000000000000000e+00,2.224432821215002409e+00
3.960000000000000142e+01,2.758582115173339844e+00,2.750880956649780273e+00,3.355253696441650391e+00,3.474306821823120117e+00,1.681637671472534512e+00,4.450000000000000000e+02,0.000000000000000000e+00,0.000000000000000000e+00,2.265293953005302008e+00
3.965000000000000568e+01,2.696988105773925781e+00,2.698952674865722656e+00,3.297285795211791992e+00,3.440889120101928711e+00,1.670695116664759450e+00,3.980000000000000000e+02,0.000000000000000000e+00,0.000000000000000000e+00,2.415383789035380424e+00
3.970000000000000284e+01,3.018154859542846680e+00,3.000558376312255859e+00,3.842990159988403320e+00,4.302963256835937500e+00,1.689757319997906126e+00,3.970000000000000000e+02,1.000000000000000000e+00,0.000000000000000000e+00,2.294543509064999487e+00
3.975000000000000000e+01,2.638917922973632812e+00,2.609103202819824219e+00,3.949734687805175781e+00,3.742826223373413086e+00,1.644030962215611957e+00,4.250000000000000000e+02,0.000000000000000000e+00,0.000000000000000000e+00,2.240819113516962169e+00
3.980000000000000426e+01,2.577128887176513672e+00,2.549921035766601562e+00,3.230870962142944336e+00,3.490182876586914062e+00,1.658471188894656834e+00,4.210000000000000000e+02,0.000000000000000000e+00,0.000000000000000000e+00,2.341826894644191803e+00
3.985000000000000142e+01,2.675828933715820312e+00,2.675363063812255859e+00,3.584393501281738281e+00,3.748216152191162109e+00,1.654397048054376596e+00,4.300000000000000000e+02,0.000000000000000000e+00,0.000000000000000000e+00,2.289414289071823205e+00
3.990000000000000568e+01,2.915443181991577148e+00,2.896580219268798828e+00,3.763245344161987305e+00,3.880366802215576172e+00,1.649472080804422758e+00,4.220000000000000000e+02,0.000000000000000000e+00,0.000000000000000000e+00,2.498420302453939090e+00
3.995000000000000284e+01,2.539421081542968750e+00,2.547613620758056641e+00,3.465505123138427734e+00,3.629641532897949219e+00,1.682524340110853611e+00,4.250000000000000000e+02,0.000000000000000000e+00,0.000000000000000000e+00,2.242639874485398366e+00
4.000000000000000000e+01,2.754246711730957031e+00,2.644962787628173828e+00,3.815002679824829102e+00,3.801585674285888672e+00,1.635649477118005235e+00,4.280000000000000000e+02,1.000000000000000000e+00,0.000000000000000000e+00,2.067487576703286756e+00
4.005000000000000426e+01,2.730638980865478516e+00,2.668556928634643555e+00,3.500988245010375977e+00,3.644789695739746094e+00,1.656068210186651068e+00,3.910000000000000000e+02,1.000000000000000000e+00,0.000000000000000000e+00,2.435925880476318195e+00
4.010000000000000142e+01,2.591768741607666016e+00,2.513400554656982422e+00,4.410148620605468750e+00,4.431713581085205078e+00,1.673704385134341610e+00,3.770000000000000000e+02,0.000000000000000000e+00,0.000000000000000000e+00,2.308475231286647222e+00
4.015000000000000568e+01,2.752566337585449219e+00,2.634210348129272461e+00,3.452650308609008789e+00,3.600494623184204102e+00,1.674826243822518546e+00,4.210000000000000000e+02,0.000000000000000000e+00,0.000000000000000000e+00,2.362483674007095136e+00
4.020000000000000284e+01,2.552271366119384766e+00,2.500882625579833984e+00,3.914961338043212891e+00,3.990426301956176758e+00,1.657428267817992129e+00,4.060000000000000000e+02,0.000000000000000000e+00,0.000000000000000000e+00,2.337430022528483864e+00
4.025000000000000000e+01,2.720328807830810547e+00,2.645671606063842773e+00,3.474506378173828125e+00,3.756404876708984375e+00,1.663015026928856610e+00,3.820000000000000000e+02,1.000000000000000000e+00,0.000000000000000000e+00,2.333810994823251939e+00
4.030000000000000426e+01,2.759500026702880859e+00,2.717898368835449219e+00,3.360385417938232422e+00,3.678442239761352539e+00,1.636544581707566337e+00,4.200000000000000000e+02,0.000000000000000000e+00,0.000000000000000000e+00,2.362929642804012520e+00
4.035000000000000142e+01,2.817950248718261719e+00,2.799087047576904297e+00,3.606026649475097656e+00,3.904961585998535156e+00,1.663248798781099325e+00,4.040000000000000000e+02,0.000000000000000000e+00,0.000000000000000000e+00,2.143013987600459025e+00
4.040000000000000568e+01,2.959294557571411133e+00,2.919483423233032227e+00,3.829126119613647461e+00,4.244069576263427734e+00,1.650695831348415688e+00,4.010000000000000000e+02,0.000000000000000000e+00,0.000000000000000000e+00,2.293194145660228944e+00
4.045000000000000284e+01,2.940507888793945312e+00,2.913834810256958008e+00,3.442612171173095703e+00,3.688066482543945312e+00,1.589503473863481453e+00,4.030000000000000000e+02,0.000000000000000000e+00,0.000000000000000000e+00,2.462829447500780589e+00
4.050000000000000000e+01,2.718423604965209961e+00,2.696521043777465820e+00,3.137281894683837891e+00,3.486229419708251953e+00,1.668648423320012508e+00,4.030000000000000000e+02,0.000000000000000000e+00,0.000000000000000000e+00,2.299173211462171462e+00
4.055000000000000426e+01,2.829444169998168945e+00,2.743362903594970703e+00,3.350472211837768555e+00,3.846041202545166016e+00,1.635117783563686089e+00,4.080000000000000000e+02,2.000000000000000000e+00,0.000000000000000000e+00,2.394741860526479638e+00
4.060000000000000142e+01,2.792883157730102539e+00,2.838358402252197266e+00,3.823906183242797852e+00,3.961118221282958984e+00,1.675940183593929378e+00,4.120000000000000000e+02,0.000000000000000000e+00,0.000000000000000000e+00,2.320592278857654289e+00
4.065000000000000568e+01,2.996019363403320312e+00,2.927192687988281250e+00,3.587444067001342773e+00,3.986754179000854492e+00,1.631554243004101901e+00,4.240000000000000000e+02,0.000000000000000000e+00,0.000000000000000000e+00,2.251898192835996682e+00
4.070000000000000284e+01,2.914495229721069336e+00,2.865880012512207031e+00,3.349775314331054688e+00,3.713446855545043945e+00,1.696592761928294113e+00,4.110000000000000000e+02,0.000000000000000000e+00,0.000000000000000000e+00,2.338442912284190989e+00
4.075000000000000000e+01,2.912401199340820312e+00,2.818840026855468750e+00,3.255532741546630859e+00,3.570966720581054688e+00,1.646906733246386256e+00,4.000000000000000000e+02,1.000000000000000000e+00,0.000000000000000000e+00,2.267295466317966302e+00
4.080000000000000426e+01,2.767455339431762695e+00,2.750778675079345703e+00,3.348080873489379883e+00,3.904013872146606445e+00,1.654088925876395555e+00,3.830000000000000000e+02,1.000000000000000000e+00,0.000000000000000000e+00,2.417879566259102830e+00
4.085000000000000142e+01,2.807392597198486328e+00,2.784708023071289062e+00,3.517112731933593750e+00,3.768906593322753906e+00,1.684165790857838019e+00,4.010000000000000000e+02,0.000000000000000000e+00,0.000000000000000000e+00,2.302090983027857529e+00
4.090000000000000568e+01,2.782346963882446289e+00,2.712328672409057617e+00,3.336541891098022461e+00,3.820964097976684570e+00,1.640895693765366481e+00,3.820000000000000000e+02,1.000000000000000000e+00,0.000000000000000000e+00,2.361611810928256006e+00
4.095000000000000284e+01,2.895597219467163086e+00,2.787919044494628906e+00,3.413042068481445312e+00,3.804538488388061523e+00,1.670732656134904737e+00,4.230000000000000000e+02,0.000000000000000000e+00,0.000000000000000000e+00,2.378538844748541159e+00
4.100000000000000000e+01,2.704143047332763672e+00,2.645707368850708008e+00,3.318027019500732422e+00,3.690104722976684570e+00,1.674515592840404077e+00,4.010000000000000000e+02,1.000000000000000000e+00,0.000000000000000000e+00,2.423425173531414512e+00
4.105000000000000426e+01,2.718566894531250000e+00,2.691434621810913086e+00,3.600910663604736328e+00,4.046035766601562500e+00,1.679751676864062127e+00,4.110000000000000000e+02,0.000000000000000000e+00,0.000000000000000000e+00,2.339345830366527768e+00
4.110000000000000142e+01,2.760830163955688477e+00,2.665970563888549805e+00,3.627071619033813477e+00,3.778155326843261719e+00,1.671980541967488465e+00,4.200000000000000000e+02,2.000000000000000000e+00,0.000000000000000000e+00,2.330377706739250154e+00
4.115000000000000568e+01,2.889617681503295898e+00,2.787773370742797852e+00,3.411841154098510742e+00,3.850778579711914062e+00,1.636756615250179125e+00,4.120000000000000000e+02,0.000000000000000000e+00,0.000000000000000000e+00,2.427094967904366296e+00
4.120000000000000284e+01,2.781896591186523438e+00,2.599771976470947266e+00,3.756557464599609375e+00,3.735096693038940430e+00,1.643119485889680043e+00,4.160000000000000000e+02,1.000000000000000000e+00,0.000000000000000000e+00,2.370458960505936741e+00
4.125000000000000000e+01,2.831822633743286133e+00,2.722332000732421875e+00,3.652482032775878906e+00,3.909098148345947266e+00,1.668541296851101752e+00,4.070000000000000000e+02,0.000000000000000000e+00,0.000000000000000000e+00,2.453166465712542266e+00
4.130000000000000426e+01,2.746936321258544922e+00,2.716540336608886719e+00,3.839218139648437500e+00,3.714138507843017578e+00,1.661323044033740093e+00,3.980000000000000000e+02,1.000000000000000000e+00,0.000000000000000000e+00,2.250714010556748246e+00
4.135000000000000142e+01,2.910576820373535156e+00,2.810641527175903320e+00,3.963711023330688477e+00,3.669258117675781250e+00,1.684566507473949315e+00,4.290000000000000000e+02,0.000000000000000000e+00,0.000000000000000000e+00,2.268514055684173414e+00
4.140000000000000568e+01,2.910410881042480469e+00,2.770648956298828125e+00,3.675239086151123047e+00,3.506909847259521484e+00,1.663152722982378595e+00,4.470000000000000000e+02,0.000000000000000000e+00,0.000000000000000000e+00,2.212809934217037089e+00
4.145000000000000284e+01,2.699013948440551758e+00,2.649500131607055664e+00,3.444998025894165039e+00,3.376311063766479492e+00,1.603342893958928927e+00,4.120000000000000000e+02,0.000000000000000000e+00,0.000000000000000000e+00,2.316819493773492944e+00
4.150000000000000000e+01,2.914231300354003906e+00,2.846037387847900391e+00,3.641822576522827148e+00,3.506066560745239258e+00,1.598893612403641473e+00,4.130000000000000000e+02,1.000000000000000000e+00,0.000000000000000000e+00,2.430217365477122193e+00
4.155000000000000426e+01,2.854905128479003906e+00,2.783912420272827148e+00,3.754484415054321289e+00,3.356287240982055664e+00,1.671948030314194034e+00,3.990000000000000000e+02,0.000000000000000000e+00,0.000000000000000000e+00,2.251530678887357251e+00
4.160000000000000142e+01,2.903647661209106445e+00,2.854428768157958984e+00,3.508088350296020508e+00,3.644724845886230469e+00,1.667642396123983239e+00,4.130000000000000000e+02,1.000000000000000000e+00,0.000000000000000000e+00,2.400851360277925117e+00
4.165000000000000568e+01,2.721302509307861328e+00,2.742015838623046875e+00,3.422372579574584961e+00,3.969174385070800781e+00,1.686806173961048261e+00,3.760000000000000000e+02,1.000000000000000000e+00,0.000000000000000000e+00,2.389736976431202198e+00
4.170000000000000284e+01,2.622343301773071289e+00,2.564028739929199219e+00,3.567089080810546875e+00,3.715111255645751953e+00,1.676384616059066968e+00,4.150000000000000000e+02,1.000000000000000000e+00,0.000000000000000000e+00,2.351332864189757288e+00
4.175000000000000000e+01,2.634445428848266602e+00,2.595414161682128906e+00,3.570392131805419922e+00,3.638451099395751953e+00,1.653493266384251648e+00,3.820000000000000000e+02,0.000000000000000000e+00,0.000000000000000000e+00,2.396794981365957700e+00
4.180000000000000426e+01,3.008426666259765625e+00,2.983910083770751953e+00,3.718383789062500000e+00,3.660527467727661133e+00,1.663967273723439000e+00,4.060000000000000000e+02,0.000000000000000000e+00,0.000000000000000000e+00,2.370133323205716458e+00
4.185000000000000142e+01,2.846988439559936523e+00,2.736954212188720703e+00,3.681676387786865234e+00,3.688753843307495117e+00,1.688129508958414071e+00,4.350000000000000000e+02,0.000000000000000000e+00,0.000000000000000000e+00,2.289724777629707386e+00
4.190000000000000568e+01,2.735624790191650391e+00,2.690953016281127930e+00,3.819196701049804688e+00,4.038465023040771484e+00,1.608358463075189260e+00,4.440000000000000000e+02,1.000000000000000000e+00,0.000000000000000000e+00,2.418617510662540937e+00
4.195000000000000284e+01,3.022013664245605469e+00,2.934942007064819336e+00,3.848972558975219727e+00,3.995168209075927734e+00,1.638475315292787116e+00,4.220000000000000000e+02,0.000000000000000000e+00,0.000000000000000000e+00,2.425071403684652793e+00
4.200000000000000000e+01,2.956613063812255859e+00,2.885165214538574219e+00,3.419856548309326172e+00,3.353214263916015625e+00,1.669766108957584816e+00,4.180000000000000000e+02,0.000000000000000000e+00,0.000000000000000000e+00,2.340623719112961076e+00
4.205000000000000426e+01,2.691569566726684570e+00,2.673270940780639648e+00,3.409305095672607422e+00,3.421701192855834961e+00,1.645465928007010969e+00,4.480000000000000000e+02,0.000000000000000000e+00,0.000000000000000000e+00,2.299055007137404072e+00
4.210000000000000142e+01,2.730298519134521484e+00,2.687557220458984375e+00,3.945691823959350586e+00,4.131670951843261719e+00,1.674999840664548323e+00,3.940000000000000000e+02,0.000000000000000000e+00,0.000000000000000000e+00,2.421879582019649479e+00
4.215000000000000568e+01,2.869177341461181641e+00,2.833894252777099609e+00,3.914027214050292969e+00,4.004125118255615234e+00,1.657769538657709596e+00,3.830000000000000000e+02,0.000000000000000000e+00,0.000000000000000000e+00,2.345517618729444198e+00
4.220000000000000284e+01,3.020305395126342773e+00,2.968943357467651367e+00,3.777489662170410156e+00,3.847480058670043945e+00,1.632858709415099696e+00,4.020000000000000000e+02,0.000000000000000000e+00,0.000000000000000000e+00,2.368511048977392619e+00
4.225000000000000000e+01,2.882691621780395508e+00,2.895041465759277344e+00,3.708186388015747070e+00,3.622849225997924805e+00,1.635635168601389466e+00,4.270000000000000000e+02,0.000000000000000000e+00,0.000000000000000000e+00,2.417293843006337539e+00
4.230000000000000426e+01,2.884490966796875000e+00,2.875582218170166016e+00,3.370768070220947266e+00,3.257813453674316406e+00,1.668583543509506217e+00,4.280000000000000000e+02,1.000000000000000000e+00,0.000000000000000000e+00,2.320922513436845858e+00
4.235000000000000142e+01,2.790855407714843750e+00,2.826010704040527344e+00,3.848917007446289062e+00,3.638219594955444336e+00,1.664921397512338253e+00,3.600000000000000000e+02,0.000000000000000000e+00,0.000000000000000000e+00,2.507430244402917729e+00
4.240000000000000568e+01,2.573238372802734375e+00,2.519491672515869141e+00,3.388345241546630859e+00,3.380809783935546875e+00,1.673504638398340960e+00,4.080000000000000000e+02,1.000000000000000000e+00,0.000000000000000000e+00,2.456711942094051970e+00
4.245000000000000284e+01,2.938639879226684570e+00,2.873350143432617188e+00,3.876968622207641602e+00,3.668607711791992188e+00,1.679826242585535478e+00,3.730000000000000000e+02,0.000000000000000000e+00,0.000000000000000000e+00,2.378778746919678166e+00
4.250000000000000000e+01,2.884483575820922852e+00,2.839357614517211914e+00,3.658590316772460938e+00,3.473032474517822266e+00,1.635625179376379634e+00,4.260000000000000000e+02,1.000000000000000000e+00,0.000000000000000000e+00,2.323100810573818897e+00
4.255000000000000426e+01,2.722951412200927734e+00,2.656522274017333984e+00,3.277853965759277344e+00,3.361842393875122070e+00,1.642528588297266889e+00,4.080000000000000000e+02,1.000000000000000000e+00,0.000000000000000000e+00,2.371792818225456401e+00
4.260000000000000142e+01,2.952943086624145508e+00,2.916477680206298828e+00,3.704803943634033203e+00,3.562550067901611328e+00,1.684342305317209965e+00,4.340000000000000000e+02,1.000000000000000000e+00,0.000000000000000000e+00,2.440177864310917766e+00
4.265000000000000568e+01,2.793334960937500000e+00,2.715257406234741211e+00,3.548119544982910156e+00,3.459922075271606445e+00,1.650223861252472890e+00,3.890000000000000000e+02,0.000000000000000000e+00,0.000000000000000000e+00,2.278095355334535554e+00
4.270000000000000284e+01,2.927408218383789062e+00,2.853255271911621094e+00,3.769443988800048828e+00,3.664324522018432617e+00,1.690438417420949246e+00,3.850000000000000000e+02,0.000000000000000000e+00,0.000000000000000000e+00,2.298960711186912143e+00
4.275000000000000000e+01,2.763557434082031250e+00,2.716195821762084961e+00,3.692420482635498047e+00,3.474647998809814453e+00,1.678748378918003548e+00,4.370000000000000000e+02,0.000000000000000000e+00,0.000000000000000000e+00,2.452913581619902583e+00
4.280000000000000426e+01,2.809063434600830078e+00,2.774723529815673828e+00,3.485375881195068359e+00,3.563709020614624023e+00,1.673108178938862212e+00,3.970000000000000000e+02,0.000000000000000000e+00,0.000000000000000000e+00,2.502396193759477860e+00
4.285000000000000142e+01,2.719790935516357422e+00,2.660617351531982422e+00,3.862051010131835938e+00,3.549645185470581055e+00,1.668168392285430679e+00,4.110000000000000000e+02,0.000000000000000000e+00,0.000000000000000000e+00,2.274773924158305149e+00
4.290000000000000568e+01,2.852173328399658203e+00,2.848053216934204102e+00,3.157506465911865234e+00,3.391699552536010742e+00,1.647834005452920580e+00,4.100000000000000000e+02,0.000000000000000000e+00,0.000000000000000000e+00,2.315685154534894874e+00
4.295000000000000284e+01,2.708626985549926758e+00,2.628455400466918945e+00,3.710509538650512695e+00,3.432664871215820312e+00,1.608255973613808454e+00,4.510000000000000000e+02,2.000000000000000000e+00,0.000000000000000000e+00,2.319870808685982944e+00
4.300000000000000000e+01,2.920490741729736328e+00,2.856514215469360352e+00,3.372018337249755859e+00,3.580428123474121094e+00,1.596198346039507499e+00,4.030000000000000000e+02,0.000000000000000000e+00,0.000000000000000000e+00,2.403953989605197350e+00
4.305000000000000426e+01,2.849606275558471680e+00,2.812032938003540039e+00,3.728661298751831055e+00,3.840717792510986328e+00,1.663263560721074619e+00,4.190000000000000000e+02,1.000000000000000000e+00,0.000000000000000000e+00,2.305372784357446303e+00
4.310000000000000142e+01,2.860410213470458984e+00,2.831761837005615234e+00,3.769811391830444336e+00,3.652205944061279297e+00,1.659862300121109913e+00,3.980000000000000000e+02,1.000000000000000000e+00,0.000000000000000000e+00,2.543508306202793889e+00
4.315000000000000568e+01,2.968409061431884766e+00,2.967824935913085938e+00,3.350450515747070312e+00,3.480853557586669922e+00,1.664031224097544115e+00,4.070000000000000000e+02,1.000000000000000000e+00,0.000000000000000000e+00,2.364785306342596982e+00
4.320000000000000284e+01,2.764490604400634766e+00,2.684659481048583984e+00,3.797268867492675781e+00,3.388515710830688477e+00,1.670929237914906329e+00,4.090000000000000000e+02,0.000000000000000000e+00,0.000000000000000000e+00,2.369416765006972181e+00
4.325000000000000000e+01,2.972393274307250977e+00,2.930970668792724609e+00,4.028952121734619141e+00,4.070845127105712891e+00,1.656438103651783900e+00,4.080000000000000000e+02,1.000000000000000000e+00,0.000000000000000000e+00,2.193979678301565706e+00
4.330000000000000426e+01,2.903741359710693359e+00,2.850449323654174805e+00,3.723480224609375000e+00,3.427729368209838867e+00,1.628410279970235131e+00,4.050000000000000000e+02,1.000000000000000000e+00,0.000000000000000000e+00,2.444127985000385639e+00
4.335000000000000142e+01,2.982691764831542969e+00,2.954934597015380859e+00,3.745441913604736328e+00,3.837435007095336914e+00,1.649719600178556345e+00,3.900000000000000000e+02,0.000000000000000000e+00,0.000000000000000000e+00,2.367268341960110156e+00
4.340000000000000568e+01,2.923984289169311523e+00,2.898950815200805664e+00,3.985998630523681641e+00,3.878168106079101562e+00,1.657777633542663276e+00,4.020000000000000000e+02,0.000000000000000000e+00,0.000000000000000000e+00,2.390666324566906642e+00
4.345000000000000284e+01,2.889261722564697266e+00,2.865715265274047852e+00,3.962521314620971680e+00,3.950332403182983398e+00,1.639328002975391829e+00,4.030000000000000000e+02,0.000000000000000000e+00,0.000000000000000000e+00,2.396115365522690333e+00
4.350000000000000000e+01,2.882707595825195312e+00,2.858436107635498047e+00,3.511196136474609375e+00,3.938432693481445312e+00,1.645082418935741808e+00,4.340000000000000000e+02,0.000000000000000000e+00,0.000000000000000000e+00,2.344857662506216300e+00
4.355000000000000426e+01,2.840042591094970703e+00,2.772377014160156250e+00,4.026230335235595703e+00,3.712980270385742188e+00,1.659762409117922832e+00,3.900000000000000000e+02,0.000000000000000000e+00,0.000000000000000000e+00,2.409028939722733131e+00
4.360000000000000142e+01,2.937664747238159180e+00,2.852793693542480469e+00,3.453295469284057617e+00,3.326242446899414062e+00,1.594831288688244531e+00,3.910000000000000000e+02,0.000000000000000000e+00,0.000000000000000000e+00,2.402168912651536203e+00
4.365000000000000568e+01,2.951684236526489258e+00,2.895617485046386719e+00,3.916115760803222656e+00,4.002269268035888672e+00,1.641877133850212500e+00,4.120000000000000000e+02,0.000000000000000000e+00,0.000000000000000000e+00,2.338196723950535016e+00
4.370000000000000284e+01,2.698955774307250977e+00,2.700969696044921875e+00,3.363207817077636719e+00,3.039710521697998047e+00,1.664851742548869584e+00,4.030000000000000000e+02,0.000000000000000000e+00,0.000000000000000000e+00,2.449771645586683810e+00
4.375000000000000000e+01,2.819598197937011719e+00,2.773849964141845703e+00,3.455682754516601562e+00,3.751569032669067383e+00,1.697089733835566383e+00,3.990000000000000000e+02,0.000000000000000000e+00,0.000000000000000000e+00,2.343172678978453050e+00
4.380000000000000426e+01,2.950241088867187500e+00,2.860437870025634766e+00,3.313989877700805664e+00,3.196755647659301758e+00,1.488086947599142285e+00,3.860000000000000000e+02,1.000000000000000000e+00,0.000000000000000000e+00,2.420611378937055136e+00
4.385000000000000142e+01,2.764068841934204102e+00,2.709795236587524414e+00,3.473885059356689453e+00,3.476566076278686523e+00,1.659870928845127436e+00,4.000000000000000000e+02,0.000000000000000000e+00,0.000000000000000000e+00,2.288470824184868579e+00
4.390000000000000568e+01,3.011886596679687500e+00,2.938927412033081055e+00,3.944170713424682617e+00,4.419902324676513672e+00,1.666814156916043066e+00,3.950000000000000000e+02,1.000000000000000000e+00,0.000000000000000000e+00,2.395491051408511929e+00
4.395000000000000284e+01,2.827077865600585938e+00,2.791656255722045898e+00,3.447740077972412109e+00,3.342003583908081055e+00,1.591448124833846345e+00,4.260000000000000000e+02,0.000000000000000000e+00,0.000000000000000000e+00,2.107654030916875421e+00
4.400000000000000000e+01,2.937994003295898438e+00,2.886923313140869141e+00,3.608568906784057617e+00,3.445532798767089844e+00,1.683527822379025984e+00,4.090000000000000000e+02,0.000000000000000000e+00,0.000000000000000000e+00,2.373131883073242410e+00
4.405000000000000426e+01,3.012843608856201172e+00,2.946878433227539062e+00,3.543669939041137695e+00,3.774566411972045898e+00,1.658924871468240081e+00,4.080000000000000000e+02,0.000000000000000000e+00,0.000000000000000000e+00,2.052190006324948968e+00
4.410000000000000142e+01,2.883900642395019531e+00,2.834214210510253906e+00,3.685348510742187500e+00,3.821971654891967773e+00,1.618619641880238547e+00,4.300000000000000000e+02,3.000000000000000000e+00,0.000000000000000000e+00,2.360487838725386922e+00
4.415000000000000568e+01,2.922345638275146484e+00,2.927944660186767578e+00,3.709059238433837891e+00,3.534768819808959961e+00,1.654633579121218556e+00,3.900000000000000000e+02,0.000000000000000000e+00,0.000000000000000000e+00,2.448062187854059157e+00
4.420000000000000284e+01,3.063411235809326172e+00,3.042953491210937500e+00,4.624452114105224609e+00,4.937353134155273438e+00,1.694514144465028904e+00,4.350000000000000000e+02,0.000000000000000000e+00,0.000000000000000000e+00,2.378000100997286204e+00
4.425000000000000000e+01,2.900681018829345703e+00,2.872084140777587891e+00,4.158741950988769531e+00,4.447752952575683594e+00,1.636180127292499398e+00,3.860000000000000000e+02,3.000000000000000000e+00,0.000000000000000000e+00,2.383075359738196841e+00
4.430000000000000426e+01,2.847690343856811523e+00,2.803050041198730469e+00,3.617055177688598633e+00,3.690510034561157227e+00,1.638136825580108535e+00,4.180000000000000000e+02,0.000000000000000000e+00,0.000000000000000000e+00,2.193436523423974105e+00
4.435000000000000142e+01,3.009295701980590820e+00,2.964997768402099609e+00,3.956307172775268555e+00,4.203134536743164062e+00,1.629360246344685681e+00,3.920000000000000000e+02,0.000000000000000000e+00,0.000000000000000000e+00,2.400448893494525393e+00
4.440000000000000568e+01,2.832541465759277344e+00,2.794596910476684570e+00,3.730685234069824219e+00,3.720785617828369141e+00,1.683296298685212022e+00,4.010000000000000000e+02,0.000000000000000000e+00,0.000000000000000000e+00,2.297753530878197559e+00
4.445000000000000284e+01,2.704494237899780273e+00,2.591544151306152344e+00,4.482400417327880859e+00,4.579445362091064453e+00,1.659508837909029033e+00,3.820000000000000000e+02,1.000000000000000000e+00,0.000000000000000000e+00,2.299910501520398665e+00
4.450000000000000000e+01,2.822474002838134766e+00,2.848435878753662109e+00,4.786796569824218750e+00,4.835045814514160156e+00,1.687865781229534123e+00,3.690000000000000000e+02,1.000000000000000000e+00,0.000000000000000000e+00,2.261885928942946933e+00
4.455000000000000426e+01,2.855727195739746094e+00,2.845738172531127930e+00,4.724660396575927734e+00,4.571774005889892578e+00,1.697067003668068841e+00,3.960000000000000000e+02,0.000000000000000000e+00,0.000000000000000000e+00,2.332231577384983545e+00
4.460000000000000142e+01,2.813726663589477539e+00,2.838041305541992188e+00,4.637597560882568359e+00,4.669354438781738281e+00,1.711388382551061182e+00,3.690000000000000000e+02,1.000000000000000000e+00,0.000000000000000000e+00,2.443590062834773757e+00
4.465000000000000568e+01,2.906647920608520508e+00,2.900153160095214844e+00,4.906787395477294922e+00,5.049808502197265625e+00,1.662432404916024620e+00,3.630000000000000000e+02,1.000000000000000000e+00,0.000000000000000000e+00,2.436856150803073717e+00
4.470000000000000284e+01,2.785510063171386719e+00,2.689248323440551758e+00,4.892922401428222656e+00,5.207970619201660156e+00,1.649044032614113142e+00,3.430000000000000000e+02,1.000000000000000000e+00,0.000000000000000000e+00,2.255342141249990995e+00
4.475000000000000000e+01,2.790854930877685547e+00,2.739314079284667969e+00,4.461920738220214844e+00,4.649680137634277344e+00,1.686500023920173508e+00,4.030000000000000000e+02,0.000000000000000000e+00,0.000000000000000000e+00,2.256015086957283255e+00
4.480000000000000426e+01,2.735441207885742188e+00,2.761631250381469727e+00,4.767582893371582031e+00,4.862780094146728516e+00,1.658716096568671805e+00,3.810000000000000000e+02,0.000000000000000000e+00,0.000000000000000000e+00,2.421543835136479750e+00
4.485000000000000142e+01,2.930016517639160156e+00,2.797000885009765625e+00,3.987853050231933594e+00,4.279432773590087891e+00,1.668543559067519944e+00,4.220000000000000000e+02,0.000000000000000000e+00,0.000000000000000000e+00,2.346046291638710812e+00
4.490000000000000568e+01,2.511607646942138672e+00,2.509087562561035156e+00,3.565772771835327148e+00,3.868011951446533203e+00,1.638005107422650708e+00,3.910000000000000000e+02,0.000000000000000000e+00,0.000000000000000000e+00,2.230860605959089860e+00
4.495000000000000284e+01,2.867975711822509766e+00,2.770102024078369141e+00,3.369008541107177734e+00,3.672924518585205078e+00,1.665221152148820272e+00,4.150000000000000000e+02,0.000000000000000000e+00,0.000000000000000000e+00,2.363416732769251905e+00
4.500000000000000000e+01,3.034704923629760742e+00,2.989050865173339844e+00,3.356219768524169922e+00,3.635412216186523438e+00,1.673487901640271724e+00,4.310000000000000000e+02,1.000000000000000000e+00,0.000000000000000000e+00,2.224162651574881355e+00
4.505000000000000426e+01,2.823446035385131836e+00,2.789997100830078125e+00,3.775851726531982422e+00,3.642225503921508789e+00,1.660029432753300949e+00,4.140000000000000000e+02,1.000000000000000000e+00,0.000000000000000000e+00,2.225717650753910704e+00
4.510000000000000142e+01,2.695663928985595703e+00,2.644803285598754883e+00,3.332570075988769531e+00,3.589229106903076172e+00,1.668114727869996816e+00,3.550000000000000000e+02,1.000000000000000000e+00,0.000000000000000000e+00,2.506551106577078691e+00
4.515000000000000568e+01,2.883598804473876953e+00,2.877116680145263672e+00,3.629770278930664062e+00,3.562101125717163086e+00,1.610433499905985499e+00,4.200000000000000000e+02,0.000000000000000000e+00,0.000000000000000000e+00,2.265652729584876290e+00
4.520000000000000284e+01,2.819843769073486328e+00,2.762744665145874023e+00,3.485943794250488281e+00,3.353027343750000000e+00,1.651628249306400287e+00,3.540000000000000000e+02,0.000000000000000000e+00,0.000000000000000000e+00,2.358942899144715000e+00
4.525000000000000000e+01,2.721901178359985352e+00,2.769156694412231445e+00,3.203288078308105469e+00,3.389056205749511719e+00,1.681982387426402825e+00,3.700000000000000000e+02,0.000000000000000000e+00,0.000000000000000000e+00,2.480460976306650966e+00
4.530000000000000426e+01,2.892505168914794922e+00,2.872801303863525391e+00,3.786098480224609375e+00,3.797309160232543945e+00,1.663727054612837986e+00,4.050000000000000000e+02,0.000000000000000000e+00,0.000000000000000000e+00,2.337646474734488944e+00
4.535000000000000142e+01,3.036327362060546875e+00,2.918729782104492188e+00,4.050541400909423828e+00,4.311536788940429688e+00,1.746709617829071526e+00,4.030000000000000000e+02,1.000000000000000000e+00,0.000000000000000000e+00,2.325707774791117455e+00
4.540000000000000568e+01,2.819988489151000977e+00,2.661960124969482422e+00,4.900723934173583984e+00,5.424032688140869141e+00,1.622967568640868441e+00,4.460000000000000000e+02,2.000000000000000000e+00,0.000000000000000000e+00,2.237019036470297539e+00
4.545000000000000284e+01,2.927860975265502930e+00,2.905894279479980469e+00,4.615244865417480469e+00,5.220385074615478516e+00,1.647658951383553783e+00,4.050000000000000000e+02,0.000000000000000000e+00,0.000000000000000000e+00,2.335319574000916276e+00
4.550000000000000000e+01,2.849595785140991211e+00,2.794790506362915039e+00,4.110549926757812500e+00,4.486451625823974609e+00,1.552985476180789082e+00,3.900000000000000000e+02,0.000000000000000000e+00,0.000000000000000000e+00,2.386333428034830284e+00
4.555000000000000426e+01,2.745964288711547852e+00,2.705369234085083008e+00,4.415776252746582031e+00,4.754663467407226562e+00,1.567000849918086303e+00,4.310000000000000000e+02,0.000000000000000000e+00,0.000000000000000000e+00,2.287519888554573999e+00
4.560000000000000142e+01,2.950416564941406250e+00,2.869973182678222656e+00,5.032643795013427734e+00,5.377309322357177734e+00,1.658636734333237772e+00,4.170000000000000000e+02,0.000000000000000000e+00,0.000000000000000000e+00,2.031469165760846796e+00
4.565000000000000568e+01,2.892073631286621094e+00,2.868408203125000000e+00,4.897132396697998047e+00,5.226576805114746094e+00,1.656537710378056971e+00,4.240000000000000000e+02,0.000000000000000000e+00,0.000000000000000000e+00,2.442109001468469209e+00
4.570000000000000284e+01,2.805794239044189453e+00,2.818642854690551758e+00,4.942223072052001953e+00,5.501646041870117188e+00,1.641019382839114860e+00,4.240000000000000000e+02,0.000000000000000000e+00,0.000000000000000000e+00,2.259021410354738357e+00
4.575000000000000000e+01,2.844829082489013672e+00,2.799185752868652344e+00,4.740732669830322266e+00,5.224082469940185547e+00,1.614377105666599199e+00,4.150000000000000000e+02,1.000000000000000000e+00,0.000000000000000000e+00,2.392315182578037991e+00
4.580000000000000426e+01,2.839624881744384766e+00,2.795704364776611328e+00,4.602522373199462891e+00,4.878268718719482422e+00,1.673823823420878210e+00,4.120000000000000000e+02,0.000000000000000000e+00,0.000000000000000000e+00,2.036035954877993603e+00
4.585000000000000142e+01,2.777100086212158203e+00,2.719463825225830078e+00,4.546047210693359375e+00,4.924318790435791016e+00,1.684727165391318504e+00,4.130000000000000000e+02,0.000000000000000000e+00,0.000000000000000000e+00,2.468163574505523261e+00
4.590000000000000568e+01,2.677143812179565430e+00,2.679955005645751953e+00,4.384173870086669922e+00,4.950931549072265625e+00,1.682375146796400101e+00,4.040000000000000000e+02,0.000000000000000000e+00,0.000000000000000000e+00,2.314164399393903171e+00
4.595000000000000284e+01,2.947957515716552734e+00,2.897563219070434570e+00,5.147757053375244141e+00,5.523464202880859375e+00,1.654701524040232963e+00,3.710000000000000000e+02,1.000000000000000000e+00,0.000000000000000000e+00,2.396438083372282257e+00
4.600000000000000000e+01,2.881625175476074219e+00,2.809321403503417969e+00,5.177248001098632812e+00,5.596924304962158203e+00,1.651228049416304966e+00,4.220000000000000000e+02,0.000000000000000000e+00,0.000000000000000000e+00,2.331286007205970456e+00
4.605000000000000426e+01,2.768316030502319336e+00,2.675094842910766602e+00,4.724521160125732422e+00,5.122945308685302734e+00,1.688406569638728705e+00,4.280000000000000000e+02,0.000000000000000000e+00,0.000000000000000000e+00,2.372049146007364051e+00
4.610000000000000142e+01,2.732915878295898438e+00,2.666538715362548828e+00,4.621623039245605469e+00,4.901138305664062500e+00,1.658341505174516284e+00,3.980000000000000000e+02,0.000000000000000000e+00,0.000000000000000000e+00,1.802542012087553047e+00
4.615000000000000568e+01,3.008731603622436523e+00,2.943284034729003906e+00,4.642954349517822266e+00,5.013832092285156250e+00,1.580601059180561707e+00,4.310000000000000000e+02,0.000000000000000000e+00,0.000000000000000000e+00,2.416389616690180375e+00
4.620000000000000284e+01,2.937588453292846680e+00,2.821297645568847656e+00,4.906300544738769531e+00,5.283140182495117188e+00,1.644266065116633424e+00,4.100000000000000000e+02,0.000000000000000000e+00,0.000000000000000000e+00,2.376937669640454054e+00
4.625000000000000000e+01,2.742976903915405273e+00,2.650300025939941406e+00,4.209941864013671875e+00,4.705876827239990234e+00,1.661706035858063535e+00,3.450000000000000000e+02,0.000000000000000000e+00,0.000000000000000000e+00,2.327259720608907845e+00
4.630000000000000426e+01,2.983336687088012695e+00,2.941360712051391602e+00,4.722541809082031250e+00,5.189077854156494141e+00,1.658137987930523360e+00,3.680000000000000000e+02,0.000000000000000000e+00,0.000000000000000000e+00,2.405346533167499246e+00
4.635000000000000142e+01,2.927829980850219727e+00,2.804108142852783203e+00,4.126844406127929688e+00,4.516726970672607422e+00,1.608757245033783922e+00,3.780000000000000000e+02,0.000000000000000000e+00,0.000000000000000000e+00,2.432374871673746775e+00
4.640000000000000568e+01,2.921308994293212891e+00,2.858802080154418945e+00,4.734409332275390625e+00,4.754835128784179688e+00,1.626061821872748725e+00,3.860000000000000000e+02,0.000000000000000000e+00,0.000000000000000000e+00,2.109809545072214743e+00
4.645000000000000284e+01,2.997568130493164062e+00,2.893206596374511719e+00,4.625453948974609375e+00,4.801975250244140625e+00,1.639369067317014483e+00,4.270000000000000000e+02,0.000000000000000000e+00,0.000000000000000000e+00,1.907805980677836466e+00
4.650000000000000000e+01,2.853831291198730469e+00,2.807524442672729492e+00,4.196904659271240234e+00,4.576006889343261719e+00,1.622980651245095940e+00,3.760000000000000000e+02,1.000000000000000000e+00,0.000000000000000000e+00,2.415077157123520557e+00
4.655000000000000426e+01,2.847775459289550781e+00,2.737072944641113281e+00,4.705189228057861328e+00,5.095660209655761719e+00,1.668897269546205431e+00,3.850000000000000000e+02,0.000000000000000000e+00,0.000000000000000000e+00,2.024117813897121199e+00
4.660000000000000142e+01,2.915683031082153320e+00,2.756945133209228516e+00,4.476988792419433594e+00,4.747827529907226562e+00,1.650515076307336182e+00,3.840000000000000000e+02,0.000000000000000000e+00,0.000000000000000000e+00,2.073793869449691130e+00
4.665000000000000568e+01,2.853151559829711914e+00,2.693914413452148438e+00,4.259282112121582031e+00,4.519025802612304688e+00,1.597089054919426321e+00,4.320000000000000000e+02,1.000000000000000000e+00,0.000000000000000000e+00,2.006298624630026950e+00
4.670000000000000284e+01,2.938958644866943359e+00,2.879167556762695312e+00,4.611675262451171875e+00,4.861342430114746094e+00,1.678391749855915105e+00,4.110000000000000000e+02,0.000000000000000000e+00,0.000000000000000000e+00,2.363315259609122698e+00
4.675000000000000000e+01,2.781178474426269531e+00,2.690984249114990234e+00,4.530169486999511719e+00,5.213409423828125000e+00,1.582360026590894808e+00,3.690000000000000000e+02,0.000000000000000000e+00,0.000000000000000000e+00,2.248013466351763245e+00
4.680000000000000426e+01,2.852346420288085938e+00,2.722583055496215820e+00,4.898526191711425781e+00,5.382215499877929688e+00,1.675774202187561457e+00,4.120000000000000000e+02,0.000000000000000000e+00,0.000000000000000000e+00,2.132963784765083748e+00
4.685000000000000142e+01,2.884780883789062500e+00,2.774530887603759766e+00,4.937476158142089844e+00,5.279713153839111328e+00,1.586154109577185833e+00,4.250000000000000000e+02,0.000000000000000000e+00,0.000000000000000000e+00,2.041732547504706119e+00
4.690000000000000568e+01,2.632999897003173828e+00,2.555483818054199219e+00,4.914322376251220703e+00,5.371013164520263672e+00,1.656083809455984879e+00,4.240000000000000000e+02,0.000000000000000000e+00,0.000000000000000000e+00,2.165229472277788059e+00
4.695000000000000284e+01,2.751356601715087891e+00,2.721097469329833984e+00,5.187077045440673828e+00,5.336286544799804688e+00,1.644394373653993657e+00,4.450000000000000000e+02,1.000000000000000000e+00,0.000000000000000000e+00,2.354700482557072760e+00
4.700000000000000000e+01,2.755022048950195312e+00,2.690573930740356445e+00,5.118563175201416016e+00,5.456140041351318359e+00,1.651655255108211096e+00,4.380000000000000000e+02,0.000000000000000000e+00,0.000000000000000000e+00,2.322546421639652969e+00
4.705000000000000426e+01,2.828386783599853516e+00,2.800761461257934570e+00,4.679184436798095703e+00,5.116164684295654297e+00,1.645342161489507404e+00,3.830000000000000000e+02,0.000000000000000000e+00,0.000000000000000000e+00,2.040788682616289762e+00
4.710000000000000142e+01,2.981136798858642578e+00,2.868211507797241211e+00,4.884519100189208984e+00,5.243893146514892578e+00,1.621914608011659986e+00,4.190000000000000000e+02,0.000000000000000000e+00,0.000000000000000000e+00,2.285377274548531012e+00
4.715000000000000568e+01,2.960704565048217773e+00,2.893239498138427734e+00,4.970789432525634766e+00,5.598580837249755859e+00,1.638905865345122947e+00,4.070000000000000000e+02,0.000000000000000000e+00,0.000000000000000000e+00,2.329040908176076119e+00
4.720000000000000284e+01,2.825228691101074219e+00,2.758414506912231445e+00,4.685716629028320312e+00,5.162975788116455078e+00,1.637937098734578711e+00,4.210000000000000000e+02,0.000000000000000000e+00,0.000000000000000000e+00,2.269121724109468552e+00
4.725000000000000000e+01,3.047113895416259766e+00,2.985033750534057617e+00,5.112771987915039062e+00,5.512110710144042969e+00,1.657063499697476461e+00,3.840000000000000000e+02,0.000000000000000000e+00,0.000000000000000000e+00,2.061537874454027364e+00
4.730000000000000426e+01,3.007260560989379883e+00,2.891917705535888672e+00,4.902290821075439453e+00,5.286325454711914062e+00,1.603362790505685975e+00,4.230000000000000000e+02,1.000000000000000000e+00,0.000000000000000000e+00,2.249850024956282279e+00
4.735000000000000142e+01,3.168653011322021484e+00,3.140841960906982422e+00,5.112356662750244141e+00,5.441742897033691406e+00,1.619219681820051937e+00,4.360000000000000000e+02,1.000000000000000000e+00,0.000000000000000000e+00,2.086156186069900276e+00
4.740000000000000568e+01,3.069396018981933594e+00,2.902921676635742188e+00,5.380562782287597656e+00,5.766906261444091797e+00,1.667995300196597697e+00,3.830000000000000000e+02,0.000000000000000000e+00,0.000000000000000000e+00,2.441974950304540926e+00
4.745000000000000284e+01,3.150338888168334961e+00,3.125571250915527344e+00,5.121273040771484375e+00,5.609344959259033203e+00,1.663596114551099348e+00,4.090000000000000000e+02,0.000000000000000000e+00,0.000000000000000000e+00,2.279216660939990646e+00
4.750000000000000000e+01,2.995230197906494141e+00,2.932712078094482422e+00,5.140607833862304688e+00,5.474776268005371094e+00,1.660507625624868755e+00,3.970000000000000000e+02,0.000000000000000000e+00,0.000000000000000000e+00,2.381855934794831597e+00
4.755000000000000426e+01,2.869703769683837891e+00,2.810117721557617188e+00,5.047530651092529297e+00,5.350963592529296875e+00,1.653411771128197927e+00,4.050000000000000000e+02,1.000000000000000000e+00,0.000000000000000000e+00,2.312568871769226320e+00
4.760000000000000142e+01,2.880825042724609375e+00,2.841884613037109375e+00,4.960223674774169922e+00,5.567183017730712891e+00,1.671576189961954562e+00,3.990000000000000000e+02,1.000000000000000000e+00,0.000000000000000000e+00,2.234313189908694319e+00
4.765000000000000568e+01,2.719144344329833984e+00,2.644199848175048828e+00,4.988720893859863281e+00,5.353850364685058594e+00,1.644023061948055364e+00,4.020000000000000000e+02,0.000000000000000000e+00,0.000000000000000000e+00,2.285148166347042764e+00
4.770000000000000284e+01,2.896332502365112305e+00,2.884173870086669922e+00,5.049569129943847656e+00,5.331948280334472656e+00,1.644251654086550607e+00,4.130000000000000000e+02,0.000000000000000000e+00,0.000000000000000000e+00,1.956550426162053213e+00
4.775000000000000000e+01,2.774282693862915039e+00,2.672661781311035156e+00,5.164186477661132812e+00,5.542054653167724609e+00,1.651548343103306005e+00,4.240000000000000000e+02,0.000000000000000000e+00,0.000000000000000000e+00,2.264301944520964227e+00
4.780000000000000426e+01,2.695680141448974609e+00,2.637226581573486328e+00,4.931999683380126953e+00,5.299802780151367188e+00,1.662269622543015357e+00,4.220000000000000000e+02,0.000000000000000000e+00,0.000000000000000000e+00,2.265177552904273472e+00
4.785000000000000142e+01,2.738012313842773438e+00,2.687543392181396484e+00,5.280301094055175781e+00,5.568799018859863281e+00,1.664352187585572684e+00,3.830000000000000000e+02,0.000000000000000000e+00,0.000000000000000000e+00,2.542935864360015952e+00
4.790000000000000568e+01,2.842240333557128906e+00,2.773137569427490234e+00,4.946281909942626953e+00,5.378410339355468750e+00,1.629266013614334874e+00,3.990000000000000000e+02,0.000000000000000000e+00,0.000000000000000000e+00,2.083963131807497149e+00
4.795000000000000284e+01,2.894247770309448242e+00,2.798572063446044922e+00,4.755250930786132812e+00,5.061716556549072266e+00,1.644498106762550815e+00,3.790000000000000000e+02,0.000000000000000000e+00,0.000000000000000000e+00,2.461725422481891190e+00
4.800000000000000000e+01,2.991816043853759766e+00,2.915802955627441406e+00,4.952489852905273438e+00,5.383604049682617188e+00,1.663369333215154011e+00,4.420000000000000000e+02,0.000000000000000000e+00,0.000000000000000000e+00,2.034169422800091720e+00
4.805000000000000426e+01,2.984525918960571289e+00,2.974858760833740234e+00,4.836061477661132812e+00,5.316107749938964844e+00,1.621542206734408520e+00,4.590000000000000000e+02,0.000000000000000000e+00,0.000000000000000000e+00,2.175887182987884749e+00
4.810000000000000142e+01,3.225565910339355469e+00,3.103373527526855469e+00,5.242262840270996094e+00,5.722990512847900391e+00,1.684324729143059862e+00,4.280000000000000000e+02,1.000000000000000000e+00,0.000000000000000000e+00,1.939899114711673977e+00
4.815000000000000568e+01,2.829731702804565430e+00,2.791368722915649414e+00,4.870640277862548828e+00,5.206329345703125000e+00,1.646774921959369031e+00,4.140000000000000000e+02,0.000000000000000000e+00,0.000000000000000000e+00,2.072971223226664605e+00
4.820000000000000284e+01,3.047627925872802734e+00,2.970111370086669922e+00,4.814742088317871094e+00,5.168536186218261719e+00,1.635044205445775667e+00,3.690000000000000000e+02,0.000000000000000000e+00,0.000000000000000000e+00,2.064072793919680127e+00
4.825000000000000000e+01,2.836344480514526367e+00,2.713842630386352539e+00,4.640978813171386719e+00,5.253367424011230469e+00,1.677210078893144329e+00,4.140000000000000000e+02,1.000000000000000000e+00,0.000000000000000000e+00,2.342946699851681025e+00
4.830000000000000426e+01,2.889317035675048828e+00,2.823558092117309570e+00,4.877427101135253906e+00,5.497206687927246094e+00,1.652886185517949524e+00,4.510000000000000000e+02,0.000000000000000000e+00,0.000000000000000000e+00,2.326685755234245256e+00
4.835000000000000142e+01,2.833059787750244141e+00,2.739892244338989258e+00,4.648347377777099609e+00,5.117845535278320312e+00,1.662733690517280927e+00,4.180000000000000000e+02,1.000000000000000000e+00,0.000000000000000000e+00,1.934387233378514148e+00
4.840000000000000568e+01,2.796428442001342773e+00,2.719960212707519531e+00,4.470352172851562500e+00,5.028733730316162109e+00,1.691008867691097706e+00,3.980000000000000000e+02,0.000000000000000000e+00,0.000000000000000000e+00,2.102647925388980710e+00
4.845000000000000284e+01,2.992333173751831055e+00,2.953274726867675781e+00,4.205841064453125000e+00,4.644738197326660156e+00,1.670843535241490763e+00,4.070000000000000000e+02,0.000000000000000000e+00,0.000000000000000000e+00,2.406932554196894447e+00
4.850000000000000000e+01,2.825293302536010742e+00,2.746092319488525391e+00,4.528657913208007812e+00,4.964954853057861328e+00,1.697918847827374123e+00,4.330000000000000000e+02,0.000000000000000000e+00,0.000000000000000000e+00,2.202497497622965650e+00
4.855000000000000426e+01,2.889668464660644531e+00,2.846186399459838867e+00,5.020041465759277344e+00,5.372202396392822266e+00,1.675639409041032923e+00,4.160000000000000000e+02,0.000000000000000000e+00,0.000000000000000000e+00,2.294309553267987578e+00
4.860000000000000142e+01,2.877348899841308594e+00,2.851844787597656250e+00,4.437341690063476562e+00,4.959336757659912109e+00,1.658365482956388526e+00,3.970000000000000000e+02,0.000000000000000000e+00,0.000000000000000000e+00,2.323273944127889568e+00
4.865000000000000568e+01,2.933647632598876953e+00,2.824275970458984375e+00,4.904887199401855469e+00,5.365811347961425781e+00,1.648654170225703153e+00,4.540000000000000000e+02,0.000000000000000000e+00,0.000000000000000000e+00,2.248419492972123734e+00
4.870000000000000284e+01,3.008425474166870117e+00,2.917070627212524414e+00,5.341532707214355469e+00,5.740268707275390625e+00,1.662588565670722662e+00,4.630000000000000000e+02,0.000000000000000000e+00,0.000000000000000000e+00,2.137815647232236937e+00
4.875000000000000000e+01,2.826980352401733398e+00,2.819432020187377930e+00,4.707836151123046875e+00,5.220788002014160156e+00,1.635759389826420218e+00,4.200000000000000000e+02,0.000000000000000000e+00,0.000000000000000000e+00,2.281493216716007133e+00
4.880000000000000426e+01,2.962733745574951172e+00,2.885843753814697266e+00,4.767836570739746094e+00,5.389449596405029297e+00,1.641993625144222424e+00,4.360000000000000000e+02,2.000000000000000000e+00,0.000000000000000000e+00,2.375918576549815864e+00
4.885000000000000142e+01,3.039765834808349609e+00,3.011490821838378906e+00,5.168111324310302734e+00,5.771113395690917969e+00,1.639818043512322188e+00,4.300000000000000000e+02,0.000000000000000000e+00,0.000000000000000000e+00,2.356559501713372029e+00
4.890000000000000568e+01,2.847950458526611328e+00,2.894150733947753906e+00,5.161475181579589844e+00,5.758887290954589844e+00,1.679315773371629739e+00,3.950000000000000000e+02,0.000000000000000000e+00,0.000000000000000000e+00,2.379971382641242972e+00
4.895000000000000284e+01,2.709453582763671875e+00,2.641551017761230469e+00,4.714262962341308594e+00,5.047702312469482422e+00,1.597926403103009374e+00,4.130000000000000000e+02,0.000000000000000000e+00,0.000000000000000000e+00,2.226078929913717808e+00
4.900000000000000000e+01,2.916427850723266602e+00,2.869589805603027344e+00,5.377099514007568359e+00,5.815166950225830078e+00,1.668661626387852870e+00,4.230000000000000000e+02,2.000000000000000000e+00,0.000000000000000000e+00,2.308811336078310461e+00
4.905000000000000426e+01,2.890940904617309570e+00,2.825098514556884766e+00,4.891655921936035156e+00,5.334681987762451172e+00,1.732891938650962471e+00,4.110000000000000000e+02,0.000000000000000000e+00,0.000000000000000000e+00,2.386860546122201221e+00
4.910000000000000142e+01,3.019240379333496094e+00,2.996950149536132812e+00,4.489420890808105469e+00,4.738452434539794922e+00,1.626600546030718242e+00,3.960000000000000000e+02,0.000000000000000000e+00,0.000000000000000000e+00,2.326023982645702759e+00
4.915000000000000568e+01,2.762537479400634766e+00,2.713962554931640625e+00,5.240869522094726562e+00,5.663166522979736328e+00,1.681222924066360758e+00,4.040000000000000000e+02,0.000000000000000000e+00,0.000000000000000000e+00,2.206143146275281630e+00
4.920000000000000284e+01,2.912008762359619141e+00,2.834934711456298828e+00,4.947504997253417969e+00,5.538710594177246094e+00,1.646959267267708249e+00,3.860000000000000000e+02,0.000000000000000000e+00,0.000000000000000000e+00,2.352555379487960785e+00
4.925000000000000000e+01,2.865630626678466797e+00,2.878777027130126953e+00,4.930070877075195312e+00,5.181145191192626953e+00,1.672853092709014833e+00,4.200000000000000000e+02,1.000000000000000000e+00,0.000000000000000000e+00,2.378197069567288491e+00
4.930000000000000426e+01,2.813257217407226562e+00,2.732361316680908203e+00,4.706394195556640625e+00,5.103015899658203125e+00,1.662442286850541073e+00,3.790000000000000000e+02,0.000000000000000000e+00,0.000000000000000000e+00,2.261170927778834105e+00
4.935000000000000142e+01,2.932919502258300781e+00,2.876651763916015625e+00,4.672698497772216797e+00,5.199428081512451172e+00,1.666757902710776174e+00,4.110000000000000000e+02,0.000000000000000000e+00,0.000000000000000000e+00,2.294067767980597417e+00
4.940000000000000568e+01,2.789781332015991211e+00,2.713984489440917969e+00,4.732310295104980469e+00,5.207443237304687500e+00,1.644626473046035375e+00,3.820000000000000000e+02,1.000000000000000000e+00,0.000000000000000000e+00,2.280154968411238325e+00
4.945000000000000284e+01,2.905026435852050781e+00,2.798877716064453125e+00,5.487766265869140625e+00,5.971024513244628906e+00,1.647514354836137063e+00,3.720000000000000000e+02,0.000000000000000000e+00,0.000000000000000000e+00,2.474926631414106737e+00
4.950000000000000000e+01,2.698686122894287109e+00,2.676720142364501953e+00,4.452655792236328125e+00,4.872793197631835938e+00,1.638197339414229514e+00,3.850000000000000000e+02,0.000000000000000000e+00,0.000000000000000000e+00,2.316859544988878472e+00
4.955000000000000426e+01,2.570434808731079102e+00,2.517455816268920898e+00,4.365812301635742188e+00,4.660941123962402344e+00,1.630022464242890656e+00,3.970000000000000000e+02,0.000000000000000000e+00,0.000000000000000000e+00,2.208578535694995626e+00
4.960000000000000142e+01,2.764305830001831055e+00,2.771250247955322266e+00,4.552447319030761719e+00,5.207898616790771484e+00,1.686274456693345414e+00,3.720000000000000000e+02,0.000000000000000000e+00,0.000000000000000000e+00,1.952012206798864336e+00
4.965000000000000568e+01,2.720410823822021484e+00,2.684112548828125000e+00,4.387847423553466797e+00,4.917234897613525391e+00,1.633028526256801616e+00,3.970000000000000000e+02,0.000000000000000000e+00,0.000000000000000000e+00,2.056271447136428066e+00
4.970000000000000284e+01,2.908992528915405273e+00,2.886203765869140625e+00,4.069882392883300781e+00,4.667102813720703125e+00,1.626278810900165794e+00,3.880000000000000000e+02,0.000000000000000000e+00,0.000000000000000000e+00,2.154637245659448475e+00
4.975000000000000000e+01,2.711351156234741211e+00,2.658164024353027344e+00,4.850294113159179688e+00,5.062103748321533203e+00,1.677489648960810653e+00,3.950000000000000000e+02,1.000000000000000000e+00,0.000000000000000000e+00,2.148515978747082222e+00
4.980000000000000426e+01,2.799584865570068359e+00,2.767986059188842773e+00,4.209854125976562500e+00,4.650259971618652344e+00,1.623988133292453506e+00,3.900000000000000000e+02,0.000000000000000000e+00,0.000000000000000000e+00,2.011038877487686616e+00
4.985000000000000142e+01,2.635023593902587891e+00,2.562808990478515625e+00,4.535900115966796875e+00,4.634167671203613281e+00,1.670218020467122422e+00,3.820000000000000000e+02,0.000000000000000000e+00,0.000000000000000000e+00,2.042323233941619520e+00
4.990000000000000568e+01,2.505311965942382812e+00,2.542774915695190430e+00,4.450844764709472656e+00,4.668845653533935547e+00,1.647402211545792472e+00,3.990000000000000000e+02,0.000000000000000000e+00,0.000000000000000000e+00,2.290299654102647242e+00
4.995000000000000284e+01,2.747701406478881836e+00,2.695236444473266602e+00,4.152311325073242188e+00,4.285235881805419922e+00,1.642938484899052032e+00,4.060000000000000000e+02,0.000000000000000000e+00,0.000000000000000000e+00,2.360045340953664361e+00
5.000000000000000000e+01,2.798550128936767578e+00,2.760883569717407227e+00,4.045219898223876953e+00,4.379301548004150391e+00,1.703641922429183886e+00,3.910000000000000000e+02,1.000000000000000000e+00,0.000000000000000000e+00,2.253940664394886273e+00
5.005000000000000426e+01,2.911571979522705078e+00,2.874542713165283203e+00,3.605757951736450195e+00,3.869684696197509766e+00,1.452571164736069287e+00,3.780000000000000000e+02,2.000000000000000000e+00,0.000000000000000000e+00,2.425100899416117617e+00
5.010000000000000142e+01,2.771284103393554688e+00,2.754466772079467773e+00,4.265151977539062500e+00,4.390725612640380859e+00,1.433398012961967227e+00,3.850000000000000000e+02,0.000000000000000000e+00,0.000000000000000000e+00,2.263691329800528340e+00
5.015000000000000568e+01,2.856749296188354492e+00,2.839600086212158203e+00,4.577540874481201172e+00,4.692440986633300781e+00,1.457266556806636970e+00,3.880000000000000000e+02,0.000000000000000000e+00,0.000000000000000000e+00,2.228398562328871790e+00
5.020000000000000284e+01,2.815699577331542969e+00,2.712685823440551758e+00,4.499148368835449219e+00,4.681839942932128906e+00,1.476165596015034387e+00,4.080000000000000000e+02,0.000000000000000000e+00,0.000000000000000000e+00,2.372484307907002155e+00
5.025000000000000000e+01,2.822712659835815430e+00,2.726266622543334961e+00,3.265410661697387695e+00,3.406965255737304688e+00,1.409008847249139773e+00,4.250000000000000000e+02,1.000000000000000000e+00,0.000000000000000000e+00,2.321328385108159420e+00
5.030000000000000426e+01,2.945305824279785156e+00,2.953903913497924805e+00,3.414640426635742188e+00,3.862562417984008789e+00,1.451674293758390633e+00,4.100000000000000000e+02,0.000000000000000000e+00,0.000000000000000000e+00,2.251828144702892054e+00
5.035000000000000142e+01,2.881785631179809570e+00,2.782899141311645508e+00,3.798536300659179688e+00,4.193376541137695312e+00,1.430191665696774361e+00,3.970000000000000000e+02,0.000000000000000000e+00,0.000000000000000000e+00,2.371948562302245378e+00
5.040000000000000568e+01,3.077036142349243164e+00,3.026803493499755859e+00,3.847831249237060547e+00,4.228322029113769531e+00,1.441048179303200172e+00,3.950000000000000000e+02,0.000000000000000000e+00,0.000000000000000000e+00,2.336727275269206316e+00
5.045000000000000284e+01,2.940577030181884766e+00,2.955075502395629883e+00,3.949270486831665039e+00,4.511882781982421875e+00,1.487252189165073846e+00,3.710000000000000000e+02,0.000000000000000000e+00,0.000000000000000000e+00,2.124929764944132771e+00
5.050000000000000000e+01,2.885067701339721680e+00,2.862170696258544922e+00,5.415858745574951172e+00,5.665005683898925781e+00,1.464042020795335075e+00,4.150000000000000000e+02,0.000000000000000000e+00,0.000000000000000000e+00,2.477458035019143967e+00
5.055000000000000426e+01,2.837185621261596680e+00,2.853284358978271484e+00,4.771683692932128906e+00,5.405397891998291016e+00,1.507478700148836559e+00,3.640000000000000000e+02,0.000000000000000000e+00,0.000000000000000000e+00,2.353119568592524580e+00
5.060000000000000142e+01,2.807569742202758789e+00,2.786455392837524414e+00,4.378356456756591797e+00,4.927732467651367188e+00,1.471858209457181932e+00,4.060000000000000000e+02,0.000000000000000000e+00,0.000000000000000000e+00,2.413419536647478214e+00
5.065000000000000568e+01,2.850722789764404297e+00,2.746866226196289062e+00,4.124653816223144531e+00,4.412264347076416016e+00,1.494437400595099996e+00,4.000000000000000000e+02,0.000000000000000000e+00,0.000000000000000000e+00,1.863229041577777245e+00
5.070000000000000284e+01,2.622637987136840820e+00,2.580004692077636719e+00,3.605513334274291992e+00,3.528758287429809570e+00,1.471055970399433477e+00,3.930000000000000000e+02,0.000000000000000000e+00,0.000000000000000000e+00,2.343056501531877611e+00
5.075000000000000000e+01,3.005892992019653320e+00,3.004688262939453125e+00,3.474627494812011719e+00,3.504636526107788086e+00,1.502465964286725297e+00,4.070000000000000000e+02,0.000000000000000000e+00,0.000000000000000000e+00,2.397689545643062914e+00
5.080000000000000426e+01,2.963433265686035156e+00,2.939648151397705078e+00,4.442956924438476562e+00,4.775599956512451172e+00,1.482092219075205719e+00,4.030000000000000000e+02,0.000000000000000000e+00,0.000000000000000000e+00,2.337167973717981351e+00
5.085000000000000142e+01,2.933692693710327148e+00,2.952122926712036133e+00,3.685306072235107422e+00,4.124543666839599609e+00,1.464576214128827214e+00,4.240000000000000000e+02,0.000000000000000000e+00,0.000000000000000000e+00,2.383980203816556731e+00
5.090000000000000568e+01,3.219558238983154297e+00,3.266091346740722656e+00,4.338411808013916016e+00,4.545136451721191406e+00,1.476133441097198462e+00,3.770000000000000000e+02,0.000000000000000000e+00,0.000000000000000000e+00,2.244356680636051316e+00
5.095000000000000284e+01,3.074578046798706055e+00,3.073668718338012695e+00,4.231969356536865234e+00,4.363189220428466797e+00,1.520280686494832834e+00,4.120000000000000000e+02,0.000000000000000000e+00,0.000000000000000000e+00,2.375718904031331569e+00
5.100000000000000000e+01,3.095435142517089844e+00,3.162033319473266602e+00,4.670661926269531250e+00,4.943809509277343750e+00,1.505611557612758222e+00,3.650000000000000000e+02,0.000000000000000000e+00,0.000000000000000000e+00,2.036280810957355136e+00
5.105000000000000426e+01,3.199713230133056641e+00,3.266318798065185547e+00,4.381638526916503906e+00,4.672601222991943359e+00,1.495983514601006092e+00,3.860000000000000000e+02,0.000000000000000000e+00,0.000000000000000000e+00,2.353304357626365029e+00
5.110000000000000142e+01,3.180392742156982422e+00,3.185194015502929688e+00,4.064151763916015625e+00,4.470748901367187500e+00,1.473862651540746249e+00,3.820000000000000000e+02,0.000000000000000000e+00,0.000000000000000000e+00,2.271695847484558772e+00
5.115000000000000568e+01,2.838483333587646484e+00,2.863568305969238281e+00,3.162889003753662109e+00,3.347498893737792969e+00,1.415796227378348648e+00,3.510000000000000000e+02,0.000000000000000000e+00,0.000000000000000000e+00,2.257007421545645265e+00
5.120000000000000284e+01,3.172396421432495117e+00,3.195952415466308594e+00,3.778117656707763672e+00,3.669936656951904297e+00,1.446137018921870521e+00,3.820000000000000000e+02,0.000000000000000000e+00,0.000000000000000000e+00,2.432864096737375359e+00
5.125000000000000000e+01,2.948042392730712891e+00,2.921173095703125000e+00,4.138576984405517578e+00,4.476589679718017578e+00,1.451435336476086579e+00,4.060000000000000000e+02,0.000000000000000000e+00,0.000000000000000000e+00,2.440268809235785152e+00
5.130000000000000426e+01,2.662806510925292969e+00,2.662829399108886719e+00,3.800623655319213867e+00,3.869145393371582031e+00,1.428431357146449310e+00,4.160000000000000000e+02,1.000000000000000000e+00,0.000000000000000000e+00,2.365153068956356464e+00
5.135000000000000142e+01,2.942484855651855469e+00,2.904321670532226562e+00,3.600305318832397461e+00,3.784643650054931641e+00,1.439873233693059085e+00,4.060000000000000000e+02,1.000000000000000000e+00,0.000000000000000000e+00,2.262380621387568347e+00
5.140000000000000568e+01,2.718818426132202148e+00,2.663640975952148438e+00,3.604269266128540039e+00,3.485955953598022461e+00,1.460168883659195060e+00,3.950000000000000000e+02,0.000000000000000000e+00,0.000000000000000000e+00,2.317351875157349639e+00
5.145000000000000284e+01,2.840049028396606445e+00,2.827317714691162109e+00,4.230124473571777344e+00,4.321838855743408203e+00,1.462662071908172878e+00,4.350000000000000000e+02,0.000000000000000000e+00,0.000000000000000000e+00,2.393303297758540005e+00
5.150000000000000000e+01,2.774007797241210938e+00,2.761350631713867188e+00,4.064713001251220703e+00,4.130669116973876953e+00,1.481143812974465623e+00,3.720000000000000000e+02,0.000000000000000000e+00,0.000000000000000000e+00,2.332069929049885637e+00
5.155000000000000426e+01,2.732130050659179688e+00,2.696105003356933594e+00,3.863819599151611328e+00,3.615991592407226562e+00,1.436619891435259033e+00,4.150000000000000000e+02,0.000000000000000000e+00,0.000000000000000000e+00,2.399956803368920255e+00
5.160000000000000142e+01,2.886387109756469727e+00,2.838194370269775391e+00,3.603615760803222656e+00,3.782984972000122070e+00,1.451414938193506865e+00,4.080000000000000000e+02,0.000000000000000000e+00,0.000000000000000000e+00,2.187184470174910800e+00
5.165000000000000568e+01,2.816313505172729492e+00,2.814556598663330078e+00,3.886845588684082031e+00,3.842040061950683594e+00,1.472168640500377546e+00,3.490000000000000000e+02,0.000000000000000000e+00,0.000000000000000000e+00,2.463963244297501909e+00
5.170000000000000284e+01,3.106207370758056641e+00,3.045544385910034180e+00,3.622172355651855469e+00,3.954068422317504883e+00,1.454876909237654115e+00,4.180000000000000000e+02,1.000000000000000000e+00,0.000000000000000000e+00,2.230146306799513312e+00
5.175000000000000000e+01,3.064288616180419922e+00,3.020368099212646484e+00,4.095787525177001953e+00,4.420606613159179688e+00,1.442371236795396472e+00,3.960000000000000000e+02,1.000000000000000000e+00,0.000000000000000000e+00,2.260496614677771632e+00
5.180000000000000426e+01,2.985828876495361328e+00,2.968809366226196289e+00,4.057209968566894531e+00,4.471914291381835938e+00,1.509731999440061534e+00,3.930000000000000000e+02,0.000000000000000000e+00,0.000000000000000000e+00,2.188731692371058912e+00
5.185000000000000142e+01,2.759199142456054688e+00,2.704722404479980469e+00,4.397410869598388672e+00,4.445206642150878906e+00,1.484389785367893566e+00,4.030000000000000000e+02,0.000000000000000000e+00,0.000000000000000000e+00,2.300880343926448468e+00
5.190000000000000568e+01,2.877037286758422852e+00,2.841065883636474609e+00,4.037255764007568359e+00,4.269527435302734375e+00,1.449861369812451839e+00,3.950000000000000000e+02,0.000000000000000000e+00,0.000000000000000000e+00,2.358726804189323012e+00
5.195000000000000284e+01,2.822259426116943359e+00,2.817093849182128906e+00,4.458466053009033203e+00,4.877091407775878906e+00,1.425769928189985158e+00,3.560000000000000000e+02,0.000000000000000000e+00,0.000000000000000000e+00,2.340926775993920295e+00
5.200000000000000000e+01,2.832876205444335938e+00,2.836303234100341797e+00,4.209764480590820312e+00,4.328849315643310547e+00,1.474981255099170552e+00,3.810000000000000000e+02,0.000000000000000000e+00,0.000000000000000000e+00,2.255945794553655848e+00
5.205000000000000426e+01,2.789187431335449219e+00,2.717717885971069336e+00,4.403696060180664062e+00,4.445383071899414062e+00,1.481503046371876575e+00,3.820000000000000000e+02,0.000000000000000000e+00,0.000000000000000000e+00,2.286725989055227171e+00
5.210000000000000142e+01,2.722211837768554688e+00,2.669534444808959961e+00,4.325857639312744141e+00,4.661802291870117188e+00,1.414979872334270361e+00,3.950000000000000000e+02,0.000000000000000000e+00,0.000000000000000000e+00,2.361600303101675902e+00
5.215000000000000568e+01,2.666417598724365234e+00,2.637727260589599609e+00,4.324698925018310547e+00,4.593731403350830078e+00,1.478217491642500381e+00,4.110000000000000000e+02,0.000000000000000000e+00,0.000000000000000000e+00,2.437127253543925676e+00
5.220000000000000284e+01,3.110742330551147461e+00,3.066472530364990234e+00,4.177062988281250000e+00,4.519298553466796875e+00,1.422967689251293244e+00,3.790000000000000000e+02,0.000000000000000000e+00,0.000000000000000000e+00,2.231036283143172483e+00
5.225000000000000000e+01,2.958851337432861328e+00,2.926881551742553711e+00,4.080539226531982422e+00,4.071451187133789062e+00,1.383697273602644051e+00,3.760000000000000000e+02,0.000000000000000000e+00,0.000000000000000000e+00,2.362005828239058580e+00
5.230000000000000426e+01,2.703685522079467773e+00,2.729482650756835938e+00,4.235564231872558594e+00,4.447785377502441406e+00,1.482644403696227409e+00,3.910000000000000000e+02,0.000000000000000000e+00,0.000000000000000000e+00,2.247804551560616204e+00
5.235000000000000142e+01,2.721189498901367188e+00,2.693928480148315430e+00,3.945874214172363281e+00,3.795765399932861328e+00,1.483917530334956991e+00,3.620000000000000000e+02,1.000000000000000000e+00,0.000000000000000000e+00,2.412093956730891886e+00
5.240000000000000568e+01,2.805248498916625977e+00,2.852302789688110352e+00,3.835786342620849609e+00,4.085409164428710938e+00,1.456000788047807415e+00,3.800000000000000000e+02,0.000000000000000000e+00,0.000000000000000000e+00,2.333302554732783030e+00
5.245000000000000284e+01,2.769849061965942383e+00,2.746103286743164062e+00,4.232550144195556641e+00,4.529795169830322266e+00,1.502742862932917811e+00,4.200000000000000000e+02,1.000000000000000000e+00,0.000000000000000000e+00,2.367085072086440700e+00
5.250000000000000000e+01,2.747302055358886719e+00,2.722918987274169922e+00,4.217572212219238281e+00,4.479966640472412109e+00,1.502122144607234144e+00,3.760000000000000000e+02,0.000000000000000000e+00,0.000000000000000000e+00,2.342329615797923204e+00
5.255000000000000426e+01,3.034802436828613281e+00,2.990058660507202148e+00,4.178199291229248047e+00,4.584564685821533203e+00,1.470549025099783025e+00,4.140000000000000000e+02,0.000000000000000000e+00,0.000000000000000000e+00,2.284458444053012016e+00
5.260000000000000142e+01,2.596975326538085938e+00,2.635050058364868164e+00,4.188122272491455078e+00,4.451827049255371094e+00,1.470906875439488060e+00,3.850000000000000000e+02,0.000000000000000000e+00,0.000000000000000000e+00,2.189139987145000354e+00
5.265000000000000568e+01,2.957839488983154297e+00,2.939188957214355469e+00,3.888405561447143555e+00,4.196943759918212891e+00,1.452265452086278774e+00,3.590000000000000000e+02,0.000000000000000000e+00,0.000000000000000000e+00,2.405706588560612591e+00
5.270000000000000284e+01,2.887904167175292969e+00,2.874499797821044922e+00,4.048977375030517578e+00,4.434166908264160156e+00,1.439019994529351365e+00,4.040000000000000000e+02,1.000000000000000000e+00,0.000000000000000000e+00,2.421533092382109231e+00
5.275000000000000000e+01,3.142700195312500000e+00,3.091672420501708984e+00,4.161137580871582031e+00,4.374478340148925781e+00,1.495532829097240057e+00,4.070000000000000000e+02,0.000000000000000000e+00,0.000000000000000000e+00,2.362666324116673877e+00
5.280000000000000426e+01,2.930747270584106445e+00,2.827110767364501953e+00,4.122623443603515625e+00,4.151227474212646484e+00,1.449210947081295053e+00,4.010000000000000000e+02,2.000000000000000000e+00,0.000000000000000000e+00,2.297962219800220751e+00
5.285000000000000142e+01,2.878042459487915039e+00,2.864441394805908203e+00,4.077819824218750000e+00,4.256363868713378906e+00,1.436036993317310273e+00,4.030000000000000000e+02,0.000000000000000000e+00,0.000000000000000000e+00,2.179249998397975396e+00
5.290000000000000568e+01,2.833523273468017578e+00,2.867430210113525391e+00,4.419789791107177734e+00,4.357925891876220703e+00,1.451104376794811968e+00,3.770000000000000000e+02,0.000000000000000000e+00,0.000000000000000000e+00,2.425796042398422614e+00
5.295000000000000284e+01,3.045971155166625977e+00,3.039372205734252930e+00,4.144390583038330078e+00,4.580594062805175781e+00,1.662535201693745579e+00,3.990000000000000000e+02,0.000000000000000000e+00,0.000000000000000000e+00,2.314441073110190761e+00
5.300000000000000000e+01,3.153226137161254883e+00,3.059417724609375000e+00,4.262028217315673828e+00,4.523646354675292969e+00,1.644954875362697244e+00,3.710000000000000000e+02,0.000000000000000000e+00,0.000000000000000000e+00,2.389748936123950340e+00
5.305000000000000426e+01,2.849680900573730469e+00,2.840275287628173828e+00,3.882634162902832031e+00,4.221516609191894531e+00,1.658153410743155920e+00,4.000000000000000000e+02,0.000000000000000000e+00,0.000000000000000000e+00,2.275617771333908301e+00
5.310000000000000142e+01,2.885283470153808594e+00,2.796164512634277344e+00,4.632093429565429688e+00,4.582667827606201172e+00,1.496415485266428647e+00,3.950000000000000000e+02,0.000000000000000000e+00,0.000000000000000000e+00,2.271331454132095917e+00
5.315000000000000568e+01,2.729061603546142578e+00,2.645539760589599609e+00,4.690516948699951172e+00,5.081917762756347656e+00,1.522980063809773688e+00,3.840000000000000000e+02,0.000000000000000000e+00,0.000000000000000000e+00,2.140178963093365638e+00
5.320000000000000284e+01,2.727369785308837891e+00,2.687050104141235352e+00,4.095189094543457031e+00,4.248829841613769531e+00,1.474878564093853317e+00,3.960000000000000000e+02,0.000000000000000000e+00,0.000000000000000000e+00,2.172642836217506979e+00
5.325000000000000000e+01,2.707547664642333984e+00,2.622875690460205078e+00,3.776575088500976562e+00,2.832751512527465820e+00,1.472402429048032202e+00,3.700000000000000000e+02,0.000000000000000000e+00,0.000000000000000000e+00,2.236441747037111405e+00
5.330000000000000426e+01,2.811161994934082031e+00,2.686747074127197266e+00,3.948279380798339844e+00,3.035424947738647461e+00,1.458817163615995227e+00,3.770000000000000000e+02,0.000000000000000000e+00,0.000000000000000000e+00,2.520276502723102663e+00
5.335000000000000142e+01,2.871804714202880859e+00,2.819652795791625977e+00,4.111309528350830078e+00,3.169932603836059570e+00,1.470207828919774418e+00,3.690000000000000000e+02,0.000000000000000000e+00,0.000000000000000000e+00,2.194931793458786640e+00
5.340000000000000568e+01,2.738261461257934570e+00,2.608612775802612305e+00,3.489997625350952148e+00,2.868984937667846680e+00,1.483880810624902180e+00,3.750000000000000000e+02,0.000000000000000000e+00,0.000000000000000000e+00,2.352972388773497237e+00
5.345000000000000284e+01,2.864725828170776367e+00,2.782569169998168945e+00,3.912198543548583984e+00,3.380891323089599609e+00,1.470318155108816249e+00,3.780000000000000000e+02,0.000000000000000000e+00,0.000000000000000000e+00,2.342401957247868705e+00
5.350000000000000000e+01,2.746247291564941406e+00,2.619237422943115234e+00,4.131342887878417969e+00,3.315324783325195312e+00,1.432720039033386961e+00,4.070000000000000000e+02,0.000000000000000000e+00,0.000000000000000000e+00,2.335569577633311411e+00
5.355000000000000426e+01,2.944068908691406250e+00,2.820930719375610352e+00,3.867952823638916016e+00,3.196298837661743164e+00,1.467176340744077656e+00,3.860000000000000000e+02,0.000000000000000000e+00,0.000000000000000000e+00,2.484538785360172142e+00
5.360000000000000142e+01,2.866502761840820312e+00,2.741398572921752930e+00,3.712875604629516602e+00,2.729338169097900391e+00,1.405782001028694772e+00,4.030000000000000000e+02,0.000000000000000000e+00,0.000000000000000000e+00,2.256830311230008324e+00
5.365000000000000568e+01,2.647297859191894531e+00,2.522314071655273438e+00,3.796223640441894531e+00,2.916536808013916016e+00,1.514172975719506375e+00,4.380000000000000000e+02,0.000000000000000000e+00,0.000000000000000000e+00,2.436462529518037101e+00
5.370000000000000284e+01,2.677558660507202148e+00,2.589581012725830078e+00,3.543309926986694336e+00,2.737349271774291992e+00,1.384008641598400313e+00,3.980000000000000000e+02,1.000000000000000000e+00,0.000000000000000000e+00,2.279927310716937772e+00
5.375000000000000000e+01,2.754092454910278320e+00,2.683653831481933594e+00,3.804748058319091797e+00,3.265584945678710938e+00,1.474466913141874391e+00,3.550000000000000000e+02,0.000000000000000000e+00,0.000000000000000000e+00,2.405912494905889432e+00
5.380000000000000426e+01,2.686419486999511719e+00,2.599380493164062500e+00,3.249108791351318359e+00,2.942298412322998047e+00,1.438851679413704066e+00,3.750000000000000000e+02,0.000000000000000000e+00,0.000000000000000000e+00,2.432972155396116332e+00
5.385000000000000142e+01,2.864810943603515625e+00,2.771512985229492188e+00,3.805326461791992188e+00,3.343704938888549805e+00,1.483684372919215955e+00,3.760000000000000000e+02,0.000000000000000000e+00,0.000000000000000000e+00,2.407472019509739436e+00
5.390000000000000568e+01,2.618630409240722656e+00,2.573699712753295898e+00,3.924681186676025391e+00,3.134420156478881836e+00,1.487626916039077596e+00,4.050000000000000000e+02,0.000000000000000000e+00,0.000000000000000000e+00,2.355583884475173306e+00
5.395000000000000284e+01,2.956662654876708984e+00,2.836475372314453125e+00,3.637313604354858398e+00,3.177809238433837891e+00,1.427733800242912077e+00,4.020000000000000000e+02,0.000000000000000000e+00,0.000000000000000000e+00,2.452443570043107091e+00
5.400000000000000000e+01,2.728235960006713867e+00,2.617800712585449219e+00,3.627932071685791016e+00,3.090982437133789062e+00,1.457299380872505656e+00,3.710000000000000000e+02,0.000000000000000000e+00,0.000000000000000000e+00,2.331093218000527933e+00
5.405000000000000426e+01,2.832264423370361328e+00,2.802098035812377930e+00,4.048296451568603516e+00,3.196673870086669922e+00,1.435232969923863955e+00,3.550000000000000000e+02,0.000000000000000000e+00,0.000000000000000000e+00,2.032513915319130060e+00
5.410000000000000142e+01,2.736546039581298828e+00,2.703126430511474609e+00,3.777060031890869141e+00,2.989786624908447266e+00,1.457923597204366484e+00,3.600000000000000000e+02,0.000000000000000000e+00,0.000000000000000000e+00,2.507956622764575982e+00
5.415000000000000568e+01,2.572662591934204102e+00,2.479620933532714844e+00,3.766833782196044922e+00,2.885242462158203125e+00,1.487367210678791851e+00,3.950000000000000000e+02,0.000000000000000000e+00,0.000000000000000000e+00,2.235472681479805601e+00
5.420000000000000284e+01,2.683121681213378906e+00,2.548761367797851562e+00,3.701901435852050781e+00,3.150103569030761719e+00,1.370038822548723445e+00,3.950000000000000000e+02,0.000000000000000000e+00,0.000000000000000000e+00,2.358791475606101695e+00
5.425000000000000000e+01,2.905605077743530273e+00,2.701112270355224609e+00,3.938122034072875977e+00,3.236186742782592773e+00,1.461287840406121363e+00,3.760000000000000000e+02,0.000000000000000000e+00,0.000000000000000000e+00,2.282824856728696172e+00
5.430000000000000426e+01,2.834584474563598633e+00,2.669240474700927734e+00,3.487085819244384766e+00,2.850317955017089844e+00,1.452684644717918916e+00,3.710000000000000000e+02,0.000000000000000000e+00,0.000000000000000000e+00,2.318807318614767077e+00
5.435000000000000142e+01,2.843379020690917969e+00,2.718943119049072266e+00,3.795922279357910156e+00,3.088312149047851562e+00,1.480022160321121660e+00,4.090000000000000000e+02,0.000000000000000000e+00,0.000000000000000000e+00,2.420483399811083736e+00
5.440000000000000568e+01,2.834054946899414062e+00,2.720042705535888672e+00,3.711503744125366211e+00,3.193486928939819336e+00,1.451063117233185595e+00,3.910000000000000000e+02,0.000000000000000000e+00,0.000000000000000000e+00,2.409642602479882267e+00
5.445000000000000284e+01,2.767208814620971680e+00,2.676591634750366211e+00,3.940447330474853516e+00,3.264992237091064453e+00,1.442755290695143078e+00,4.120000000000000000e+02,0.000000000000000000e+00,0.000000000000000000e+00,2.309436858055597508e+00
5.450000000000000000e+01,2.827451229095458984e+00,2.641416549682617188e+00,4.177709102630615234e+00,3.272750854492187500e+00,1.439645766409074268e+00,4.150000000000000000e+02,0.000000000000000000e+00,0.000000000000000000e+00,2.304700653432801616e+00
5.455000000000000426e+01,2.559183835983276367e+00,2.519141435623168945e+00,3.619301319122314453e+00,3.174543857574462891e+00,1.472044000642516615e+00,4.010000000000000000e+02,0.000000000000000000e+00,0.000000000000000000e+00,2.411551354161490579e+00
5.460000000000000142e+01,2.698475360870361328e+00,2.621033191680908203e+00,3.411903619766235352e+00,2.904181718826293945e+00,1.436093348221487265e+00,3.580000000000000000e+02,0.000000000000000000e+00,0.000000000000000000e+00,2.361848732928530925e+00
5.465000000000000568e+01,2.805011749267578125e+00,2.685144424438476562e+00,3.958379268646240234e+00,3.260217189788818359e+00,1.473564373043375397e+00,4.110000000000000000e+02,0.000000000000000000e+00,0.000000000000000000e+00,2.141643741369532616e+00
5.470000000000000284e+01,2.824695110321044922e+00,2.704407691955566406e+00,3.774925231933593750e+00,3.237735986709594727e+00,1.466442079200076964e+00,4.050000000000000000e+02,0.000000000000000000e+00,0.000000000000000000e+00,2.391892381527139566e+00
5.475000000000000000e+01,2.469069242477416992e+00,2.380715847015380859e+00,3.660225868225097656e+00,3.099012374877929688e+00,1.441300062576772234e+00,4.160000000000000000e+02,0.000000000000000000e+00,0.000000000000000000e+00,2.033509498672472215e+00
5.480000000000000426e+01,2.671446800231933594e+00,2.598757982254028320e+00,3.516696453094482422e+00,3.035344839096069336e+00,1.489525712021774195e+00,4.080000000000000000e+02,0.000000000000000000e+00,0.000000000000000000e+00,2.281719943228837533e+00
5.485000000000000142e+01,2.814460992813110352e+00,2.676582336425781250e+00,3.356194496154785156e+00,3.094762802124023438e+00,1.451628209667346070e+00,4.090000000000000000e+02,0.000000000000000000e+00,0.000000000000000000e+00,2.301837831695690006e+00
5.490000000000000568e+01,2.529038190841674805e+00,2.436414480209350586e+00,3.338527202606201172e+00,2.836777210235595703e+00,1.479806580145276440e+00,4.100000000000000000e+02,0.000000000000000000e+00,0.000000000000000000e+00,2.380091980268408847e+00
5.495000000000000284e+01,2.749616622924804688e+00,2.597376108169555664e+00,3.675587654113769531e+00,3.096879482269287109e+00,1.491254038813354388e+00,3.910000000000000000e+02,0.000000000000000000e+00,0.000000000000000000e+00,2.461002489879290156e+00
5.500000000000000000e+01,2.652654409408569336e+00,2.526667356491088867e+00,4.122985839843750000e+00,3.193271398544311523e+00,1.442642814649567118e+00,3.890000000000000000e+02,0.000000000000000000e+00,0.000000000000000000e+00,2.287424343743929445e+00
5.505000000000000426e+01,2.662656068801879883e+00,2.637972831726074219e+00,3.803624868392944336e+00,3.134924173355102539e+00,1.461391890467406141e+00,4.330000000000000000e+02,0.000000000000000000e+00,0.000000000000000000e+00,2.365511813317412226e+00
5.510000000000000142e+01,2.603185653686523438e+00,2.548320770263671875e+00,3.296946048736572266e+00,2.668964624404907227e+00,1.413194559802815498e+00,4.200000000000000000e+02,1.000000000000000000e+00,0.000000000000000000e+00,2.497884079590154904e+00
5.515000000000000568e+01,2.772712230682373047e+00,2.746263027191162109e+00,3.799135684967041016e+00,3.300488471984863281e+00,1.482026043039341268e+00,3.850000000000000000e+02,0.000000000000000000e+00,0.000000000000000000e+00,2.225277229015732328e+00
5.520000000000000284e+01,2.784725666046142578e+00,2.769548892974853516e+00,3.724844455718994141e+00,2.958129405975341797e+00,1.457591429942860284e+00,3.320000000000000000e+02,0.000000000000000000e+00,0.000000000000000000e+00,2.559319718892015150e+00
5.525000000000000000e+01,2.822863817214965820e+00,2.736980915069580078e+00,3.745744705200195312e+00,3.105637550354003906e+00,1.462913042994271606e+00,3.950000000000000000e+02,0.000000000000000000e+00,0.000000000000000000e+00,2.354508433522245259e+00
5.530000000000000426e+01,2.724378585815429688e+00,2.682316064834594727e+00,3.526011943817138672e+00,2.883007287979125977e+00,1.413527340721449699e+00,3.830000000000000000e+02,0.000000000000000000e+00,0.000000000000000000e+00,2.152772314230335216e+00
5.535000000000000142e+01,3.061181068420410156e+00,3.081859588623046875e+00,3.806197643280029297e+00,3.248978853225708008e+00,1.459559312718629265e+00,3.680000000000000000e+02,0.000000000000000000e+00,0.000000000000000000e+00,2.390475958709698201e+00
5.540000000000000568e+01,2.689558029174804688e+00,2.637350797653198242e+00,3.806898593902587891e+00,3.045062065124511719e+00,1.473626879423337144e+00,3.730000000000000000e+02,0.000000000000000000e+00,0.000000000000000000e+00,2.248981767215815442e+00
5.545000000000000284e+01,2.694149255752563477e+00,2.695474863052368164e+00,3.544595718383789062e+00,3.001720905303955078e+00,1.462030854935909785e+00,4.000000000000000000e+02,0.000000000000000000e+00,0.000000000000000000e+00,2.326097737835069790e+00
5.550000000000000000e+01,3.055799484252929688e+00,2.985460996627807617e+00,3.382954597473144531e+00,3.289520740509033203e+00,1.408693616516673242e+00,3.800000000000000000e+02,0.000000000000000000e+00,0.000000000000000000e+00,2.544059943344939789e+00
5.555000000000000426e+01,2.822364568710327148e+00,2.644450426101684570e+00,3.871111869812011719e+00,3.185853719711303711e+00,1.432433180484356861e+00,3.860000000000000000e+02,0.000000000000000000e+00,0.000000000000000000e+00,2.366731850265880066e+00
5.560000000000000142e+01,2.867877244949340820e+00,2.715914487838745117e+00,3.833264827728271484e+00,3.187729835510253906e+00,1.433789885076971249e+00,4.040000000000000000e+02,0.000000000000000000e+00,0.000000000000000000e+00,2.249708023840747195e+00
5.565000000000000568e+01,2.710504055023193359e+00,2.574262380599975586e+00,3.559027910232543945e+00,2.693001270294189453e+00,1.486893207151219976e+00,3.830000000000000000e+02,0.000000000000000000e+00,0.000000000000000000e+00,2.250173422551212887e+00
5.570000000000000284e+01,2.728724479675292969e+00,2.624829769134521484e+00,3.799893856048583984e+00,2.790813922882080078e+00,1.519711522688445893e+00,3.710000000000000000e+02,0.000000000000000000e+00,0.000000000000000000e+00,2.370656660891261591e+00
5.575000000000000000e+01,2.766526937484741211e+00,2.713802814483642578e+00,3.529116868972778320e+00,3.199946880340576172e+00,1.441578614330755181e+00,3.930000000000000000e+02,0.000000000000000000e+00,0.000000000000000000e+00,2.273026997561883089e+00
5.580000000000000426e+01,2.740525722503662109e+00,2.616660118103027344e+00,3.825811147689819336e+00,3.010459899902343750e+00,1.436021492877146644e+00,3.770000000000000000e+02,0.000000000000000000e+00,0.000000000000000000e+00,2.401806498746201779e+00
5.585000000000000142e+01,2.822940826416015625e+00,2.721367120742797852e+00,3.632981777191162109e+00,3.209019899368286133e+00,1.470724582628626598e+00,4.130000000000000000e+02,0.000000000000000000e+00,0.000000000000000000e+00,2.399047383333360095e+00
5.590000000000000568e+01,2.976320743560791016e+00,2.832097053527832031e+00,4.341737270355224609e+00,3.509907245635986328e+00,1.494507989613683030e+00,3.930000000000000000e+02,0.000000000000000000e+00,0.000000000000000000e+00,2.337345314997416157e+00
5.595000000000000284e+01,2.843943595886230469e+00,2.714503765106201172e+00,3.853520870208740234e+00,3.362459897994995117e+00,1.461745112387208279e+00,3.810000000000000000e+02,0.000000000000000000e+00,0.000000000000000000e+00,2.536287903188354509e+00
5.600000000000000000e+01,2.708042621612548828e+00,2.638725757598876953e+00,3.983378410339355469e+00,3.096475124359130859e+00,1.451190709448059390e+00,3.990000000000000000e+02,0.000000000000000000e+00,0.000000000000000000e+00,2.453662154916658622e+00
5.605000000000000426e+01,2.559896707534790039e+00,2.474403381347656250e+00,3.873810529708862305e+00,2.912470340728759766e+00,1.472812123759963177e+00,3.650000000000000000e+02,0.000000000000000000e+00,0.000000000000000000e+00,2.398505051223467799e+00
5.610000000000000142e+01,2.784634590148925781e+00,2.701496839523315430e+00,3.437396287918090820e+00,3.017244577407836914e+00,1.447745456931696317e+00,3.740000000000000000e+02,0.000000000000000000e+00,0.000000000000000000e+00,2.306187966971156467e+00
5.615000000000000568e+01,2.886969089508056641e+00,2.820855617523193359e+00,3.449484825134277344e+00,3.120846509933471680e+00,1.493636852372111301e+00,3.880000000000000000e+02,0.000000000000000000e+00,0.000000000000000000e+00,2.410318344631234844e+00
5.620000000000000284e+01,2.681447029113769531e+00,2.589682579040527344e+00,3.627073526382446289e+00,3.049270153045654297e+00,1.472377061405073517e+00,3.650000000000000000e+02,0.000000000000000000e+00,0.000000000000000000e+00,2.502030600752457978e+00
5.625000000000000000e+01,2.899634599685668945e+00,2.834003448486328125e+00,3.734885454177856445e+00,3.051639556884765625e+00,1.409578389680714139e+00,4.230000000000000000e+02,0.000000000000000000e+00,0.000000000000000000e+00,2.445826439079926917e+00
5.630000000000000426e+01,2.891907691955566406e+00,2.838995933532714844e+00,3.960249662399291992e+00,3.078513383865356445e+00,1.415048410542640633e+00,3.820000000000000000e+02,0.000000000000000000e+00,0.000000000000000000e+00,2.414989665485532733e+00
5.635000000000000142e+01,2.835643768310546875e+00,2.743997097015380859e+00,3.864508152008056641e+00,3.159246206283569336e+00,1.477916099624512647e+00,3.740000000000000000e+02,0.000000000000000000e+00,0.000000000000000000e+00,2.365831758497081605e+00
5.640000000000000568e+01,2.821405410766601562e+00,2.716909408569335938e+00,3.861670970916748047e+00,3.307244777679443359e+00,1.412954389533700672e+00,3.760000000000000000e+02,0.000000000000000000e+00,0.000000000000000000e+00,2.387912984407249528e+00
5.645000000000000284e+01,2.839183330535888672e+00,2.788744211196899414e+00,3.515173196792602539e+00,2.862520456314086914e+00,1.494111526282269287e+00,3.910000000000000000e+02,0.000000000000000000e+00,0.000000000000000000e+00,2.335996673588413675e+00
5.650000000000000000e+01,2.878062486648559570e+00,2.742310762405395508e+00,3.790080547332763672e+00,3.016487121582031250e+00,1.491010445539234563e+00,4.150000000000000000e+02,0.000000000000000000e+00,0.000000000000000000e+00,2.314715058303485673e+00
5.655000000000000426e+01,3.023602008819580078e+00,2.924538850784301758e+00,4.170893669128417969e+00,3.256260156631469727e+00,1.487527420702295933e+00,3.970000000000000000e+02,0.000000000000000000e+00,0.000000000000000000e+00,2.017054534949405564e+00
5.660000000000000142e+01,3.090500354766845703e+00,2.931434869766235352e+00,3.818866014480590820e+00,3.164948463439941406e+00,1.443203172488701558e+00,4.080000000000000000e+02,0.000000000000000000e+00,0.000000000000000000e+00,2.429404909027831572e+00
5.665000000000000568e+01,2.958798646926879883e+00,2.870558261871337891e+00,4.029461860656738281e+00,3.328981637954711914e+00,1.481679605571956326e+00,3.880000000000000000e+02,0.000000000000000000e+00,0.000000000000000000e+00,2.207144744539569103e+00
5.670000000000000284e+01,2.749042272567749023e+00,2.694128513336181641e+00,3.714749336242675781e+00,3.231191635131835938e+00,1.441059553324559150e+00,3.950000000000000000e+02,0.000000000000000000e+00,0.000000000000000000e+00,2.500710172025789824e+00
5.675000000000000000e+01,2.884007453918457031e+00,2.790598392486572266e+00,3.590325355529785156e+00,2.988968133926391602e+00,1.509389596353034602e+00,3.860000000000000000e+02,0.000000000000000000e+00,0.000000000000000000e+00,2.299792804550272685e+00
5.680000000000000426e+01,2.862961292266845703e+00,2.723514556884765625e+00,4.234253883361816406e+00,3.393156528472900391e+00,1.433521533423312233e+00,3.760000000000000000e+02,0.000000000000000000e+00,0.000000000000000000e+00,2.488186709403323871e+00
5.685000000000000142e+01,2.843812465667724609e+00,2.768684387207031250e+00,3.562702894210815430e+00,2.717297077178955078e+00,1.432956680492713630e+00,4.120000000000000000e+02,0.000000000000000000e+00,0.000000000000000000e+00,2.266392713824476601e+00
5.690000000000000568e+01,2.819632530212402344e+00,2.790233612060546875e+00,3.438589334487915039e+00,2.980725526809692383e+00,1.462200872633823145e+00,3.550000000000000000e+02,0.000000000000000000e+00,0.000000000000000000e+00,2.403368673932691379e+00
5.695000000000000284e+01,2.806533575057983398e+00,2.731850147247314453e+00,3.600919485092163086e+00,3.000688314437866211e+00,1.486975868169869930e+00,3.830000000000000000e+02,0.000000000000000000e+00,0.000000000000000000e+00,2.403996999002095070e+00
5.700000000000000000e+01,2.644699811935424805e+00,2.638959646224975586e+00,3.951200246810913086e+00,3.052820205688476562e+00,1.478278011874590847e+00,4.010000000000000000e+02,0.000000000000000000e+00,0.000000000000000000e+00,2.279577281551426804e+00
5.705000000000000426e+01,2.973210573196411133e+00,2.918545246124267578e+00,4.300026893615722656e+00,3.379113197326660156e+00,1.399615646786380951e+00,3.760000000000000000e+02,0.000000000000000000e+00,0.000000000000000000e+00,2.399953926272081706e+00
5.710000000000000142e+01,2.847712516784667969e+00,2.804996967315673828e+00,3.712494373321533203e+00,3.082129716873168945e+00,1.496340355044669890e+00,3.840000000000000000e+02,0.000000000000000000e+00,0.000000000000000000e+00,2.376964592458595593e+00
5.715000000000000568e+01,2.972106933593750000e+00,2.857746601104736328e+00,4.099793910980224609e+00,3.310494899749755859e+00,1.479842049282336092e+00,4.180000000000000000e+02,0.000000000000000000e+00,0.000000000000000000e+00,2.350550496686433011e+00
5.720000000000000284e+01,2.794697523117065430e+00,2.801554441452026367e+00,3.712908744812011719e+00,3.335017204284667969e+00,1.476172738046798161e+00,3.970000000000000000e+02,0.000000000000000000e+00,0.000000000000000000e+00,2.395140359485597781e+00
5.725000000000000000e+01,2.814296483993530273e+00,2.749785900115966797e+00,3.946073055267333984e+00,3.076469421386718750e+00,1.418147065435353849e+00,3.690000000000000000e+02,0.000000000000000000e+00,0.000000000000000000e+00,2.297422597475857309e+00
5.730000000000000426e+01,3.060005187988281250e+00,2.933850288391113281e+00,3.754341125488281250e+00,3.084394931793212891e+00,1.497261393298197074e+00,3.830000000000000000e+02,0.000000000000000000e+00,0.000000000000000000e+00,2.442824419722686713e+00
5.735000000000000142e+01,2.867804527282714844e+00,2.766503810882568359e+00,3.710147857666015625e+00,2.981822252273559570e+00,1.421913403629219808e+00,3.470000000000000000e+02,0.000000000000000000e+00,0.000000000000000000e+00,2.371873910600723168e+00
5.740000000000000568e+01,2.615469932556152344e+00,2.536491870880126953e+00,3.666105270385742188e+00,3.118353128433227539e+00,1.471066006487420585e+00,3.990000000000000000e+02,0.000000000000000000e+00,0.000000000000000000e+00,2.267635600331465273e+00
5.745000000000000284e+01,2.823088169097900391e+00,2.763702869415283203e+00,3.908459663391113281e+00,3.259770393371582031e+00,1.485259816704858293e+00,4.010000000000000000e+02,0.000000000000000000e+00,0.000000000000000000e+00,2.197264011115873661e+00
5.750000000000000000e+01,2.836861848831176758e+00,2.778596401214599609e+00,3.948027610778808594e+00,3.098053455352783203e+00,1.479636691451708508e+00,4.080000000000000000e+02,0.000000000000000000e+00,0.000000000000000000e+00,2.411803857703092469e+00
5.755000000000000426e+01,2.833836078643798828e+00,2.768338918685913086e+00,4.138954639434814453e+00,3.132912635803222656e+00,1.453833575675168577e+00,4.200000000000000000e+02,0.000000000000000000e+00,0.000000000000000000e+00,2.223862331593405628e+00
5.760000000000000142e+01,2.860203742980957031e+00,2.821971416473388672e+00,3.668303489685058594e+00,3.123548507690429688e+00,1.478827923498749364e+00,3.930000000000000000e+02,0.000000000000000000e+00,0.000000000000000000e+00,2.407758708281019455e+00
5.765000000000000568e+01,2.638919115066528320e+00,2.614000797271728516e+00,3.749753236770629883e+00,2.833351612091064453e+00,1.454223104334333216e+00,4.050000000000000000e+02,0.000000000000000000e+00,0.000000000000000000e+00,2.368669196879776173e+00
5.770000000000000284e+01,2.693972349166870117e+00,2.623826265335083008e+00,3.774100780487060547e+00,2.981629610061645508e+00,1.458108522485249470e+00,3.860000000000000000e+02,0.000000000000000000e+00,0.000000000000000000e+00,2.236376830960433271e+00
5.775000000000000000e+01,2.777823209762573242e+00,2.688394069671630859e+00,3.777424097061157227e+00,2.998355388641357422e+00,1.468612078892095330e+00,4.180000000000000000e+02,0.000000000000000000e+00,0.000000000000000000e+00,2.420934515476734106e+00
5.780000000000000426e+01,2.840204715728759766e+00,2.762712955474853516e+00,3.462723493576049805e+00,2.971182107925415039e+00,1.447599701940729844e+00,4.130000000000000000e+02,0.000000000000000000e+00,0.000000000000000000e+00,2.310205681455135718e+00
5.785000000000000142e+01,2.889892816543579102e+00,2.736570596694946289e+00,4.080968856811523438e+00,3.182122945785522461e+00,1.479380905656737522e+00,3.750000000000000000e+02,0.000000000000000000e+00,0.000000000000000000e+00,1.868174317749677016e+00
5.790000000000000568e+01,2.607126712799072266e+00,2.528156995773315430e+00,4.019808769226074219e+00,3.162700176239013672e+00,1.444380393246619043e+00,3.710000000000000000e+02,0.000000000000000000e+00,0.000000000000000000e+00,2.531593434620952543e+00
5.795000000000000284e+01,2.599137783050537109e+00,2.491162061691284180e+00,3.517925262451171875e+00,2.804137468338012695e+00,1.452166622011620500e+00,3.750000000000000000e+02,0.000000000000000000e+00,0.000000000000000000e+00,2.285761579385155784e+00
5.800000000000000000e+01,2.680473804473876953e+00,2.551841259002685547e+00,3.770793437957763672e+00,3.025231361389160156e+00,1.486234534237842242e+00,4.170000000000000000e+02,0.000000000000000000e+00,0.000000000000000000e+00,2.329699219373313479e+00
5.805000000000000426e+01,2.652244091033935547e+00,2.563943624496459961e+00,3.653815984725952148e+00,2.781916856765747070e+00,1.424807940330836908e+00,3.800000000000000000e+02,0.000000000000000000e+00,0.000000000000000000e+00,2.300159213070766651e+00
5.810000000000000142e+01,2.686349153518676758e+00,2.608983039855957031e+00,3.835881948471069336e+00,2.931427478790283203e+00,1.484751417526983586e+00,4.100000000000000000e+02,0.000000000000000000e+00,0.000000000000000000e+00,2.345135109903211390e+00
5.815000000000000568e+01,2.505806922912597656e+00,2.440532445907592773e+00,3.708481550216674805e+00,3.125198364257812500e+00,1.417989358839430558e+00,3.830000000000000000e+02,0.000000000000000000e+00,0.000000000000000000e+00,2.429072222637279399e+00
5.820000000000000284e+01,2.940575838088989258e+00,2.894733905792236328e+00,4.263391971588134766e+00,3.396471023559570312e+00,1.507272320364248186e+00,3.690000000000000000e+02,0.000000000000000000e+00,0.000000000000000000e+00,2.470937278660797709e+00
5.825000000000000000e+01,2.881036996841430664e+00,2.774811744689941406e+00,3.671098709106445312e+00,3.168030023574829102e+00,1.496545307774413747e+00,4.110000000000000000e+02,0.000000000000000000e+00,0.000000000000000000e+00,2.414317032631275062e+00
5.830000000000000426e+01,2.761783123016357422e+00,2.609434604644775391e+00,3.867475509643554688e+00,3.394031763076782227e+00,1.450661783389842530e+00,4.070000000000000000e+02,0.000000000000000000e+00,0.000000000000000000e+00,2.448880052454466494e+00
5.835000000000000142e+01,2.910129070281982422e+00,2.847681045532226562e+00,4.019279003143310547e+00,3.281077384948730469e+00,1.434721003135247308e+00,3.900000000000000000e+02,0.000000000000000000e+00,0.000000000000000000e+00,2.287481649668131833e+00
5.840000000000000568e+01,2.877103328704833984e+00,2.873627662658691406e+00,3.562492132186889648e+00,3.156737804412841797e+00,1.453712251710276959e+00,4.030000000000000000e+02,1.000000000000000000e+00,0.000000000000000000e+00,2.386898658212934343e+00
5.845000000000000284e+01,2.672661542892456055e+00,2.585802078247070312e+00,3.655044078826904297e+00,3.031862020492553711e+00,1.372992175868093412e+00,4.170000000000000000e+02,0.000000000000000000e+00,0.000000000000000000e+00,2.412878208751827458e+00
5.850000000000000000e+01,2.707098722457885742e+00,2.699839115142822266e+00,3.765056371688842773e+00,2.882343769073486328e+00,1.440373393847803385e+00,3.960000000000000000e+02,0.000000000000000000e+00,0.000000000000000000e+00,2.466758127984867155e+00
5.855000000000000426e+01,2.803543806076049805e+00,2.714967489242553711e+00,3.806064367294311523e+00,3.055511951446533203e+00,1.481017264439978387e+00,3.670000000000000000e+02,0.000000000000000000e+00,0.000000000000000000e+00,2.411830226285293755e+00
5.860000000000000142e+01,2.921644210815429688e+00,2.850877285003662109e+00,3.825746059417724609e+00,3.181338787078857422e+00,1.475700033137919087e+00,4.120000000000000000e+02,0.000000000000000000e+00,0.000000000000000000e+00,2.170823850295899415e+00
5.865000000000000568e+01,3.005653619766235352e+00,2.906860113143920898e+00,3.418810367584228516e+00,2.873331069946289062e+00,1.437544671175291500e+00,3.770000000000000000e+02,0.000000000000000000e+00,0.000000000000000000e+00,2.446594140925000715e+00
5.870000000000000284e+01,2.820693254470825195e+00,2.680191993713378906e+00,4.092553138732910156e+00,3.162482738494873047e+00,1.427437913861929530e+00,4.020000000000000000e+02,0.000000000000000000e+00,0.000000000000000000e+00,2.192591528146198510e+00
5.875000000000000000e+01,2.865613937377929688e+00,2.790957450866699219e+00,3.887335300445556641e+00,3.025496482849121094e+00,1.447941400474745732e+00,3.950000000000000000e+02,0.000000000000000000e+00,0.000000000000000000e+00,2.378793640095135498e+00
5.880000000000000426e+01,2.797216892242431641e+00,2.655384302139282227e+00,3.901791810989379883e+00,3.253820419311523438e+00,1.445273940710908089e+00,3.800000000000000000e+02,0.000000000000000000e+00,0.000000000000000000e+00,2.350661215530241765e+00
5.885000000000000142e+01,2.758001089096069336e+00,2.623803615570068359e+00,3.854586124420166016e+00,3.272340536117553711e+00,1.447354011572501431e+00,3.790000000000000000e+02,0.000000000000000000e+00,0.000000000000000000e+00,2.382412600507132439e+00
5.890000000000000568e+01,3.048932075500488281e+00,2.915734767913818359e+00,3.794183492660522461e+00,3.055212020874023438e+00,1.444608085355763460e+00,3.770000000000000000e+02,0.000000000000000000e+00,0.000000000000000000e+00,2.497528548738943588e+00
5.895000000000000284e+01,2.693512439727783203e+00,2.627925634384155273e+00,3.765425443649291992e+00,3.476865530014038086e+00,1.434170687663222976e+00,3.750000000000000000e+02,0.000000000000000000e+00,0.000000000000000000e+00,2.411249728646996715e+00
5.900000000000000000e+01,2.933617830276489258e+00,2.852299690246582031e+00,3.651245117187500000e+00,3.345415115356445312e+00,1.425250553542060983e+00,3.320000000000000000e+02,0.000000000000000000e+00,0.000000000000000000e+00,2.510986500279807743e+00
5.905000000000000426e+01,2.878390550613403320e+00,2.789033412933349609e+00,3.848654747009277344e+00,3.374479770660400391e+00,1.431624663564249111e+00,4.000000000000000000e+02,0.000000000000000000e+00,0.000000000000000000e+00,2.393754676960583083e+00
5.910000000000000142e+01,2.792106866836547852e+00,2.647474765777587891e+00,3.960968971252441406e+00,3.347146034240722656e+00,1.472392323294753558e+00,3.560000000000000000e+02,0.000000000000000000e+00,0.000000000000000000e+00,2.503279614592830438e+00
5.915000000000000568e+01,2.797430992126464844e+00,2.695294857025146484e+00,3.883405685424804688e+00,3.483674049377441406e+00,1.474354817905296322e+00,3.810000000000000000e+02,0.000000000000000000e+00,0.000000000000000000e+00,2.405556382525717574e+00
5.920000000000000284e+01,2.983581066131591797e+00,2.863223791122436523e+00,4.163728237152099609e+00,3.589855194091796875e+00,1.372751846396469855e+00,3.800000000000000000e+02,0.000000000000000000e+00,0.000000000000000000e+00,2.431956373540469230e+00
5.925000000000000000e+01,2.767286300659179688e+00,2.614580154418945312e+00,3.883742809295654297e+00,3.214950561523437500e+00,1.459087235107225711e+00,3.820000000000000000e+02,0.000000000000000000e+00,0.000000000000000000e+00,2.374374641549326093e+00
5.930000000000000426e+01,2.917530536651611328e+00,2.829128503799438477e+00,4.055562973022460938e+00,3.158111810684204102e+00,1.335238847941425888e+00,3.710000000000000000e+02,0.000000000000000000e+00,0.000000000000000000e+00,2.311318746551306536e+00
5.935000000000000142e+01,2.891548156738281250e+00,2.767295360565185547e+00,4.281267642974853516e+00,3.422795534133911133e+00,1.471141654213466987e+00,3.800000000000000000e+02,0.000000000000000000e+00,0.000000000000000000e+00,2.456620197300442676e+00
5.940000000000000568e+01,2.751494646072387695e+00,2.612776756286621094e+00,3.714972972869873047e+00,3.001907348632812500e+00,1.478282253944784630e+00,3.950000000000000000e+02,0.000000000000000000e+00,0.000000000000000000e+00,2.281475938199482023e+00
5.945000000000000284e+01,2.863472700119018555e+00,2.766131401062011719e+00,3.886382579803466797e+00,3.254400730133056641e+00,1.437504452664909671e+00,3.920000000000000000e+02,1.000000000000000000e+00,0.000000000000000000e+00,2.258461960199385832e+00
5.950000000000000000e+01,3.053502082824707031e+00,2.906877994537353516e+00,3.720521688461303711e+00,3.494864463806152344e+00,1.411645843837693093e+00,4.320000000000000000e+02,0.000000000000000000e+00,0.000000000000000000e+00,2.344741424174634492e+00
5.955000000000000426e+01,3.004604339599609375e+00,2.832216024398803711e+00,3.329465150833129883e+00,2.895102977752685547e+00,1.436231453721679596e+00,3.930000000000000000e+02,0.000000000000000000e+00,0.000000000000000000e+00,2.380473573341726379e+00
5.960000000000000142e+01,2.786468505859375000e+00,2.635457038879394531e+00,4.302413463592529297e+00,3.335683822631835938e+00,1.428790751520210067e+00,3.870000000000000000e+02,0.000000000000000000e+00,0.000000000000000000e+00,2.484576935341535897e+00
5.965000000000000568e+01,3.001676797866821289e+00,2.918935298919677734e+00,3.706284046173095703e+00,3.021583318710327148e+00,1.444423876476450985e+00,3.590000000000000000e+02,0.000000000000000000e+00,0.000000000000000000e+00,2.441177302685727746e+00
5.970000000000000284e+01,3.008219718933105469e+00,2.837605953216552734e+00,3.591984748840332031e+00,3.048120737075805664e+00,1.473282030993615876e+00,3.570000000000000000e+02,0.000000000000000000e+00,0.000000000000000000e+00,2.435179394981466849e+00
5.975000000000000000e+01,2.921497821807861328e+00,2.774808645248413086e+00,3.969866275787353516e+00,3.039803504943847656e+00,1.430468004964791540e+00,3.960000000000000000e+02,0.000000000000000000e+00,0.000000000000000000e+00,2.503758924893313864e+00
5.980000000000000426e+01,2.928297281265258789e+00,2.793282270431518555e+00,3.611910820007324219e+00,3.054127931594848633e+00,1.426480140624481141e+00,4.290000000000000000e+02,0.000000000000000000e+00,0.000000000000000000e+00,2.531047610644511892e+00
5.985000000000000142e+01,2.699303865432739258e+00,2.597663879394531250e+00,3.696107387542724609e+00,3.336102008819580078e+00,1.486357895560195708e+00,3.550000000000000000e+02,0.000000000000000000e+00,0.000000000000000000e+00,2.351058639278991613e+00
5.990000000000000568e+01,2.922470808029174805e+00,2.907618284225463867e+00,3.767738103866577148e+00,2.987563848495483398e+00,1.412736637325553879e+00,3.970000000000000000e+02,0.000000000000000000e+00,0.000000000000000000e+00,2.182713662485273876e+00
5.995000000000000284e+01,2.870860099792480469e+00,2.840956211090087891e+00,3.661558628082275391e+00,3.652715921401977539e+00,1.465405079143667022e+00,3.830000000000000000e+02,1.000000000000000000e+00,0.000000000000000000e+00,2.366032086537076751e+00
6.000000000000000000e+01,2.753891706466674805e+00,2.707433938980102539e+00,3.505462646484375000e+00,3.518728733062744141e+00,1.420566117670543971e+00,3.780000000000000000e+02,0.000000000000000000e+00,0.000000000000000000e+00,2.168363070815384042e+00
6.005000000000000426e+01,2.940101146697998047e+00,2.896423816680908203e+00,3.572449207305908203e+00,3.508935451507568359e+00,1.444665590073038075e+00,4.110000000000000000e+02,0.000000000000000000e+00,0.000000000000000000e+00,2.339535421699493689e+00
6.010000000000000142e+01,2.988149642944335938e+00,2.941332101821899414e+00,4.140822410583496094e+00,4.507464408874511719e+00,1.449044281207898965e+00,3.830000000000000000e+02,0.000000000000000000e+00,0.000000000000000000e+00,2.285357389075097334e+00
6.015000000000000568e+01,3.056106805801391602e+00,3.012343883514404297e+00,4.422777652740478516e+00,4.491828918457031250e+00,1.509981943095711099e+00,4.210000000000000000e+02,0.000000000000000000e+00,0.000000000000000000e+00,2.294739450511735335e+00
6.020000000000000284e+01,2.872719287872314453e+00,2.877484560012817383e+00,4.521941661834716797e+00,4.646203994750976562e+00,1.448042102540612941e+00,4.250000000000000000e+02,1.000000000000000000e+00,0.000000000000000000e+00,1.800632190977746516e+00
6.025000000000000000e+01,2.898243427276611328e+00,2.874593973159790039e+00,3.696205377578735352e+00,3.694267511367797852e+00,1.444522436179197289e+00,4.120000000000000000e+02,0.000000000000000000e+00,0.000000000000000000e+00,2.322417277272602831e+00
6.030000000000000426e+01,2.914187908172607422e+00,2.878881692886352539e+00,3.679268598556518555e+00,3.562243461608886719e+00,1.433239456349795216e+00,3.750000000000000000e+02,0.000000000000000000e+00,0.000000000000000000e+00,2.393232554401157675e+00
6.035000000000000142e+01,2.853304147720336914e+00,2.787924766540527344e+00,3.943793296813964844e+00,4.191629409790039062e+00,1.464749120432211393e+00,3.820000000000000000e+02,0.000000000000000000e+00,0.000000000000000000e+00,1.911700075414621391e+00
6.040000000000000568e+01,2.858890295028686523e+00,2.837702751159667969e+00,3.425429821014404297e+00,3.724301099777221680e+00,1.487613184760636198e+00,3.910000000000000000e+02,0.000000000000000000e+00,0.000000000000000000e+00,2.465714525645245292e+00
6.045000000000000284e+01,2.810392141342163086e+00,2.733657836914062500e+00,4.329199314117431641e+00,4.571727752685546875e+00,1.472761177125012644e+00,4.030000000000000000e+02,1.000000000000000000e+00,0.000000000000000000e+00,2.316908051937808910e+00
6.050000000000000000e+01,2.999531984329223633e+00,2.951313495635986328e+00,4.191259384155273438e+00,4.544023036956787109e+00,1.459074679500208305e+00,4.100000000000000000e+02,0.000000000000000000e+00,0.000000000000000000e+00,2.295599584933193160e+00
6.055000000000000426e+01,2.899247646331787109e+00,2.861988782882690430e+00,4.619899272918701172e+00,4.642033100128173828e+00,1.468684335467118851e+00,4.250000000000000000e+02,1.000000000000000000e+00,0.000000000000000000e+00,2.269488531213124993e+00
6.060000000000000142e+01,2.959835767745971680e+00,2.954103469848632812e+00,3.676482439041137695e+00,3.596523761749267578e+00,1.396713879351194398e+00,3.850000000000000000e+02,1.000000000000000000e+00,0.000000000000000000e+00,2.462572757348878039e+00
6.065000000000000568e+01,3.267291069030761719e+00,3.255384445190429688e+00,4.080291748046875000e+00,4.255110263824462891e+00,1.419449113614332791e+00,3.860000000000000000e+02,1.000000000000000000e+00,0.000000000000000000e+00,2.332388787193393043e+00
6.070000000000000284e+01,2.901259899139404297e+00,2.890996932983398438e+00,3.941367149353027344e+00,4.117233753204345703e+00,1.421885122969266169e+00,4.150000000000000000e+02,0.000000000000000000e+00,0.000000000000000000e+00,2.244782047426023830e+00
6.075000000000000000e+01,3.051374912261962891e+00,2.954386711120605469e+00,3.987494468688964844e+00,4.117827892303466797e+00,1.444168935974343260e+00,3.860000000000000000e+02,0.000000000000000000e+00,0.000000000000000000e+00,2.262847770148658899e+00
6.080000000000000426e+01,2.878004074096679688e+00,2.844694614410400391e+00,4.253607749938964844e+00,4.304246425628662109e+00,1.494549159550905948e+00,4.130000000000000000e+02,1.000000000000000000e+00,0.000000000000000000e+00,2.223131139118133870e+00
6.085000000000000142e+01,2.970075845718383789e+00,2.915287017822265625e+00,3.474097251892089844e+00,3.056222915649414062e+00,1.381508329502930899e+00,3.740000000000000000e+02,0.000000000000000000e+00,0.000000000000000000e+00,2.317958271977694107e+00
6.090000000000000568e+01,2.856349706649780273e+00,2.788344860076904297e+00,3.915596485137939453e+00,4.004632949829101562e+00,1.434081825374176944e+00,3.820000000000000000e+02,0.000000000000000000e+00,0.000000000000000000e+00,2.395809469808508396e+00
6.095000000000000284e+01,2.893363952636718750e+00,2.814745903015136719e+00,3.965850830078125000e+00,4.264002323150634766e+00,1.411233727592378973e+00,3.850000000000000000e+02,1.000000000000000000e+00,0.000000000000000000e+00,2.261351366498481230e+00
6.100000000000000000e+01,3.003695011138916016e+00,2.968176841735839844e+00,3.424613237380981445e+00,3.733997344970703125e+00,1.416123069181935090e+00,3.820000000000000000e+02,0.000000000000000000e+00,0.000000000000000000e+00,2.472544516638667478e+00
6.105000000000000426e+01,2.883195638656616211e+00,2.792558908462524414e+00,3.900892496109008789e+00,4.462662696838378906e+00,1.515260954681362238e+00,3.810000000000000000e+02,0.000000000000000000e+00,0.000000000000000000e+00,2.272162939565953277e+00
6.110000000000000142e+01,2.650321960449218750e+00,2.582168340682983398e+00,3.835166454315185547e+00,3.564906120300292969e+00,1.446906776823211560e+00,3.830000000000000000e+02,0.000000000000000000e+00,0.000000000000000000e+00,2.412924578417213972e+00
6.115000000000000568e+01,2.547317028045654297e+00,2.468465805053710938e+00,3.110105752944946289e+00,3.154384851455688477e+00,1.444323830444666834e+00,3.940000000000000000e+02,0.000000000000000000e+00,0.000000000000000000e+00,2.395473943597751454e+00
6.120000000000000284e+01,2.662085294723510742e+00,2.592956066131591797e+00,3.716894149780273438e+00,3.357025623321533203e+00,1.442010320169841542e+00,3.980000000000000000e+02,0.000000000000000000e+00,0.000000000000000000e+00,2.218531734618482076e+00
6.125000000000000000e+01,2.795997142791748047e+00,2.722743749618530273e+00,3.279784917831420898e+00,3.262528419494628906e+00,1.437916872897966547e+00,3.970000000000000000e+02,0.000000000000000000e+00,0.000000000000000000e+00,2.362893508160754497e+00
6.130000000000000426e+01,2.925572872161865234e+00,2.944946527481079102e+00,3.884281635284423828e+00,3.979497194290161133e+00,1.452494167697812699e+00,3.860000000000000000e+02,0.000000000000000000e+00,0.000000000000000000e+00,2.369069698651911970e+00
6.135000000000000142e+01,2.835880756378173828e+00,2.755476474761962891e+00,3.734967708587646484e+00,3.822330474853515625e+00,1.454319734435405076e+00,3.830000000000000000e+02,0.000000000000000000e+00,0.000000000000000000e+00,2.186192556073013105e+00
6.140000000000000568e+01,2.797491073608398438e+00,2.743522644042968750e+00,3.834017276763916016e+00,4.052151679992675781e+00,1.458843198768915661e+00,3.970000000000000000e+02,0.000000000000000000e+00,0.000000000000000000e+00,2.280650746906485615e+00
6.145000000000000284e+01,2.681247949600219727e+00,2.606320619583129883e+00,4.844320297241210938e+00,4.967589855194091797e+00,1.434811451885029454e+00,3.800000000000000000e+02,1.000000000000000000e+00,0.000000000000000000e+00,2.421520451143012842e+00
6.150000000000000000e+01,2.701685190200805664e+00,2.661481857299804688e+00,3.926635742187500000e+00,3.971920013427734375e+00,1.453008152659677199e+00,3.840000000000000000e+02,0.000000000000000000e+00,0.000000000000000000e+00,2.179057484008971812e+00
6.155000000000000426e+01,2.687755107879638672e+00,2.666303157806396484e+00,4.147570610046386719e+00,4.189841747283935547e+00,1.509409531271317606e+00,3.840000000000000000e+02,2.000000000000000000e+00,0.000000000000000000e+00,2.451963883506741659e+00
6.160000000000000142e+01,2.967664241790771484e+00,2.889517307281494141e+00,4.345963954925537109e+00,4.189128875732421875e+00,1.505897917160810007e+00,3.940000000000000000e+02,0.000000000000000000e+00,0.000000000000000000e+00,2.302095404241246701e+00
6.165000000000000568e+01,2.889098167419433594e+00,2.772569417953491211e+00,3.912223815917968750e+00,4.069595336914062500e+00,1.451366278195187043e+00,3.890000000000000000e+02,0.000000000000000000e+00,0.000000000000000000e+00,2.281768518424903025e+00
6.170000000000000284e+01,2.654183387756347656e+00,2.615905284881591797e+00,4.021246910095214844e+00,3.890600681304931641e+00,1.479995381705667912e+00,3.610000000000000000e+02,0.000000000000000000e+00,0.000000000000000000e+00,2.325540775279019368e+00
6.175000000000000000e+01,2.779473066329956055e+00,2.631253242492675781e+00,4.524824142456054688e+00,4.632427692413330078e+00,1.466076681842951368e+00,4.000000000000000000e+02,0.000000000000000000e+00,0.000000000000000000e+00,2.323051725764981423e+00
6.180000000000000426e+01,2.851104736328125000e+00,2.752861499786376953e+00,4.769207000732421875e+00,4.670536041259765625e+00,1.474879338475522328e+00,3.480000000000000000e+02,1.000000000000000000e+00,0.000000000000000000e+00,2.409649223091333781e+00
6.185000000000000142e+01,2.880741119384765625e+00,2.878505945205688477e+00,4.282933235168457031e+00,4.472960472106933594e+00,1.510554433144305708e+00,3.540000000000000000e+02,0.000000000000000000e+00,0.000000000000000000e+00,2.415544947326426328e+00
6.190000000000000568e+01,3.033565998077392578e+00,2.985506534576416016e+00,4.015370368957519531e+00,4.044110298156738281e+00,1.481448305414645450e+00,4.260000000000000000e+02,0.000000000000000000e+00,0.000000000000000000e+00,2.307313111006704887e+00
6.195000000000000284e+01,2.712416172027587891e+00,2.644271850585937500e+00,3.898241043090820312e+00,3.854955673217773438e+00,1.466919711317555386e+00,3.510000000000000000e+02,0.000000000000000000e+00,0.000000000000000000e+00,2.313632379002368733e+00
6.200000000000000000e+01,2.598895788192749023e+00,2.571141958236694336e+00,4.762701034545898438e+00,4.989575862884521484e+00,1.458575005421945292e+00,4.010000000000000000e+02,1.000000000000000000e+00,0.000000000000000000e+00,2.002270368352093932e+00
6.205000000000000426e+01,2.755699396133422852e+00,2.712468147277832031e+00,4.602568626403808594e+00,4.668945789337158203e+00,1.480545789949069935e+00,3.540000000000000000e+02,1.000000000000000000e+00,0.000000000000000000e+00,2.308657556892754315e+00
6.210000000000000142e+01,2.825271844863891602e+00,2.790958881378173828e+00,4.652375221252441406e+00,4.805058956146240234e+00,1.459639289963906350e+00,3.720000000000000000e+02,2.000000000000000000e+00,0.000000000000000000e+00,2.372488375210310529e+00
6.215000000000000568e+01,2.807654380798339844e+00,2.762427806854248047e+00,4.062524795532226562e+00,4.351843833923339844e+00,1.561884591045445525e+00,3.900000000000000000e+02,0.000000000000000000e+00,0.000000000000000000e+00,2.259441227434046517e+00
6.220000000000000284e+01,2.778800010681152344e+00,2.643859624862670898e+00,4.168732643127441406e+00,4.299962997436523438e+00,1.585540475283434780e+00,4.070000000000000000e+02,0.000000000000000000e+00,0.000000000000000000e+00,2.249823726293372239e+00
6.225000000000000000e+01,2.772753238677978516e+00,2.742943763732910156e+00,5.040671825408935547e+00,4.947908878326416016e+00,1.564963408922609656e+00,3.550000000000000000e+02,1.000000000000000000e+00,0.000000000000000000e+00,2.217293132764190045e+00
6.230000000000000426e+01,2.705696582794189453e+00,2.566539049148559570e+00,5.457453727722167969e+00,5.145685672760009766e+00,1.625638869583274415e+00,3.850000000000000000e+02,0.000000000000000000e+00,0.000000000000000000e+00,2.275631319138219588e+00
6.235000000000000142e+01,2.719921588897705078e+00,2.651924610137939453e+00,4.792657375335693359e+00,4.833775043487548828e+00,1.573485395072780291e+00,3.840000000000000000e+02,1.000000000000000000e+00,0.000000000000000000e+00,2.285277731161751369e+00
6.240000000000000568e+01,2.719630956649780273e+00,2.618689298629760742e+00,5.485589027404785156e+00,5.140717506408691406e+00,1.627450356951188892e+00,3.570000000000000000e+02,0.000000000000000000e+00,0.000000000000000000e+00,2.253355736477628213e+00
6.245000000000000284e+01,2.743735074996948242e+00,2.665835380554199219e+00,5.266141891479492188e+00,5.095681190490722656e+00,1.576734897643716771e+00,3.760000000000000000e+02,0.000000000000000000e+00,0.000000000000000000e+00,2.360903628088592665e+00
6.250000000000000000e+01,2.874525070190429688e+00,2.780301094055175781e+00,5.244662284851074219e+00,5.037553310394287109e+00,1.571151702469191669e+00,3.740000000000000000e+02,0.000000000000000000e+00,0.000000000000000000e+00,2.259283853333071690e+00
6.255000000000000426e+01,2.787293195724487305e+00,2.757682800292968750e+00,5.188770771026611328e+00,5.487363815307617188e+00,1.569261917138503604e+00,4.100000000000000000e+02,1.000000000000000000e+00,0.000000000000000000e+00,2.229475699878474160e+00
6.260000000000000142e+01,2.613359689712524414e+00,2.548518180847167969e+00,5.093904018402099609e+00,5.353588104248046875e+00,1.505511320611273796e+00,4.170000000000000000e+02,1.000000000000000000e+00,0.000000000000000000e+00,2.377362833866023983e+00
6.265000000000000568e+01,2.655686855316162109e+00,2.576095819473266602e+00,5.385322093963623047e+00,5.375013351440429688e+00,1.527529647946941793e+00,3.630000000000000000e+02,0.000000000000000000e+00,0.000000000000000000e+00,2.312326264685799160e+00
6.270000000000000284e+01,2.940157651901245117e+00,2.885329246520996094e+00,5.311680316925048828e+00,5.056910991668701172e+00,1.643616363109988932e+00,4.090000000000000000e+02,0.000000000000000000e+00,0.000000000000000000e+00,2.340307418287260965e+00
6.275000000000000000e+01,2.655019760131835938e+00,2.638489723205566406e+00,5.244219779968261719e+00,4.840088367462158203e+00,1.575537597461817541e+00,3.610000000000000000e+02,0.000000000000000000e+00,0.000000000000000000e+00,2.330961506971877650e+00
6.280000000000000426e+01,2.819465398788452148e+00,2.827771663665771484e+00,5.321550369262695312e+00,5.117763519287109375e+00,1.560116663400100467e+00,3.620000000000000000e+02,0.000000000000000000e+00,0.000000000000000000e+00,2.402447081821627695e+00
6.285000000000000142e+01,2.767427444458007812e+00,2.668769836425781250e+00,5.141709327697753906e+00,5.429714202880859375e+00,1.599021382511640166e+00,3.590000000000000000e+02,0.000000000000000000e+00,0.000000000000000000e+00,2.324299148698627970e+00
6.290000000000000568e+01,2.770209074020385742e+00,2.642256259918212891e+00,5.075342178344726562e+00,5.243789672851562500e+00,1.592153392659853228e+00,3.300000000000000000e+02,1.000000000000000000e+00,0.000000000000000000e+00,2.429303486258977962e+00
6.295000000000000284e+01,2.828811407089233398e+00,2.753199577331542969e+00,5.085758686065673828e+00,4.986341476440429688e+00,1.606800565978293793e+00,3.760000000000000000e+02,0.000000000000000000e+00,0.000000000000000000e+00,2.431820783328107360e+00
6.300000000000000000e+01,2.701318740844726562e+00,2.670756816864013672e+00,4.844683647155761719e+00,5.174593448638916016e+00,1.575383210410580492e+00,3.860000000000000000e+02,0.000000000000000000e+00,0.000000000000000000e+00,2.490423825454429529e+00
6.305000000000000426e+01,2.824785947799682617e+00,2.774002313613891602e+00,4.695678710937500000e+00,4.359470367431640625e+00,1.594350239309402006e+00,3.710000000000000000e+02,0.000000000000000000e+00,0.000000000000000000e+00,2.290293296978741733e+00
6.310000000000000142e+01,2.721310853958129883e+00,2.660311460494995117e+00,5.165966033935546875e+00,4.896169185638427734e+00,1.615681760461921135e+00,3.850000000000000000e+02,0.000000000000000000e+00,0.000000000000000000e+00,2.260396702020326387e+00
6.315000000000000568e+01,2.832720518112182617e+00,2.740087270736694336e+00,5.137109756469726562e+00,5.116078853607177734e+00,1.606563386778376845e+00,3.770000000000000000e+02,0.000000000000000000e+00,0.000000000000000000e+00,2.219130154610141403e+00
6.320000000000000284e+01,2.807360887527465820e+00,2.776726245880126953e+00,5.327930927276611328e+00,5.116802215576171875e+00,1.579636983138406059e+00,3.810000000000000000e+02,0.000000000000000000e+00,0.000000000000000000e+00,2.225493235784674173e+00
6.325000000000000000e+01,2.713950634002685547e+00,2.652101278305053711e+00,4.995611190795898438e+00,4.833888530731201172e+00,1.560450561855809770e+00,3.150000000000000000e+02,1.000000000000000000e+00,0.000000000000000000e+00,2.317923064938538946e+00
6.330000000000000426e+01,2.952432870864868164e+00,2.915849924087524414e+00,4.855434417724609375e+00,5.027454376220703125e+00,1.560729820743646856e+00,3.960000000000000000e+02,1.000000000000000000e+00,0.000000000000000000e+00,2.239245291640359792e+00
6.335000000000000142e+01,3.053094387054443359e+00,3.002361774444580078e+00,5.158204078674316406e+00,5.145256996154785156e+00,1.585475972039835924e+00,3.880000000000000000e+02,0.000000000000000000e+00,0.000000000000000000e+00,2.367800069291695397e+00
6.340000000000000568e+01,2.944276332855224609e+00,2.810128927230834961e+00,4.751774311065673828e+00,4.699101924896240234e+00,1.581223999548079240e+00,3.580000000000000000e+02,0.000000000000000000e+00,0.000000000000000000e+00,2.417805282012868151e+00
6.345000000000000284e+01,2.904185056686401367e+00,2.802620410919189453e+00,5.392479896545410156e+00,5.363993167877197266e+00,1.572168757028165276e+00,3.600000000000000000e+02,1.000000000000000000e+00,0.000000000000000000e+00,2.409618456168025169e+00
6.350000000000000000e+01,2.792729377746582031e+00,2.627191305160522461e+00,5.023968219757080078e+00,5.091839790344238281e+00,1.559007881226725623e+00,3.920000000000000000e+02,1.000000000000000000e+00,0.000000000000000000e+00,2.297067831662401360e+00
6.355000000000000426e+01,2.767530679702758789e+00,2.690076589584350586e+00,4.778799057006835938e+00,5.013105392456054688e+00,1.577162705082435501e+00,3.700000000000000000e+02,2.000000000000000000e+00,0.000000000000000000e+00,2.403443689178140552e+00
6.360000000000000142e+01,2.734572410583496094e+00,2.692334890365600586e+00,4.873704433441162109e+00,4.795554161071777344e+00,1.607476157777017134e+00,3.750000000000000000e+02,0.000000000000000000e+00,0.000000000000000000e+00,2.452909017201760022e+00
6.365000000000000568e+01,3.046720027923583984e+00,2.988464832305908203e+00,4.950713634490966797e+00,5.115205764770507812e+00,1.538239565894566896e+00,4.010000000000000000e+02,2.000000000000000000e+00,0.000000000000000000e+00,2.287095188327176842e+00
6.370000000000000284e+01,2.853513956069946289e+00,2.790921688079833984e+00,5.011833190917968750e+00,4.693342208862304688e+00,1.567339272987169574e+00,3.420000000000000000e+02,0.000000000000000000e+00,0.000000000000000000e+00,2.293468237830543988e+00
6.375000000000000000e+01,2.864254474639892578e+00,2.756683826446533203e+00,5.185093879699707031e+00,5.079987525939941406e+00,1.515264715072389023e+00,3.560000000000000000e+02,1.000000000000000000e+00,0.000000000000000000e+00,2.555474807197741338e+00
6.380000000000000426e+01,3.225806713104248047e+00,3.121084213256835938e+00,5.306785583496093750e+00,5.424945831298828125e+00,1.556954289998222052e+00,3.910000000000000000e+02,1.000000000000000000e+00,0.000000000000000000e+00,2.243937948405904326e+00
6.385000000000000142e+01,3.038166999816894531e+00,2.974403381347656250e+00,5.057583808898925781e+00,4.875429153442382812e+00,1.611990687352518492e+00,3.680000000000000000e+02,0.000000000000000000e+00,0.000000000000000000e+00,2.307813906567615980e+00
6.390000000000000568e+01,3.042099714279174805e+00,2.973234653472900391e+00,5.111631870269775391e+00,5.084968566894531250e+00,1.612001396016293331e+00,3.430000000000000000e+02,0.000000000000000000e+00,0.000000000000000000e+00,2.438074088516403837e+00
6.395000000000000284e+01,2.732670307159423828e+00,2.653613090515136719e+00,4.833535671234130859e+00,4.681840419769287109e+00,1.568634272963578047e+00,3.370000000000000000e+02,0.000000000000000000e+00,0.000000000000000000e+00,2.400524138050610823e+00
6.400000000000000000e+01,2.770525455474853516e+00,2.625573635101318359e+00,4.967234134674072266e+00,4.963232994079589844e+00,1.592281615032938635e+00,3.710000000000000000e+02,1.000000000000000000e+00,0.000000000000000000e+00,2.410577334277573147e+00
6.404999999999999716e+01,2.724320650100708008e+00,2.653639793395996094e+00,4.814988136291503906e+00,5.129842758178710938e+00,1.608885370327943765e+00,3.640000000000000000e+02,0.000000000000000000e+00,0.000000000000000000e+00,2.437665356099437020e+00
6.410000000000000853e+01,2.747339010238647461e+00,2.703123569488525391e+00,4.704630374908447266e+00,4.973288059234619141e+00,1.579348836592100014e+00,4.100000000000000000e+02,1.000000000000000000e+00,0.000000000000000000e+00,2.003268478463246627e+00
6.415000000000000568e+01,2.879925012588500977e+00,2.840791702270507812e+00,5.123406410217285156e+00,5.052738666534423828e+00,1.592779254747126227e+00,3.690000000000000000e+02,0.000000000000000000e+00,0.000000000000000000e+00,2.450624049692287976e+00
6.420000000000000284e+01,2.917088031768798828e+00,2.849085092544555664e+00,5.214469432830810547e+00,5.499735832214355469e+00,1.573305891885039776e+00,3.970000000000000000e+02,1.000000000000000000e+00,0.000000000000000000e+00,2.336859969122993430e+00
6.425000000000000000e+01,2.837904930114746094e+00,2.767999410629272461e+00,4.726144790649414062e+00,4.878262519836425781e+00,1.600777435454798558e+00,4.220000000000000000e+02,1.000000000000000000e+00,0.000000000000000000e+00,2.455571581789723012e+00
6.429999999999999716e+01,2.807900428771972656e+00,2.714014291763305664e+00,4.822360038757324219e+00,4.730786323547363281e+00,1.567595609725195072e+00,3.810000000000000000e+02,1.000000000000000000e+00,0.000000000000000000e+00,2.414998608919475487e+00
6.435000000000000853e+01,2.694728374481201172e+00,2.638555765151977539e+00,4.486554145812988281e+00,4.661322593688964844e+00,1.572973749563484569e+00,3.770000000000000000e+02,1.000000000000000000e+00,0.000000000000000000e+00,2.423745454971682367e+00
6.440000000000000568e+01,2.744107246398925781e+00,2.661970853805541992e+00,4.837512493133544922e+00,4.748682498931884766e+00,1.569889305072977859e+00,3.440000000000000000e+02,0.000000000000000000e+00,0.000000000000000000e+00,2.272880713375352357e+00
6.445000000000000284e+01,2.811105489730834961e+00,2.818752527236938477e+00,5.266800880432128906e+00,5.264112949371337891e+00,1.559692129527721294e+00,3.620000000000000000e+02,1.000000000000000000e+00,0.000000000000000000e+00,2.404441401789454869e+00
6.450000000000000000e+01,2.803889274597167969e+00,2.681818008422851562e+00,4.784814834594726562e+00,4.778936862945556641e+00,1.545494327702533477e+00,4.040000000000000000e+02,1.000000000000000000e+00,0.000000000000000000e+00,2.305462213908641811e+00
6.454999999999999716e+01,2.670947313308715820e+00,2.579010009765625000e+00,4.905857086181640625e+00,5.132125854492187500e+00,1.626480317526465935e+00,3.960000000000000000e+02,1.000000000000000000e+00,0.000000000000000000e+00,2.387449193065077857e+00
6.460000000000000853e+01,2.838943481445312500e+00,2.795070409774780273e+00,4.984658241271972656e+00,5.202300548553466797e+00,1.569971442939008588e+00,4.180000000000000000e+02,1.000000000000000000e+00,0.000000000000000000e+00,2.421594311386390697e+00
6.465000000000000568e+01,2.619363784790039062e+00,2.543644905090332031e+00,4.918547630310058594e+00,5.458765029907226562e+00,1.633866123026536776e+00,3.830000000000000000e+02,1.000000000000000000e+00,0.000000000000000000e+00,2.373199861588798143e+00
6.470000000000000284e+01,2.781144380569458008e+00,2.699020147323608398e+00,4.988842487335205078e+00,4.901799678802490234e+00,1.549753780799134173e+00,3.640000000000000000e+02,2.000000000000000000e+00,0.000000000000000000e+00,2.368516212379463859e+00
6.475000000000000000e+01,2.808254003524780273e+00,2.800877571105957031e+00,4.843645572662353516e+00,4.917596817016601562e+00,1.551157123936911519e+00,3.680000000000000000e+02,1.000000000000000000e+00,0.000000000000000000e+00,2.431818329766459286e+00
6.479999999999999716e+01,2.795660734176635742e+00,2.663689136505126953e+00,5.063218593597412109e+00,4.974823951721191406e+00,1.525911890481464805e+00,3.850000000000000000e+02,1.000000000000000000e+00,0.000000000000000000e+00,2.353428765523132071e+00
6.485000000000000853e+01,2.684591293334960938e+00,2.581695318222045898e+00,5.062806606292724609e+00,5.296439170837402344e+00,1.612313807765331175e+00,3.190000000000000000e+02,0.000000000000000000e+00,0.000000000000000000e+00,2.382071471670479390e+00
6.490000000000000568e+01,2.765290737152099609e+00,2.736766576766967773e+00,4.707835197448730469e+00,4.933852672576904297e+00,1.579564021199152180e+00,3.530000000000000000e+02,1.000000000000000000e+00,0.000000000000000000e+00,2.330061501744470132e+00
6.495000000000000284e+01,2.882553100585937500e+00,2.818718194961547852e+00,5.050216197967529297e+00,5.299760818481445312e+00,1.578110036916408276e+00,3.670000000000000000e+02,1.000000000000000000e+00,0.000000000000000000e+00,2.280212443998120175e+00
6.500000000000000000e+01,2.722616434097290039e+00,2.662159204483032227e+00,4.893277168273925781e+00,4.933676242828369141e+00,1.591609015403893990e+00,3.410000000000000000e+02,0.000000000000000000e+00,0.000000000000000000e+00,2.354112461125663192e+00
6.504999999999999716e+01,2.666666984558105469e+00,2.548334360122680664e+00,4.881927490234375000e+00,4.790986061096191406e+00,1.572202980264139960e+00,3.620000000000000000e+02,1.000000000000000000e+00,0.000000000000000000e+00,2.557011287581840264e+00
6.510000000000000853e+01,2.558721303939819336e+00,2.588662862777709961e+00,4.669171333312988281e+00,4.660790443420410156e+00,1.590523811338264704e+00,3.760000000000000000e+02,0.000000000000000000e+00,0.000000000000000000e+00,2.441552728576306563e+00
6.515000000000000568e+01,2.599806785583496094e+00,2.566448211669921875e+00,5.029073715209960938e+00,4.732105255126953125e+00,1.530279684320216660e+00,3.130000000000000000e+02,0.000000000000000000e+00,0.000000000000000000e+00,2.533534051628593353e+00
6.520000000000000284e+01,2.798563480377197266e+00,2.710720062255859375e+00,5.156064510345458984e+00,5.375253677368164062e+00,1.593202937458398250e+00,3.610000000000000000e+02,1.000000000000000000e+00,0.000000000000000000e+00,2.478181997884565835e+00
6.525000000000000000e+01,2.698587894439697266e+00,2.620208263397216797e+00,4.942792892456054688e+00,5.062236309051513672e+00,1.597260083154478316e+00,3.950000000000000000e+02,1.000000000000000000e+00,0.000000000000000000e+00,2.261621812658461739e+00
6.529999999999999716e+01,2.820226669311523438e+00,2.746928930282592773e+00,4.445261478424072266e+00,4.607255935668945312e+00,1.585135855059113474e+00,3.560000000000000000e+02,0.000000000000000000e+00,0.000000000000000000e+00,2.315411799441468688e+00
6.535000000000000853e+01,2.794118404388427734e+00,2.699355602264404297e+00,4.765397071838378906e+00,4.890408992767333984e+00,1.560498222125404233e+00,3.790000000000000000e+02,1.000000000000000000e+00,0.000000000000000000e+00,2.376935361520236434e+00
6.540000000000000568e+01,2.667901039123535156e+00,2.610678195953369141e+00,4.927736759185791016e+00,4.967433452606201172e+00,1.509979665756710832e+00,3.860000000000000000e+02,2.000000000000000000e+00,0.000000000000000000e+00,2.406945547140609598e+00
6.545000000000000284e+01,2.791239738464355469e+00,2.723421096801757812e+00,4.958227634429931641e+00,5.115063667297363281e+00,1.543273240329453344e+00,3.810000000000000000e+02,1.000000000000000000e+00,0.000000000000000000e+00,2.395789477959910041e+00
6.550000000000000000e+01,3.004852533340454102e+00,2.969712257385253906e+00,5.166539192199707031e+00,5.517213344573974609e+00,1.563200779315756961e+00,3.400000000000000000e+02,1.000000000000000000e+00,0.000000000000000000e+00,2.414989377789502623e+00
6.554999999999999716e+01,3.036851406097412109e+00,3.022173881530761719e+00,4.806837081909179688e+00,5.242934703826904297e+00,1.612383621484233531e+00,3.900000000000000000e+02,1.000000000000000000e+00,0.000000000000000000e+00,2.315373688043134592e+00
6.560000000000000853e+01,2.621909379959106445e+00,2.535934686660766602e+00,5.034770965576171875e+00,5.089469909667968750e+00,1.574086396801584131e+00,3.720000000000000000e+02,0.000000000000000000e+00,0.000000000000000000e+00,2.357747590973373164e+00
6.565000000000000568e+01,2.954078674316406250e+00,2.936328887939453125e+00,5.026746749877929688e+00,5.159401893615722656e+00,1.555372961675883570e+00,3.850000000000000000e+02,0.000000000000000000e+00,0.000000000000000000e+00,2.324788925501780845e+00
6.570000000000000284e+01,2.719137191772460938e+00,2.691947937011718750e+00,4.773705005645751953e+00,4.890266895294189453e+00,1.591889096664806713e+00,4.040000000000000000e+02,0.000000000000000000e+00,0.000000000000000000e+00,2.315534112299188152e+00
6.575000000000000000e+01,2.826398849487304688e+00,2.761147499084472656e+00,4.996572971343994141e+00,5.205816745758056641e+00,1.580319563462833088e+00,3.840000000000000000e+02,1.000000000000000000e+00,0.000000000000000000e+00,2.116559571212961011e+00
6.579999999999999716e+01,2.692778110504150391e+00,2.617528676986694336e+00,4.836447715759277344e+00,5.001652240753173828e+00,1.594367356549841741e+00,3.990000000000000000e+02,1.000000000000000000e+00,0.000000000000000000e+00,2.236702480305662988e+00
6.585000000000000853e+01,2.703582286834716797e+00,2.581627845764160156e+00,5.013358116149902344e+00,5.058317184448242188e+00,1.560419687828574986e+00,3.550000000000000000e+02,0.000000000000000000e+00,0.000000000000000000e+00,2.415673603380729784e+00
6.590000000000000568e+01,2.685916185379028320e+00,2.609177112579345703e+00,4.930674076080322266e+00,4.883357048034667969e+00,1.587066676571122992e+00,3.800000000000000000e+02,1.000000000000000000e+00,0.000000000000000000e+00,2.393250714973571558e+00
6.595000000000000284e+01,2.719065189361572266e+00,2.662742376327514648e+00,4.964062690734863281e+00,5.139647483825683594e+00,1.608541793811267828e+00,4.000000000000000000e+02,1.000000000000000000e+00,0.000000000000000000e+00,2.247868202130175241e+00
6.600000000000000000e+01,2.656470298767089844e+00,2.559702157974243164e+00,4.866281032562255859e+00,4.797264099121093750e+00,1.583756043514404910e+00,3.660000000000000000e+02,0.000000000000000000e+00,0.000000000000000000e+00,2.264739838980476261e+00
6.604999999999999716e+01,2.784651279449462891e+00,2.716428756713867188e+00,4.921721458435058594e+00,5.157722949981689453e+00,1.578786163454007019e+00,4.040000000000000000e+02,1.000000000000000000e+00,0.000000000000000000e+00,2.164013601560401234e+00
6.610000000000000853e+01,2.631814718246459961e+00,2.632095336914062500e+00,4.927477359771728516e+00,5.003307342529296875e+00,1.542140789558137826e+00,4.000000000000000000e+02,1.000000000000000000e+00,0.000000000000000000e+00,2.379519417654518687e+00
6.615000000000000568e+01,2.665793657302856445e+00,2.587094545364379883e+00,4.787162303924560547e+00,4.623460769653320312e+00,1.568070045449103445e+00,3.510000000000000000e+02,1.000000000000000000e+00,0.000000000000000000e+00,2.357325114047105430e+00
6.620000000000000284e+01,2.792142391204833984e+00,2.720817565917968750e+00,4.945169448852539062e+00,4.945868968963623047e+00,1.624991169265510127e+00,3.610000000000000000e+02,1.000000000000000000e+00,0.000000000000000000e+00,2.264692233064631743e+00
6.625000000000000000e+01,2.673550605773925781e+00,2.574736595153808594e+00,5.014343261718750000e+00,4.982432842254638672e+00,1.577592953752106064e+00,3.550000000000000000e+02,1.000000000000000000e+00,0.000000000000000000e+00,2.333683272344488913e+00
6.629999999999999716e+01,2.644224166870117188e+00,2.601439714431762695e+00,4.978622436523437500e+00,5.024728775024414062e+00,1.601267876351459396e+00,3.450000000000000000e+02,0.000000000000000000e+00,0.000000000000000000e+00,2.248632750577698403e+00
6.635000000000000853e+01,2.846399784088134766e+00,2.826454401016235352e+00,4.681808471679687500e+00,4.777320861816406250e+00,1.562068528824097635e+00,3.890000000000000000e+02,1.000000000000000000e+00,0.000000000000000000e+00,2.337495284389895733e+00
6.640000000000000568e+01,3.076923131942749023e+00,2.955154895782470703e+00,4.787941932678222656e+00,5.013610839843750000e+00,1.569147915108377145e+00,3.890000000000000000e+02,0.000000000000000000e+00,0.000000000000000000e+00,2.218044565047426531e+00
6.645000000000000284e+01,2.928033113479614258e+00,2.875787258148193359e+00,5.170101642608642578e+00,5.441248893737792969e+00,1.620463780409806320e+00,3.820000000000000000e+02,2.000000000000000000e+00,0.000000000000000000e+00,2.224185185519423236e+00
6.650000000000000000e+01,2.816649913787841797e+00,2.788267135620117188e+00,5.296922206878662109e+00,5.262869834899902344e+00,1.540124863656876508e+00,3.680000000000000000e+02,1.000000000000000000e+00,0.000000000000000000e+00,2.359741456153900074e+00
6.654999999999999716e+01,2.718983888626098633e+00,2.712238788604736328e+00,4.763593673706054688e+00,4.733760833740234375e+00,1.587574256556100405e+00,3.430000000000000000e+02,0.000000000000000000e+00,0.000000000000000000e+00,2.335943919888969322e+00
6.660000000000000853e+01,2.770597696304321289e+00,2.776145696640014648e+00,4.573745250701904297e+00,4.575043678283691406e+00,1.539444873453794216e+00,3.280000000000000000e+02,0.000000000000000000e+00,0.000000000000000000e+00,2.269627312398612151e+00
6.665000000000000568e+01,2.719594955444335938e+00,2.653442382812500000e+00,4.900501251220703125e+00,5.157738208770751953e+00,1.603764381499297675e+00,3.650000000000000000e+02,0.000000000000000000e+00,0.000000000000000000e+00,2.414087041644521481e+00
6.670000000000000284e+01,2.765222072601318359e+00,2.727095842361450195e+00,5.149989604949951172e+00,5.275972366333007812e+00,1.564423957920550778e+00,3.410000000000000000e+02,0.000000000000000000e+00,0.000000000000000000e+00,2.488090560139578855e+00
6.675000000000000000e+01,2.717399120330810547e+00,2.660470485687255859e+00,4.838567256927490234e+00,4.976444721221923828e+00,1.602013278900316973e+00,3.890000000000000000e+02,0.000000000000000000e+00,0.000000000000000000e+00,2.318303459177919468e+00
6.679999999999999716e+01,2.651922941207885742e+00,2.607754230499267578e+00,5.089635372161865234e+00,5.256399154663085938e+00,1.560144650016529244e+00,3.950000000000000000e+02,1.000000000000000000e+00,0.000000000000000000e+00,2.370276096855684411e+00
6.685000000000000853e+01,2.897192001342773438e+00,2.856845855712890625e+00,4.993880271911621094e+00,5.367245674133300781e+00,1.642153408170681006e+00,4.010000000000000000e+02,1.000000000000000000e+00,0.000000000000000000e+00,2.169966753452094110e+00
6.690000000000000568e+01,2.927936315536499023e+00,2.911479711532592773e+00,4.994307041168212891e+00,4.972378253936767578e+00,1.571439193097059039e+00,3.790000000000000000e+02,1.000000000000000000e+00,0.000000000000000000e+00,2.169382266900675482e+00
6.695000000000000284e+01,2.786696910858154297e+00,2.705209016799926758e+00,5.008671760559082031e+00,5.175049304962158203e+00,1.560345916649030773e+00,3.830000000000000000e+02,1.000000000000000000e+00,0.000000000000000000e+00,2.300835039250413772e+00
6.700000000000000000e+01,2.830256223678588867e+00,2.785520315170288086e+00,5.051222324371337891e+00,5.294820785522460938e+00,1.573273839652949979e+00,3.880000000000000000e+02,1.000000000000000000e+00,0.000000000000000000e+00,2.333141613619567067e+00
6.704999999999999716e+01,2.746762752532958984e+00,2.701152563095092773e+00,4.610282421112060547e+00,4.847096920013427734e+00,1.566544914264332622e+00,3.650000000000000000e+02,0.000000000000000000e+00,0.000000000000000000e+00,2.359376364604675924e+00
6.710000000000000853e+01,2.713932037353515625e+00,2.654534578323364258e+00,4.881761550903320312e+00,5.164967536926269531e+00,1.600285944736535848e+00,4.150000000000000000e+02,1.000000000000000000e+00,0.000000000000000000e+00,2.349968846130322753e+00
6.715000000000000568e+01,2.462079048156738281e+00,2.401276826858520508e+00,4.747734546661376953e+00,4.778846740722656250e+00,1.628161441063163295e+00,3.820000000000000000e+02,1.000000000000000000e+00,0.000000000000000000e+00,2.406440316976632410e+00
6.720000000000000284e+01,2.821337223052978516e+00,2.761867523193359375e+00,4.582698822021484375e+00,4.756783485412597656e+00,1.590678787008585005e+00,3.850000000000000000e+02,1.000000000000000000e+00,0.000000000000000000e+00,2.334597877386940468e+00
6.725000000000000000e+01,2.837021112442016602e+00,2.787887573242187500e+00,4.809951782226562500e+00,4.846761703491210938e+00,1.566596233338004573e+00,3.700000000000000000e+02,1.000000000000000000e+00,0.000000000000000000e+00,2.344733936994365830e+00
6.729999999999999716e+01,2.746648311614990234e+00,2.741556167602539062e+00,4.790504932403564453e+00,4.912554264068603516e+00,1.575484407123568520e+00,3.990000000000000000e+02,1.000000000000000000e+00,0.000000000000000000e+00,2.218645015440600776e+00
6.735000000000000853e+01,2.571293830871582031e+00,2.522626399993896484e+00,4.551672458648681641e+00,4.746774196624755859e+00,1.629722493084209356e+00,3.560000000000000000e+02,1.000000000000000000e+00,0.000000000000000000e+00,2.286414324678834209e+00
6.740000000000000568e+01,2.814492225646972656e+00,2.793064594268798828e+00,4.822349071502685547e+00,4.848875522613525391e+00,1.576239591413596264e+00,3.820000000000000000e+02,0.000000000000000000e+00,0.000000000000000000e+00,2.357585537508823492e+00
6.745000000000000284e+01,2.777819633483886719e+00,2.699090003967285156e+00,4.734381198883056641e+00,4.889791488647460938e+00,1.541192530109729786e+00,3.590000000000000000e+02,0.000000000000000000e+00,0.000000000000000000e+00,2.292250296023194078e+00
6.750000000000000000e+01,2.731546163558959961e+00,2.692234754562377930e+00,4.645475864410400391e+00,4.624842643737792969e+00,1.585506149233706141e+00,3.660000000000000000e+02,1.000000000000000000e+00,0.000000000000000000e+00,2.397423372055064839e+00
6.754999999999999716e+01,2.581353425979614258e+00,2.518981456756591797e+00,4.837184429168701172e+00,5.104847908020019531e+00,1.589277497491058622e+00,3.990000000000000000e+02,1.000000000000000000e+00,0.000000000000000000e+00,2.320335884186647046e+00
6.760000000000000853e+01,2.859019756317138672e+00,2.852771043777465820e+00,4.881247997283935547e+00,5.090090751647949219e+00,1.611698020737901249e+00,4.140000000000000000e+02,1.000000000000000000e+00,0.000000000000000000e+00,2.349851985909106489e+00
6.765000000000000568e+01,2.695326805114746094e+00,2.618963479995727539e+00,5.108620643615722656e+00,5.002227783203125000e+00,1.558308558712917069e+00,3.790000000000000000e+02,1.000000000000000000e+00,0.000000000000000000e+00,2.427781091523026014e+00
6.770000000000000284e+01,2.632959365844726562e+00,2.611665725708007812e+00,4.855045318603515625e+00,5.132677555084228516e+00,1.627013169538034987e+00,3.870000000000000000e+02,1.000000000000000000e+00,0.000000000000000000e+00,2.160713340223613166e+00
6.775000000000000000e+01,2.646569728851318359e+00,2.657881259918212891e+00,4.642123222351074219e+00,4.895656585693359375e+00,1.592628164017863002e+00,3.690000000000000000e+02,1.000000000000000000e+00,0.000000000000000000e+00,2.258633335485269011e+00
6.779999999999999716e+01,2.505873203277587891e+00,2.520842552185058594e+00,4.666201114654541016e+00,4.865846157073974609e+00,1.582896319292790288e+00,3.920000000000000000e+02,1.000000000000000000e+00,0.000000000000000000e+00,2.353574971648574099e+00
6.785000000000000853e+01,2.894397020339965820e+00,2.864302158355712891e+00,4.952084064483642578e+00,5.230221748352050781e+00,1.589627600020707909e+00,4.140000000000000000e+02,0.000000000000000000e+00,0.000000000000000000e+00,2.356585826718261334e+00
6.790000000000000568e+01,3.086574077606201172e+00,3.064598798751831055e+00,5.165508270263671875e+00,5.528590202331542969e+00,1.601310019602552259e+00,3.810000000000000000e+02,2.000000000000000000e+00,0.000000000000000000e+00,2.129156045204201764e+00
6.795000000000000284e+01,2.842042446136474609e+00,2.845695495605468750e+00,4.793800354003906250e+00,4.834865093231201172e+00,1.557540274432916982e+00,3.890000000000000000e+02,0.000000000000000000e+00,0.000000000000000000e+00,2.304306451552982971e+00
6.800000000000000000e+01,2.524154663085937500e+00,2.472736835479736328e+00,4.907494068145751953e+00,4.782266139984130859e+00,1.598712047645368450e+00,3.730000000000000000e+02,1.000000000000000000e+00,0.000000000000000000e+00,2.221281878173692270e+00
6.804999999999999716e+01,2.686461925506591797e+00,2.612088680267333984e+00,4.982444763183593750e+00,4.906122684478759766e+00,1.539421864174555843e+00,3.950000000000000000e+02,0.000000000000000000e+00,0.000000000000000000e+00,2.293731258437034626e+00
6.810000000000000853e+01,2.631556034088134766e+00,2.631748199462890625e+00,5.229238510131835938e+00,5.095568180084228516e+00,1.561830944237950547e+00,3.380000000000000000e+02,1.000000000000000000e+00,0.000000000000000000e+00,2.400080697492267934e+00
6.815000000000000568e+01,2.668316602706909180e+00,2.630631923675537109e+00,4.407374382019042969e+00,4.667088031768798828e+00,1.597591129472096805e+00,3.780000000000000000e+02,1.000000000000000000e+00,0.000000000000000000e+00,2.357810785222341554e+00
6.820000000000000284e+01,2.717395067214965820e+00,2.681468725204467773e+00,5.027472496032714844e+00,4.929388523101806641e+00,1.589510350764467894e+00,3.580000000000000000e+02,0.000000000000000000e+00,0.000000000000000000e+00,2.282408057961403447e+00
6.825000000000000000e+01,2.745069026947021484e+00,2.781915187835693359e+00,4.479621887207031250e+00,4.621785640716552734e+00,1.562928542952777056e+00,3.950000000000000000e+02,1.000000000000000000e+00,0.000000000000000000e+00,2.185417028674484285e+00
6.829999999999999716e+01,2.858080387115478516e+00,2.835461854934692383e+00,4.741551876068115234e+00,4.730388164520263672e+00,1.575509070925399380e+00,3.540000000000000000e+02,1.000000000000000000e+00,0.000000000000000000e+00,2.346194861910070983e+00
6.835000000000000853e+01,2.630795001983642578e+00,2.592335939407348633e+00,4.742916107177734375e+00,4.792873382568359375e+00,1.554516648134410595e+00,3.390000000000000000e+02,0.000000000000000000e+00,0.000000000000000000e+00,2.338073596038312107e+00
6.840000000000000568e+01,2.806481122970581055e+00,2.707131385803222656e+00,4.793805122375488281e+00,4.883138179779052734e+00,1.576997947226519203e+00,3.710000000000000000e+02,1.000000000000000000e+00,0.000000000000000000e+00,2.398975378069727604e+00
6.845000000000000284e+01,2.833435773849487305e+00,2.737554311752319336e+00,4.853018760681152344e+00,4.781902313232421875e+00,1.552565097569384767e+00,4.050000000000000000e+02,0.000000000000000000e+00,0.000000000000000000e+00,2.305669806873880123e+00
6.850000000000000000e+01,2.741833209991455078e+00,2.687191009521484375e+00,4.851567268371582031e+00,4.768528461456298828e+00,1.588551895746046938e+00,3.490000000000000000e+02,1.000000000000000000e+00,0.000000000000000000e+00,2.189242948271194589e+00
6.854999999999999716e+01,2.694280385971069336e+00,2.626585006713867188e+00,4.578583240509033203e+00,4.925301074981689453e+00,1.619302420258723396e+00,3.830000000000000000e+02,1.000000000000000000e+00,0.000000000000000000e+00,2.217190712505237027e+00
6.860000000000000853e+01,2.614485979080200195e+00,2.567918777465820312e+00,4.832283973693847656e+00,4.708645343780517578e+00,1.565329970771662360e+00,3.870000000000000000e+02,0.000000000000000000e+00,0.000000000000000000e+00,2.336565096968654220e+00
6.865000000000000568e+01,2.958728075027465820e+00,2.907896518707275391e+00,4.955502510070800781e+00,4.982268333435058594e+00,1.609862987415847435e+00,3.800000000000000000e+02,1.000000000000000000e+00,0.000000000000000000e+00,2.355308112049644187e+00
6.870000000000000284e+01,3.099630355834960938e+00,3.059463024139404297e+00,4.948754787445068359e+00,5.076944828033447266e+00,1.596568826240168937e+00,4.130000000000000000e+02,0.000000000000000000e+00,0.000000000000000000e+00,2.390934673647004960e+00
6.875000000000000000e+01,2.903712272644042969e+00,2.848993301391601562e+00,4.833604812622070312e+00,5.263190269470214844e+00,1.590501948456792602e+00,3.820000000000000000e+02,1.000000000000000000e+00,0.000000000000000000e+00,2.330549345982317444e+00
6.879999999999999716e+01,2.760896682739257812e+00,2.679874420166015625e+00,5.276525497436523438e+00,5.129642963409423828e+00,1.613278818464159325e+00,3.400000000000000000e+02,0.000000000000000000e+00,0.000000000000000000e+00,2.361708282012142224e+00
6.885000000000000853e+01,2.828427314758300781e+00,2.732704639434814453e+00,4.965593814849853516e+00,5.136647701263427734e+00,1.597326622254688688e+00,3.600000000000000000e+02,0.000000000000000000e+00,0.000000000000000000e+00,2.327542484553418944e+00
6.890000000000000568e+01,2.739437103271484375e+00,2.643632411956787109e+00,4.660501956939697266e+00,4.861601829528808594e+00,1.605585816063947568e+00,3.860000000000000000e+02,1.000000000000000000e+00,0.000000000000000000e+00,2.393109395514217752e+00
6.895000000000000284e+01,2.720240354537963867e+00,2.687078714370727539e+00,4.727677822113037109e+00,4.746312618255615234e+00,1.597705936527857862e+00,3.920000000000000000e+02,0.000000000000000000e+00,0.000000000000000000e+00,2.249216759183322534e+00
6.900000000000000000e+01,2.681860923767089844e+00,2.613748073577880859e+00,4.623638153076171875e+00,4.932073116302490234e+00,1.604467747559663593e+00,3.800000000000000000e+02,0.000000000000000000e+00,0.000000000000000000e+00,2.221943466875514250e+00
6.904999999999999716e+01,2.732272148132324219e+00,2.694662570953369141e+00,4.582003593444824219e+00,4.565099716186523438e+00,1.562992424789604540e+00,3.850000000000000000e+02,1.000000000000000000e+00,0.000000000000000000e+00,2.417228547539468586e+00
6.910000000000000853e+01,2.979172706604003906e+00,2.960861682891845703e+00,4.562542915344238281e+00,4.765471458435058594e+00,1.596688222515995736e+00,3.570000000000000000e+02,1.000000000000000000e+00,0.000000000000000000e+00,2.391585446046163188e+00
6.915000000000000568e+01,2.845468997955322266e+00,2.759634971618652344e+00,4.721925735473632812e+00,4.553007602691650391e+00,1.575995203488927743e+00,3.920000000000000000e+02,0.000000000000000000e+00,0.000000000000000000e+00,2.433283097831629327e+00
6.920000000000000284e+01,2.758128881454467773e+00,2.768635272979736328e+00,4.833290100097656250e+00,5.014190673828125000e+00,1.599466044301374179e+00,3.900000000000000000e+02,0.000000000000000000e+00,0.000000000000000000e+00,2.442721227020915986e+00
6.925000000000000000e+01,2.803237199783325195e+00,2.725577354431152344e+00,4.143724918365478516e+00,4.360739707946777344e+00,1.622778065380539925e+00,3.830000000000000000e+02,0.000000000000000000e+00,0.000000000000000000e+00,2.338548981349049427e+00
6.929999999999999716e+01,2.764061450958251953e+00,2.675051927566528320e+00,4.840080738067626953e+00,4.746795654296875000e+00,1.547578846874761105e+00,4.210000000000000000e+02,1.000000000000000000e+00,0.000000000000000000e+00,2.370034233571379545e+00
6.935000000000000853e+01,2.821724176406860352e+00,2.754610538482666016e+00,4.472761154174804688e+00,4.693852901458740234e+00,1.637298489553593583e+00,3.490000000000000000e+02,1.000000000000000000e+00,0.000000000000000000e+00,2.342518243373358455e+00
6.940000000000000568e+01,2.740911006927490234e+00,2.658423900604248047e+00,4.770325660705566406e+00,4.998944759368896484e+00,1.615309406833554950e+00,3.960000000000000000e+02,1.000000000000000000e+00,0.000000000000000000e+00,2.224953049404208905e+00
6.945000000000000284e+01,2.994921684265136719e+00,2.931728363037109375e+00,4.626212596893310547e+00,4.698248386383056641e+00,1.601379671907602109e+00,3.540000000000000000e+02,1.000000000000000000e+00,0.000000000000000000e+00,2.509782437006124578e+00
6.950000000000000000e+01,2.818813800811767578e+00,2.752502441406250000e+00,4.994549751281738281e+00,5.056354999542236328e+00,1.606108847603006318e+00,4.210000000000000000e+02,1.000000000000000000e+00,0.000000000000000000e+00,2.251414433654971958e+00
6.954999999999999716e+01,2.918589115142822266e+00,2.839995861053466797e+00,4.567065715789794922e+00,4.464789867401123047e+00,1.581945507776507442e+00,4.010000000000000000e+02,1.000000000000000000e+00,0.000000000000000000e+00,2.254656290391532369e+00
6.960000000000000853e+01,2.838720083236694336e+00,2.785844326019287109e+00,4.614415645599365234e+00,4.526090621948242188e+00,1.557317352557384016e+00,3.490000000000000000e+02,0.000000000000000000e+00,0.000000000000000000e+00,2.550113507569074400e+00
6.965000000000000568e+01,2.699147462844848633e+00,2.656564474105834961e+00,4.875849246978759766e+00,4.746643066406250000e+00,1.579026166391946262e+00,3.600000000000000000e+02,1.000000000000000000e+00,0.000000000000000000e+00,2.400749388595166511e+00
6.970000000000000284e+01,2.815009355545043945e+00,2.786140680313110352e+00,4.396303176879882812e+00,4.507089138031005859e+00,1.584031515533138368e+00,3.790000000000000000e+02,1.000000000000000000e+00,0.000000000000000000e+00,2.360359527510129229e+00
6.975000000000000000e+01,2.582769870758056641e+00,2.593245029449462891e+00,4.496974468231201172e+00,4.528977394104003906e+00,1.597835387946349606e+00,4.030000000000000000e+02,0.000000000000000000e+00,0.000000000000000000e+00,2.303932694270821369e+00
6.979999999999999716e+01,2.709243297576904297e+00,2.684061050415039062e+00,4.863640785217285156e+00,4.920381546020507812e+00,1.572161083759640920e+00,4.020000000000000000e+02,1.000000000000000000e+00,0.000000000000000000e+00,2.353864728109378746e+00
6.985000000000000853e+01,2.800870180130004883e+00,2.780986309051513672e+00,4.983516216278076172e+00,5.093950271606445312e+00,1.591673795746792575e+00,3.420000000000000000e+02,1.000000000000000000e+00,0.000000000000000000e+00,2.514967099849270138e+00
6.990000000000000568e+01,2.882580280303955078e+00,2.889604330062866211e+00,5.098104953765869141e+00,5.223961830139160156e+00,1.564322209462109647e+00,3.660000000000000000e+02,1.000000000000000000e+00,0.000000000000000000e+00,2.407014484770368057e+00
6.995000000000000284e+01,2.641179323196411133e+00,2.619506835937500000e+00,4.932552337646484375e+00,4.674492359161376953e+00,1.556901560763825687e+00,3.550000000000000000e+02,0.000000000000000000e+00,0.000000000000000000e+00,2.415441312454947642e+00
7.000000000000000000e+01,2.757177114486694336e+00,2.688157558441162109e+00,4.653564453125000000e+00,4.369721412658691406e+00,1.583698960343330242e+00,4.150000000000000000e+02,0.000000000000000000e+00,0.000000000000000000e+00,2.440056726046589297e+00
7.004999999999999716e+01,2.681565284729003906e+00,2.644346952438354492e+00,4.879008769989013672e+00,4.729859828948974609e+00,1.601777333843686923e+00,3.590000000000000000e+02,1.000000000000000000e+00,0.000000000000000000e+00,2.310391730784020048e+00
7.010000000000000853e+01,2.785402774810791016e+00,2.751152276992797852e+00,4.696093082427978516e+00,4.555601596832275391e+00,1.637266690000812375e+00,3.740000000000000000e+02,1.000000000000000000e+00,0.000000000000000000e+00,2.276090912684353817e+00
7.015000000000000568e+01,2.648083925247192383e+00,2.594161510467529297e+00,4.722292900085449219e+00,4.513860702514648438e+00,1.566620608928050551e+00,3.780000000000000000e+02,0.000000000000000000e+00,0.000000000000000000e+00,2.342627207104944098e+00
7.020000000000000284e+01,2.653550863265991211e+00,2.637430191040039062e+00,4.700604438781738281e+00,4.456846237182617188e+00,1.572100588812998856e+00,3.830000000000000000e+02,0.000000000000000000e+00,0.000000000000000000e+00,2.412868938092293192e+00
7.025000000000000000e+01,2.924666881561279297e+00,2.856819391250610352e+00,5.355001449584960938e+00,5.313249588012695312e+00,1.585255443030583411e+00,3.550000000000000000e+02,2.000000000000000000e+00,0.000000000000000000e+00,2.406477523035501331e+00
7.029999999999999716e+01,2.631207942962646484e+00,2.571381330490112305e+00,4.982599258422851562e+00,4.662108898162841797e+00,1.588147275161004401e+00,3.770000000000000000e+02,0.000000000000000000e+00,0.000000000000000000e+00,2.362254601694509404e+00
7.035000000000000853e+01,2.820813655853271484e+00,2.753510713577270508e+00,4.930440425872802734e+00,4.782420158386230469e+00,1.583689730728657707e+00,3.620000000000000000e+02,0.000000000000000000e+00,0.000000000000000000e+00,2.239460769660706951e+00
7.040000000000000568e+01,2.774088621139526367e+00,2.697232246398925781e+00,4.523487091064453125e+00,4.698012828826904297e+00,1.629608945307628787e+00,3.680000000000000000e+02,0.000000000000000000e+00,0.000000000000000000e+00,2.428321807742128247e+00
7.045000000000000284e+01,2.906418085098266602e+00,2.856522083282470703e+00,4.691461563110351562e+00,4.629210948944091797e+00,1.572925483602322760e+00,3.450000000000000000e+02,0.000000000000000000e+00,0.000000000000000000e+00,2.359134636885790393e+00
7.050000000000000000e+01,2.795219898223876953e+00,2.768306493759155273e+00,4.775138854980468750e+00,4.630180835723876953e+00,1.530654163579349358e+00,3.850000000000000000e+02,1.000000000000000000e+00,0.000000000000000000e+00,2.375409149566248601e+00
7.054999999999999716e+01,3.006532669067382812e+00,2.951276063919067383e+00,5.071619987487792969e+00,5.213417053222656250e+00,1.522784077770280131e+00,3.530000000000000000e+02,1.000000000000000000e+00,0.000000000000000000e+00,2.220191489351906799e+00
7.060000000000000853e+01,2.865844011306762695e+00,2.882302045822143555e+00,4.886464595794677734e+00,5.016911029815673828e+00,1.557270159034282564e+00,3.590000000000000000e+02,0.000000000000000000e+00,0.000000000000000000e+00,2.404863573065680438e+00
7.065000000000000568e+01,2.946884632110595703e+00,2.883533000946044922e+00,4.911040306091308594e+00,5.012025356292724609e+00,1.574100842201894501e+00,3.850000000000000000e+02,0.000000000000000000e+00,0.000000000000000000e+00,2.273990606321498298e+00
7.070000000000000284e+01,2.817485809326171875e+00,2.834084272384643555e+00,4.899026870727539062e+00,4.803594589233398438e+00,1.592547911903252844e+00,4.040000000000000000e+02,0.000000000000000000e+00,0.000000000000000000e+00,2.319622164763456951e+00
7.075000000000000000e+01,2.846568107604980469e+00,2.816745996475219727e+00,4.872499942779541016e+00,5.064871788024902344e+00,1.553053412918649956e+00,3.950000000000000000e+02,1.000000000000000000e+00,0.000000000000000000e+00,2.314440676301691813e+00
7.079999999999999716e+01,2.577597618103027344e+00,2.507241010665893555e+00,5.018746376037597656e+00,4.762372493743896484e+00,1.573948460429726914e+00,3.950000000000000000e+02,2.000000000000000000e+00,0.000000000000000000e+00,2.276583475733460649e+00
7.085000000000000853e+01,2.737353801727294922e+00,2.724333047866821289e+00,4.879371643066406250e+00,4.939558506011962891e+00,1.576531284206120098e+00,3.620000000000000000e+02,0.000000000000000000e+00,0.000000000000000000e+00,2.242289827308370231e+00
7.090000000000000568e+01,2.573156833648681641e+00,2.574151515960693359e+00,4.841956615447998047e+00,4.875864505767822266e+00,1.559754104889540471e+00,3.890000000000000000e+02,0.000000000000000000e+00,0.000000000000000000e+00,2.254030222295721142e+00
7.095000000000000284e+01,2.932072162628173828e+00,2.792203187942504883e+00,4.987002372741699219e+00,5.181942462921142578e+00,1.598766264687759620e+00,3.650000000000000000e+02,1.000000000000000000e+00,0.000000000000000000e+00,2.392746668223956874e+00
7.100000000000000000e+01,2.734543085098266602e+00,2.652023792266845703e+00,4.666036128997802734e+00,4.566034793853759766e+00,1.592701458395514358e+00,3.780000000000000000e+02,0.000000000000000000e+00,0.000000000000000000e+00,2.363503011798743003e+00
7.104999999999999716e+01,2.786867141723632812e+00,2.687615156173706055e+00,4.738619804382324219e+00,4.836135864257812500e+00,1.549889612059851984e+00,4.190000000000000000e+02,2.000000000000000000e+00,0.000000000000000000e+00,2.298672064376578561e+00
7.110000000000000853e+01,2.742782831192016602e+00,2.656635761260986328e+00,4.949998855590820312e+00,5.072495937347412109e+00,1.570264419389071131e+00,3.850000000000000000e+02,1.000000000000000000e+00,0.000000000000000000e+00,2.428051629560641800e+00
7.115000000000000568e+01,2.631727457046508789e+00,2.595585346221923828e+00,4.881993293762207031e+00,4.698342323303222656e+00,1.560867564719671030e+00,3.260000000000000000e+02,0.000000000000000000e+00,0.000000000000000000e+00,2.427628611707110196e+00
7.120000000000000284e+01,2.762492656707763672e+00,2.703507900238037109e+00,4.536356449127197266e+00,4.972196578979492188e+00,1.606534190914829630e+00,3.410000000000000000e+02,2.000000000000000000e+00,0.000000000000000000e+00,2.204976639212542722e+00
7.125000000000000000e+01,2.661249399185180664e+00,2.621442794799804688e+00,4.814428329467773438e+00,4.926154136657714844e+00,1.560384727345749845e+00,3.720000000000000000e+02,1.000000000000000000e+00,0.000000000000000000e+00,2.007024297725320316e+00
7.129999999999999716e+01,2.943962097167968750e+00,2.884438991546630859e+00,4.938693523406982422e+00,5.113162040710449219e+00,1.575388742874051839e+00,3.780000000000000000e+02,1.000000000000000000e+00,0.000000000000000000e+00,2.308265107639000835e+00
7.135000000000000853e+01,2.776755809783935547e+00,2.713616132736206055e+00,4.840544700622558594e+00,4.857316017150878906e+00,1.534590081505067261e+00,3.890000000000000000e+02,1.000000000000000000e+00,0.000000000000000000e+00,2.334487960924652050e+00
7.140000000000000568e+01,2.682922363281250000e+00,2.649621963500976562e+00,4.760366439819335938e+00,4.733859062194824219e+00,1.572280279582973783e+00,3.480000000000000000e+02,0.000000000000000000e+00,0.000000000000000000e+00,2.356774173966877495e+00
7.145000000000000284e+01,2.645621538162231445e+00,2.601958513259887695e+00,4.566525459289550781e+00,4.727677822113037109e+00,1.516752724461679858e+00,3.870000000000000000e+02,1.000000000000000000e+00,0.000000000000000000e+00,2.302053755044345174e+00
7.150000000000000000e+01,2.564008474349975586e+00,2.534672737121582031e+00,4.772912025451660156e+00,4.859416961669921875e+00,1.533135921293506065e+00,3.840000000000000000e+02,1.000000000000000000e+00,0.000000000000000000e+00,2.371694177443258944e+00
7.154999999999999716e+01,2.662886619567871094e+00,2.651340007781982422e+00,5.027219772338867188e+00,4.996572494506835938e+00,1.502800717845834022e+00,3.940000000000000000e+02,0.000000000000000000e+00,0.000000000000000000e+00,2.277928295223473398e+00
7.160000000000000853e+01,2.751636505126953125e+00,2.786714553833007812e+00,4.759110927581787109e+00,4.908327579498291016e+00,1.571446334383135301e+00,3.990000000000000000e+02,1.000000000000000000e+00,0.000000000000000000e+00,2.255731251989189889e+00
7.165000000000000568e+01,2.552550792694091797e+00,2.480453491210937500e+00,4.783530235290527344e+00,4.586149692535400391e+00,1.539709827392276020e+00,3.890000000000000000e+02,1.000000000000000000e+00,0.000000000000000000e+00,2.232226446170437750e+00
7.170000000000000284e+01,2.759379148483276367e+00,2.745088577270507812e+00,4.510721683502197266e+00,4.467442512512207031e+00,1.544642461648761955e+00,3.690000000000000000e+02,1.000000000000000000e+00,0.000000000000000000e+00,2.252024815500802024e+00
7.175000000000000000e+01,2.692742586135864258e+00,2.648535013198852539e+00,4.575105190277099609e+00,4.582446098327636719e+00,1.516641235370153939e+00,3.800000000000000000e+02,1.000000000000000000e+00,0.000000000000000000e+00,2.267722402660603098e+00
7.179999999999999716e+01,2.517761230468750000e+00,2.467217445373535156e+00,4.569629669189453125e+00,4.683631896972656250e+00,1.511379316746975121e+00,4.010000000000000000e+02,0.000000000000000000e+00,0.000000000000000000e+00,2.302676742161793300e+00
7.185000000000000853e+01,2.773658275604248047e+00,2.789134740829467773e+00,4.676554679870605469e+00,4.753723144531250000e+00,1.546895416313473826e+00,3.480000000000000000e+02,1.000000000000000000e+00,0.000000000000000000e+00,2.320787525190600942e+00
7.190000000000000568e+01,2.539697170257568359e+00,2.444547176361083984e+00,5.079519271850585938e+00,5.037722587585449219e+00,1.503179210864399318e+00,3.560000000000000000e+02,0.000000000000000000e+00,0.000000000000000000e+00,2.115359143061394498e+00
7.195000000000000284e+01,2.724225759506225586e+00,2.628981828689575195e+00,4.813735961914062500e+00,4.774370670318603516e+00,1.582045136236511551e+00,3.840000000000000000e+02,1.000000000000000000e+00,0.000000000000000000e+00,2.268195102063487845e+00
7.200000000000000000e+01,2.727190256118774414e+00,2.722722291946411133e+00,4.970696926116943359e+00,4.970022201538085938e+00,1.538851378181394169e+00,3.680000000000000000e+02,0.000000000000000000e+00,0.000000000000000000e+00,2.362393296525063136e+00
7.204999999999999716e+01,2.603986024856567383e+00,2.571341753005981445e+00,4.530735969543457031e+00,4.803381919860839844e+00,1.576102049804537941e+00,4.070000000000000000e+02,1.000000000000000000e+00,0.000000000000000000e+00,2.408216691909788487e+00
7.210000000000000853e+01,2.507357835769653320e+00,2.507710218429565430e+00,4.606733798980712891e+00,4.879746913909912109e+00,1.566576645553113600e+00,3.840000000000000000e+02,1.000000000000000000e+00,0.000000000000000000e+00,2.351868661328478272e+00
7.215000000000000568e+01,2.470053672790527344e+00,2.429677009582519531e+00,5.223298549652099609e+00,5.288335800170898438e+00,1.446607144562360503e+00,4.010000000000000000e+02,1.000000000000000000e+00,0.000000000000000000e+00,2.264365640380003430e+00
7.220000000000000284e+01,2.677662611007690430e+00,2.660763025283813477e+00,4.710010528564453125e+00,5.102994441986083984e+00,1.559276957276929609e+00,3.590000000000000000e+02,0.000000000000000000e+00,0.000000000000000000e+00,2.298778688185878938e+00
7.225000000000000000e+01,2.678481340408325195e+00,2.625671386718750000e+00,4.984912395477294922e+00,5.305522918701171875e+00,1.541563502136705122e+00,3.800000000000000000e+02,0.000000000000000000e+00,0.000000000000000000e+00,2.308153221747946571e+00
7.229999999999999716e+01,2.600975990295410156e+00,2.571359634399414062e+00,4.786848545074462891e+00,4.913470268249511719e+00,1.553665795136258243e+00,3.200000000000000000e+02,1.000000000000000000e+00,0.000000000000000000e+00,2.120314090623300007e+00
7.235000000000000853e+01,2.619815349578857422e+00,2.596775531768798828e+00,4.834429740905761719e+00,4.881092071533203125e+00,1.537838517522370996e+00,3.350000000000000000e+02,0.000000000000000000e+00,0.000000000000000000e+00,2.368467513794930035e+00
7.240000000000000568e+01,2.649785041809082031e+00,2.588239669799804688e+00,5.212373733520507812e+00,5.502521514892578125e+00,1.514543180817945478e+00,3.730000000000000000e+02,1.000000000000000000e+00,0.000000000000000000e+00,2.199480341730045030e+00
7.245000000000000284e+01,2.533775568008422852e+00,2.479022979736328125e+00,4.588034152984619141e+00,4.585196495056152344e+00,1.542352166171079064e+00,3.650000000000000000e+02,1.000000000000000000e+00,0.000000000000000000e+00,2.365706453191724901e+00
7.250000000000000000e+01,2.493834972381591797e+00,2.473040342330932617e+00,4.670528411865234375e+00,4.643025398254394531e+00,1.512863337541729081e+00,3.760000000000000000e+02,0.000000000000000000e+00,0.000000000000000000e+00,2.220751448184235421e+00
7.254999999999999716e+01,2.640238285064697266e+00,2.622225284576416016e+00,5.006372451782226562e+00,5.030470848083496094e+00,1.583186183903900979e+00,3.880000000000000000e+02,0.000000000000000000e+00,0.000000000000000000e+00,2.413224332018099716e+00
7.260000000000000853e+01,2.740283489227294922e+00,2.701793193817138672e+00,5.003235816955566406e+00,4.952296733856201172e+00,1.534213105510660480e+00,3.780000000000000000e+02,0.000000000000000000e+00,0.000000000000000000e+00,2.275767529470843265e+00
7.265000000000000568e+01,2.786619424819946289e+00,2.757181644439697266e+00,4.868546009063720703e+00,4.999900817871093750e+00,1.561612389250839561e+00,3.990000000000000000e+02,0.000000000000000000e+00,0.000000000000000000e+00,2.454629750457195225e+00
7.270000000000000284e+01,3.056258201599121094e+00,3.003981351852416992e+00,5.150073051452636719e+00,5.220143318176269531e+00,1.475769840802391819e+00,3.770000000000000000e+02,0.000000000000000000e+00,0.000000000000000000e+00,2.369427048199465258e+00
7.275000000000000000e+01,2.799816370010375977e+00,2.794823169708251953e+00,5.112513542175292969e+00,5.265012264251708984e+00,1.540430173979973727e+00,4.050000000000000000e+02,0.000000000000000000e+00,0.000000000000000000e+00,2.237129121373282459e+00
7.279999999999999716e+01,2.911812067031860352e+00,2.895997524261474609e+00,4.734090805053710938e+00,5.023297309875488281e+00,1.566556260305392856e+00,3.360000000000000000e+02,0.000000000000000000e+00,0.000000000000000000e+00,2.377958460898118798e+00
7.285000000000000853e+01,2.583787679672241211e+00,2.482151746749877930e+00,4.610304832458496094e+00,4.978296279907226562e+00,1.548008315166544913e+00,3.250000000000000000e+02,0.000000000000000000e+00,0.000000000000000000e+00,2.391519764054374164e+00
7.290000000000000568e+01,2.842759132385253906e+00,2.762422323226928711e+00,4.604593276977539062e+00,5.178994178771972656e+00,1.642045280162205412e+00,3.760000000000000000e+02,0.000000000000000000e+00,0.000000000000000000e+00,2.317060423685172843e+00
7.295000000000000284e+01,2.650778055191040039e+00,2.556960821151733398e+00,4.567792892456054688e+00,5.266501903533935547e+00,1.678154165911952322e+00,3.500000000000000000e+02,1.000000000000000000e+00,0.000000000000000000e+00,2.271913137758952761e+00
7.300000000000000000e+01,2.677294731140136719e+00,2.573716163635253906e+00,4.843248367309570312e+00,5.475952148437500000e+00,1.686491013839776176e+00,3.950000000000000000e+02,0.000000000000000000e+00,0.000000000000000000e+00,2.362410481942258667e+00
7.304999999999999716e+01,2.742733001708984375e+00,2.668776512145996094e+00,4.204513072967529297e+00,4.363494396209716797e+00,1.639730563126438501e+00,3.770000000000000000e+02,0.000000000000000000e+00,0.000000000000000000e+00,2.315756196944600553e+00
7.310000000000000853e+01,2.592605590820312500e+00,2.524281978607177734e+00,4.428203105926513672e+00,5.069569587707519531e+00,1.656189357100160464e+00,3.470000000000000000e+02,0.000000000000000000e+00,0.000000000000000000e+00,2.246403292088245074e+00
7.315000000000000568e+01,2.825364112854003906e+00,2.750297784805297852e+00,4.475817680358886719e+00,5.382668495178222656e+00,1.567524448033204232e+00,4.230000000000000000e+02,1.000000000000000000e+00,0.000000000000000000e+00,2.333104560496072732e+00
7.320000000000000284e+01,2.794294834136962891e+00,2.749485969543457031e+00,4.315223217010498047e+00,4.868303298950195312e+00,1.632721285533536015e+00,3.860000000000000000e+02,0.000000000000000000e+00,0.000000000000000000e+00,2.258121520605410826e+00
7.325000000000000000e+01,2.687379360198974609e+00,2.649392843246459961e+00,4.423240661621093750e+00,5.301712036132812500e+00,1.600697276746702036e+00,3.830000000000000000e+02,0.000000000000000000e+00,0.000000000000000000e+00,2.416192736144404218e+00
7.329999999999999716e+01,2.720420122146606445e+00,2.702746391296386719e+00,4.578605651855468750e+00,5.076920509338378906e+00,1.620188409872325597e+00,3.970000000000000000e+02,0.000000000000000000e+00,0.000000000000000000e+00,2.446540694066960508e+00
7.335000000000000853e+01,2.884781599044799805e+00,2.823564767837524414e+00,4.444489955902099609e+00,5.108110904693603516e+00,1.615805886156916893e+00,3.950000000000000000e+02,0.000000000000000000e+00,0.000000000000000000e+00,2.209680327167002467e+00
7.340000000000000568e+01,3.056839942932128906e+00,2.944135427474975586e+00,4.737961769104003906e+00,5.639447212219238281e+00,1.599087993359947113e+00,3.910000000000000000e+02,0.000000000000000000e+00,0.000000000000000000e+00,2.272544399594515152e+00
7.345000000000000284e+01,3.023635387420654297e+00,2.976210117340087891e+00,4.779397964477539062e+00,5.548282146453857422e+00,1.680669911425822338e+00,4.070000000000000000e+02,1.000000000000000000e+00,0.000000000000000000e+00,2.408016376265081249e+00
7.350000000000000000e+01,2.851185560226440430e+00,2.697235107421875000e+00,4.169175148010253906e+00,5.121447563171386719e+00,1.651704437309377216e+00,3.960000000000000000e+02,0.000000000000000000e+00,0.000000000000000000e+00,2.374167915783135463e+00
7.354999999999999716e+01,2.717696666717529297e+00,2.629423141479492188e+00,4.644461154937744141e+00,5.362681388854980469e+00,1.620164575556324760e+00,3.850000000000000000e+02,1.000000000000000000e+00,0.000000000000000000e+00,2.322971984669202961e+00
7.360000000000000853e+01,2.674565792083740234e+00,2.540167331695556641e+00,4.306253433227539062e+00,4.925952434539794922e+00,1.615041605481315701e+00,3.830000000000000000e+02,0.000000000000000000e+00,0.000000000000000000e+00,2.418272477548241817e+00
7.365000000000000568e+01,2.813554048538208008e+00,2.737899780273437500e+00,4.978420257568359375e+00,5.608935832977294922e+00,1.673900218742648605e+00,3.650000000000000000e+02,0.000000000000000000e+00,0.000000000000000000e+00,2.117451233149157286e+00
7.370000000000000284e+01,2.657592296600341797e+00,2.591185092926025391e+00,4.561161994934082031e+00,5.011237144470214844e+00,1.712048320832906478e+00,3.370000000000000000e+02,0.000000000000000000e+00,0.000000000000000000e+00,2.233509830195522738e+00
7.375000000000000000e+01,2.783368110656738281e+00,2.727204799652099609e+00,4.385157108306884766e+00,5.065078735351562500e+00,1.688552934960660501e+00,3.930000000000000000e+02,0.000000000000000000e+00,0.000000000000000000e+00,2.204553042478280656e+00
7.379999999999999716e+01,2.925889253616333008e+00,2.824809789657592773e+00,4.479717254638671875e+00,5.095367908477783203e+00,1.780699660407184526e+00,3.880000000000000000e+02,2.000000000000000000e+00,0.000000000000000000e+00,2.294416420784791910e+00
7.385000000000000853e+01,2.780335426330566406e+00,2.693091392517089844e+00,3.612851619720458984e+00,3.750818967819213867e+00,1.673149900619576247e+00,3.980000000000000000e+02,0.000000000000000000e+00,0.000000000000000000e+00,1.783657809638025782e+00
7.390000000000000568e+01,2.882268428802490234e+00,2.837555885314941406e+00,4.098323822021484375e+00,4.317349910736083984e+00,1.752298082955429326e+00,3.810000000000000000e+02,1.000000000000000000e+00,0.000000000000000000e+00,2.150316471712877764e+00
7.395000000000000284e+01,2.861045598983764648e+00,2.813169479370117188e+00,3.828134298324584961e+00,4.558045387268066406e+00,1.726460158609627094e+00,3.830000000000000000e+02,1.000000000000000000e+00,0.000000000000000000e+00,2.441811931227872101e+00
7.400000000000000000e+01,2.639067649841308594e+00,2.517280817031860352e+00,3.781300783157348633e+00,3.923421859741210938e+00,1.773971800012468680e+00,4.020000000000000000e+02,0.000000000000000000e+00,0.000000000000000000e+00,2.377078561217343289e+00
7.404999999999999716e+01,2.684519052505493164e+00,2.595045089721679688e+00,4.306837081909179688e+00,4.287783145904541016e+00,1.730481626400779849e+00,3.700000000000000000e+02,0.000000000000000000e+00,0.000000000000000000e+00,2.366163755816232506e+00
7.410000000000000853e+01,2.578614950180053711e+00,2.527921438217163086e+00,4.011267185211181641e+00,4.307935714721679688e+00,1.837876343721390526e+00,4.230000000000000000e+02,1.000000000000000000e+00,0.000000000000000000e+00,2.387859466559970834e+00
7.415000000000000568e+01,2.676748037338256836e+00,2.659436225891113281e+00,4.033361911773681641e+00,4.200117111206054688e+00,1.766591137424031288e+00,3.910000000000000000e+02,1.000000000000000000e+00,0.000000000000000000e+00,2.341966620583071812e+00
7.420000000000000284e+01,2.637797594070434570e+00,2.589131593704223633e+00,4.187293529510498047e+00,4.152091979980468750e+00,1.734383666065034690e+00,4.070000000000000000e+02,0.000000000000000000e+00,0.000000000000000000e+00,2.232213250270287830e+00
7.425000000000000000e+01,2.857374191284179688e+00,2.857373714447021484e+00,3.419452905654907227e+00,3.857743978500366211e+00,1.750994247814472660e+00,3.980000000000000000e+02,0.000000000000000000e+00,0.000000000000000000e+00,2.309250449178905651e+00
7.429999999999999716e+01,2.737090826034545898e+00,2.698383808135986328e+00,3.883043289184570312e+00,4.108898162841796875e+00,1.748864892808278171e+00,4.230000000000000000e+02,0.000000000000000000e+00,0.000000000000000000e+00,2.327570962058938875e+00
7.435000000000000853e+01,2.742464542388916016e+00,2.713037729263305664e+00,3.902788400650024414e+00,3.940119266510009766e+00,1.801703465853221164e+00,3.760000000000000000e+02,0.000000000000000000e+00,0.000000000000000000e+00,2.418632762247448387e+00
7.440000000000000568e+01,2.708374023437500000e+00,2.617283344268798828e+00,3.594135046005249023e+00,3.942952394485473633e+00,1.706744853600614675e+00,3.910000000000000000e+02,2.000000000000000000e+00,0.000000000000000000e+00,2.375610768287947039e+00
7.445000000000000284e+01,2.662891864776611328e+00,2.616594791412353516e+00,3.611905336380004883e+00,3.882074594497680664e+00,1.668568279397776077e+00,4.040000000000000000e+02,0.000000000000000000e+00,0.000000000000000000e+00,2.362504160817105348e+00
7.450000000000000000e+01,2.550427675247192383e+00,2.527105808258056641e+00,3.684459686279296875e+00,3.917767047882080078e+00,1.833664208458268163e+00,3.940000000000000000e+02,0.000000000000000000e+00,0.000000000000000000e+00,2.376986428426109743e+00
7.454999999999999716e+01,2.465975761413574219e+00,2.371995687484741211e+00,3.495810270309448242e+00,3.883592844009399414e+00,1.708256434971137327e+00,3.890000000000000000e+02,1.000000000000000000e+00,0.000000000000000000e+00,2.257035231215006821e+00
7.460000000000000853e+01,2.721601963043212891e+00,2.642281055450439453e+00,4.053004264831542969e+00,4.512386322021484375e+00,1.818858262160337080e+00,4.180000000000000000e+02,0.000000000000000000e+00,0.000000000000000000e+00,2.198911624313589552e+00
7.465000000000000568e+01,2.571555376052856445e+00,2.465684890747070312e+00,3.835587263107299805e+00,3.978255033493041992e+00,1.705454314578308761e+00,4.200000000000000000e+02,0.000000000000000000e+00,0.000000000000000000e+00,2.273033087257075202e+00
7.470000000000000284e+01,2.693787813186645508e+00,2.652991294860839844e+00,3.635417938232421875e+00,4.252346992492675781e+00,1.804004819513093993e+00,4.060000000000000000e+02,2.000000000000000000e+00,0.000000000000000000e+00,2.260932368796288117e+00
7.475000000000000000e+01,2.767776250839233398e+00,2.692946195602416992e+00,4.039733409881591797e+00,4.562479019165039062e+00,1.764184229893426714e+00,3.970000000000000000e+02,1.000000000000000000e+00,0.000000000000000000e+00,2.202017732150724605e+00
7.479999999999999716e+01,2.487122774124145508e+00,2.465070009231567383e+00,3.794755935668945312e+00,3.983419418334960938e+00,1.786942571428138393e+00,4.000000000000000000e+02,0.000000000000000000e+00,0.000000000000000000e+00,2.277463722295222759e+00
7.485000000000000853e+01,2.600133657455444336e+00,2.573796272277832031e+00,3.569988012313842773e+00,4.104885578155517578e+00,1.803290565548927527e+00,3.880000000000000000e+02,0.000000000000000000e+00,0.000000000000000000e+00,2.351770073897395008e+00
7.490000000000000568e+01,2.465538263320922852e+00,2.431133985519409180e+00,3.781503200531005859e+00,4.218870162963867188e+00,1.776930775481442737e+00,3.770000000000000000e+02,1.000000000000000000e+00,0.000000000000000000e+00,2.262948560583855961e+00
7.495000000000000284e+01,2.792462348937988281e+00,2.726844310760498047e+00,3.831449508666992188e+00,4.323440074920654297e+00,1.696243552831874446e+00,4.130000000000000000e+02,0.000000000000000000e+00,0.000000000000000000e+00,2.349273921120072828e+00
7.500000000000000000e+01,2.708221912384033203e+00,2.682989120483398438e+00,3.787626743316650391e+00,4.069098472595214844e+00,1.752760078354244300e+00,3.970000000000000000e+02,0.000000000000000000e+00,0.000000000000000000e+00,2.328689517509503926e+00
7.504999999999999716e+01,2.883422136306762695e+00,2.822982788085937500e+00,3.616379737854003906e+00,3.718954324722290039e+00,1.818745560375677250e+00,4.210000000000000000e+02,0.000000000000000000e+00,0.000000000000000000e+00,2.251669780986923719e+00
7.510000000000000853e+01,2.862952709197998047e+00,2.888870239257812500e+00,3.780231952667236328e+00,4.066905021667480469e+00,1.721859917831148001e+00,3.920000000000000000e+02,0.000000000000000000e+00,0.000000000000000000e+00,2.129148594298970298e+00
7.515000000000000568e+01,2.837627410888671875e+00,2.805075883865356445e+00,4.090109825134277344e+00,4.180074214935302734e+00,1.733003845323732417e+00,3.910000000000000000e+02,0.000000000000000000e+00,0.000000000000000000e+00,2.326597960913541652e+00
7.520000000000000284e+01,2.888232231140136719e+00,2.879740715026855469e+00,3.732096910476684570e+00,4.036830902099609375e+00,1.832563090374548675e+00,3.950000000000000000e+02,0.000000000000000000e+00,0.000000000000000000e+00,2.294234303552768584e+00
7.525000000000000000e+01,2.976198434829711914e+00,2.941685199737548828e+00,4.014668941497802734e+00,4.517742156982421875e+00,1.737858340087937492e+00,4.120000000000000000e+02,0.000000000000000000e+00,0.000000000000000000e+00,2.372907522989619267e+00
7.529999999999999716e+01,2.887016296386718750e+00,2.779113054275512695e+00,3.861386299133300781e+00,4.265427112579345703e+00,1.813266256509098007e+00,4.010000000000000000e+02,0.000000000000000000e+00,0.000000000000000000e+00,2.243823349889540353e+00
7.535000000000000853e+01,2.695528984069824219e+00,2.700061321258544922e+00,3.880666494369506836e+00,4.004289627075195312e+00,1.879301063656614978e+00,4.160000000000000000e+02,0.000000000000000000e+00,0.000000000000000000e+00,2.277017573742632806e+00
7.540000000000000568e+01,2.758443832397460938e+00,2.748543024063110352e+00,3.716878652572631836e+00,4.013745784759521484e+00,1.801000520795910331e+00,4.190000000000000000e+02,0.000000000000000000e+00,0.000000000000000000e+00,2.300287491267875684e+00
7.545000000000000284e+01,2.812192440032958984e+00,2.657565116882324219e+00,3.836357831954956055e+00,4.134374618530273438e+00,1.782303655480227178e+00,4.090000000000000000e+02,0.000000000000000000e+00,0.000000000000000000e+00,2.251221055346946720e+00
7.550000000000000000e+01,2.618775844573974609e+00,2.583526134490966797e+00,3.613133907318115234e+00,3.830021381378173828e+00,1.799736437841983561e+00,3.900000000000000000e+02,0.000000000000000000e+00,0.000000000000000000e+00,2.448550278943571357e+00
7.554999999999999716e+01,2.801779508590698242e+00,2.762881278991699219e+00,3.402135610580444336e+00,3.727344274520874023e+00,1.756820156165449287e+00,3.890000000000000000e+02,0.000000000000000000e+00,0.000000000000000000e+00,2.384796161169288276e+00
7.560000000000000853e+01,2.741719722747802734e+00,2.733416795730590820e+00,3.761054039001464844e+00,4.077022075653076172e+00,1.824852830852401242e+00,3.940000000000000000e+02,0.000000000000000000e+00,0.000000000000000000e+00,2.254876121727161120e+00
7.565000000000000568e+01,2.621194362640380859e+00,2.513974189758300781e+00,3.794746398925781250e+00,3.633368968963623047e+00,1.804922486828260952e+00,3.940000000000000000e+02,0.000000000000000000e+00,0.000000000000000000e+00,2.166115412260557260e+00
7.570000000000000284e+01,2.521547794342041016e+00,2.417104721069335938e+00,3.812872409820556641e+00,3.980891704559326172e+00,1.817268953235532392e+00,4.030000000000000000e+02,0.000000000000000000e+00,0.000000000000000000e+00,2.183960426732765914e+00
7.575000000000000000e+01,2.691509962081909180e+00,2.559891223907470703e+00,3.477348089218139648e+00,3.805867433547973633e+00,1.802056825602478263e+00,3.610000000000000000e+02,0.000000000000000000e+00,0.000000000000000000e+00,2.385201639200889456e+00
7.579999999999999716e+01,2.752082109451293945e+00,2.654532909393310547e+00,4.010235309600830078e+00,4.344380855560302734e+00,1.740737095685882974e+00,3.660000000000000000e+02,0.000000000000000000e+00,0.000000000000000000e+00,2.273063902674033354e+00
7.585000000000000853e+01,2.870659828186035156e+00,2.774284124374389648e+00,4.279485702514648438e+00,4.428034305572509766e+00,1.809241762429533829e+00,3.970000000000000000e+02,0.000000000000000000e+00,0.000000000000000000e+00,2.314927884331615893e+00
7.590000000000000568e+01,2.743254661560058594e+00,2.625170230865478516e+00,3.695361614227294922e+00,3.967907667160034180e+00,1.757278993042298065e+00,4.070000000000000000e+02,1.000000000000000000e+00,0.000000000000000000e+00,2.120115710266271769e+00
7.595000000000000284e+01,2.655664682388305664e+00,2.546369791030883789e+00,4.118982315063476562e+00,4.409488677978515625e+00,1.804639182565086486e+00,3.730000000000000000e+02,0.000000000000000000e+00,0.000000000000000000e+00,2.296193219008898279e+00
7.600000000000000000e+01,2.657501220703125000e+00,2.551019430160522461e+00,3.983074665069580078e+00,4.072066307067871094e+00,1.809298379697974468e+00,3.810000000000000000e+02,0.000000000000000000e+00,0.000000000000000000e+00,2.169041076281225777e+00
7.604999999999999716e+01,2.703200578689575195e+00,2.696898937225341797e+00,3.653543472290039062e+00,3.819122314453125000e+00,1.751047738070009574e+00,3.830000000000000000e+02,0.000000000000000000e+00,0.000000000000000000e+00,2.145117898314436111e+00
7.610000000000000853e+01,2.709409713745117188e+00,2.671054363250732422e+00,4.095884323120117188e+00,4.166304111480712891e+00,1.696577314269990477e+00,4.110000000000000000e+02,0.000000000000000000e+00,0.000000000000000000e+00,2.328408667889049433e+00
7.615000000000000568e+01,2.636046648025512695e+00,2.568081855773925781e+00,3.573203086853027344e+00,3.733179330825805664e+00,1.787077846281139637e+00,4.280000000000000000e+02,0.000000000000000000e+00,0.000000000000000000e+00,2.325898518959489625e+00
7.620000000000000284e+01,2.735688924789428711e+00,2.659846782684326172e+00,3.943375349044799805e+00,4.064120769500732422e+00,1.733612491412321877e+00,3.920000000000000000e+02,0.000000000000000000e+00,0.000000000000000000e+00,2.421019411920557030e+00
7.625000000000000000e+01,2.821126461029052734e+00,2.706017255783081055e+00,3.956268787384033203e+00,4.313010692596435547e+00,1.870700288457189719e+00,3.880000000000000000e+02,0.000000000000000000e+00,0.000000000000000000e+00,2.302529239936884409e+00
7.629999999999999716e+01,2.815248966217041016e+00,2.809722185134887695e+00,3.723616838455200195e+00,3.888936519622802734e+00,1.771065921574512592e+00,4.220000000000000000e+02,0.000000000000000000e+00,0.000000000000000000e+00,1.998006664813758215e+00
7.635000000000000853e+01,2.811192989349365234e+00,2.776692152023315430e+00,3.813020706176757812e+00,4.086741924285888672e+00,1.815987484207433500e+00,4.000000000000000000e+02,0.000000000000000000e+00,0.000000000000000000e+00,2.373390182996720110e+00
7.640000000000000568e+01,2.739157199859619141e+00,2.708068132400512695e+00,4.061570167541503906e+00,4.170316219329833984e+00,1.775391883221162814e+00,3.800000000000000000e+02,0.000000000000000000e+00,0.000000000000000000e+00,2.239497124188290833e+00
7.645000000000000284e+01,2.936630725860595703e+00,2.894423007965087891e+00,3.659410715103149414e+00,3.792574882507324219e+00,1.761606968407083640e+00,4.080000000000000000e+02,0.000000000000000000e+00,0.000000000000000000e+00,2.465330514694362485e+00
7.650000000000000000e+01,2.773642778396606445e+00,2.724997520446777344e+00,4.000399589538574219e+00,4.291811466217041016e+00,1.750683219125328538e+00,4.030000000000000000e+02,1.000000000000000000e+00,0.000000000000000000e+00,2.299627738930651866e+00
7.654999999999999716e+01,2.628677368164062500e+00,2.571974992752075195e+00,3.747097253799438477e+00,3.974559783935546875e+00,1.811166143400050110e+00,4.160000000000000000e+02,0.000000000000000000e+00,0.000000000000000000e+00,2.237583139098034302e+00
7.660000000000000853e+01,2.818953752517700195e+00,2.783662319183349609e+00,3.569440841674804688e+00,3.732244491577148438e+00,1.786063455811263134e+00,3.950000000000000000e+02,0.000000000000000000e+00,0.000000000000000000e+00,2.369569458783589599e+00
7.665000000000000568e+01,2.651660203933715820e+00,2.580275058746337891e+00,3.732281208038330078e+00,4.247713565826416016e+00,1.785542839373210455e+00,4.350000000000000000e+02,0.000000000000000000e+00,0.000000000000000000e+00,2.189064156981806786e+00
7.670000000000000284e+01,2.800372123718261719e+00,2.781884908676147461e+00,3.993054628372192383e+00,4.221818923950195312e+00,1.793385525822698057e+00,3.810000000000000000e+02,0.000000000000000000e+00,0.000000000000000000e+00,2.420827688719062287e+00
7.675000000000000000e+01,2.678786277770996094e+00,2.665908813476562500e+00,3.928037166595458984e+00,3.875196218490600586e+00,1.774098500121874977e+00,4.300000000000000000e+02,0.000000000000000000e+00,0.000000000000000000e+00,2.399416982625278916e+00
7.680000000000001137e+01,2.737787961959838867e+00,2.707340478897094727e+00,3.780995845794677734e+00,4.021906375885009766e+00,1.685172716220979527e+00,4.090000000000000000e+02,0.000000000000000000e+00,0.000000000000000000e+00,2.258720513892435555e+00
7.685000000000000853e+01,2.397533416748046875e+00,2.349307775497436523e+00,3.802889347076416016e+00,3.818922996520996094e+00,1.703263948753983570e+00,4.060000000000000000e+02,0.000000000000000000e+00,0.000000000000000000e+00,2.329321083466148856e+00
7.690000000000000568e+01,2.893547534942626953e+00,2.778855562210083008e+00,3.788334369659423828e+00,3.899216175079345703e+00,1.742917702965089743e+00,3.750000000000000000e+02,0.000000000000000000e+00,0.000000000000000000e+00,2.299823448044326479e+00
7.695000000000000284e+01,2.709753274917602539e+00,2.648973703384399414e+00,3.886084318161010742e+00,3.969340324401855469e+00,1.828107145378843779e+00,3.920000000000000000e+02,0.000000000000000000e+00,0.000000000000000000e+00,2.128192502810334563e+00
7.700000000000000000e+01,2.680201530456542969e+00,2.652486562728881836e+00,3.712618112564086914e+00,4.071619033813476562e+00,1.805806479131888187e+00,4.000000000000000000e+02,0.000000000000000000e+00,0.000000000000000000e+00,2.354300093152353224e+00
7.705000000000001137e+01,2.609960794448852539e+00,2.552367210388183594e+00,3.887511730194091797e+00,3.773857116699218750e+00,1.788737363715192652e+00,3.880000000000000000e+02,0.000000000000000000e+00,0.000000000000000000e+00,2.358599819995747637e+00
7.710000000000000853e+01,2.723266839981079102e+00,2.680073738098144531e+00,4.028449535369873047e+00,4.112455368041992188e+00,1.762782651781883425e+00,3.810000000000000000e+02,0.000000000000000000e+00,0.000000000000000000e+00,2.258320267517937463e+00
7.715000000000000568e+01,2.742515563964843750e+00,2.663100242614746094e+00,3.595781087875366211e+00,3.872391939163208008e+00,1.774623945028606542e+00,4.200000000000000000e+02,0.000000000000000000e+00,0.000000000000000000e+00,2.248697814745759693e+00
7.720000000000000284e+01,2.737228393554687500e+00,2.683201313018798828e+00,4.016807079315185547e+00,4.145031452178955078e+00,1.770465204053436103e+00,3.810000000000000000e+02,0.000000000000000000e+00,0.000000000000000000e+00,2.494830918330520397e+00
7.725000000000000000e+01,2.572346210479736328e+00,2.567186832427978516e+00,4.018687725067138672e+00,3.779277801513671875e+00,1.773893768888443523e+00,3.900000000000000000e+02,0.000000000000000000e+00,0.000000000000000000e+00,2.328643598396819669e+00
7.730000000000001137e+01,2.514470100402832031e+00,2.504818677902221680e+00,3.753283977508544922e+00,3.769231319427490234e+00,1.774029453134031487e+00,4.010000000000000000e+02,1.000000000000000000e+00,0.000000000000000000e+00,2.356151673620673126e+00
7.735000000000000853e+01,2.709753990173339844e+00,2.548510074615478516e+00,3.991657495498657227e+00,4.159259796142578125e+00,1.808384586902429980e+00,3.640000000000000000e+02,1.000000000000000000e+00,0.000000000000000000e+00,2.356281388000085020e+00
7.740000000000000568e+01,2.780897378921508789e+00,2.728025436401367188e+00,3.872208595275878906e+00,4.256120204925537109e+00,1.790010648660094184e+00,3.950000000000000000e+02,2.000000000000000000e+00,0.000000000000000000e+00,2.260500734426536429e+00
7.745000000000000284e+01,2.668732166290283203e+00,2.707878351211547852e+00,3.838719844818115234e+00,3.819630146026611328e+00,1.766693885287216048e+00,4.160000000000000000e+02,0.000000000000000000e+00,0.000000000000000000e+00,2.331473610342217562e+00
7.750000000000000000e+01,2.939718961715698242e+00,2.933885812759399414e+00,3.843256473541259766e+00,4.100118160247802734e+00,1.688144438986070917e+00,3.830000000000000000e+02,0.000000000000000000e+00,0.000000000000000000e+00,2.300664242127130166e+00
7.755000000000001137e+01,2.787876367568969727e+00,2.743277072906494141e+00,4.029722213745117188e+00,4.297593593597412109e+00,1.762052562177817139e+00,4.210000000000000000e+02,0.000000000000000000e+00,0.000000000000000000e+00,2.300772079590255981e+00
7.760000000000000853e+01,2.698032617568969727e+00,2.650501966476440430e+00,3.490022659301757812e+00,3.670662641525268555e+00,1.804755368682203986e+00,4.120000000000000000e+02,0.000000000000000000e+00,0.000000000000000000e+00,2.111634519833416768e+00
7.765000000000000568e+01,2.893195152282714844e+00,2.792318105697631836e+00,3.727546930313110352e+00,3.783960103988647461e+00,1.759456749524365149e+00,3.780000000000000000e+02,0.000000000000000000e+00,0.000000000000000000e+00,2.022855573580371491e+00
7.770000000000000284e+01,2.672847270965576172e+00,2.660114526748657227e+00,3.507850408554077148e+00,3.952513933181762695e+00,1.776168950713331363e+00,3.960000000000000000e+02,0.000000000000000000e+00,0.000000000000000000e+00,2.451276125150427365e+00
7.775000000000000000e+01,2.819641113281250000e+00,2.740681409835815430e+00,3.385922908782958984e+00,3.803608179092407227e+00,1.776975206818191877e+00,3.980000000000000000e+02,0.000000000000000000e+00,0.000000000000000000e+00,2.309478655059614471e+00
7.780000000000001137e+01,2.799759387969970703e+00,2.719172000885009766e+00,3.735331535339355469e+00,3.845205307006835938e+00,1.781318591584335920e+00,3.990000000000000000e+02,0.000000000000000000e+00,0.000000000000000000e+00,2.446324434104222956e+00
7.785000000000000853e+01,2.758583068847656250e+00,2.698363065719604492e+00,3.700687885284423828e+00,4.014263153076171875e+00,1.789534356152359340e+00,3.820000000000000000e+02,0.000000000000000000e+00,0.000000000000000000e+00,2.335935392765312368e+00
7.790000000000000568e+01,2.616163730621337891e+00,2.572446823120117188e+00,3.780110359191894531e+00,3.939962148666381836e+00,1.759611952398739687e+00,4.020000000000000000e+02,0.000000000000000000e+00,0.000000000000000000e+00,2.260254509522353850e+00
7.795000000000000284e+01,2.469706058502197266e+00,2.433116912841796875e+00,3.546965122222900391e+00,3.726465225219726562e+00,1.725733151466045889e+00,4.140000000000000000e+02,0.000000000000000000e+00,0.000000000000000000e+00,2.228246368295761837e+00
7.800000000000000000e+01,2.753021240234375000e+00,2.661354303359985352e+00,3.380192756652832031e+00,3.840360641479492188e+00,1.735917063705326946e+00,4.490000000000000000e+02,2.000000000000000000e+00,0.000000000000000000e+00,1.824194958321004867e+00
7.805000000000001137e+01,2.734640598297119141e+00,2.642860174179077148e+00,3.669562339782714844e+00,3.787914514541625977e+00,1.788013030110250590e+00,4.140000000000000000e+02,0.000000000000000000e+00,0.000000000000000000e+00,2.228542218839729916e+00
7.810000000000000853e+01,2.940400600433349609e+00,2.818352222442626953e+00,3.787845134735107422e+00,4.136349678039550781e+00,1.697004665713214289e+00,3.970000000000000000e+02,0.000000000000000000e+00,0.000000000000000000e+00,2.214582031082407809e+00
7.815000000000000568e+01,2.771735429763793945e+00,2.718859910964965820e+00,3.858248710632324219e+00,3.885063886642456055e+00,1.715540129548576154e+00,4.080000000000000000e+02,0.000000000000000000e+00,0.000000000000000000e+00,2.232301042095564902e+00
7.820000000000000284e+01,2.922527313232421875e+00,2.861157655715942383e+00,3.837233543395996094e+00,4.277669906616210938e+00,1.815929964659929396e+00,3.860000000000000000e+02,0.000000000000000000e+00,0.000000000000000000e+00,2.395510552479690247e+00
7.825000000000000000e+01,2.980204582214355469e+00,2.904598951339721680e+00,3.835013151168823242e+00,4.020925521850585938e+00,1.792481294744282749e+00,4.080000000000000000e+02,1.000000000000000000e+00,0.000000000000000000e+00,2.235760180845924427e+00
7.830000000000001137e+01,2.821687221527099609e+00,2.715424537658691406e+00,4.176880836486816406e+00,4.452767848968505859e+00,1.736953566639969360e+00,3.610000000000000000e+02,0.000000000000000000e+00,0.000000000000000000e+00,2.256049800973399133e+00
7.835000000000000853e+01,3.094667434692382812e+00,3.014520168304443359e+00,4.098806381225585938e+00,4.006669044494628906e+00,1.703593939538561308e+00,3.720000000000000000e+02,0.000000000000000000e+00,0.000000000000000000e+00,2.277394444428601172e+00
7.840000000000000568e+01,2.912730216979980469e+00,2.852259159088134766e+00,3.862406730651855469e+00,4.131422996520996094e+00,1.684867554369410492e+00,4.280000000000000000e+02,0.000000000000000000e+00,0.000000000000000000e+00,2.328888105929705521e+00
7.845000000000000284e+01,2.832341670989990234e+00,2.778933048248291016e+00,3.929815053939819336e+00,3.980643272399902344e+00,1.730322075411975025e+00,4.020000000000000000e+02,1.000000000000000000e+00,0.000000000000000000e+00,2.209838387007977634e+00
7.850000000000000000e+01,2.788467645645141602e+00,2.731937170028686523e+00,3.627976417541503906e+00,3.530514240264892578e+00,1.779758144052118851e+00,3.790000000000000000e+02,0.000000000000000000e+00,0.000000000000000000e+00,2.325106847881775352e+00
7.855000000000001137e+01,2.638349533081054688e+00,2.560040950775146484e+00,4.075025558471679688e+00,4.155107498168945312e+00,1.694231369949041888e+00,3.650000000000000000e+02,0.000000000000000000e+00,0.000000000000000000e+00,2.438183833974312709e+00
7.860000000000000853e+01,2.832394599914550781e+00,2.753221035003662109e+00,3.724398374557495117e+00,3.945042848587036133e+00,1.714722896815779274e+00,4.030000000000000000e+02,1.000000000000000000e+00,0.000000000000000000e+00,2.374760758397902016e+00
7.865000000000000568e+01,2.696320533752441406e+00,2.616163730621337891e+00,4.036865711212158203e+00,3.940381765365600586e+00,1.697832979598511205e+00,4.270000000000000000e+02,0.000000000000000000e+00,0.000000000000000000e+00,2.281124152593573484e+00
7.870000000000000284e+01,2.890491485595703125e+00,2.855158805847167969e+00,4.431159496307373047e+00,4.385162353515625000e+00,1.724565407531565286e+00,3.400000000000000000e+02,0.000000000000000000e+00,0.000000000000000000e+00,2.447942629880754950e+00
7.875000000000000000e+01,2.607709407806396484e+00,2.512761116027832031e+00,3.866560935974121094e+00,3.968838453292846680e+00,1.758550203432863057e+00,3.780000000000000000e+02,0.000000000000000000e+00,0.000000000000000000e+00,2.283048222552451545e+00
7.880000000000001137e+01,2.596613168716430664e+00,2.530945301055908203e+00,3.719377994537353516e+00,3.944108009338378906e+00,1.803438978823853622e+00,3.960000000000000000e+02,0.000000000000000000e+00,0.000000000000000000e+00,2.357123516036560673e+00
7.885000000000000853e+01,2.784921169281005859e+00,2.714542388916015625e+00,3.916708946228027344e+00,4.044266700744628906e+00,1.688652081844077335e+00,4.120000000000000000e+02,0.000000000000000000e+00,0.000000000000000000e+00,2.163564696756795414e+00
7.890000000000000568e+01,2.729861736297607422e+00,2.610183715820312500e+00,3.917386054992675781e+00,4.015474796295166016e+00,1.758242230360205438e+00,3.750000000000000000e+02,0.000000000000000000e+00,0.000000000000000000e+00,2.361130819251413548e+00
7.895000000000000284e+01,2.876229286193847656e+00,2.788479328155517578e+00,4.207252025604248047e+00,4.357796669006347656e+00,1.814319651392467536e+00,3.750000000000000000e+02,1.000000000000000000e+00,0.000000000000000000e+00,2.261581503784746872e+00
7.900000000000000000e+01,2.809507369995117188e+00,2.770699501037597656e+00,3.805294275283813477e+00,4.001009941101074219e+00,1.685946104066565976e+00,4.010000000000000000e+02,1.000000000000000000e+00,0.000000000000000000e+00,2.268296030313978306e+00
7.905000000000001137e+01,2.688757419586181641e+00,2.692368268966674805e+00,4.213454246520996094e+00,4.270859241485595703e+00,1.733730246384943330e+00,4.030000000000000000e+02,0.000000000000000000e+00,0.000000000000000000e+00,2.379875485238692079e+00
7.910000000000000853e+01,2.612237453460693359e+00,2.568896770477294922e+00,4.157124519348144531e+00,4.284318923950195312e+00,1.804635431818519375e+00,3.800000000000000000e+02,0.000000000000000000e+00,0.000000000000000000e+00,2.319433548897482211e+00
7.915000000000000568e+01,2.700633525848388672e+00,2.690894126892089844e+00,3.877417564392089844e+00,4.138529777526855469e+00,1.793570794720506179e+00,3.940000000000000000e+02,0.000000000000000000e+00,0.000000000000000000e+00,2.406702219708678037e+00
7.920000000000000284e+01,2.966369628906250000e+00,2.923075675964355469e+00,4.461030483245849609e+00,4.578641414642333984e+00,1.760842619764302119e+00,4.260000000000000000e+02,2.000000000000000000e+00,0.000000000000000000e+00,2.315307751979832851e+00
7.925000000000000000e+01,2.704584121704101562e+00,2.658316135406494141e+00,4.180530548095703125e+00,4.431665420532226562e+00,1.792473030528735967e+00,3.450000000000000000e+02,0.000000000000000000e+00,0.000000000000000000e+00,1.839316485320802386e+00
7.930000000000001137e+01,3.069325447082519531e+00,3.046978712081909180e+00,4.177978038787841797e+00,4.217663764953613281e+00,1.805407084401950968e+00,4.200000000000000000e+02,0.000000000000000000e+00,0.000000000000000000e+00,1.769482127554744544e+00
7.935000000000000853e+01,2.770743608474731445e+00,2.758187055587768555e+00,3.997277021408081055e+00,4.373659610748291016e+00,1.755541215638701580e+00,3.770000000000000000e+02,0.000000000000000000e+00,0.000000000000000000e+00,2.463514997379780525e+00
7.940000000000000568e+01,3.118315696716308594e+00,3.063645124435424805e+00,4.173003196716308594e+00,4.366457939147949219e+00,1.810310855552110798e+00,4.020000000000000000e+02,0.000000000000000000e+00,0.000000000000000000e+00,2.303646939545128447e+00
7.945000000000000284e+01,2.771368503570556641e+00,2.719675540924072266e+00,3.900573015213012695e+00,3.865508556365966797e+00,1.669035849961078233e+00,3.740000000000000000e+02,0.000000000000000000e+00,0.000000000000000000e+00,2.063054487790376701e+00
7.950000000000000000e+01,2.830917596817016602e+00,2.672260761260986328e+00,4.216315746307373047e+00,4.431108474731445312e+00,1.831827186349204384e+00,4.190000000000000000e+02,0.000000000000000000e+00,0.000000000000000000e+00,2.383490185775865466e+00
7.955000000000001137e+01,2.918223142623901367e+00,2.765743494033813477e+00,4.074404716491699219e+00,4.385265827178955078e+00,1.772696980839794545e+00,4.000000000000000000e+02,0.000000000000000000e+00,0.000000000000000000e+00,2.033899821027979726e+00
7.960000000000000853e+01,2.588863849639892578e+00,2.503220796585083008e+00,3.918540000915527344e+00,4.064571380615234375e+00,1.733182295903521464e+00,3.960000000000000000e+02,1.000000000000000000e+00,0.000000000000000000e+00,2.213257073141936981e+00
7.965000000000000568e+01,2.531780242919921875e+00,2.425754070281982422e+00,3.708650112152099609e+00,3.750760078430175781e+00,1.695051481907452029e+00,3.910000000000000000e+02,1.000000000000000000e+00,0.000000000000000000e+00,2.337177429462201417e+00
7.970000000000000284e+01,2.721603393554687500e+00,2.609020233154296875e+00,3.639479637145996094e+00,3.934181690216064453e+00,1.786330507137872559e+00,4.130000000000000000e+02,0.000000000000000000e+00,0.000000000000000000e+00,2.393510088069929598e+00
7.975000000000000000e+01,2.760835886001586914e+00,2.714155912399291992e+00,4.156281471252441406e+00,4.372466087341308594e+00,1.780203758775927847e+00,4.030000000000000000e+02,1.000000000000000000e+00,0.000000000000000000e+00,2.243989488134213062e+00
7.980000000000001137e+01,2.700668811798095703e+00,2.701523542404174805e+00,4.114917755126953125e+00,4.185142040252685547e+00,1.818460069579921790e+00,3.900000000000000000e+02,0.000000000000000000e+00,0.000000000000000000e+00,2.405968242761340026e+00
7.985000000000000853e+01,2.684770584106445312e+00,2.615895271301269531e+00,4.309273242950439453e+00,4.270527362823486328e+00,1.786812031286309832e+00,4.380000000000000000e+02,2.000000000000000000e+00,0.000000000000000000e+00,2.528910205124963007e+00
7.990000000000000568e+01,2.931841373443603516e+00,2.861228466033935547e+00,4.374145984649658203e+00,4.473618507385253906e+00,1.737824621141016657e+00,3.700000000000000000e+02,0.000000000000000000e+00,0.000000000000000000e+00,2.483058672360726860e+00
7.995000000000000284e+01,2.753655910491943359e+00,2.733270168304443359e+00,3.953543663024902344e+00,3.834250450134277344e+00,1.815503316044549953e+00,3.720000000000000000e+02,1.000000000000000000e+00,0.000000000000000000e+00,2.411370093368360834e+00
8.000000000000000000e+01,2.604970693588256836e+00,2.576811790466308594e+00,4.076567173004150391e+00,4.084940910339355469e+00,1.855673945978220107e+00,4.030000000000000000e+02,1.000000000000000000e+00,0.000000000000000000e+00,2.386926835684458847e+00
8.005000000000001137e+01,2.601680755615234375e+00,2.580858469009399414e+00,4.046450138092041016e+00,4.208964347839355469e+00,1.771400261205729132e+00,3.810000000000000000e+02,0.000000000000000000e+00,0.000000000000000000e+00,2.303220517359643615e+00
8.010000000000000853e+01,2.592290878295898438e+00,2.609637022018432617e+00,4.064237594604492188e+00,4.258419990539550781e+00,1.771990131968198323e+00,3.870000000000000000e+02,1.000000000000000000e+00,0.000000000000000000e+00,2.379994114465034727e+00
8.015000000000000568e+01,2.609333515167236328e+00,2.658701419830322266e+00,4.182822227478027344e+00,4.133620738983154297e+00,1.736141587604917103e+00,4.010000000000000000e+02,0.000000000000000000e+00,0.000000000000000000e+00,2.383332449767943562e+00
8.020000000000000284e+01,2.578523397445678711e+00,2.557314395904541016e+00,4.186325550079345703e+00,4.299350261688232422e+00,1.797531847218579504e+00,4.090000000000000000e+02,0.000000000000000000e+00,0.000000000000000000e+00,2.081449621807676564e+00
8.025000000000000000e+01,2.624554157257080078e+00,2.524252176284790039e+00,4.120516300201416016e+00,4.042586326599121094e+00,1.793734736449625888e+00,3.550000000000000000e+02,0.000000000000000000e+00,0.000000000000000000e+00,2.415815244820267882e+00
8.030000000000001137e+01,2.491801261901855469e+00,2.458030700683593750e+00,3.964861631393432617e+00,3.956979751586914062e+00,1.771303339557966261e+00,4.250000000000000000e+02,0.000000000000000000e+00,0.000000000000000000e+00,2.295980846307442924e+00
8.035000000000000853e+01,2.822695255279541016e+00,2.755644083023071289e+00,3.788408279418945312e+00,4.026444911956787109e+00,1.788069855876296188e+00,4.060000000000000000e+02,0.000000000000000000e+00,0.000000000000000000e+00,2.261930586478576810e+00
8.040000000000000568e+01,2.812833547592163086e+00,2.787733554840087891e+00,3.651720046997070312e+00,3.818251132965087891e+00,1.756544112949340875e+00,3.950000000000000000e+02,0.000000000000000000e+00,0.000000000000000000e+00,2.175055736611285262e+00
8.045000000000000284e+01,2.655010700225830078e+00,2.604873180389404297e+00,3.645781278610229492e+00,3.739845514297485352e+00,1.808074566415834639e+00,3.550000000000000000e+02,0.000000000000000000e+00,0.000000000000000000e+00,2.309375482729691065e+00
8.050000000000000000e+01,2.637392044067382812e+00,2.571109771728515625e+00,3.549497604370117188e+00,4.056022644042968750e+00,1.742776421796482733e+00,4.020000000000000000e+02,0.000000000000000000e+00,0.000000000000000000e+00,2.351089878220423035e+00
8.055000000000001137e+01,2.624973297119140625e+00,2.571485042572021484e+00,3.419321775436401367e+00,3.721445083618164062e+00,1.742171833872956377e+00,3.740000000000000000e+02,0.000000000000000000e+00,0.000000000000000000e+00,2.370354810924864442e+00
8.060000000000000853e+01,2.622516155242919922e+00,2.536773920059204102e+00,3.677323341369628906e+00,4.083194255828857422e+00,1.729148754573628821e+00,3.830000000000000000e+02,0.000000000000000000e+00,0.000000000000000000e+00,2.356625383460601686e+00
8.065000000000000568e+01,2.550127506256103516e+00,2.514945268630981445e+00,3.891353368759155273e+00,3.937927722930908203e+00,1.721529228898169173e+00,3.690000000000000000e+02,0.000000000000000000e+00,0.000000000000000000e+00,2.159640839174065352e+00
8.070000000000000284e+01,2.722279787063598633e+00,2.662021636962890625e+00,3.481171607971191406e+00,3.579888820648193359e+00,1.692433177647211462e+00,3.680000000000000000e+02,0.000000000000000000e+00,0.000000000000000000e+00,2.272141039796553574e+00
8.075000000000000000e+01,2.641982555389404297e+00,2.516041755676269531e+00,3.637499809265136719e+00,3.845853567123413086e+00,1.789120363966199001e+00,3.860000000000000000e+02,0.000000000000000000e+00,0.000000000000000000e+00,2.466141460064102287e+00
8.080000000000001137e+01,2.856443405151367188e+00,2.749274969100952148e+00,3.856122493743896484e+00,3.987624406814575195e+00,1.712093048258811701e+00,3.760000000000000000e+02,0.000000000000000000e+00,0.000000000000000000e+00,2.433583240641724377e+00
8.085000000000000853e+01,2.743403673171997070e+00,2.683544397354125977e+00,3.918814420700073242e+00,4.048482894897460938e+00,1.819527600890382235e+00,3.560000000000000000e+02,0.000000000000000000e+00,0.000000000000000000e+00,2.445374073558385319e+00
8.090000000000000568e+01,2.644355058670043945e+00,2.576700448989868164e+00,4.016744613647460938e+00,4.076501369476318359e+00,1.712063102360243505e+00,3.650000000000000000e+02,0.000000000000000000e+00,0.000000000000000000e+00,2.406822100028591205e+00
8.095000000000000284e+01,2.758182525634765625e+00,2.686805486679077148e+00,3.978449821472167969e+00,3.885156154632568359e+00,1.736568146137731805e+00,3.630000000000000000e+02,0.000000000000000000e+00,0.000000000000000000e+00,2.301889963854382604e+00
8.100000000000000000e+01,2.804485559463500977e+00,2.754877805709838867e+00,4.091318607330322266e+00,4.021815299987792969e+00,1.762964834381159029e+00,4.000000000000000000e+02,0.000000000000000000e+00,0.000000000000000000e+00,2.327832977959245486e+00
8.105000000000001137e+01,2.665705442428588867e+00,2.534468650817871094e+00,3.741611242294311523e+00,3.943404674530029297e+00,1.682943982886133671e+00,3.960000000000000000e+02,0.000000000000000000e+00,0.000000000000000000e+00,2.051225385387238198e+00
8.110000000000000853e+01,2.818761110305786133e+00,2.712371110916137695e+00,4.363394260406494141e+00,4.575503826141357422e+00,1.774561503081105052e+00,4.100000000000000000e+02,0.000000000000000000e+00,0.000000000000000000e+00,2.306833491019184113e+00
8.115000000000000568e+01,2.434557914733886719e+00,2.379837989807128906e+00,3.913707494735717773e+00,4.106169700622558594e+00,1.729877338598898806e+00,3.740000000000000000e+02,0.000000000000000000e+00,0.000000000000000000e+00,2.349963790718645029e+00
8.120000000000000284e+01,2.405063629150390625e+00,2.295516967773437500e+00,3.624342679977416992e+00,3.614156007766723633e+00,1.802270026741242592e+00,4.070000000000000000e+02,0.000000000000000000e+00,0.000000000000000000e+00,2.257735541363047993e+00
8.125000000000000000e+01,2.459822177886962891e+00,2.401251792907714844e+00,3.865130424499511719e+00,3.936972141265869141e+00,1.758217753262973693e+00,3.540000000000000000e+02,0.000000000000000000e+00,0.000000000000000000e+00,2.466194360930116680e+00
8.130000000000001137e+01,2.685876131057739258e+00,2.620852947235107422e+00,4.256019115447998047e+00,4.099573612213134766e+00,1.730804677389325974e+00,3.580000000000000000e+02,1.000000000000000000e+00,0.000000000000000000e+00,2.418315068364294440e+00
8.135000000000000853e+01,2.597328186035156250e+00,2.513134956359863281e+00,3.681983947753906250e+00,3.885512351989746094e+00,1.844907474045205609e+00,3.880000000000000000e+02,0.000000000000000000e+00,0.000000000000000000e+00,1.866936098623839468e+00
8.140000000000000568e+01,2.606744766235351562e+00,2.481150388717651367e+00,4.022809982299804688e+00,4.457612514495849609e+00,1.737401064902002412e+00,3.880000000000000000e+02,0.000000000000000000e+00,0.000000000000000000e+00,2.212796328766603704e+00
8.145000000000000284e+01,2.793918132781982422e+00,2.775173187255859375e+00,3.964643716812133789e+00,4.138624191284179688e+00,1.718831017359404356e+00,3.930000000000000000e+02,0.000000000000000000e+00,0.000000000000000000e+00,2.333948350025906393e+00
8.150000000000000000e+01,2.613336563110351562e+00,2.606364727020263672e+00,4.060681819915771484e+00,3.883637428283691406e+00,1.765403528769498909e+00,3.930000000000000000e+02,0.000000000000000000e+00,0.000000000000000000e+00,2.268172954552382770e+00
8.155000000000001137e+01,2.584814786911010742e+00,2.500129938125610352e+00,3.575480461120605469e+00,3.973354816436767578e+00,1.804074410345874568e+00,4.050000000000000000e+02,1.000000000000000000e+00,0.000000000000000000e+00,2.367065945961480899e+00
8.160000000000000853e+01,2.783192634582519531e+00,2.724167108535766602e+00,3.942603111267089844e+00,3.963770389556884766e+00,1.805861055159776241e+00,3.600000000000000000e+02,0.000000000000000000e+00,0.000000000000000000e+00,2.383431334173605087e+00
8.165000000000000568e+01,2.808980703353881836e+00,2.750509738922119141e+00,3.959251642227172852e+00,3.961010932922363281e+00,1.803347982282494488e+00,4.100000000000000000e+02,0.000000000000000000e+00,0.000000000000000000e+00,2.342008757928682794e+00
8.170000000000000284e+01,2.743645906448364258e+00,2.681274175643920898e+00,3.923496723175048828e+00,4.235435485839843750e+00,1.657042320190227791e+00,3.950000000000000000e+02,0.000000000000000000e+00,0.000000000000000000e+00,2.330759820071540034e+00
8.175000000000000000e+01,2.580915451049804688e+00,2.572416782379150391e+00,3.820280551910400391e+00,3.949495553970336914e+00,1.714901472899080126e+00,4.150000000000000000e+02,0.000000000000000000e+00,0.000000000000000000e+00,2.303794431853299685e+00
8.180000000000001137e+01,2.651118993759155273e+00,2.597476482391357422e+00,4.171090602874755859e+00,4.056715488433837891e+00,1.766857823708505304e+00,4.050000000000000000e+02,0.000000000000000000e+00,0.000000000000000000e+00,2.349344518124774517e+00
8.185000000000000853e+01,2.781293153762817383e+00,2.660280704498291016e+00,4.122306823730468750e+00,4.270128726959228516e+00,1.693299904054146321e+00,4.060000000000000000e+02,0.000000000000000000e+00,0.000000000000000000e+00,2.354183129731999280e+00
8.190000000000000568e+01,2.834153413772583008e+00,2.662506103515625000e+00,3.618591785430908203e+00,3.880973100662231445e+00,1.741390902706089205e+00,3.820000000000000000e+02,1.000000000000000000e+00,0.000000000000000000e+00,2.229130073170955573e+00
8.195000000000000284e+01,2.643986940383911133e+00,2.581676483154296875e+00,3.793483972549438477e+00,3.745036602020263672e+00,1.721387708622441615e+00,3.970000000000000000e+02,0.000000000000000000e+00,0.000000000000000000e+00,2.307054128409700144e+00
8.200000000000000000e+01,2.776387691497802734e+00,2.659477710723876953e+00,4.228198051452636719e+00,4.515097618103027344e+00,1.779466432928910047e+00,4.150000000000000000e+02,0.000000000000000000e+00,0.000000000000000000e+00,2.314481039460573264e+00
8.205000000000001137e+01,2.562643051147460938e+00,2.462347030639648438e+00,3.908530712127685547e+00,3.979226589202880859e+00,1.772522453512162421e+00,4.050000000000000000e+02,0.000000000000000000e+00,0.000000000000000000e+00,2.299239866649282593e+00
8.210000000000000853e+01,2.785413026809692383e+00,2.627203464508056641e+00,3.911612033843994141e+00,4.474586963653564453e+00,1.787645645750796763e+00,3.850000000000000000e+02,0.000000000000000000e+00,0.000000000000000000e+00,1.772903874858976270e+00
8.215000000000000568e+01,2.773772716522216797e+00,2.663621902465820312e+00,3.904057741165161133e+00,4.071611404418945312e+00,1.780388182686576393e+00,4.400000000000000000e+02,1.000000000000000000e+00,0.000000000000000000e+00,2.364428763775384468e+00
8.220000000000000284e+01,2.730149030685424805e+00,2.645017147064208984e+00,3.631400585174560547e+00,3.789247035980224609e+00,1.724449724821192076e+00,4.360000000000000000e+02,0.000000000000000000e+00,0.000000000000000000e+00,2.334922199867194070e+00
8.225000000000000000e+01,2.734849214553833008e+00,2.571293115615844727e+00,3.403350114822387695e+00,3.650168895721435547e+00,1.692455426916943173e+00,4.130000000000000000e+02,0.000000000000000000e+00,0.000000000000000000e+00,2.456868115022445398e+00
8.230000000000001137e+01,2.744918107986450195e+00,2.636853694915771484e+00,3.486134767532348633e+00,3.874104976654052734e+00,1.753690760923964920e+00,4.140000000000000000e+02,0.000000000000000000e+00,0.000000000000000000e+00,2.260947154254668412e+00
8.235000000000000853e+01,2.559088706970214844e+00,2.447110176086425781e+00,3.975477218627929688e+00,4.006270408630371094e+00,1.688464889124426049e+00,3.640000000000000000e+02,0.000000000000000000e+00,0.000000000000000000e+00,2.339293260369728955e+00
8.240000000000000568e+01,2.634331703186035156e+00,2.536652326583862305e+00,3.345038652420043945e+00,4.018106937408447266e+00,1.753255343915113063e+00,3.580000000000000000e+02,0.000000000000000000e+00,0.000000000000000000e+00,2.458432851922316864e+00
8.245000000000000284e+01,2.742303371429443359e+00,2.679868698120117188e+00,3.509752750396728516e+00,4.004964351654052734e+00,1.691476392014356733e+00,4.340000000000000000e+02,0.000000000000000000e+00,0.000000000000000000e+00,2.327900010462842673e+00
8.250000000000000000e+01,2.853224754333496094e+00,2.747063636779785156e+00,3.765465736389160156e+00,3.972510814666748047e+00,1.730435232008695312e+00,4.150000000000000000e+02,0.000000000000000000e+00,0.000000000000000000e+00,2.222512852627320790e+00
8.255000000000001137e+01,2.577890872955322266e+00,2.425092220306396484e+00,3.565731525421142578e+00,3.835381984710693359e+00,1.712894350139817279e+00,4.010000000000000000e+02,1.000000000000000000e+00,0.000000000000000000e+00,2.429053688517367249e+00
8.260000000000000853e+01,2.634650468826293945e+00,2.521966695785522461e+00,3.799402952194213867e+00,4.169417858123779297e+00,1.726256098381786286e+00,3.990000000000000000e+02,1.000000000000000000e+00,0.000000000000000000e+00,2.095755085652244887e+00
8.265000000000000568e+01,2.469133853912353516e+00,2.374616622924804688e+00,3.795990943908691406e+00,3.928509235382080078e+00,1.716930951107472625e+00,4.010000000000000000e+02,0.000000000000000000e+00,0.000000000000000000e+00,2.384601953522236251e+00
8.270000000000000284e+01,2.769160509109497070e+00,2.703235626220703125e+00,3.681378126144409180e+00,4.118519306182861328e+00,1.708211781689433550e+00,3.980000000000000000e+02,1.000000000000000000e+00,0.000000000000000000e+00,1.993383818065415314e+00
8.275000000000000000e+01,2.670545578002929688e+00,2.543047904968261719e+00,4.272851467132568359e+00,4.404786109924316406e+00,1.699722351529705744e+00,3.700000000000000000e+02,0.000000000000000000e+00,0.000000000000000000e+00,2.315899722598461885e+00
8.280000000000001137e+01,2.640320301055908203e+00,2.528190851211547852e+00,3.776862144470214844e+00,3.798865795135498047e+00,1.755534175067173797e+00,3.670000000000000000e+02,0.000000000000000000e+00,0.000000000000000000e+00,2.470298584801869701e+00
8.285000000000000853e+01,2.555705070495605469e+00,2.530010223388671875e+00,4.248468399047851562e+00,4.325328350067138672e+00,1.776058257822034969e+00,4.460000000000000000e+02,0.000000000000000000e+00,0.000000000000000000e+00,2.441546044654141934e+00
8.290000000000000568e+01,2.925710201263427734e+00,2.838150024414062500e+00,3.959695339202880859e+00,4.272448539733886719e+00,1.730029035789124814e+00,3.860000000000000000e+02,1.000000000000000000e+00,0.000000000000000000e+00,2.352799639317260993e+00
8.295000000000000284e+01,2.819235801696777344e+00,2.744747161865234375e+00,3.944900989532470703e+00,4.051743030548095703e+00,1.746275505816119011e+00,4.240000000000000000e+02,0.000000000000000000e+00,0.000000000000000000e+00,2.383554374999937053e+00
8.300000000000000000e+01,2.838307380676269531e+00,2.804096698760986328e+00,4.048421859741210938e+00,4.189302444458007812e+00,1.742557400425172709e+00,4.000000000000000000e+02,0.000000000000000000e+00,0.000000000000000000e+00,2.293252595944974104e+00
8.305000000000001137e+01,2.434813737869262695e+00,2.394968032836914062e+00,3.753521680831909180e+00,3.678389549255371094e+00,1.684044717123135637e+00,4.050000000000000000e+02,0.000000000000000000e+00,0.000000000000000000e+00,2.407603817489020859e+00
8.310000000000000853e+01,2.436248064041137695e+00,2.445917606353759766e+00,3.536148548126220703e+00,3.602198123931884766e+00,1.710188979500601780e+00,4.050000000000000000e+02,1.000000000000000000e+00,0.000000000000000000e+00,1.791623089501168442e+00
8.315000000000000568e+01,2.667240142822265625e+00,2.582551479339599609e+00,3.872395515441894531e+00,3.971779346466064453e+00,1.793226652804790433e+00,3.850000000000000000e+02,0.000000000000000000e+00,0.000000000000000000e+00,2.440054414685114192e+00
8.320000000000000284e+01,2.948128223419189453e+00,2.965654373168945312e+00,3.962860345840454102e+00,4.166975498199462891e+00,1.647576803704641435e+00,4.250000000000000000e+02,0.000000000000000000e+00,0.000000000000000000e+00,2.299320712489587137e+00
8.325000000000000000e+01,2.820657730102539062e+00,2.747159957885742188e+00,3.550312995910644531e+00,3.735836029052734375e+00,1.759867324986014170e+00,4.260000000000000000e+02,1.000000000000000000e+00,0.000000000000000000e+00,2.354099175160830448e+00
8.330000000000001137e+01,2.638238906860351562e+00,2.679331064224243164e+00,4.227093696594238281e+00,4.249065399169921875e+00,1.768737408705275183e+00,3.970000000000000000e+02,0.000000000000000000e+00,0.000000000000000000e+00,2.375867529396901823e+00
8.335000000000000853e+01,2.694838047027587891e+00,2.590987205505371094e+00,3.523933887481689453e+00,3.884907722473144531e+00,1.775419385594721788e+00,3.660000000000000000e+02,0.000000000000000000e+00,0.000000000000000000e+00,2.328745947634565550e+00
8.340000000000000568e+01,2.923042774200439453e+00,2.850566864013671875e+00,4.001515388488769531e+00,4.284137725830078125e+00,1.748887718232501332e+00,3.660000000000000000e+02,0.000000000000000000e+00,0.000000000000000000e+00,2.210801505016896762e+00
8.345000000000000284e+01,2.877850294113159180e+00,2.798184394836425781e+00,3.690583944320678711e+00,3.724842309951782227e+00,1.722505353722528998e+00,3.630000000000000000e+02,0.000000000000000000e+00,0.000000000000000000e+00,2.299002752451315690e+00
8.350000000000000000e+01,2.799625158309936523e+00,2.747316598892211914e+00,4.189034938812255859e+00,4.346950531005859375e+00,1.749077876744892901e+00,4.180000000000000000e+02,0.000000000000000000e+00,0.000000000000000000e+00,2.358199982110858794e+00
8.355000000000001137e+01,2.800958395004272461e+00,2.755845785140991211e+00,3.942932844161987305e+00,4.178886890411376953e+00,1.752114050311166515e+00,4.170000000000000000e+02,1.000000000000000000e+00,0.000000000000000000e+00,2.331920428755885233e+00
8.360000000000000853e+01,2.660566568374633789e+00,2.552635192871093750e+00,3.938119888305664062e+00,3.946001291275024414e+00,1.807368361153517622e+00,3.870000000000000000e+02,0.000000000000000000e+00,0.000000000000000000e+00,2.352046226882903213e+00
8.365000000000000568e+01,2.903938770294189453e+00,2.892163276672363281e+00,4.086100578308105469e+00,4.372869014739990234e+00,1.745083011451448840e+00,4.000000000000000000e+02,0.000000000000000000e+00,0.000000000000000000e+00,2.408558528562148471e+00
8.370000000000000284e+01,3.038788080215454102e+00,3.005946636199951172e+00,3.853153944015502930e+00,4.065867424011230469e+00,1.710782481820433132e+00,3.710000000000000000e+02,0.000000000000000000e+00,0.000000000000000000e+00,2.377285231528448950e+00
8.375000000000000000e+01,3.021356105804443359e+00,2.991232395172119141e+00,3.662655830383300781e+00,3.909118175506591797e+00,1.719019058178389958e+00,3.850000000000000000e+02,0.000000000000000000e+00,0.000000000000000000e+00,2.256830375238161768e+00
8.380000000000001137e+01,2.946583032608032227e+00,2.950877666473388672e+00,3.827527761459350586e+00,3.772692441940307617e+00,1.719128911428658757e+00,3.530000000000000000e+02,0.000000000000000000e+00,0.000000000000000000e+00,2.325411396252079932e+00
8.385000000000000853e+01,2.838692426681518555e+00,2.831671476364135742e+00,3.472008466720581055e+00,3.707466363906860352e+00,1.735498330777967224e+00,3.980000000000000000e+02,0.000000000000000000e+00,0.000000000000000000e+00,2.406261185787270662e+00
8.390000000000000568e+01,2.947981595993041992e+00,2.971675634384155273e+00,4.097408294677734375e+00,4.129779815673828125e+00,1.762758118151036335e+00,3.810000000000000000e+02,0.000000000000000000e+00,0.000000000000000000e+00,2.333771245947577455e+00
8.395000000000000284e+01,2.841298818588256836e+00,2.788523435592651367e+00,3.985636472702026367e+00,3.844275474548339844e+00,1.751534480147830752e+00,4.080000000000000000e+02,1.000000000000000000e+00,0.000000000000000000e+00,2.236711100235666105e+00
8.400000000000000000e+01,2.955590248107910156e+00,2.976005315780639648e+00,3.887158870697021484e+00,4.131223678588867188e+00,1.726989483802844338e+00,3.980000000000000000e+02,0.000000000000000000e+00,0.000000000000000000e+00,2.456444021864239602e+00
8.405000000000001137e+01,2.694138526916503906e+00,2.681025981903076172e+00,3.971685409545898438e+00,4.169032096862792969e+00,1.773668107703808783e+00,3.880000000000000000e+02,0.000000000000000000e+00,0.000000000000000000e+00,2.340251791329237996e+00
8.410000000000000853e+01,2.875298261642456055e+00,2.859368562698364258e+00,4.133587360382080078e+00,4.270549774169921875e+00,1.799309256230345433e+00,3.890000000000000000e+02,1.000000000000000000e+00,0.000000000000000000e+00,2.300715468245369433e+00
8.415000000000000568e+01,2.830700874328613281e+00,2.792268276214599609e+00,4.370742321014404297e+00,4.491815090179443359e+00,1.799693646671360447e+00,3.810000000000000000e+02,1.000000000000000000e+00,0.000000000000000000e+00,2.332097480247169230e+00
8.420000000000000284e+01,2.744449615478515625e+00,2.693749666213989258e+00,3.721951007843017578e+00,4.064565181732177734e+00,1.765892340910184544e+00,3.980000000000000000e+02,1.000000000000000000e+00,0.000000000000000000e+00,2.275122048253328533e+00
8.425000000000000000e+01,2.845364093780517578e+00,2.798075914382934570e+00,4.051931381225585938e+00,4.476659297943115234e+00,1.746762847937799901e+00,4.050000000000000000e+02,0.000000000000000000e+00,0.000000000000000000e+00,2.053118491273384194e+00
8.430000000000001137e+01,2.891551017761230469e+00,2.847805976867675781e+00,3.430383682250976562e+00,3.919926643371582031e+00,1.722375931756408241e+00,4.000000000000000000e+02,0.000000000000000000e+00,0.000000000000000000e+00,2.201746026831083114e+00
8.435000000000000853e+01,2.907714605331420898e+00,2.927503585815429688e+00,3.794377088546752930e+00,4.127220153808593750e+00,1.731587476864638875e+00,4.150000000000000000e+02,2.000000000000000000e+00,0.000000000000000000e+00,2.245340985890095453e+00
8.440000000000000568e+01,2.878974437713623047e+00,2.862313747406005859e+00,4.209154129028320312e+00,4.300052165985107422e+00,1.718058538592969864e+00,3.700000000000000000e+02,0.000000000000000000e+00,0.000000000000000000e+00,2.366071278534987776e+00
8.445000000000000284e+01,2.912091970443725586e+00,2.895530700683593750e+00,3.867469310760498047e+00,3.926862716674804688e+00,1.757506988866923248e+00,4.180000000000000000e+02,0.000000000000000000e+00,0.000000000000000000e+00,2.296688994735471390e+00
8.450000000000000000e+01,3.040979385375976562e+00,3.044782876968383789e+00,4.289987564086914062e+00,4.617357730865478516e+00,1.787622921258726683e+00,3.800000000000000000e+02,0.000000000000000000e+00,0.000000000000000000e+00,2.103107954811073821e+00
8.455000000000001137e+01,2.828716993331909180e+00,2.858434677124023438e+00,3.945447921752929688e+00,4.167013645172119141e+00,1.755798831170932939e+00,3.990000000000000000e+02,0.000000000000000000e+00,0.000000000000000000e+00,2.311745758389422534e+00
8.460000000000000853e+01,2.825134992599487305e+00,2.861141681671142578e+00,4.326134204864501953e+00,4.104764938354492188e+00,1.812588502062786322e+00,3.870000000000000000e+02,0.000000000000000000e+00,0.000000000000000000e+00,2.166166052463199598e+00
8.465000000000000568e+01,2.675795793533325195e+00,2.568033218383789062e+00,3.840899944305419922e+00,4.224449157714843750e+00,1.794028292500921884e+00,3.940000000000000000e+02,0.000000000000000000e+00,0.000000000000000000e+00,2.276258533451113841e+00
8.470000000000000284e+01,2.980575084686279297e+00,2.963649272918701172e+00,3.722558021545410156e+00,4.019933700561523438e+00,1.746866641630635986e+00,4.110000000000000000e+02,1.000000000000000000e+00,0.000000000000000000e+00,2.352832176863121294e+00
8.475000000000000000e+01,3.070297241210937500e+00,3.073135375976562500e+00,3.996991157531738281e+00,4.502140522003173828e+00,1.802415428825086430e+00,4.030000000000000000e+02,0.000000000000000000e+00,0.000000000000000000e+00,2.364015446894107253e+00
8.480000000000001137e+01,3.036010265350341797e+00,3.007153511047363281e+00,4.333046436309814453e+00,4.527698516845703125e+00,1.791876523794068143e+00,3.950000000000000000e+02,1.000000000000000000e+00,0.000000000000000000e+00,2.375329007709119811e+00
8.485000000000000853e+01,2.930809259414672852e+00,2.840362548828125000e+00,3.908774852752685547e+00,4.095380306243896484e+00,1.754832604057940726e+00,4.300000000000000000e+02,0.000000000000000000e+00,0.000000000000000000e+00,2.403662089600006269e+00
8.490000000000000568e+01,2.920424938201904297e+00,2.895914554595947266e+00,4.142855644226074219e+00,4.363533020019531250e+00,1.757144724954724069e+00,4.010000000000000000e+02,0.000000000000000000e+00,0.000000000000000000e+00,2.420108959104303903e+00
8.495000000000000284e+01,2.891716003417968750e+00,2.891074657440185547e+00,4.142735958099365234e+00,4.157677173614501953e+00,1.760362840836542819e+00,4.290000000000000000e+02,1.000000000000000000e+00,0.000000000000000000e+00,2.330569057580746062e+00
8.500000000000000000e+01,2.909184932708740234e+00,2.972466707229614258e+00,4.345949172973632812e+00,4.376915931701660156e+00,1.722976039864857256e+00,3.890000000000000000e+02,0.000000000000000000e+00,0.000000000000000000e+00,2.325663174792129251e+00
8.505000000000001137e+01,2.899372816085815430e+00,2.895560026168823242e+00,3.816282510757446289e+00,4.007591724395751953e+00,1.750895006856810765e+00,3.750000000000000000e+02,0.000000000000000000e+00,0.000000000000000000e+00,2.238976389780761522e+00
8.510000000000000853e+01,2.763866901397705078e+00,2.664734125137329102e+00,3.728611946105957031e+00,3.962086439132690430e+00,1.663971203861323911e+00,3.820000000000000000e+02,0.000000000000000000e+00,0.000000000000000000e+00,2.286270667395461142e+00
8.515000000000000568e+01,2.749920368194580078e+00,2.691318988800048828e+00,3.360795021057128906e+00,3.741338729858398438e+00,1.720202438435479042e+00,4.100000000000000000e+02,0.000000000000000000e+00,0.000000000000000000e+00,2.317558556028274541e+00
8.520000000000000284e+01,2.972564220428466797e+00,2.862468719482421875e+00,3.752320289611816406e+00,4.380899429321289062e+00,1.860165490668884036e+00,4.020000000000000000e+02,0.000000000000000000e+00,0.000000000000000000e+00,2.253551223023091854e+00
8.525000000000000000e+01,2.765543699264526367e+00,2.678241729736328125e+00,4.038449764251708984e+00,4.131020069122314453e+00,1.743367650308606853e+00,3.820000000000000000e+02,0.000000000000000000e+00,0.000000000000000000e+00,2.489584363408084311e+00
8.530000000000001137e+01,2.733518838882446289e+00,2.691596746444702148e+00,3.537313938140869141e+00,4.087578296661376953e+00,1.814780084970658791e+00,4.020000000000000000e+02,0.000000000000000000e+00,0.000000000000000000e+00,2.234267013757525344e+00
8.535000000000000853e+01,2.811326742172241211e+00,2.764487504959106445e+00,3.881466388702392578e+00,3.956652641296386719e+00,1.745059958379464593e+00,3.580000000000000000e+02,0.000000000000000000e+00,0.000000000000000000e+00,2.414784354446347425e+00
8.540000000000000568e+01,3.018874883651733398e+00,2.951586246490478516e+00,4.167367458343505859e+00,4.778463840484619141e+00,1.721553694138905355e+00,3.770000000000000000e+02,1.000000000000000000e+00,0.000000000000000000e+00,2.364039212060587758e+00
8.545000000000000284e+01,2.978520154953002930e+00,2.957983255386352539e+00,4.242210865020751953e+00,4.467504978179931641e+00,1.791147172013832556e+00,4.000000000000000000e+02,0.000000000000000000e+00,0.000000000000000000e+00,2.348457715285733105e+00
8.550000000000000000e+01,2.711807489395141602e+00,2.671668291091918945e+00,3.832953214645385742e+00,4.154447555541992188e+00,1.731723523290329414e+00,3.960000000000000000e+02,0.000000000000000000e+00,0.000000000000000000e+00,2.320740252648222146e+00
8.555000000000001137e+01,2.583645582199096680e+00,2.537412405014038086e+00,3.915001153945922852e+00,3.933868646621704102e+00,1.781227470983487660e+00,4.130000000000000000e+02,0.000000000000000000e+00,0.000000000000000000e+00,2.372628911902465276e+00
8.560000000000000853e+01,2.867793798446655273e+00,2.785370588302612305e+00,3.756677865982055664e+00,4.199808597564697266e+00,1.707402133940025601e+00,3.810000000000000000e+02,0.000000000000000000e+00,0.000000000000000000e+00,2.292786701918064107e+00
8.565000000000000568e+01,2.804803609848022461e+00,2.740292549133300781e+00,4.125338554382324219e+00,4.156486511230468750e+00,1.809464052824428792e+00,3.820000000000000000e+02,0.000000000000000000e+00,0.000000000000000000e+00,2.304833697406141191e+00
8.570000000000000284e+01,2.740468740463256836e+00,2.680735349655151367e+00,3.825542449951171875e+00,4.212716102600097656e+00,1.766004832088047038e+00,4.080000000000000000e+02,0.000000000000000000e+00,0.000000000000000000e+00,2.109888206902498453e+00
8.575000000000000000e+01,2.895716667175292969e+00,2.825196027755737305e+00,4.048705101013183594e+00,4.053138256072998047e+00,1.777705944796705628e+00,4.220000000000000000e+02,0.000000000000000000e+00,0.000000000000000000e+00,2.238741612853396568e+00
8.580000000000001137e+01,2.943591594696044922e+00,2.918981552124023438e+00,4.139613151550292969e+00,4.460459232330322266e+00,1.716618420356384123e+00,4.090000000000000000e+02,0.000000000000000000e+00,0.000000000000000000e+00,2.328705395010326917e+00
8.585000000000000853e+01,2.769697666168212891e+00,2.701397418975830078e+00,4.383929252624511719e+00,4.661156177520751953e+00,1.762285726766290805e+00,3.960000000000000000e+02,2.000000000000000000e+00,0.000000000000000000e+00,2.069945307037809101e+00
8.590000000000000568e+01,3.081766605377197266e+00,3.086293220520019531e+00,3.943494319915771484e+00,4.239506244659423828e+00,1.794611940757606439e+00,4.060000000000000000e+02,0.000000000000000000e+00,0.000000000000000000e+00,2.183356315539508152e+00
8.595000000000000284e+01,2.792936325073242188e+00,2.717366218566894531e+00,3.597832679748535156e+00,3.841294050216674805e+00,1.766369533940455927e+00,3.860000000000000000e+02,0.000000000000000000e+00,0.000000000000000000e+00,2.218530879549856394e+00
8.600000000000000000e+01,2.696325540542602539e+00,2.708587408065795898e+00,4.282554626464843750e+00,4.214266777038574219e+00,1.778266722628726537e+00,4.160000000000000000e+02,0.000000000000000000e+00,0.000000000000000000e+00,2.166465048275499239e+00
8.605000000000001137e+01,2.839785575866699219e+00,2.764899969100952148e+00,3.828994750976562500e+00,3.967442750930786133e+00,1.764238003915122199e+00,4.160000000000000000e+02,1.000000000000000000e+00,0.000000000000000000e+00,2.224738927937763844e+00
8.610000000000000853e+01,2.525738239288330078e+00,2.577022552490234375e+00,3.576745033264160156e+00,3.930557250976562500e+00,1.757192694345448114e+00,3.990000000000000000e+02,0.000000000000000000e+00,0.000000000000000000e+00,2.285231502347850885e+00
8.615000000000000568e+01,2.802744388580322266e+00,2.715032577514648438e+00,3.524812698364257812e+00,3.889806747436523438e+00,1.799229597226934318e+00,3.990000000000000000e+02,0.000000000000000000e+00,0.000000000000000000e+00,2.268035928063230067e+00
8.620000000000000284e+01,2.890874147415161133e+00,2.794366836547851562e+00,3.424521684646606445e+00,3.578498840332031250e+00,1.756398519801779301e+00,4.120000000000000000e+02,0.000000000000000000e+00,0.000000000000000000e+00,2.330103295803117369e+00
8.625000000000000000e+01,2.692744970321655273e+00,2.565728425979614258e+00,3.677245616912841797e+00,3.891311645507812500e+00,1.833166534632145517e+00,4.130000000000000000e+02,0.000000000000000000e+00,0.000000000000000000e+00,2.540023376591801885e+00
8.630000000000001137e+01,2.918350934982299805e+00,2.887372016906738281e+00,3.640622615814208984e+00,4.130982398986816406e+00,1.648040012655797248e+00,3.930000000000000000e+02,0.000000000000000000e+00,0.000000000000000000e+00,2.352868430091104468e+00
8.635000000000000853e+01,2.813037872314453125e+00,2.769888639450073242e+00,4.005662918090820312e+00,4.234201908111572266e+00,1.796446157005312516e+00,4.060000000000000000e+02,0.000000000000000000e+00,0.000000000000000000e+00,2.362374818760812012e+00
8.640000000000000568e+01,2.837392330169677734e+00,2.747708320617675781e+00,3.521346092224121094e+00,4.097508907318115234e+00,1.773833711262285284e+00,4.070000000000000000e+02,0.000000000000000000e+00,0.000000000000000000e+00,2.161036313074349291e+00
8.645000000000000284e+01,2.823400735855102539e+00,2.788048982620239258e+00,3.735601902008056641e+00,4.332239151000976562e+00,1.720561852959243243e+00,3.570000000000000000e+02,0.000000000000000000e+00,0.000000000000000000e+00,2.107416831154842463e+00
8.650000000000000000e+01,2.901206016540527344e+00,2.849557876586914062e+00,3.767935037612915039e+00,3.980947971343994141e+00,1.731879408985547153e+00,4.050000000000000000e+02,0.000000000000000000e+00,0.000000000000000000e+00,2.168414698386122552e+00
8.655000000000001137e+01,2.978750705718994141e+00,2.906457424163818359e+00,3.795090913772583008e+00,4.296581745147705078e+00,1.742898492567239721e+00,3.930000000000000000e+02,0.000000000000000000e+00,0.000000000000000000e+00,2.335198716221267290e+00
8.660000000000000853e+01,2.910783529281616211e+00,2.821653366088867188e+00,4.123127937316894531e+00,4.404013633728027344e+00,1.748646789139570723e+00,3.710000000000000000e+02,2.000000000000000000e+00,0.000000000000000000e+00,2.391699626489345309e+00
8.665000000000000568e+01,2.698017358779907227e+00,2.661197423934936523e+00,3.667571544647216797e+00,3.832745075225830078e+00,1.727688584864004007e+00,3.840000000000000000e+02,1.000000000000000000e+00,0.000000000000000000e+00,2.344302515449952828e+00
8.670000000000000284e+01,2.926089763641357422e+00,2.833603620529174805e+00,3.977232456207275391e+00,4.104671955108642578e+00,1.789138013530685800e+00,4.230000000000000000e+02,0.000000000000000000e+00,0.000000000000000000e+00,2.146294371410762736e+00
8.675000000000000000e+01,2.897733449935913086e+00,2.823300600051879883e+00,3.482582807540893555e+00,3.789560556411743164e+00,1.702072309527475680e+00,3.770000000000000000e+02,0.000000000000000000e+00,0.000000000000000000e+00,2.379715100133998895e+00
8.680000000000001137e+01,2.817653417587280273e+00,2.674696922302246094e+00,3.728143930435180664e+00,3.962560176849365234e+00,1.761632613877055498e+00,3.980000000000000000e+02,1.000000000000000000e+00,0.000000000000000000e+00,2.084324323754908725e+00
8.685000000000000853e+01,2.891341447830200195e+00,2.831358909606933594e+00,3.749594926834106445e+00,4.021149635314941406e+00,1.817429654552251472e+00,4.060000000000000000e+02,1.000000000000000000e+00,0.000000000000000000e+00,2.316745608280105451e+00
8.690000000000000568e+01,2.892238616943359375e+00,2.879460096359252930e+00,4.227941036224365234e+00,4.558302402496337891e+00,1.781626988865634864e+00,3.800000000000000000e+02,0.000000000000000000e+00,0.000000000000000000e+00,2.346457158484233307e+00
8.695000000000000284e+01,2.800058841705322266e+00,2.671316146850585938e+00,3.315251111984252930e+00,3.903384447097778320e+00,1.763680482498899860e+00,4.110000000000000000e+02,1.000000000000000000e+00,0.000000000000000000e+00,2.351617348879172731e+00
8.700000000000000000e+01,2.852739095687866211e+00,2.766035079956054688e+00,3.717718362808227539e+00,4.044056892395019531e+00,1.744499819750619185e+00,3.870000000000000000e+02,0.000000000000000000e+00,0.000000000000000000e+00,2.294526167947938511e+00
8.705000000000001137e+01,2.784945964813232422e+00,2.706202983856201172e+00,3.760417938232421875e+00,4.002075195312500000e+00,1.752322110620419204e+00,3.880000000000000000e+02,0.000000000000000000e+00,0.000000000000000000e+00,2.259968624965332573e+00
8.710000000000000853e+01,2.722102642059326172e+00,2.623319625854492188e+00,3.419819355010986328e+00,4.027315139770507812e+00,1.763315301684330372e+00,3.620000000000000000e+02,0.000000000000000000e+00,0.000000000000000000e+00,2.453159519534712452e+00
8.715000000000000568e+01,2.588832616806030273e+00,2.545635938644409180e+00,3.844733715057373047e+00,3.987175941467285156e+00,1.750991483688051797e+00,3.900000000000000000e+02,0.000000000000000000e+00,0.000000000000000000e+00,2.300428188590491807e+00
8.720000000000000284e+01,2.783365249633789062e+00,2.691731929779052734e+00,3.963226079940795898e+00,4.036542415618896484e+00,1.794197439950149020e+00,3.840000000000000000e+02,0.000000000000000000e+00,0.000000000000000000e+00,2.402681992429632096e+00
8.725000000000000000e+01,2.758792638778686523e+00,2.711724996566772461e+00,3.769917249679565430e+00,4.190690040588378906e+00,1.747286295705554160e+00,3.990000000000000000e+02,0.000000000000000000e+00,0.000000000000000000e+00,2.298329259063822239e+00
8.730000000000001137e+01,2.594066619873046875e+00,2.487056970596313477e+00,3.717172145843505859e+00,3.840576171875000000e+00,1.818363646635110964e+00,3.850000000000000000e+02,0.000000000000000000e+00,0.000000000000000000e+00,2.522665368121638885e+00
8.735000000000000853e+01,2.842174768447875977e+00,2.745678424835205078e+00,3.725591659545898438e+00,4.123382568359375000e+00,1.730693866179446649e+00,3.670000000000000000e+02,0.000000000000000000e+00,0.000000000000000000e+00,2.167208140285796336e+00
8.740000000000000568e+01,2.871150016784667969e+00,2.824404239654541016e+00,3.727588415145874023e+00,4.232339859008789062e+00,1.756114401667536518e+00,4.000000000000000000e+02,0.000000000000000000e+00,0.000000000000000000e+00,2.200325150500938687e+00
8.745000000000000284e+01,2.961252689361572266e+00,2.896097898483276367e+00,4.045300006866455078e+00,4.314133167266845703e+00,1.787463040566219297e+00,3.760000000000000000e+02,0.000000000000000000e+00,0.000000000000000000e+00,2.392156547458210269e+00
8.750000000000000000e+01,2.634809255599975586e+00,2.597628593444824219e+00,3.687991619110107422e+00,3.835884332656860352e+00,1.725347134451680198e+00,3.740000000000000000e+02,0.000000000000000000e+00,0.000000000000000000e+00,2.281364541589746775e+00
8.755000000000001137e+01,2.642806529998779297e+00,2.526470661163330078e+00,3.960657119750976562e+00,4.282779693603515625e+00,1.764465627141847737e+00,3.660000000000000000e+02,0.000000000000000000e+00,0.000000000000000000e+00,2.473751177417240932e+00
8.760000000000000853e+01,2.804679632186889648e+00,2.697277545928955078e+00,3.860625028610229492e+00,3.936812639236450195e+00,1.733734117676995812e+00,3.830000000000000000e+02,0.000000000000000000e+00,0.000000000000000000e+00,2.204490094134163858e+00
8.765000000000000568e+01,2.882071495056152344e+00,2.764600276947021484e+00,3.632918596267700195e+00,3.806113004684448242e+00,1.772663906052782901e+00,4.230000000000000000e+02,0.000000000000000000e+00,0.000000000000000000e+00,2.403027129427150133e+00
8.770000000000000284e+01,2.688836812973022461e+00,2.576364040374755859e+00,3.418116569519042969e+00,3.876331090927124023e+00,1.739149157824241065e+00,3.980000000000000000e+02,0.000000000000000000e+00,0.000000000000000000e+00,2.383688012736234985e+00
8.775000000000000000e+01,2.894368171691894531e+00,2.777986764907836914e+00,3.970919847488403320e+00,4.244663238525390625e+00,1.756015288824955833e+00,3.910000000000000000e+02,1.000000000000000000e+00,0.000000000000000000e+00,2.348880177893936327e+00
8.780000000000001137e+01,2.724084615707397461e+00,2.616107463836669922e+00,3.665530204772949219e+00,3.895695209503173828e+00,1.773042583652554294e+00,4.290000000000000000e+02,1.000000000000000000e+00,0.000000000000000000e+00,2.284113962558607991e+00
8.785000000000000853e+01,2.867203950881958008e+00,2.772546291351318359e+00,3.873172044754028320e+00,4.315609455108642578e+00,1.794198922386650352e+00,3.920000000000000000e+02,0.000000000000000000e+00,0.000000000000000000e+00,2.421129670260838473e+00
8.790000000000000568e+01,2.817335605621337891e+00,2.754957199096679688e+00,3.662224292755126953e+00,3.996947050094604492e+00,1.813846222091701543e+00,4.170000000000000000e+02,0.000000000000000000e+00,0.000000000000000000e+00,1.908254490566021477e+00
8.795000000000000284e+01,2.861588954925537109e+00,2.826030492782592773e+00,3.807429075241088867e+00,3.953062534332275391e+00,1.735591049642797312e+00,4.000000000000000000e+02,0.000000000000000000e+00,0.000000000000000000e+00,2.158937926932823714e+00
8.800000000000000000e+01,2.797541141510009766e+00,2.791280984878540039e+00,3.587799310684204102e+00,3.573345661163330078e+00,1.715095903857591919e+00,3.790000000000000000e+02,0.000000000000000000e+00,0.000000000000000000e+00,2.410753307493301190e+00
8.805000000000001137e+01,2.792064905166625977e+00,2.717861890792846680e+00,3.859109878540039062e+00,4.228816509246826172e+00,1.808047357204112693e+00,3.910000000000000000e+02,0.000000000000000000e+00,0.000000000000000000e+00,2.340824085510266883e+00
8.810000000000000853e+01,2.991514205932617188e+00,2.958206176757812500e+00,3.939943552017211914e+00,4.378332138061523438e+00,1.703674753652914875e+00,3.870000000000000000e+02,0.000000000000000000e+00,0.000000000000000000e+00,2.401937309675904686e+00
8.815000000000000568e+01,2.796025753021240234e+00,2.724111080169677734e+00,4.031300544738769531e+00,4.245388031005859375e+00,1.645270595530809121e+00,3.770000000000000000e+02,0.000000000000000000e+00,0.000000000000000000e+00,2.216113826182298130e+00
8.820000000000000284e+01,2.806465625762939453e+00,2.689762353897094727e+00,3.766786813735961914e+00,4.067433834075927734e+00,1.794879747695603989e+00,3.860000000000000000e+02,1.000000000000000000e+00,0.000000000000000000e+00,2.283223515837061068e+00
8.825000000000000000e+01,2.653863906860351562e+00,2.558807849884033203e+00,3.763551473617553711e+00,3.769490957260131836e+00,1.738161625362314444e+00,4.120000000000000000e+02,0.000000000000000000e+00,0.000000000000000000e+00,2.328816205768660552e+00
8.830000000000001137e+01,2.685644149780273438e+00,2.592040061950683594e+00,4.118660926818847656e+00,4.480289936065673828e+00,1.795042134324204897e+00,4.090000000000000000e+02,0.000000000000000000e+00,0.000000000000000000e+00,2.253371444432046733e+00
8.835000000000000853e+01,2.711904048919677734e+00,2.668799877166748047e+00,3.866499423980712891e+00,4.011436462402343750e+00,1.751012915617692567e+00,4.110000000000000000e+02,0.000000000000000000e+00,0.000000000000000000e+00,2.211027549459504637e+00
8.840000000000000568e+01,2.638467311859130859e+00,2.654195785522460938e+00,4.053221702575683594e+00,4.082249164581298828e+00,1.768739555218479476e+00,3.620000000000000000e+02,0.000000000000000000e+00,0.000000000000000000e+00,2.376715636260945619e+00
8.845000000000000284e+01,2.949036598205566406e+00,2.843006849288940430e+00,4.167935371398925781e+00,4.615191936492919922e+00,1.766297810131560508e+00,4.240000000000000000e+02,1.000000000000000000e+00,0.000000000000000000e+00,2.319126969606187139e+00
8.850000000000000000e+01,2.859571218490600586e+00,2.776737689971923828e+00,3.452501058578491211e+00,3.987617969512939453e+00,1.760158550511860653e+00,4.240000000000000000e+02,0.000000000000000000e+00,0.000000000000000000e+00,2.315153012294902890e+00
8.855000000000001137e+01,2.920293807983398438e+00,2.905482053756713867e+00,3.936961174011230469e+00,4.009136676788330078e+00,1.757648969539281403e+00,3.810000000000000000e+02,0.000000000000000000e+00,0.000000000000000000e+00,2.543050052335700251e+00
8.860000000000000853e+01,2.957895278930664062e+00,2.866138935089111328e+00,3.930174112319946289e+00,4.212029457092285156e+00,1.736834362682028843e+00,4.330000000000000000e+02,0.000000000000000000e+00,0.000000000000000000e+00,2.258800474807177494e+00
8.865000000000000568e+01,2.811859607696533203e+00,2.716936826705932617e+00,4.135632038116455078e+00,4.321816921234130859e+00,1.777420379614777168e+00,4.130000000000000000e+02,0.000000000000000000e+00,0.000000000000000000e+00,2.274660606460913392e+00
8.870000000000000284e+01,3.358558416366577148e+00,3.259946823120117188e+00,4.023835182189941406e+00,4.414174079895019531e+00,1.799145187830693882e+00,4.130000000000000000e+02,1.000000000000000000e+00,0.000000000000000000e+00,2.412372114974122184e+00
8.875000000000000000e+01,3.011491775512695312e+00,2.934567928314208984e+00,3.941112756729125977e+00,4.135480403900146484e+00,1.696354378549902897e+00,4.410000000000000000e+02,2.000000000000000000e+00,0.000000000000000000e+00,2.283074932216014652e+00
8.880000000000001137e+01,3.191054821014404297e+00,3.131679296493530273e+00,3.812534809112548828e+00,4.119991302490234375e+00,1.755472647670913933e+00,3.950000000000000000e+02,0.000000000000000000e+00,0.000000000000000000e+00,2.181103917719648511e+00
8.885000000000000853e+01,3.134475231170654297e+00,2.983010053634643555e+00,3.841535806655883789e+00,4.184194564819335938e+00,1.765264363966143835e+00,4.040000000000000000e+02,0.000000000000000000e+00,0.000000000000000000e+00,1.920307745930341037e+00
8.890000000000000568e+01,2.989148855209350586e+00,2.850493192672729492e+00,3.738507747650146484e+00,3.972908258438110352e+00,1.787533583251756930e+00,4.010000000000000000e+02,2.000000000000000000e+00,0.000000000000000000e+00,2.180432563119741651e+00
8.895000000000000284e+01,3.115797281265258789e+00,3.049447298049926758e+00,3.921132564544677734e+00,4.171486854553222656e+00,1.705869084327292562e+00,4.220000000000000000e+02,0.000000000000000000e+00,0.000000000000000000e+00,2.271487828206463888e+00
8.900000000000000000e+01,3.103797435760498047e+00,2.989638328552246094e+00,4.286777496337890625e+00,4.529390811920166016e+00,1.752220427251446111e+00,3.910000000000000000e+02,0.000000000000000000e+00,0.000000000000000000e+00,2.394544777327955121e+00
8.905000000000001137e+01,3.147215366363525391e+00,3.026174545288085938e+00,4.311271190643310547e+00,4.467613697052001953e+00,1.805013545049649615e+00,3.940000000000000000e+02,0.000000000000000000e+00,0.000000000000000000e+00,1.905210029451639198e+00
8.910000000000000853e+01,2.645223379135131836e+00,2.583095550537109375e+00,4.125199794769287109e+00,4.241724491119384766e+00,1.705374919882202134e+00,3.990000000000000000e+02,1.000000000000000000e+00,0.000000000000000000e+00,2.321613868125187441e+00
8.915000000000000568e+01,2.898309469223022461e+00,2.842545270919799805e+00,3.909355640411376953e+00,4.281089782714843750e+00,1.798024898596092269e+00,3.910000000000000000e+02,0.000000000000000000e+00,0.000000000000000000e+00,2.337026415107676502e+00
8.920000000000000284e+01,2.992723941802978516e+00,2.837438106536865234e+00,4.035520553588867188e+00,4.156779766082763672e+00,1.806473124380804984e+00,4.100000000000000000e+02,0.000000000000000000e+00,0.000000000000000000e+00,2.241051205866842366e+00
8.925000000000000000e+01,2.744550228118896484e+00,2.609886169433593750e+00,3.542712211608886719e+00,3.973777294158935547e+00,1.728817127862281922e+00,4.100000000000000000e+02,0.000000000000000000e+00,0.000000000000000000e+00,2.294932407703468069e+00
8.930000000000001137e+01,2.948156833648681641e+00,2.950261592864990234e+00,3.828258752822875977e+00,4.371905803680419922e+00,1.784822374704318371e+00,4.240000000000000000e+02,0.000000000000000000e+00,0.000000000000000000e+00,2.229515939965626803e+00
8.935000000000000853e+01,3.151183128356933594e+00,3.100166559219360352e+00,4.169364929199218750e+00,4.528864383697509766e+00,1.781940538699094967e+00,3.790000000000000000e+02,1.000000000000000000e+00,0.000000000000000000e+00,2.363722234627122276e+00
8.940000000000000568e+01,3.106497287750244141e+00,3.065443992614746094e+00,4.011174201965332031e+00,4.466928958892822266e+00,1.802878708397952945e+00,4.200000000000000000e+02,3.000000000000000000e+00,0.000000000000000000e+00,2.003575567160595927e+00
8.945000000000000284e+01,3.028533935546875000e+00,2.976408004760742188e+00,3.974334716796875000e+00,4.522192955017089844e+00,1.753778916575919000e+00,3.840000000000000000e+02,1.000000000000000000e+00,0.000000000000000000e+00,2.385236927278183039e+00
8.950000000000000000e+01,3.355648040771484375e+00,3.328138589859008789e+00,4.254117965698242188e+00,4.718868255615234375e+00,1.835402020768194253e+00,4.160000000000000000e+02,2.000000000000000000e+00,0.000000000000000000e+00,2.422480812369687708e+00
8.955000000000001137e+01,3.082800149917602539e+00,2.990614891052246094e+00,4.093303203582763672e+00,4.402432918548583984e+00,1.746356152151209429e+00,4.130000000000000000e+02,0.000000000000000000e+00,0.000000000000000000e+00,2.241016752792796218e+00
8.960000000000000853e+01,2.944257020950317383e+00,2.876427412033081055e+00,4.089109897613525391e+00,4.404209613800048828e+00,1.805875906733814151e+00,4.240000000000000000e+02,0.000000000000000000e+00,0.000000000000000000e+00,1.946164964427580912e+00
8.965000000000000568e+01,3.048080444335937500e+00,2.993036746978759766e+00,3.842125415802001953e+00,4.202290058135986328e+00,1.746782247365058716e+00,3.830000000000000000e+02,1.000000000000000000e+00,0.000000000000000000e+00,2.528593894249475671e+00
8.970000000000000284e+01,2.747508049011230469e+00,2.598915338516235352e+00,4.222214698791503906e+00,4.249110698699951172e+00,1.730649521960434090e+00,4.270000000000000000e+02,0.000000000000000000e+00,0.000000000000000000e+00,1.968316047642300060e+00
8.975000000000000000e+01,2.917325973510742188e+00,2.836456537246704102e+00,4.279089450836181641e+00,4.455358505249023438e+00,1.775413276776973248e+00,3.990000000000000000e+02,0.000000000000000000e+00,0.000000000000000000e+00,1.961405539192742964e+00
8.980000000000001137e+01,3.071007966995239258e+00,2.987307548522949219e+00,4.535194396972656250e+00,4.698016643524169922e+00,1.773499701383187466e+00,3.980000000000000000e+02,1.000000000000000000e+00,0.000000000000000000e+00,2.258374018049022158e+00
8.985000000000000853e+01,2.727849960327148438e+00,2.618197917938232422e+00,4.088786602020263672e+00,4.556874275207519531e+00,1.752691169221626044e+00,3.940000000000000000e+02,1.000000000000000000e+00,0.000000000000000000e+00,2.352358390912284047e+00
8.990000000000000568e+01,3.023275852203369141e+00,2.851505756378173828e+00,4.144538879394531250e+00,4.211064815521240234e+00,1.760422991667763171e+00,3.730000000000000000e+02,0.000000000000000000e+00,0.000000000000000000e+00,2.185910867638746868e+00
8.995000000000000284e+01,2.926249027252197266e+00,2.827353954315185547e+00,3.612480163574218750e+00,4.015737056732177734e+00,1.742574680855316860e+00,4.100000000000000000e+02,0.000000000000000000e+00,0.000000000000000000e+00,2.227000681336658516e+00
9.000000000000000000e+01,2.801406860351562500e+00,2.651928663253784180e+00,3.945527553558349609e+00,4.118633270263671875e+00,1.716273495494934354e+00,4.230000000000000000e+02,2.000000000000000000e+00,0.000000000000000000e+00,2.155211284189285870e+00
9.005000000000001137e+01,3.061275482177734375e+00,2.935204744338989258e+00,4.049620151519775391e+00,4.631553649902343750e+00,1.700885914036160518e+00,4.130000000000000000e+02,0.000000000000000000e+00,0.000000000000000000e+00,2.269405241420760611e+00
9.010000000000000853e+01,3.020001649856567383e+00,2.919913768768310547e+00,4.126165390014648438e+00,4.374451160430908203e+00,1.776291739647214429e+00,4.050000000000000000e+02,1.000000000000000000e+00,0.000000000000000000e+00,2.359303710944561594e+00
9.015000000000000568e+01,2.927968978881835938e+00,2.780409336090087891e+00,3.922739505767822266e+00,4.207847595214843750e+00,1.754495079470387520e+00,4.540000000000000000e+02,0.000000000000000000e+00,0.000000000000000000e+00,2.177251057082491670e+00
9.020000000000000284e+01,2.873407840728759766e+00,2.712403297424316406e+00,3.990200042724609375e+00,4.054419040679931641e+00,1.751988287142284495e+00,4.120000000000000000e+02,0.000000000000000000e+00,0.000000000000000000e+00,2.373135859430234529e+00
9.025000000000000000e+01,3.042514085769653320e+00,2.879009485244750977e+00,4.110502719879150391e+00,4.577814579010009766e+00,1.760873704734415401e+00,4.410000000000000000e+02,2.000000000000000000e+00,0.000000000000000000e+00,2.291863877495711854e+00
9.030000000000001137e+01,3.053922414779663086e+00,2.955142021179199219e+00,4.079762935638427734e+00,4.170215129852294922e+00,1.673782158609496307e+00,3.770000000000000000e+02,1.000000000000000000e+00,0.000000000000000000e+00,2.329184276992794622e+00
9.035000000000000853e+01,3.148343801498413086e+00,3.017046689987182617e+00,4.383205413818359375e+00,4.410315513610839844e+00,1.764665609676231650e+00,3.810000000000000000e+02,0.000000000000000000e+00,0.000000000000000000e+00,2.220917158567253136e+00
9.040000000000000568e+01,3.075098991394042969e+00,3.012959003448486328e+00,4.477634429931640625e+00,4.654627799987792969e+00,1.721951124574454317e+00,3.960000000000000000e+02,0.000000000000000000e+00,0.000000000000000000e+00,2.370965672793720280e+00
9.045000000000000284e+01,2.966399431228637695e+00,2.801632642745971680e+00,4.271683216094970703e+00,4.438027381896972656e+00,1.748729505356485969e+00,3.810000000000000000e+02,0.000000000000000000e+00,0.000000000000000000e+00,2.371078509182476424e+00
9.050000000000000000e+01,2.951943635940551758e+00,2.817523717880249023e+00,4.057947158813476562e+00,4.158510684967041016e+00,1.809819548379189680e+00,4.320000000000000000e+02,0.000000000000000000e+00,0.000000000000000000e+00,2.372500898070510011e+00
9.055000000000001137e+01,2.994070053100585938e+00,2.902284860610961914e+00,4.237644672393798828e+00,4.343423366546630859e+00,1.758826194036108514e+00,4.110000000000000000e+02,0.000000000000000000e+00,0.000000000000000000e+00,1.899848849422392183e+00
9.060000000000000853e+01,2.961344718933105469e+00,2.845155239105224609e+00,4.600985050201416016e+00,4.781292438507080078e+00,1.746663391606029014e+00,4.300000000000000000e+02,0.000000000000000000e+00,0.000000000000000000e+00,2.255596058041185348e+00
9.065000000000000568e+01,2.767682552337646484e+00,2.690115928649902344e+00,4.702199935913085938e+00,4.731739997863769531e+00,1.755834409600392831e+00,4.150000000000000000e+02,0.000000000000000000e+00,0.000000000000000000e+00,2.357245048764762263e+00
9.070000000000000284e+01,2.707115411758422852e+00,2.667313098907470703e+00,3.775790214538574219e+00,4.118021488189697266e+00,1.702882670017961786e+00,4.320000000000000000e+02,1.000000000000000000e+00,0.000000000000000000e+00,2.355625793621490160e+00
9.075000000000000000e+01,2.774814128875732422e+00,2.714642047882080078e+00,4.208732128143310547e+00,4.169653892517089844e+00,1.774366846664101161e+00,3.800000000000000000e+02,0.000000000000000000e+00,0.000000000000000000e+00,2.378925748237343374e+00
9.080000000000001137e+01,2.717203617095947266e+00,2.630706787109375000e+00,4.007782459259033203e+00,4.122027873992919922e+00,1.738504824393435344e+00,4.550000000000000000e+02,1.000000000000000000e+00,0.000000000000000000e+00,2.106192201489295091e+00
9.085000000000000853e+01,2.749308586120605469e+00,2.575306653976440430e+00,4.300506591796875000e+00,4.497147560119628906e+00,1.754192363188185499e+00,4.190000000000000000e+02,0.000000000000000000e+00,0.000000000000000000e+00,2.230421959998773573e+00
9.090000000000000568e+01,2.802483558654785156e+00,2.729959011077880859e+00,4.278642654418945312e+00,4.383464336395263672e+00,1.764262123675629512e+00,4.060000000000000000e+02,2.000000000000000000e+00,0.000000000000000000e+00,2.356209576807098305e+00
9.095000000000000284e+01,2.795349597930908203e+00,2.774267435073852539e+00,3.441636323928833008e+00,3.880042791366577148e+00,1.736134167678495599e+00,4.190000000000000000e+02,0.000000000000000000e+00,0.000000000000000000e+00,2.282852361062083890e+00
9.100000000000000000e+01,2.799096584320068359e+00,2.709320783615112305e+00,3.866014003753662109e+00,4.107604980468750000e+00,1.761480522991119457e+00,4.480000000000000000e+02,2.000000000000000000e+00,0.000000000000000000e+00,2.261828168407740147e+00
9.105000000000001137e+01,2.882673740386962891e+00,2.829521656036376953e+00,3.765596389770507812e+00,4.186313152313232422e+00,1.705360981735500658e+00,4.140000000000000000e+02,2.000000000000000000e+00,0.000000000000000000e+00,2.384211120394295946e+00
9.110000000000000853e+01,2.774877786636352539e+00,2.774181842803955078e+00,4.339087963104248047e+00,4.503989696502685547e+00,1.780861757868712036e+00,4.210000000000000000e+02,0.000000000000000000e+00,0.000000000000000000e+00,2.029003235343567635e+00
9.115000000000000568e+01,2.777138710021972656e+00,2.729957342147827148e+00,4.174243927001953125e+00,4.518253803253173828e+00,1.737592938042105573e+00,4.130000000000000000e+02,0.000000000000000000e+00,0.000000000000000000e+00,2.294841008791014492e+00
9.120000000000000284e+01,3.034512996673583984e+00,2.972781181335449219e+00,4.547567367553710938e+00,4.692633152008056641e+00,1.726072174244665858e+00,4.070000000000000000e+02,0.000000000000000000e+00,0.000000000000000000e+00,2.387553511449793664e+00
9.125000000000000000e+01,2.723108291625976562e+00,2.611404657363891602e+00,4.452669620513916016e+00,4.604693412780761719e+00,1.748491270191466995e+00,4.100000000000000000e+02,0.000000000000000000e+00,0.000000000000000000e+00,2.293961118077149308e+00
9.130000000000001137e+01,2.858337163925170898e+00,2.844877243041992188e+00,4.114417552947998047e+00,4.495501041412353516e+00,1.765004684724619022e+00,4.020000000000000000e+02,0.000000000000000000e+00,0.000000000000000000e+00,2.345460435860474924e+00
9.135000000000000853e+01,2.793472290039062500e+00,2.747752666473388672e+00,4.288694858551025391e+00,4.382248878479003906e+00,1.714113862286833490e+00,4.200000000000000000e+02,1.000000000000000000e+00,0.000000000000000000e+00,2.235824652885980868e+00
9.140000000000000568e+01,2.855470657348632812e+00,2.796206235885620117e+00,4.063006401062011719e+00,4.222961425781250000e+00,1.717268729610390343e+00,4.430000000000000000e+02,0.000000000000000000e+00,0.000000000000000000e+00,2.140824546639125803e+00
9.145000000000000284e+01,2.804048061370849609e+00,2.733284473419189453e+00,4.342077255249023438e+00,4.505445480346679688e+00,1.698095812602521182e+00,4.160000000000000000e+02,0.000000000000000000e+00,0.000000000000000000e+00,2.379885032147345925e+00
9.150000000000000000e+01,2.923958778381347656e+00,2.894673824310302734e+00,3.998742103576660156e+00,4.256330013275146484e+00,1.792328526734099148e+00,4.100000000000000000e+02,1.000000000000000000e+00,0.000000000000000000e+00,2.235603703239757323e+00
9.155000000000001137e+01,2.980607509613037109e+00,3.021268844604492188e+00,4.117371559143066406e+00,4.589696884155273438e+00,1.721163870730266554e+00,3.990000000000000000e+02,2.000000000000000000e+00,0.000000000000000000e+00,2.276720048094321047e+00
9.160000000000000853e+01,2.737880706787109375e+00,2.651626825332641602e+00,4.221488475799560547e+00,4.291190147399902344e+00,1.702295869485563884e+00,4.400000000000000000e+02,0.000000000000000000e+00,0.000000000000000000e+00,2.286327516265735493e+00
9.165000000000000568e+01,2.551266908645629883e+00,2.519623279571533203e+00,3.838764190673828125e+00,4.264879703521728516e+00,1.741789232700438728e+00,3.830000000000000000e+02,0.000000000000000000e+00,0.000000000000000000e+00,2.314703848659830143e+00
9.170000000000000284e+01,2.726236820220947266e+00,2.683853626251220703e+00,4.432049274444580078e+00,4.453782081604003906e+00,1.699523466508721548e+00,4.210000000000000000e+02,0.000000000000000000e+00,0.000000000000000000e+00,1.964038076893615425e+00
9.175000000000000000e+01,2.897100687026977539e+00,2.828012704849243164e+00,4.029733180999755859e+00,4.241662025451660156e+00,1.698090096007734751e+00,4.140000000000000000e+02,0.000000000000000000e+00,0.000000000000000000e+00,2.370398120784356522e+00
9.180000000000001137e+01,2.931108951568603516e+00,2.871444225311279297e+00,4.168552398681640625e+00,4.679174900054931641e+00,1.801129531550505369e+00,4.200000000000000000e+02,1.000000000000000000e+00,0.000000000000000000e+00,2.349425692540184851e+00
9.185000000000000853e+01,2.875378131866455078e+00,2.707624435424804688e+00,4.069657802581787109e+00,4.376545429229736328e+00,1.789505983052441351e+00,4.210000000000000000e+02,1.000000000000000000e+00,0.000000000000000000e+00,2.260186998546997561e+00
9.190000000000000568e+01,2.930152177810668945e+00,2.743327617645263672e+00,4.465446949005126953e+00,4.289284706115722656e+00,1.765530502557051351e+00,3.780000000000000000e+02,1.000000000000000000e+00,0.000000000000000000e+00,1.988992128081561450e+00
9.195000000000000284e+01,2.817229032516479492e+00,2.614624738693237305e+00,3.979301452636718750e+00,4.306793689727783203e+00,1.789267190797765306e+00,4.110000000000000000e+02,1.000000000000000000e+00,0.000000000000000000e+00,1.814112288922406169e+00
9.200000000000000000e+01,2.930209398269653320e+00,2.781489133834838867e+00,4.068639278411865234e+00,4.179243087768554688e+00,1.699570670958777674e+00,4.040000000000000000e+02,1.000000000000000000e+00,0.000000000000000000e+00,2.271131186562885595e+00
9.205000000000001137e+01,3.044368743896484375e+00,2.886836051940917969e+00,4.161020278930664062e+00,4.493482589721679688e+00,1.773887581139379277e+00,4.000000000000000000e+02,1.000000000000000000e+00,0.000000000000000000e+00,2.252277614889606205e+00
9.210000000000000853e+01,2.813580274581909180e+00,2.681820392608642578e+00,4.151066780090332031e+00,4.408794403076171875e+00,1.768566388914469600e+00,3.990000000000000000e+02,2.000000000000000000e+00,0.000000000000000000e+00,2.539775765198228452e+00
9.215000000000000568e+01,2.861490011215209961e+00,2.808835268020629883e+00,3.935399055480957031e+00,4.119176864624023438e+00,1.687521376938942774e+00,3.930000000000000000e+02,1.000000000000000000e+00,0.000000000000000000e+00,2.322674096043383596e+00
9.220000000000000284e+01,2.912559986114501953e+00,2.822904825210571289e+00,3.940538406372070312e+00,4.246618270874023438e+00,1.711006821568771930e+00,3.550000000000000000e+02,2.000000000000000000e+00,0.000000000000000000e+00,2.293505797417979331e+00
9.225000000000000000e+01,2.785032987594604492e+00,2.682073116302490234e+00,4.224184989929199219e+00,4.443722248077392578e+00,1.731962601777401023e+00,3.870000000000000000e+02,1.000000000000000000e+00,0.000000000000000000e+00,2.353356316010889238e+00
9.230000000000001137e+01,3.324320316314697266e+00,3.085198879241943359e+00,4.546164035797119141e+00,4.652574539184570312e+00,1.675748070290469016e+00,3.980000000000000000e+02,0.000000000000000000e+00,0.000000000000000000e+00,2.164595272103889911e+00
9.235000000000000853e+01,2.722347736358642578e+00,2.606031656265258789e+00,4.021962165832519531e+00,4.500691890716552734e+00,1.791508138149509266e+00,4.080000000000000000e+02,0.000000000000000000e+00,0.000000000000000000e+00,2.223267293524237243e+00
9.240000000000000568e+01,2.711314201354980469e+00,2.616465091705322266e+00,4.339821815490722656e+00,4.343780994415283203e+00,1.744899097523080034e+00,4.030000000000000000e+02,0.000000000000000000e+00,0.000000000000000000e+00,2.393367175236011946e+00
9.245000000000000284e+01,2.755979061126708984e+00,2.649440765380859375e+00,4.044222354888916016e+00,4.241562843322753906e+00,1.727146673409766908e+00,3.820000000000000000e+02,0.000000000000000000e+00,0.000000000000000000e+00,2.346660365957409677e+00
9.250000000000000000e+01,2.702726364135742188e+00,2.614546775817871094e+00,4.349370479583740234e+00,4.421198844909667969e+00,1.711134029941423718e+00,3.840000000000000000e+02,0.000000000000000000e+00,0.000000000000000000e+00,2.133848640839926425e+00
9.255000000000001137e+01,2.788969039916992188e+00,2.688488006591796875e+00,3.971420288085937500e+00,4.334229946136474609e+00,1.776438394157930478e+00,3.970000000000000000e+02,0.000000000000000000e+00,0.000000000000000000e+00,2.293891401687040865e+00
9.260000000000000853e+01,2.796389102935791016e+00,2.697896718978881836e+00,3.922478914260864258e+00,4.171480178833007812e+00,1.731245391483749341e+00,4.100000000000000000e+02,1.000000000000000000e+00,0.000000000000000000e+00,2.309664565483197762e+00
9.265000000000000568e+01,2.880545616149902344e+00,2.735311746597290039e+00,4.010468482971191406e+00,4.337983608245849609e+00,1.718351929096020303e+00,4.130000000000000000e+02,0.000000000000000000e+00,0.000000000000000000e+00,1.995240038571699293e+00
9.270000000000000284e+01,2.771396875381469727e+00,2.669028997421264648e+00,3.867259502410888672e+00,3.982995986938476562e+00,1.813240476349387009e+00,4.010000000000000000e+02,0.000000000000000000e+00,0.000000000000000000e+00,2.391665139380389604e+00
9.275000000000000000e+01,2.733285903930664062e+00,2.607096195220947266e+00,4.077211380004882812e+00,4.400410175323486328e+00,1.786819490115073794e+00,4.220000000000000000e+02,0.000000000000000000e+00,0.000000000000000000e+00,2.393797982484654252e+00
9.280000000000001137e+01,2.832862138748168945e+00,2.743939161300659180e+00,4.113497257232666016e+00,4.497081279754638672e+00,1.779839360875033361e+00,4.330000000000000000e+02,0.000000000000000000e+00,0.000000000000000000e+00,2.182839601523002049e+00
9.285000000000000853e+01,2.670992374420166016e+00,2.573971271514892578e+00,3.944335460662841797e+00,4.040476799011230469e+00,1.758394984847083009e+00,3.810000000000000000e+02,0.000000000000000000e+00,0.000000000000000000e+00,2.362172030573479020e+00
9.290000000000000568e+01,2.862372159957885742e+00,2.740326404571533203e+00,4.527920722961425781e+00,4.599574565887451172e+00,1.735093718708324628e+00,3.760000000000000000e+02,0.000000000000000000e+00,0.000000000000000000e+00,2.232659101463040585e+00
9.295000000000000284e+01,2.747091293334960938e+00,2.746084690093994141e+00,3.690181732177734375e+00,4.287191390991210938e+00,1.708101316638668710e+00,4.050000000000000000e+02,1.000000000000000000e+00,0.000000000000000000e+00,2.433464807712957256e+00
9.300000000000000000e+01,2.807928085327148438e+00,2.705288410186767578e+00,3.877105712890625000e+00,3.960018634796142578e+00,1.725024738592972673e+00,4.080000000000000000e+02,0.000000000000000000e+00,0.000000000000000000e+00,2.258633857892436314e+00
9.305000000000001137e+01,2.730665445327758789e+00,2.626820802688598633e+00,3.917604684829711914e+00,3.874710559844970703e+00,1.737384703573331191e+00,4.030000000000000000e+02,0.000000000000000000e+00,0.000000000000000000e+00,2.183784069054443222e+00
9.310000000000000853e+01,2.696159124374389648e+00,2.626917600631713867e+00,4.057788848876953125e+00,4.124945640563964844e+00,1.840213842805035194e+00,3.900000000000000000e+02,0.000000000000000000e+00,0.000000000000000000e+00,2.191922320092796195e+00
9.315000000000000568e+01,2.639040470123291016e+00,2.567035913467407227e+00,3.867379665374755859e+00,4.162907123565673828e+00,1.746786606238117434e+00,3.840000000000000000e+02,1.000000000000000000e+00,0.000000000000000000e+00,2.408879749101163092e+00
9.320000000000000284e+01,2.760507583618164062e+00,2.672118902206420898e+00,4.155132293701171875e+00,4.426835060119628906e+00,1.781770206475160823e+00,4.190000000000000000e+02,0.000000000000000000e+00,0.000000000000000000e+00,2.388137256600815217e+00
9.325000000000000000e+01,2.543942689895629883e+00,2.469729423522949219e+00,3.567261695861816406e+00,3.719600200653076172e+00,1.768448881940165585e+00,4.150000000000000000e+02,1.000000000000000000e+00,0.000000000000000000e+00,2.320191756370701075e+00
9.330000000000001137e+01,2.700325965881347656e+00,2.626602649688720703e+00,3.913460969924926758e+00,4.239464759826660156e+00,1.805350547036146391e+00,4.020000000000000000e+02,0.000000000000000000e+00,0.000000000000000000e+00,2.305699356951017354e+00
9.335000000000000853e+01,2.873971700668334961e+00,2.755515813827514648e+00,3.984649658203125000e+00,4.267925262451171875e+00,1.756159750313655010e+00,3.970000000000000000e+02,1.000000000000000000e+00,0.000000000000000000e+00,2.441760570147927911e+00
9.340000000000000568e+01,2.637763261795043945e+00,2.559297561645507812e+00,4.086372375488281250e+00,4.364600658416748047e+00,1.756264151975409638e+00,4.040000000000000000e+02,0.000000000000000000e+00,0.000000000000000000e+00,2.104584283588351923e+00
9.345000000000000284e+01,2.601726293563842773e+00,2.569039106369018555e+00,3.868410587310791016e+00,4.145383358001708984e+00,1.673929295063761646e+00,4.110000000000000000e+02,0.000000000000000000e+00,0.000000000000000000e+00,2.089023837162801822e+00
9.350000000000000000e+01,2.686152696609497070e+00,2.608651638031005859e+00,4.107911109924316406e+00,4.396096706390380859e+00,1.774032577852913350e+00,4.060000000000000000e+02,2.000000000000000000e+00,0.000000000000000000e+00,2.378832486227828280e+00
9.355000000000001137e+01,2.729203939437866211e+00,2.600033760070800781e+00,4.088369846343994141e+00,4.174638271331787109e+00,1.713391601973346834e+00,4.260000000000000000e+02,0.000000000000000000e+00,0.000000000000000000e+00,2.086596211623228836e+00
9.360000000000000853e+01,2.663643360137939453e+00,2.567185878753662109e+00,4.092915534973144531e+00,4.307314395904541016e+00,1.745469403958365362e+00,4.250000000000000000e+02,1.000000000000000000e+00,0.000000000000000000e+00,2.325177239510026084e+00
9.365000000000000568e+01,2.793788433074951172e+00,2.737873077392578125e+00,4.103172302246093750e+00,4.249003410339355469e+00,1.811429830203652225e+00,4.110000000000000000e+02,0.000000000000000000e+00,0.000000000000000000e+00,2.240196105231700763e+00
9.370000000000000284e+01,2.663998603820800781e+00,2.551579475402832031e+00,4.012222290039062500e+00,4.235646247863769531e+00,1.776684137966626054e+00,4.240000000000000000e+02,1.000000000000000000e+00,0.000000000000000000e+00,2.231320770093521588e+00
9.375000000000000000e+01,2.688449382781982422e+00,2.554939270019531250e+00,4.144846916198730469e+00,4.152644157409667969e+00,1.687275714703684315e+00,3.820000000000000000e+02,0.000000000000000000e+00,0.000000000000000000e+00,2.371525422071995681e+00
9.380000000000001137e+01,2.763678789138793945e+00,2.640840530395507812e+00,4.570310115814208984e+00,4.462136268615722656e+00,1.703444450729301618e+00,4.010000000000000000e+02,0.000000000000000000e+00,0.000000000000000000e+00,2.150197258015108304e+00
9.385000000000000853e+01,2.636744022369384766e+00,2.519941329956054688e+00,4.142803192138671875e+00,4.146964073181152344e+00,1.807334388195572572e+00,4.060000000000000000e+02,0.000000000000000000e+00,0.000000000000000000e+00,2.345081145409683820e+00
9.390000000000000568e+01,2.835225582122802734e+00,2.762104988098144531e+00,4.087224960327148438e+00,4.230407714843750000e+00,1.753766481244997344e+00,4.200000000000000000e+02,1.000000000000000000e+00,0.000000000000000000e+00,2.202730939675836108e+00
9.395000000000000284e+01,2.747406005859375000e+00,2.666424751281738281e+00,4.134199142456054688e+00,4.364975929260253906e+00,1.736717290122724577e+00,4.140000000000000000e+02,0.000000000000000000e+00,0.000000000000000000e+00,2.412217132869951985e+00
9.400000000000000000e+01,2.535248041152954102e+00,2.396330595016479492e+00,3.934345245361328125e+00,4.366256237030029297e+00,1.709043465591434607e+00,4.260000000000000000e+02,0.000000000000000000e+00,0.000000000000000000e+00,2.332936525785028525e+00
9.405000000000001137e+01,2.618007183074951172e+00,2.489429473876953125e+00,3.952965259552001953e+00,4.027082443237304688e+00,1.726142231736296662e+00,4.080000000000000000e+02,2.000000000000000000e+00,0.000000000000000000e+00,2.194794721223050971e+00
9.410000000000000853e+01,2.679385900497436523e+00,2.531199216842651367e+00,4.055030822753906250e+00,4.386226177215576172e+00,1.754598995341043910e+00,4.030000000000000000e+02,1.000000000000000000e+00,0.000000000000000000e+00,2.230324359550794000e+00
9.415000000000000568e+01,2.709525823593139648e+00,2.592968940734863281e+00,3.739899158477783203e+00,4.025490760803222656e+00,1.709202931058100505e+00,4.140000000000000000e+02,0.000000000000000000e+00,0.000000000000000000e+00,2.252769537417994794e+00
9.420000000000000284e+01,2.603426933288574219e+00,2.493409395217895508e+00,3.888577461242675781e+00,4.274665832519531250e+00,1.768546086480769830e+00,3.980000000000000000e+02,1.000000000000000000e+00,0.000000000000000000e+00,2.320574794203501767e+00
9.425000000000000000e+01,2.628817319869995117e+00,2.501211404800415039e+00,4.086505889892578125e+00,4.637766361236572266e+00,1.800739795990336178e+00,4.080000000000000000e+02,1.000000000000000000e+00,0.000000000000000000e+00,2.312139856702561502e+00
9.430000000000001137e+01,2.845000982284545898e+00,2.668970108032226562e+00,3.831699371337890625e+00,4.200419425964355469e+00,1.776443901400613701e+00,4.240000000000000000e+02,2.000000000000000000e+00,0.000000000000000000e+00,2.253399134552538374e+00
9.435000000000000853e+01,2.749016046524047852e+00,2.696310043334960938e+00,4.173534870147705078e+00,4.350357055664062500e+00,1.800208893358497875e+00,4.170000000000000000e+02,0.000000000000000000e+00,0.000000000000000000e+00,2.377580654747590838e+00
9.440000000000000568e+01,2.772620916366577148e+00,2.637811899185180664e+00,3.881574153900146484e+00,4.123679161071777344e+00,1.828719685151185992e+00,4.040000000000000000e+02,2.000000000000000000e+00,0.000000000000000000e+00,2.238883024875719219e+00
9.445000000000000284e+01,2.621776580810546875e+00,2.522806882858276367e+00,3.791795730590820312e+00,4.383202552795410156e+00,1.800523772481154694e+00,3.960000000000000000e+02,1.000000000000000000e+00,0.000000000000000000e+00,2.276052168331796022e+00
9.450000000000000000e+01,3.005783081054687500e+00,2.893718481063842773e+00,4.034462928771972656e+00,4.536630630493164062e+00,1.725081459835026809e+00,4.230000000000000000e+02,0.000000000000000000e+00,0.000000000000000000e+00,1.972741836893255662e+00
9.455000000000001137e+01,2.603888750076293945e+00,2.547458171844482422e+00,3.579374790191650391e+00,4.081556320190429688e+00,1.816550331206626012e+00,4.340000000000000000e+02,0.000000000000000000e+00,0.000000000000000000e+00,2.239366630891741483e+00
9.460000000000000853e+01,2.824167966842651367e+00,2.691312313079833984e+00,3.504818916320800781e+00,3.785928726196289062e+00,1.726273143936318810e+00,4.050000000000000000e+02,0.000000000000000000e+00,0.000000000000000000e+00,2.181071311518592903e+00
9.465000000000000568e+01,2.739439487457275391e+00,2.635534286499023438e+00,3.603455781936645508e+00,3.899612188339233398e+00,1.773747863886192766e+00,4.090000000000000000e+02,0.000000000000000000e+00,0.000000000000000000e+00,2.373571890259735362e+00
9.470000000000000284e+01,2.803820371627807617e+00,2.692262887954711914e+00,3.549338579177856445e+00,3.965727806091308594e+00,1.738092566734852351e+00,4.230000000000000000e+02,3.000000000000000000e+00,0.000000000000000000e+00,2.202429354758158375e+00
9.475000000000000000e+01,2.738733530044555664e+00,2.606004714965820312e+00,3.734238386154174805e+00,4.357227325439453125e+00,1.752265243125544769e+00,4.370000000000000000e+02,2.000000000000000000e+00,0.000000000000000000e+00,2.214261886986500283e+00
9.480000000000001137e+01,2.658752202987670898e+00,2.590366840362548828e+00,3.662981510162353516e+00,3.931708574295043945e+00,1.757851469093649310e+00,4.160000000000000000e+02,1.000000000000000000e+00,0.000000000000000000e+00,2.193169290916510583e+00
9.485000000000000853e+01,2.705648899078369141e+00,2.661128520965576172e+00,3.630302906036376953e+00,4.088681221008300781e+00,1.786369250648271567e+00,3.930000000000000000e+02,1.000000000000000000e+00,0.000000000000000000e+00,2.308126022415673440e+00
9.490000000000000568e+01,2.603115558624267578e+00,2.513612747192382812e+00,4.249574661254882812e+00,4.459136009216308594e+00,1.735660108058556306e+00,4.290000000000000000e+02,1.000000000000000000e+00,0.000000000000000000e+00,2.317660299265221102e+00
9.495000000000000284e+01,2.533701896667480469e+00,2.397698402404785156e+00,3.986038684844970703e+00,4.179285049438476562e+00,1.744631111343275531e+00,3.930000000000000000e+02,0.000000000000000000e+00,0.000000000000000000e+00,2.394798557225190194e+00
9.500000000000000000e+01,2.869360923767089844e+00,2.752373456954956055e+00,4.266508579254150391e+00,4.570253849029541016e+00,1.754441635195652660e+00,4.150000000000000000e+02,2.000000000000000000e+00,0.000000000000000000e+00,2.374081616078679069e+00
9.505000000000001137e+01,2.888165950775146484e+00,2.732206344604492188e+00,3.962079286575317383e+00,4.268887042999267578e+00,1.733018940221076276e+00,4.210000000000000000e+02,4.000000000000000000e+00,0.000000000000000000e+00,2.326955647305814168e+00
9.510000000000000853e+01,3.072631597518920898e+00,2.866323232650756836e+00,4.170330047607421875e+00,4.715546607971191406e+00,1.758729559198269010e+00,4.190000000000000000e+02,0.000000000000000000e+00,0.000000000000000000e+00,2.330340942379555802e+00
9.515000000000000568e+01,2.963720321655273438e+00,2.764144897460937500e+00,3.760958194732666016e+00,4.142404556274414062e+00,1.756274420934065272e+00,4.220000000000000000e+02,0.000000000000000000e+00,0.000000000000000000e+00,2.220759524560806941e+00
9.520000000000000284e+01,2.830964326858520508e+00,2.641448497772216797e+00,3.610061407089233398e+00,3.993407249450683594e+00,1.708680566705824688e+00,4.180000000000000000e+02,2.000000000000000000e+00,0.000000000000000000e+00,2.127197816197130997e+00
9.525000000000000000e+01,2.729525327682495117e+00,2.538868427276611328e+00,3.855637550354003906e+00,4.462500572204589844e+00,1.788002033125811741e+00,4.120000000000000000e+02,0.000000000000000000e+00,0.000000000000000000e+00,2.335846915242327348e+00
9.530000000000001137e+01,2.643861770629882812e+00,2.500825166702270508e+00,3.902867078781127930e+00,4.077721118927001953e+00,1.772116645550328995e+00,4.310000000000000000e+02,1.000000000000000000e+00,0.000000000000000000e+00,2.206586503494146090e+00
9.535000000000000853e+01,2.861695051193237305e+00,2.693174839019775391e+00,4.003212928771972656e+00,4.347059249877929688e+00,1.715341342867185093e+00,3.870000000000000000e+02,0.000000000000000000e+00,0.000000000000000000e+00,2.310714259652705493e+00
9.540000000000000568e+01,2.980693340301513672e+00,2.893608570098876953e+00,3.701457500457763672e+00,4.139208316802978516e+00,1.869146696226228865e+00,4.130000000000000000e+02,0.000000000000000000e+00,0.000000000000000000e+00,2.347865860165085028e+00
9.545000000000000284e+01,2.674777507781982422e+00,2.541234731674194336e+00,3.858003854751586914e+00,4.346905231475830078e+00,1.742308153290808015e+00,4.090000000000000000e+02,0.000000000000000000e+00,0.000000000000000000e+00,2.321129468503774440e+00
9.550000000000000000e+01,2.464221715927124023e+00,2.382220506668090820e+00,3.494103193283081055e+00,3.681204080581665039e+00,1.744811594542494904e+00,4.010000000000000000e+02,0.000000000000000000e+00,0.000000000000000000e+00,2.258591848360297583e+00
9.555000000000001137e+01,2.607857227325439453e+00,2.426274061203002930e+00,4.047574043273925781e+00,4.417000770568847656e+00,1.805306188571486281e+00,4.230000000000000000e+02,1.000000000000000000e+00,0.000000000000000000e+00,2.273077545629043517e+00
9.560000000000000853e+01,2.982801437377929688e+00,2.883461952209472656e+00,4.319442749023437500e+00,4.621725559234619141e+00,1.796937163971282558e+00,4.280000000000000000e+02,0.000000000000000000e+00,0.000000000000000000e+00,2.379250700677509656e+00
9.565000000000000568e+01,2.878937482833862305e+00,2.758455276489257812e+00,3.921019792556762695e+00,4.289702892303466797e+00,1.755532153761967029e+00,4.210000000000000000e+02,1.000000000000000000e+00,0.000000000000000000e+00,2.257252833466259823e+00
9.570000000000000284e+01,2.777382135391235352e+00,2.642389774322509766e+00,4.062412261962890625e+00,4.388299465179443359e+00,1.753102867585122571e+00,4.280000000000000000e+02,1.000000000000000000e+00,0.000000000000000000e+00,1.878259042653494859e+00
9.575000000000000000e+01,2.619790554046630859e+00,2.523243188858032227e+00,3.943702936172485352e+00,4.454224586486816406e+00,1.812871063870930666e+00,4.300000000000000000e+02,2.000000000000000000e+00,0.000000000000000000e+00,2.255513549978373611e+00
9.580000000000001137e+01,2.657393932342529297e+00,2.495872020721435547e+00,3.949982166290283203e+00,4.373730182647705078e+00,1.739855917286399212e+00,4.020000000000000000e+02,0.000000000000000000e+00,0.000000000000000000e+00,2.313493506529242794e+00
9.585000000000000853e+01,2.737574100494384766e+00,2.621159553527832031e+00,4.195484638214111328e+00,4.644478321075439453e+00,1.763758367405707794e+00,4.160000000000000000e+02,2.000000000000000000e+00,0.000000000000000000e+00,2.131426233716234631e+00
9.590000000000000568e+01,2.716398715972900391e+00,2.543363094329833984e+00,3.821852445602416992e+00,4.241061687469482422e+00,1.758390950419545185e+00,4.200000000000000000e+02,1.000000000000000000e+00,0.000000000000000000e+00,2.306921630077142904e+00
9.595000000000000284e+01,2.605336189270019531e+00,2.474807500839233398e+00,4.221932888031005859e+00,4.616613864898681641e+00,1.728246471927216810e+00,4.120000000000000000e+02,2.000000000000000000e+00,0.000000000000000000e+00,2.377788588200190123e+00
9.600000000000000000e+01,2.639807224273681641e+00,2.513984441757202148e+00,4.210816383361816406e+00,4.433348655700683594e+00,1.793466711450232953e+00,3.800000000000000000e+02,1.000000000000000000e+00,0.000000000000000000e+00,2.328873466144287807e+00
9.605000000000001137e+01,2.785200595855712891e+00,2.654390811920166016e+00,3.960638523101806641e+00,4.428802013397216797e+00,1.854482675309519824e+00,3.820000000000000000e+02,1.000000000000000000e+00,0.000000000000000000e+00,2.422417246064611618e+00
9.610000000000000853e+01,2.560155868530273438e+00,2.441606283187866211e+00,4.136572360992431641e+00,4.303071022033691406e+00,1.742438720899747828e+00,3.530000000000000000e+02,0.000000000000000000e+00,0.000000000000000000e+00,2.426963228426146202e+00
9.615000000000000568e+01,2.573974609375000000e+00,2.410091400146484375e+00,3.816915512084960938e+00,4.187711715698242188e+00,1.786113326616348473e+00,3.820000000000000000e+02,1.000000000000000000e+00,0.000000000000000000e+00,2.409543761824702646e+00
9.620000000000000284e+01,2.920969963073730469e+00,2.821731328964233398e+00,3.822044134140014648e+00,4.292693614959716797e+00,1.721710387456417024e+00,3.790000000000000000e+02,0.000000000000000000e+00,0.000000000000000000e+00,2.248375670171736562e+00
9.625000000000000000e+01,2.964900970458984375e+00,2.852396488189697266e+00,3.972558021545410156e+00,4.494693279266357422e+00,1.773177444439592243e+00,4.030000000000000000e+02,1.000000000000000000e+00,0.000000000000000000e+00,2.264414413772662726e+00
9.630000000000001137e+01,2.640443086624145508e+00,2.523467063903808594e+00,3.889630794525146484e+00,4.454034805297851562e+00,1.767008994279092304e+00,3.420000000000000000e+02,0.000000000000000000e+00,0.000000000000000000e+00,2.200359391210481963e+00
9.635000000000000853e+01,2.511258125305175781e+00,2.402787685394287109e+00,3.875010013580322266e+00,4.313178539276123047e+00,1.750857718829948784e+00,3.890000000000000000e+02,0.000000000000000000e+00,0.000000000000000000e+00,2.433220765730600643e+00
9.640000000000000568e+01,2.711999416351318359e+00,2.579436302185058594e+00,4.026573657989501953e+00,4.402318954467773438e+00,1.727255790277879344e+00,3.790000000000000000e+02,1.000000000000000000e+00,0.000000000000000000e+00,2.436981025924277233e+00
9.645000000000000284e+01,2.880323886871337891e+00,2.802197694778442383e+00,4.157256603240966797e+00,4.546692848205566406e+00,1.766178674869697263e+00,3.740000000000000000e+02,0.000000000000000000e+00,0.000000000000000000e+00,2.475839472150082710e+00
9.650000000000000000e+01,2.646844148635864258e+00,2.531336307525634766e+00,3.853862762451171875e+00,4.301262855529785156e+00,1.801275809136030581e+00,4.140000000000000000e+02,1.000000000000000000e+00,0.000000000000000000e+00,2.320801968557256068e+00
9.655000000000001137e+01,2.788587093353271484e+00,2.659866571426391602e+00,4.048550605773925781e+00,4.423571586608886719e+00,1.777233093777137674e+00,4.010000000000000000e+02,0.000000000000000000e+00,0.000000000000000000e+00,2.225006153483356286e+00
9.660000000000000853e+01,2.903450727462768555e+00,2.806237697601318359e+00,3.947924137115478516e+00,4.425850868225097656e+00,1.767833364206886637e+00,4.120000000000000000e+02,2.000000000000000000e+00,0.000000000000000000e+00,2.242032700972136805e+00
9.665000000000000568e+01,2.890127182006835938e+00,2.770540475845336914e+00,3.850898504257202148e+00,4.465797424316406250e+00,1.757233183266134091e+00,3.800000000000000000e+02,1.000000000000000000e+00,0.000000000000000000e+00,2.205205864165259655e+00
9.670000000000000284e+01,2.709195375442504883e+00,2.584758043289184570e+00,3.844939231872558594e+00,4.445096015930175781e+00,1.749463964176324993e+00,4.190000000000000000e+02,2.000000000000000000e+00,0.000000000000000000e+00,2.483124068760904191e+00
9.675000000000000000e+01,2.498865604400634766e+00,2.359000205993652344e+00,3.885571956634521484e+00,4.144648075103759766e+00,1.787084282641480115e+00,3.820000000000000000e+02,1.000000000000000000e+00,0.000000000000000000e+00,2.394886943916803457e+00
9.680000000000001137e+01,2.665894269943237305e+00,2.519183158874511719e+00,4.005661487579345703e+00,4.328369140625000000e+00,1.739253518176011148e+00,3.870000000000000000e+02,1.000000000000000000e+00,0.000000000000000000e+00,2.309968984867109665e+00
9.685000000000000853e+01,2.718901634216308594e+00,2.555117368698120117e+00,4.007098197937011719e+00,4.378443241119384766e+00,1.739113305569662149e+00,4.160000000000000000e+02,1.000000000000000000e+00,0.000000000000000000e+00,2.306154266754866455e+00
9.690000000000000568e+01,2.787183761596679688e+00,2.711955547332763672e+00,3.745769500732421875e+00,4.216949462890625000e+00,1.830825079915519238e+00,4.310000000000000000e+02,2.000000000000000000e+00,0.000000000000000000e+00,2.258573954644674586e+00
9.695000000000000284e+01,2.667626857757568359e+00,2.579797744750976562e+00,4.415971755981445312e+00,4.875378131866455078e+00,1.736926789033926832e+00,3.850000000000000000e+02,0.000000000000000000e+00,0.000000000000000000e+00,2.445174216890628305e+00
9.700000000000000000e+01,2.688283681869506836e+00,2.549046993255615234e+00,3.992708921432495117e+00,4.394698619842529297e+00,1.679776520010338281e+00,3.930000000000000000e+02,0.000000000000000000e+00,0.000000000000000000e+00,2.288669523289361685e+00
9.705000000000001137e+01,2.756897926330566406e+00,2.605462312698364258e+00,3.552464008331298828e+00,4.040611267089843750e+00,1.716272543976246068e+00,4.140000000000000000e+02,0.000000000000000000e+00,0.000000000000000000e+00,2.229061363897825832e+00
9.710000000000000853e+01,2.718027114868164062e+00,2.597675800323486328e+00,3.678693294525146484e+00,4.265547275543212891e+00,1.714055776969867440e+00,4.020000000000000000e+02,2.000000000000000000e+00,0.000000000000000000e+00,2.246244462903925765e+00
9.715000000000000568e+01,2.885626554489135742e+00,2.738112926483154297e+00,3.791095972061157227e+00,4.352934837341308594e+00,1.732715412996262305e+00,4.130000000000000000e+02,1.000000000000000000e+00,0.000000000000000000e+00,2.354497287291574370e+00
9.720000000000000284e+01,2.599809646606445312e+00,2.453043699264526367e+00,3.996440410614013672e+00,4.400228977203369141e+00,1.686941598395001574e+00,4.190000000000000000e+02,1.000000000000000000e+00,0.000000000000000000e+00,2.154618960768559965e+00
9.725000000000000000e+01,2.731425523757934570e+00,2.604528903961181641e+00,3.473950862884521484e+00,4.071802139282226562e+00,1.705554171859370527e+00,4.550000000000000000e+02,0.000000000000000000e+00,0.000000000000000000e+00,2.240619695012808332e+00
9.730000000000001137e+01,2.522240161895751953e+00,2.446868181228637695e+00,3.935059309005737305e+00,4.271688938140869141e+00,1.809192713360072480e+00,4.060000000000000000e+02,0.000000000000000000e+00,0.000000000000000000e+00,2.287675886671143743e+00
9.735000000000000853e+01,2.747642993927001953e+00,2.724928379058837891e+00,3.995931386947631836e+00,4.233199119567871094e+00,1.785972964337051438e+00,4.330000000000000000e+02,0.000000000000000000e+00,0.000000000000000000e+00,2.395663329838895184e+00
9.740000000000000568e+01,2.719952583312988281e+00,2.650604486465454102e+00,3.958271980285644531e+00,4.470761299133300781e+00,1.749495686857632570e+00,3.890000000000000000e+02,2.000000000000000000e+00,0.000000000000000000e+00,2.213083793576925640e+00
9.745000000000000284e+01,2.619162797927856445e+00,2.488699913024902344e+00,3.579697608947753906e+00,3.928557395935058594e+00,1.731049544247739158e+00,4.310000000000000000e+02,1.000000000000000000e+00,0.000000000000000000e+00,2.193978085168372338e+00
9.750000000000000000e+01,2.724189758300781250e+00,2.682024955749511719e+00,3.731149673461914062e+00,3.983567714691162109e+00,1.813862226288145862e+00,4.180000000000000000e+02,0.000000000000000000e+00,0.000000000000000000e+00,2.157948825429209183e+00
9.755000000000001137e+01,2.676555871963500977e+00,2.567641735076904297e+00,3.882002830505371094e+00,4.080780029296875000e+00,1.788518055717056798e+00,4.000000000000000000e+02,0.000000000000000000e+00,0.000000000000000000e+00,2.370988699601068284e+00
9.760000000000000853e+01,2.562280893325805664e+00,2.475246667861938477e+00,3.870024204254150391e+00,4.182363510131835938e+00,1.732760440596845086e+00,3.700000000000000000e+02,0.000000000000000000e+00,0.000000000000000000e+00,2.267207959097239822e+00
9.765000000000000568e+01,2.706781864166259766e+00,2.601766109466552734e+00,3.984238147735595703e+00,4.357241630554199219e+00,1.720518466217662468e+00,3.730000000000000000e+02,1.000000000000000000e+00,0.000000000000000000e+00,2.364953914580306016e+00
9.770000000000000284e+01,2.842951297760009766e+00,2.798664569854736328e+00,3.835623264312744141e+00,4.223217010498046875e+00,1.767964407163301610e+00,4.170000000000000000e+02,2.000000000000000000e+00,0.000000000000000000e+00,2.356977646642079982e+00
9.775000000000000000e+01,2.570365428924560547e+00,2.418878555297851562e+00,3.767049789428710938e+00,4.131564140319824219e+00,1.817025728281825181e+00,4.180000000000000000e+02,2.000000000000000000e+00,0.000000000000000000e+00,2.344244241989308364e+00
9.780000000000001137e+01,2.642756700515747070e+00,2.427406072616577148e+00,4.148345947265625000e+00,4.454831600189208984e+00,1.731452030477828918e+00,3.990000000000000000e+02,1.000000000000000000e+00,0.000000000000000000e+00,2.293960407659167533e+00
9.785000000000000853e+01,2.547713756561279297e+00,2.539206743240356445e+00,3.733907699584960938e+00,4.051684379577636719e+00,1.765979143799733642e+00,4.270000000000000000e+02,2.000000000000000000e+00,0.000000000000000000e+00,2.326995499780059262e+00
9.790000000000000568e+01,2.553018569946289062e+00,2.453147411346435547e+00,4.180331707000732422e+00,4.419737339019775391e+00,1.772326417858645309e+00,4.130000000000000000e+02,2.000000000000000000e+00,0.000000000000000000e+00,2.249475935858038067e+00
9.795000000000000284e+01,2.674243927001953125e+00,2.528880596160888672e+00,4.232675552368164062e+00,4.341457366943359375e+00,1.727032043686845153e+00,4.140000000000000000e+02,0.000000000000000000e+00,0.000000000000000000e+00,2.175194072056092942e+00
9.800000000000000000e+01,2.836765289306640625e+00,2.704200983047485352e+00,4.147128105163574219e+00,4.430562019348144531e+00,1.753147157156309088e+00,4.290000000000000000e+02,2.000000000000000000e+00,0.000000000000000000e+00,1.929948428045645814e+00
9.805000000000001137e+01,2.585479736328125000e+00,2.435088157653808594e+00,3.956971645355224609e+00,4.438605785369873047e+00,1.757419227606140444e+00,4.360000000000000000e+02,1.000000000000000000e+00,0.000000000000000000e+00,2.126829305965082462e+00
9.810000000000000853e+01,2.760041236877441406e+00,2.676969766616821289e+00,3.798474788665771484e+00,4.083901405334472656e+00,1.722886052128682621e+00,4.050000000000000000e+02,1.000000000000000000e+00,0.000000000000000000e+00,2.367212006210173580e+00
9.815000000000000568e+01,2.862947463989257812e+00,2.748703002929687500e+00,4.057837486267089844e+00,4.603840827941894531e+00,1.709114570678026634e+00,4.110000000000000000e+02,1.000000000000000000e+00,0.000000000000000000e+00,2.307625690344170977e+00
9.820000000000000284e+01,2.644212484359741211e+00,2.531738758087158203e+00,4.247632026672363281e+00,4.484913349151611328e+00,1.764326766877420072e+00,3.840000000000000000e+02,1.000000000000000000e+00,0.000000000000000000e+00,2.394141280744768618e+00
9.825000000000000000e+01,2.652494430541992188e+00,2.506807088851928711e+00,4.028441905975341797e+00,4.202699184417724609e+00,1.745579387856818876e+00,4.050000000000000000e+02,0.000000000000000000e+00,0.000000000000000000e+00,2.406395777407943637e+00
9.830000000000001137e+01,2.607137680053710938e+00,2.555210828781127930e+00,4.096630573272705078e+00,4.260002613067626953e+00,1.742600892426078074e+00,4.010000000000000000e+02,1.000000000000000000e+00,0.000000000000000000e+00,2.078682331938104699e+00
9.835000000000000853e+01,2.701302051544189453e+00,2.428387880325317383e+00,3.905624866485595703e+00,4.148170471191406250e+00,1.715633020506067696e+00,4.120000000000000000e+02,1.000000000000000000e+00,0.000000000000000000e+00,2.230791475677865066e+00
9.840000000000000568e+01,2.577893257141113281e+00,2.452585220336914062e+00,3.725039482116699219e+00,3.934472799301147461e+00,1.776007367798221104e+00,3.930000000000000000e+02,1.000000000000000000e+00,0.000000000000000000e+00,2.223046014582595653e+00
9.845000000000000284e+01,2.923964977264404297e+00,2.768061399459838867e+00,3.784427165985107422e+00,4.171743869781494141e+00,1.745547245023968408e+00,4.250000000000000000e+02,1.000000000000000000e+00,0.000000000000000000e+00,2.372431977424280358e+00
9.850000000000000000e+01,2.698009490966796875e+00,2.517731428146362305e+00,3.779498338699340820e+00,3.988670110702514648e+00,1.802753068659613600e+00,4.240000000000000000e+02,0.000000000000000000e+00,0.000000000000000000e+00,2.221563236379067607e+00
9.855000000000001137e+01,2.677583694458007812e+00,2.525490760803222656e+00,4.219015598297119141e+00,4.041697502136230469e+00,1.714599230453973000e+00,3.930000000000000000e+02,0.000000000000000000e+00,0.000000000000000000e+00,2.005265060618958373e+00
9.860000000000000853e+01,2.560796737670898438e+00,2.404525756835937500e+00,3.938479661941528320e+00,4.272837162017822266e+00,1.781445836068978661e+00,4.150000000000000000e+02,1.000000000000000000e+00,0.000000000000000000e+00,2.313118332587067894e+00
9.865000000000000568e+01,2.517319679260253906e+00,2.437926292419433594e+00,4.399952411651611328e+00,4.400963306427001953e+00,1.760362475113217862e+00,3.580000000000000000e+02,1.000000000000000000e+00,0.000000000000000000e+00,2.464293278420459643e+00
9.870000000000000284e+01,2.664051055908203125e+00,2.581931114196777344e+00,3.970664978027343750e+00,4.073103427886962891e+00,1.796869360409994121e+00,4.240000000000000000e+02,0.000000000000000000e+00,0.000000000000000000e+00,2.365472927851814067e+00
9.875000000000000000e+01,2.634964227676391602e+00,2.527809381484985352e+00,4.203826904296875000e+00,4.432383060455322266e+00,1.840001513967886249e+00,4.240000000000000000e+02,2.000000000000000000e+00,0.000000000000000000e+00,2.327628871574743741e+00
9.880000000000001137e+01,2.492580652236938477e+00,2.413507938385009766e+00,3.532643079757690430e+00,4.239875793457031250e+00,1.823324801261881678e+00,4.230000000000000000e+02,1.000000000000000000e+00,0.000000000000000000e+00,2.356871612413296901e+00
9.885000000000000853e+01,2.613725900650024414e+00,2.529203414916992188e+00,3.594518184661865234e+00,3.854369163513183594e+00,1.776452296742274894e+00,3.990000000000000000e+02,1.000000000000000000e+00,0.000000000000000000e+00,2.364288130707898894e+00
9.890000000000000568e+01,2.709278821945190430e+00,2.588225603103637695e+00,4.067334651947021484e+00,4.224594116210937500e+00,1.763639512556728128e+00,3.660000000000000000e+02,0.000000000000000000e+00,0.000000000000000000e+00,2.071987608528297997e+00
9.895000000000000284e+01,2.523296833038330078e+00,2.361862182617187500e+00,3.883940696716308594e+00,3.995465040206909180e+00,1.776269855116662022e+00,4.100000000000000000e+02,0.000000000000000000e+00,0.000000000000000000e+00,2.311058858405353078e+00
9.900000000000000000e+01,2.601958513259887695e+00,2.514423370361328125e+00,3.880444526672363281e+00,4.378465652465820312e+00,1.719647089125992734e+00,4.170000000000000000e+02,0.000000000000000000e+00,0.000000000000000000e+00,2.171847461354946329e+00
9.905000000000001137e+01,2.485290527343750000e+00,2.402182579040527344e+00,4.083009719848632812e+00,4.485458850860595703e+00,1.680938600266805638e+00,4.210000000000000000e+02,1.000000000000000000e+00,0.000000000000000000e+00,2.325979966661193110e+00
9.910000000000000853e+01,2.639710664749145508e+00,2.524914979934692383e+00,3.807762145996093750e+00,4.485018730163574219e+00,1.800522189963647879e+00,4.040000000000000000e+02,1.000000000000000000e+00,0.000000000000000000e+00,2.367028055700969524e+00
9.915000000000000568e+01,3.068829774856567383e+00,2.995731592178344727e+00,3.889588117599487305e+00,4.010808467864990234e+00,1.742673575664733798e+00,4.150000000000000000e+02,1.000000000000000000e+00,0.000000000000000000e+00,2.284590659763326315e+00
9.920000000000000284e+01,2.819571256637573242e+00,2.699206113815307617e+00,3.769454717636108398e+00,4.361226081848144531e+00,1.726616119675921102e+00,4.240000000000000000e+02,3.000000000000000000e+00,0.000000000000000000e+00,2.320842899064762044e+00
9.925000000000000000e+01,2.743482112884521484e+00,2.639333009719848633e+00,4.308073043823242188e+00,4.735607624053955078e+00,1.718693794277926123e+00,4.020000000000000000e+02,2.000000000000000000e+00,0.000000000000000000e+00,2.393874248515579062e+00
9.930000000000001137e+01,2.720800876617431641e+00,2.642838478088378906e+00,4.196109294891357422e+00,4.610956192016601562e+00,1.807946759634719402e+00,3.940000000000000000e+02,1.000000000000000000e+00,0.000000000000000000e+00,2.353283290886881929e+00
9.935000000000000853e+01,2.789751052856445312e+00,2.684459924697875977e+00,4.099496841430664062e+00,4.430182456970214844e+00,1.775118450363560640e+00,3.660000000000000000e+02,1.000000000000000000e+00,0.000000000000000000e+00,2.367259555634388057e+00
9.940000000000000568e+01,2.837896823883056641e+00,2.770874023437500000e+00,4.333025932312011719e+00,4.543524265289306641e+00,1.818382594506446681e+00,3.950000000000000000e+02,0.000000000000000000e+00,0.000000000000000000e+00,2.115290414164304522e+00
9.945000000000000284e+01,2.810217857360839844e+00,2.711828231811523438e+00,3.899849414825439453e+00,4.364933490753173828e+00,1.764578412634878690e+00,3.860000000000000000e+02,1.000000000000000000e+00,0.000000000000000000e+00,2.303229187284796087e+00
9.950000000000000000e+01,2.662214756011962891e+00,2.628820180892944336e+00,3.769682407379150391e+00,4.308225631713867188e+00,1.706238674724470883e+00,4.440000000000000000e+02,0.000000000000000000e+00,0.000000000000000000e+00,2.282794968415047254e+00
9.955000000000001137e+01,2.782905340194702148e+00,2.674497365951538086e+00,4.016996383666992188e+00,4.075643062591552734e+00,1.721364755997871532e+00,3.960000000000000000e+02,1.000000000000000000e+00,0.000000000000000000e+00,2.139781331020949473e+00
9.960000000000000853e+01,2.892735481262207031e+00,2.830311298370361328e+00,4.170150279998779297e+00,4.493867874145507812e+00,1.763493837815224730e+00,3.720000000000000000e+02,0.000000000000000000e+00,0.000000000000000000e+00,2.251067436755412654e+00
9.965000000000000568e+01,2.736960649490356445e+00,2.634538650512695312e+00,4.029098033905029297e+00,4.630963325500488281e+00,1.702432946627475463e+00,4.020000000000000000e+02,2.000000000000000000e+00,0.000000000000000000e+00,1.946851517209398530e+00
9.970000000000000284e+01,2.673740148544311523e+00,2.633438110351562500e+00,3.639409065246582031e+00,3.806385040283203125e+00,1.781665891585837880e+00,4.350000000000000000e+02,0.000000000000000000e+00,0.000000000000000000e+00,2.214822837179605042e+00
9.975000000000000000e+01,2.695336818695068359e+00,2.577039003372192383e+00,3.573097705841064453e+00,3.877346515655517578e+00,1.719555776657038182e+00,4.190000000000000000e+02,0.000000000000000000e+00,0.000000000000000000e+00,2.380815451083727829e+00
9.980000000000001137e+01,2.528150320053100586e+00,2.397469997406005859e+00,3.730720281600952148e+00,4.124660968780517578e+00,1.801841001855883917e+00,4.310000000000000000e+02,1.000000000000000000e+00,0.000000000000000000e+00,2.179010289774077069e+00
9.985000000000000853e+01,2.529796600341796875e+00,2.412196159362792969e+00,3.648205757141113281e+00,3.875525951385498047e+00,1.717274039698722943e+00,4.200000000000000000e+02,0.000000000000000000e+00,0.000000000000000000e+00,2.153095587357868101e+00
9.990000000000000568e+01,2.628097772598266602e+00,2.601334810256958008e+00,3.695736169815063477e+00,4.191529750823974609e+00,1.781403561289391480e+00,4.320000000000000000e+02,1.000000000000000000e+00,0.000000000000000000e+00,1.938603433710226920e+00
